year,pref,matsutake_t,matsutake_status,regime,くるみ,くるみ_status,たけのこ,たけのこ_status,なめこ,なめこ_status,生しいたけ,生しいたけ_status,乾しいたけ,乾しいたけ_status,えのきたけ,えのきたけ_status
1965,三重,38.0,num,positive_only,0.0,zero_dash,163.2,num,0.0,zero_dash,385.0,num,92.3,num,,item_unobserved
1965,京都,189.4,num,positive_only,0.0,zero_dash,181.3,num,0.3,num,219.5,num,14.9,num,,item_unobserved
1965,佐賀,0.3,num,positive_only,0.0,zero_dash,1300.0,num,0.0,zero_dash,54.3,num,5.6,num,,item_unobserved
1965,兵庫,215.3,num,positive_only,0.0,num,124.3,num,6.7,num,728.2,num,20.6,num,,item_unobserved
1965,北海道,0.0,zero_dash,positive_only,14.0,num,427.3,num,11.0,num,203.8,num,5.6,num,,item_unobserved
1965,千葉,0.0,zero_dash,positive_only,0.0,zero_dash,749.6,num,4.5,num,196.1,num,0.0,zero_dash,,item_unobserved
1965,和歌山,25.0,num,positive_only,0.0,zero_dash,54.2,num,0.7,num,103.6,num,110.0,num,,item_unobserved
1965,埼玉,0.0,zero_dash,positive_only,1.0,num,20.5,num,9.8,num,1203.1,num,3.9,num,,item_unobserved
1965,大分,0.3,num,positive_only,0.0,zero_dash,661.1,num,0.0,zero_dash,61.1,num,1331.0,num,,item_unobserved
1965,大阪,17.7,num,positive_only,0.0,zero_dash,11.2,num,0.0,zero_dash,223.2,num,0.0,num,,item_unobserved
1965,奈良,10.3,num,positive_only,0.0,zero_dash,28.9,num,2.8,num,552.5,num,17.5,num,,item_unobserved
1965,宮城,10.2,num,positive_only,17.0,num,91.8,num,84.7,num,138.5,num,3.6,num,,item_unobserved
1965,宮崎,0.0,num,positive_only,0.0,zero_dash,653.5,num,0.3,num,66.5,num,994.5,num,,item_unobserved
1965,富山,0.0,num,positive_only,1.0,num,106.0,num,15.0,num,104.0,num,0.0,num,,item_unobserved
1965,山口,30.3,num,positive_only,0.0,zero_dash,455.8,num,5.2,num,211.5,num,45.9,num,,item_unobserved
1965,山形,2.7,num,positive_only,30.0,num,480.7,num,525.9,num,73.4,num,0.4,num,,item_unobserved
1965,山梨,0.1,num,positive_only,0.0,num,25.1,num,9.0,num,248.7,num,12.5,num,,item_unobserved
1965,岐阜,24.8,num,positive_only,0.0,num,133.1,num,82.5,num,916.3,num,90.1,num,,item_unobserved
1965,岡山,196.3,num,positive_only,0.0,num,351.5,num,12.5,num,428.2,num,18.8,num,,item_unobserved
1965,岩手,4.6,num,positive_only,75.0,num,21.4,num,117.7,num,147.3,num,21.2,num,,item_unobserved
1965,島根,5.2,num,positive_only,0.0,zero_dash,543.7,num,0.0,num,148.2,num,134.7,num,,item_unobserved
1965,広島,392.0,num,positive_only,0.0,zero_dash,228.0,num,0.0,num,550.0,num,26.0,num,,item_unobserved
1965,徳島,3.7,num,positive_only,0.0,zero_dash,34.9,num,0.0,zero_dash,206.2,num,18.6,num,,item_unobserved
1965,愛媛,11.0,num,positive_only,0.0,zero_dash,791.0,num,0.0,zero_dash,108.0,num,140.0,num,,item_unobserved
1965,愛知,2.9,num,positive_only,0.0,zero_dash,55.4,num,0.0,zero_dash,520.3,num,61.9,num,,item_unobserved
1965,新潟,1.5,num,positive_only,12.0,num,89.4,num,187.9,num,147.5,num,18.3,num,,item_unobserved
1965,東京,0.0,zero_dash,positive_only,0.0,zero_dash,9.0,num,0.0,zero_dash,395.0,num,1.0,num,,item_unobserved
1965,栃木,0.0,num,positive_only,1.0,num,120.0,num,33.0,num,849.0,num,4.0,num,,item_unobserved
1965,滋賀,26.1,num,positive_only,0.0,zero_dash,47.4,num,0.0,zero_dash,83.9,num,2.7,num,,item_unobserved
1965,熊本,0.4,num,positive_only,0.0,zero_dash,3171.2,num,0.0,num,185.4,num,459.1,num,,item_unobserved
1965,石川,5.3,num,positive_only,2.0,num,204.0,num,57.5,num,219.9,num,6.3,num,,item_unobserved
1965,神奈川,0.0,zero_dash,positive_only,0.0,num,5.3,num,0.7,num,189.6,num,1.1,num,,item_unobserved
1965,福井,2.6,num,positive_only,0.0,num,157.0,num,5.9,num,200.1,num,5.1,num,,item_unobserved
1965,福岡,2.1,num,positive_only,0.0,zero_dash,2778.9,num,0.8,num,83.0,num,135.7,num,,item_unobserved
1965,福島,5.5,num,positive_only,36.0,num,210.3,num,338.5,num,439.8,num,2.5,num,,item_unobserved
1965,秋田,2.9,num,positive_only,4.0,num,1556.8,num,166.1,num,147.9,num,0.0,num,,item_unobserved
1965,群馬,0.0,num,positive_only,2.0,num,4.4,num,45.2,num,2389.6,num,48.0,num,,item_unobserved
1965,茨城,0.0,num,positive_only,0.0,zero_dash,134.6,num,2.3,num,830.0,num,0.6,num,,item_unobserved
1965,長崎,0.5,num,positive_only,0.0,zero_dash,223.4,num,0.0,zero_dash,24.6,num,71.8,num,,item_unobserved
1965,長野,17.4,num,positive_only,103.0,num,86.0,num,110.6,num,611.0,num,49.5,num,,item_unobserved
1965,青森,0.4,num,positive_only,7.0,num,56.6,num,35.1,num,246.1,num,0.3,num,,item_unobserved
1965,静岡,5.7,num,positive_only,0.0,zero_dash,382.2,num,6.5,num,1314.9,num,506.4,num,,item_unobserved
1965,香川,37.0,num,positive_only,0.0,zero_dash,58.0,num,0.0,num,92.0,num,1.0,num,,item_unobserved
1965,高知,2.0,num,positive_only,0.0,zero_dash,951.0,num,0.0,num,43.0,num,242.0,num,,item_unobserved
1965,鳥取,1.8,num,positive_only,0.0,zero_dash,248.7,num,3.8,num,98.6,num,16.0,num,,item_unobserved
1965,鹿児島,0.0,num,positive_only,0.0,zero_dash,3090.8,num,0.0,zero_dash,168.3,num,69.4,num,,item_unobserved
1966,三重,39.1,num,positive_only,0.0,zero_dash,214.7,num,0.0,zero_dash,561.7,num,84.6,num,,item_unobserved
1966,京都,205.5,num,positive_only,0.0,zero_dash,143.7,num,0.3,num,307.9,num,21.9,num,,item_unobserved
1966,佐賀,0.3,num,positive_only,0.0,zero_dash,1467.4,num,0.0,zero_dash,49.8,num,5.7,num,,item_unobserved
1966,兵庫,212.6,num,positive_only,0.0,zero_dash,192.1,num,15.7,num,719.0,num,29.5,num,,item_unobserved
1966,北海道,,blank,positive_only,5.0,num,536.9,num,15.7,num,273.6,num,20.8,num,,item_unobserved
1966,千葉,0.0,zero_dash,positive_only,0.0,zero_dash,825.9,num,0.6,num,418.1,num,0.0,num,,item_unobserved
1966,和歌山,30.8,num,positive_only,0.0,zero_dash,57.3,num,1.1,num,153.6,num,121.2,num,,item_unobserved
1966,埼玉,0.0,zero_dash,positive_only,1.0,num,21.2,num,53.6,num,1500.0,num,9.5,num,,item_unobserved
1966,大分,0.1,num,positive_only,0.0,zero_dash,886.8,num,,blank,75.7,num,1267.5,num,,item_unobserved
1966,大阪,22.1,num,positive_only,0.0,zero_dash,5.5,num,0.0,zero_dash,286.8,num,1.3,num,,item_unobserved
1966,奈良,20.4,num,positive_only,0.0,zero_dash,28.5,num,3.7,num,820.9,num,5.8,num,,item_unobserved
1966,宮城,2.4,num,positive_only,35.0,num,141.0,num,80.3,num,266.3,num,3.2,num,,item_unobserved
1966,宮崎,0.2,num,positive_only,0.0,zero_dash,640.7,num,0.3,num,56.7,num,984.2,num,,item_unobserved
1966,富山,0.4,num,positive_only,0.0,num,81.2,num,33.9,num,111.7,num,0.1,num,,item_unobserved
1966,山口,41.0,num,positive_only,0.0,zero_dash,380.4,num,3.8,num,177.3,num,43.5,num,,item_unobserved
1966,山形,10.9,num,positive_only,17.0,num,194.2,num,557.0,num,105.6,num,0.0,zero_dash,,item_unobserved
1966,山梨,0.5,num,positive_only,0.0,zero_dash,11.8,num,6.9,num,239.7,num,28.9,num,,item_unobserved
1966,岐阜,79.0,num,positive_only,0.0,num,111.2,num,92.0,num,773.9,num,61.5,num,,item_unobserved
1966,岡山,242.4,num,positive_only,0.0,num,542.4,num,1.1,num,904.0,num,34.9,num,,item_unobserved
1966,岩手,5.7,num,positive_only,53.0,num,13.0,num,115.7,num,201.3,num,21.5,num,,item_unobserved
1966,島根,5.9,num,positive_only,0.0,zero_dash,496.9,num,2.0,num,203.4,num,112.9,num,,item_unobserved
1966,広島,552.6,num,positive_only,0.0,num,178.8,num,0.0,num,684.7,num,28.2,num,,item_unobserved
1966,徳島,5.9,num,positive_only,0.0,num,34.1,num,0.0,zero_dash,375.0,num,54.0,num,,item_unobserved
1966,愛媛,15.0,num,positive_only,0.0,num,1107.0,num,0.0,zero_dash,95.0,num,164.0,num,,item_unobserved
1966,愛知,2.4,num,positive_only,0.0,zero_dash,97.0,num,0.1,num,447.1,num,85.1,num,,item_unobserved
1966,新潟,4.8,num,positive_only,12.0,num,78.0,num,172.4,num,178.5,num,11.7,num,,item_unobserved
1966,東京,0.0,zero_dash,positive_only,0.0,zero_dash,12.2,num,0.8,num,383.5,num,0.1,num,,item_unobserved
1966,栃木,0.0,num,positive_only,1.0,num,224.0,num,45.9,num,1056.0,num,6.2,num,,item_unobserved
1966,滋賀,40.2,num,positive_only,0.0,zero_dash,46.2,num,0.0,zero_dash,122.0,num,3.7,num,,item_unobserved
1966,熊本,0.4,num,positive_only,0.0,zero_dash,6649.8,num,0.3,num,367.2,num,616.6,num,,item_unobserved
1966,石川,20.9,num,positive_only,5.0,num,322.5,num,56.4,num,216.5,num,4.7,num,,item_unobserved
1966,神奈川,0.0,zero_dash,positive_only,0.0,zero_dash,6.5,num,4.3,num,192.3,num,0.1,num,,item_unobserved
1966,福井,4.1,num,positive_only,0.0,num,169.9,num,7.3,num,225.1,num,3.5,num,,item_unobserved
1966,福岡,0.0,num,positive_only,0.0,zero_dash,2696.7,num,0.2,num,132.6,num,89.5,num,,item_unobserved
1966,福島,7.0,num,positive_only,40.0,num,137.9,num,478.3,num,763.7,num,5.2,num,,item_unobserved
1966,秋田,3.8,num,positive_only,4.0,num,190.3,num,302.9,num,221.6,num,0.9,num,,item_unobserved
1966,群馬,0.0,num,positive_only,2.0,num,18.4,num,111.5,num,3453.2,num,91.2,num,,item_unobserved
1966,茨城,1.2,num,positive_only,0.0,num,303.2,num,3.1,num,855.7,num,2.2,num,,item_unobserved
1966,長崎,0.3,num,positive_only,0.0,zero_dash,207.2,num,0.0,zero_dash,28.0,num,74.7,num,,item_unobserved
1966,長野,68.0,num,positive_only,67.0,num,82.4,num,104.1,num,683.1,num,46.3,num,,item_unobserved
1966,青森,0.7,num,positive_only,6.0,num,86.6,num,38.8,num,322.5,num,0.6,num,,item_unobserved
1966,静岡,4.5,num,positive_only,0.0,zero_dash,461.9,num,15.1,num,1477.5,num,531.4,num,,item_unobserved
1966,香川,57.5,num,positive_only,0.0,num,65.1,num,0.1,num,114.7,num,1.1,num,,item_unobserved
1966,高知,3.4,num,positive_only,0.0,zero_dash,1065.0,num,1.0,num,79.0,num,231.6,num,,item_unobserved
1966,鳥取,1.0,num,positive_only,0.0,zero_dash,297.1,num,3.9,num,133.3,num,18.9,num,,item_unobserved
1966,鹿児島,0.0,zero_dash,positive_only,0.0,zero_dash,2675.3,num,0.0,zero_dash,160.0,num,91.6,num,,item_unobserved
1967,三重,29.4,num,positive_only,0.0,zero_dash,213.6,num,2.3,num,650.9,num,66.3,num,,item_unobserved
1967,京都,121.2,num,positive_only,0.0,zero_dash,157.1,num,0.4,num,271.4,num,22.1,num,,item_unobserved
1967,佐賀,0.1,num,positive_only,0.0,zero_dash,1140.9,num,0.0,zero_dash,153.4,num,8.5,num,,item_unobserved
1967,兵庫,111.1,num,positive_only,0.0,zero_dash,128.1,num,9.3,num,833.1,num,74.1,num,,item_unobserved
1967,北海道,0.0,num,positive_only,4.0,num,592.0,num,23.2,num,291.5,num,8.3,num,,item_unobserved
1967,千葉,0.0,zero_dash,positive_only,0.0,zero_dash,1443.0,num,2.0,num,815.2,num,0.0,zero_dash,,item_unobserved
1967,和歌山,21.3,num,positive_only,0.0,zero_dash,60.6,num,1.1,num,151.4,num,116.2,num,,item_unobserved
1967,埼玉,0.0,zero_dash,positive_only,0.0,num,15.6,num,77.3,num,1767.2,num,7.6,num,,item_unobserved
1967,大分,0.1,num,positive_only,0.0,zero_dash,596.3,num,0.1,num,88.9,num,1829.5,num,,item_unobserved
1967,大阪,11.0,num,positive_only,0.0,zero_dash,6.2,num,0.0,zero_dash,280.4,num,0.9,num,,item_unobserved
1967,奈良,16.0,num,positive_only,0.0,zero_dash,36.6,num,3.0,num,1260.2,num,7.9,num,,item_unobserved
1967,宮城,3.8,num,positive_only,30.0,num,92.6,num,128.1,num,358.1,num,2.0,num,,item_unobserved
1967,宮崎,0.1,num,positive_only,0.0,zero_dash,537.6,num,0.0,zero_dash,67.4,num,968.9,num,,item_unobserved
1967,富山,0.5,num,positive_only,0.0,num,71.7,num,31.3,num,153.9,num,0.3,num,,item_unobserved
1967,山口,5.6,num,positive_only,0.0,zero_dash,330.9,num,4.1,num,214.9,num,60.7,num,,item_unobserved
1967,山形,13.2,num,positive_only,13.0,num,185.7,num,683.1,num,119.9,num,0.2,num,,item_unobserved
1967,山梨,1.0,num,positive_only,0.0,num,12.5,num,5.4,num,235.3,num,80.2,num,,item_unobserved
1967,岐阜,36.3,num,positive_only,1.0,num,102.0,num,144.2,num,743.9,num,85.7,num,,item_unobserved
1967,岡山,17.6,num,positive_only,0.0,zero_dash,574.0,num,2.5,num,1216.4,num,54.1,num,,item_unobserved
1967,岩手,12.4,num,positive_only,48.0,num,12.1,num,139.7,num,326.2,num,21.0,num,,item_unobserved
1967,島根,4.7,num,positive_only,0.0,zero_dash,662.8,num,2.9,num,267.2,num,164.0,num,,item_unobserved
1967,広島,49.1,num,positive_only,0.0,zero_dash,193.6,num,0.4,num,722.9,num,40.8,num,,item_unobserved
1967,徳島,5.0,num,positive_only,0.0,zero_dash,26.4,num,0.0,zero_dash,452.0,num,52.8,num,,item_unobserved
1967,愛媛,1.9,num,positive_only,0.0,num,648.3,num,0.0,zero_dash,177.6,num,234.5,num,,item_unobserved
1967,愛知,1.6,num,positive_only,0.0,zero_dash,104.5,num,1.2,num,559.5,num,69.1,num,,item_unobserved
1967,新潟,6.7,num,positive_only,13.0,num,83.9,num,258.3,num,207.1,num,13.5,num,,item_unobserved
1967,東京,0.0,zero_dash,positive_only,0.0,zero_dash,7.4,num,0.2,num,423.0,num,0.3,num,,item_unobserved
1967,栃木,0.0,zero_dash,positive_only,0.0,num,202.5,num,79.3,num,1308.0,num,7.9,num,,item_unobserved
1967,滋賀,22.1,num,positive_only,0.0,zero_dash,35.8,num,0.0,zero_dash,149.2,num,4.2,num,,item_unobserved
1967,熊本,0.9,num,positive_only,0.0,num,2742.0,num,0.2,num,432.6,num,471.8,num,,item_unobserved
1967,石川,18.3,num,positive_only,4.0,num,410.5,num,71.5,num,334.2,num,9.6,num,,item_unobserved
1967,神奈川,0.0,zero_dash,positive_only,0.0,zero_dash,8.4,num,1.9,num,244.5,num,0.3,num,,item_unobserved
1967,福井,3.2,num,positive_only,4.0,num,185.1,num,9.7,num,230.4,num,5.8,num,,item_unobserved
1967,福岡,0.1,num,positive_only,0.0,zero_dash,2323.1,num,0.8,num,220.0,num,186.2,num,,item_unobserved
1967,福島,8.4,num,positive_only,31.0,num,124.0,num,724.2,num,992.1,num,3.9,num,,item_unobserved
1967,秋田,2.4,num,positive_only,6.0,num,231.8,num,308.6,num,251.1,num,0.5,num,,item_unobserved
1967,群馬,0.0,zero_dash,positive_only,2.0,num,14.2,num,229.3,num,4095.1,num,88.8,num,,item_unobserved
1967,茨城,0.1,num,positive_only,0.0,num,312.8,num,49.4,num,1561.0,num,3.4,num,,item_unobserved
1967,長崎,0.4,num,positive_only,0.0,num,477.7,num,0.0,zero_dash,60.7,num,88.3,num,,item_unobserved
1967,長野,33.0,num,positive_only,121.0,num,78.8,num,176.5,num,800.3,num,57.8,num,,item_unobserved
1967,青森,0.5,num,positive_only,11.0,num,115.1,num,43.7,num,462.0,num,4.8,num,,item_unobserved
1967,静岡,1.2,num,positive_only,0.0,zero_dash,536.5,num,128.7,num,1348.0,num,506.1,num,,item_unobserved
1967,香川,24.8,num,positive_only,0.0,zero_dash,55.4,num,0.2,num,194.6,num,3.8,num,,item_unobserved
1967,高知,1.4,num,positive_only,0.0,num,772.9,num,0.8,num,102.4,num,270.9,num,,item_unobserved
1967,鳥取,0.8,num,positive_only,0.0,zero_dash,236.0,num,6.7,num,129.5,num,34.1,num,,item_unobserved
1967,鹿児島,0.0,zero_dash,positive_only,0.0,zero_dash,1402.2,num,0.0,zero_dash,173.6,num,108.1,num,,item_unobserved
1968,三重,25.2,num,positive_only,0.0,zero_dash,480.8,num,0.6,num,761.8,num,117.5,num,,item_unobserved
1968,京都,177.1,num,positive_only,0.0,zero_dash,85.4,num,0.4,num,264.2,num,20.1,num,,item_unobserved
1968,佐賀,0.0,zero_dash,positive_only,0.0,zero_dash,1017.0,num,0.0,zero_dash,294.0,num,13.0,num,,item_unobserved
1968,兵庫,177.9,num,positive_only,0.0,zero_dash,60.5,num,21.2,num,1146.5,num,26.4,num,,item_unobserved
1968,北海道,0.0,zero_dash,positive_only,2.0,num,411.2,num,33.3,num,348.0,num,10.2,num,,item_unobserved
1968,千葉,0.0,zero_dash,positive_only,0.0,zero_dash,1273.5,num,3.2,num,880.0,num,0.0,zero_dash,,item_unobserved
1968,和歌山,22.5,num,positive_only,0.0,zero_dash,49.2,num,3.1,num,160.1,num,128.9,num,,item_unobserved
1968,埼玉,0.0,zero_dash,positive_only,0.0,zero_dash,12.2,num,90.4,num,1733.7,num,16.2,num,,item_unobserved
1968,大分,0.0,zero_dash,positive_only,0.0,zero_dash,485.3,num,0.0,zero_dash,119.3,num,2287.1,num,,item_unobserved
1968,大阪,18.8,num,positive_only,0.0,zero_dash,4.7,num,0.0,zero_dash,346.8,num,0.5,num,,item_unobserved
1968,奈良,13.7,num,positive_only,0.0,zero_dash,32.1,num,2.8,num,1178.3,num,15.5,num,,item_unobserved
1968,宮城,2.5,num,positive_only,33.0,num,127.2,num,252.2,num,395.8,num,9.1,num,,item_unobserved
1968,宮崎,0.1,num,positive_only,0.0,zero_dash,461.7,num,0.1,num,97.5,num,1477.7,num,,item_unobserved
1968,富山,0.0,zero_dash,positive_only,0.0,zero_dash,350.0,num,28.0,num,190.0,num,1.0,num,,item_unobserved
1968,山口,39.1,num,positive_only,0.0,zero_dash,793.8,num,14.0,num,191.6,num,81.3,num,,item_unobserved
1968,山形,1.7,num,positive_only,18.0,num,192.2,num,829.3,num,197.8,num,0.4,num,,item_unobserved
1968,山梨,0.4,num,positive_only,1.0,num,14.8,num,7.7,num,223.8,num,16.9,num,,item_unobserved
1968,岐阜,50.4,num,positive_only,0.0,zero_dash,92.5,num,140.0,num,868.2,num,70.2,num,,item_unobserved
1968,岡山,231.0,num,positive_only,1.0,num,230.8,num,7.6,num,1236.2,num,95.9,num,,item_unobserved
1968,岩手,9.7,num,positive_only,43.0,num,11.4,num,155.7,num,454.7,num,37.9,num,,item_unobserved
1968,島根,6.0,num,positive_only,0.0,zero_dash,490.6,num,3.9,num,364.7,num,238.6,num,,item_unobserved
1968,広島,548.5,num,positive_only,0.0,zero_dash,55.3,num,0.7,num,649.2,num,46.0,num,,item_unobserved
1968,徳島,20.0,num,positive_only,0.0,zero_dash,32.4,num,0.1,num,578.1,num,43.5,num,,item_unobserved
1968,愛媛,9.6,num,positive_only,0.0,zero_dash,670.8,num,0.0,zero_dash,204.9,num,343.5,num,,item_unobserved
1968,愛知,2.4,num,positive_only,0.0,zero_dash,99.8,num,2.1,num,628.0,num,76.5,num,,item_unobserved
1968,新潟,1.1,num,positive_only,15.0,num,131.2,num,301.5,num,354.9,num,17.8,num,,item_unobserved
1968,東京,0.0,zero_dash,positive_only,0.0,zero_dash,14.8,num,0.0,zero_dash,487.0,num,0.0,zero_dash,,item_unobserved
1968,栃木,0.0,zero_dash,positive_only,0.0,zero_dash,393.6,num,112.9,num,1583.8,num,23.4,num,,item_unobserved
1968,滋賀,25.4,num,positive_only,0.0,zero_dash,23.7,num,0.0,zero_dash,156.7,num,3.9,num,,item_unobserved
1968,熊本,0.8,num,positive_only,0.0,zero_dash,2588.6,num,0.1,num,268.0,num,359.2,num,,item_unobserved
1968,石川,9.6,num,positive_only,5.0,num,437.7,num,57.5,num,283.6,num,16.6,num,,item_unobserved
1968,神奈川,0.0,zero_dash,positive_only,0.0,zero_dash,36.1,num,5.3,num,316.1,num,0.1,num,,item_unobserved
1968,福井,2.0,num,positive_only,0.0,zero_dash,479.5,num,10.4,num,250.4,num,8.7,num,,item_unobserved
1968,福岡,0.1,num,positive_only,0.0,zero_dash,2147.3,num,0.5,num,292.6,num,191.7,num,,item_unobserved
1968,福島,8.0,num,positive_only,35.0,num,129.5,num,1624.0,num,1388.7,num,4.9,num,,item_unobserved
1968,秋田,0.7,num,positive_only,5.0,num,301.5,num,361.8,num,319.3,num,0.3,num,,item_unobserved
1968,群馬,0.0,zero_dash,positive_only,1.0,num,27.2,num,318.4,num,4402.2,num,131.8,num,,item_unobserved
1968,茨城,0.2,num,positive_only,0.0,zero_dash,262.2,num,72.3,num,1718.6,num,12.1,num,,item_unobserved
1968,長崎,0.3,num,positive_only,0.0,zero_dash,353.9,num,0.0,zero_dash,49.8,num,146.4,num,,item_unobserved
1968,長野,48.4,num,positive_only,120.0,num,73.3,num,247.9,num,1044.1,num,71.5,num,,item_unobserved
1968,青森,0.5,num,positive_only,12.0,num,177.4,num,63.0,num,252.8,num,1.8,num,,item_unobserved
1968,静岡,0.9,num,positive_only,0.0,zero_dash,388.3,num,30.0,num,1301.0,num,609.7,num,,item_unobserved
1968,香川,66.3,num,positive_only,0.0,zero_dash,31.4,num,0.7,num,293.1,num,7.4,num,,item_unobserved
1968,高知,1.7,num,positive_only,0.0,zero_dash,640.4,num,0.3,num,119.4,num,339.9,num,,item_unobserved
1968,鳥取,1.2,num,positive_only,0.0,zero_dash,270.1,num,9.0,num,160.9,num,37.2,num,,item_unobserved
1968,鹿児島,0.0,zero_dash,positive_only,0.0,zero_dash,2695.6,num,0.0,zero_dash,176.4,num,111.4,num,,item_unobserved
1969,三重,3.4,num,positive_only,0.0,zero_dash,472.3,num,0.1,num,870.5,num,82.9,num,,item_unobserved
1969,京都,43.4,num,positive_only,0.0,zero_dash,90.7,num,1.0,num,316.8,num,28.6,num,,item_unobserved
1969,佐賀,0.0,num,positive_only,0.0,zero_dash,701.0,num,0.0,zero_dash,318.5,num,8.8,num,,item_unobserved
1969,兵庫,54.3,num,positive_only,0.0,zero_dash,53.4,num,43.6,num,1102.3,num,28.1,num,,item_unobserved
1969,北海道,0.0,num,positive_only,4.0,num,1159.0,num,51.6,num,433.7,num,6.9,num,,item_unobserved
1969,千葉,0.0,zero_dash,positive_only,0.0,zero_dash,1219.3,num,16.6,num,879.5,num,2.8,num,,item_unobserved
1969,和歌山,4.3,num,positive_only,0.0,zero_dash,35.9,num,0.0,num,116.3,num,94.7,num,,item_unobserved
1969,埼玉,0.0,zero_dash,positive_only,0.0,num,11.9,num,109.8,num,1696.2,num,10.7,num,,item_unobserved
1969,大分,0.0,num,positive_only,0.0,zero_dash,534.9,num,0.1,num,219.0,num,1939.7,num,,item_unobserved
1969,大阪,4.9,num,positive_only,0.0,zero_dash,5.0,num,0.0,zero_dash,290.6,num,1.3,num,,item_unobserved
1969,奈良,2.9,num,positive_only,0.0,zero_dash,30.9,num,2.3,num,1202.9,num,12.5,num,,item_unobserved
1969,宮城,1.4,num,positive_only,21.0,num,172.7,num,354.2,num,537.2,num,6.0,num,,item_unobserved
1969,宮崎,0.0,zero_dash,positive_only,0.0,zero_dash,522.2,num,0.0,num,100.0,num,1182.4,num,,item_unobserved
1969,富山,0.0,num,positive_only,0.0,num,351.0,num,44.0,num,236.0,num,1.0,num,,item_unobserved
1969,山口,8.1,num,positive_only,0.0,zero_dash,715.2,num,35.8,num,237.0,num,103.8,num,,item_unobserved
1969,山形,4.0,num,positive_only,20.0,num,187.0,num,1111.0,num,234.0,num,0.0,num,,item_unobserved
1969,山梨,0.5,num,positive_only,2.0,num,68.4,num,17.2,num,283.7,num,37.8,num,,item_unobserved
1969,岐阜,63.0,num,positive_only,1.0,num,90.0,num,157.0,num,914.0,num,86.0,num,,item_unobserved
1969,岡山,92.7,num,positive_only,0.0,num,468.0,num,7.2,num,1282.1,num,94.8,num,,item_unobserved
1969,岩手,10.0,num,positive_only,41.0,num,19.0,num,197.0,num,630.0,num,73.0,num,,item_unobserved
1969,島根,3.8,num,positive_only,0.0,zero_dash,636.9,num,1.8,num,366.0,num,235.0,num,,item_unobserved
1969,広島,90.7,num,positive_only,0.0,zero_dash,120.0,num,9.9,num,764.0,num,55.0,num,,item_unobserved
1969,徳島,0.6,num,positive_only,0.0,zero_dash,17.4,num,1.9,num,825.3,num,40.2,num,,item_unobserved
1969,愛媛,1.3,num,positive_only,0.0,zero_dash,911.9,num,0.0,num,256.3,num,404.0,num,,item_unobserved
1969,愛知,2.4,num,positive_only,0.0,zero_dash,101.1,num,5.6,num,752.6,num,67.5,num,,item_unobserved
1969,新潟,1.9,num,positive_only,11.0,num,146.2,num,365.1,num,332.5,num,20.3,num,,item_unobserved
1969,東京,0.0,zero_dash,positive_only,0.0,zero_dash,0.3,num,0.6,num,451.7,num,2.0,num,,item_unobserved
1969,栃木,0.0,num,positive_only,2.0,num,392.2,num,193.8,num,1860.4,num,24.8,num,,item_unobserved
1969,滋賀,9.8,num,positive_only,0.0,zero_dash,18.4,num,0.0,zero_dash,170.9,num,3.8,num,,item_unobserved
1969,熊本,0.3,num,positive_only,0.0,zero_dash,2680.7,num,0.1,num,285.2,num,380.3,num,,item_unobserved
1969,石川,17.0,num,positive_only,5.0,num,363.0,num,63.0,num,358.0,num,21.0,num,,item_unobserved
1969,神奈川,0.0,zero_dash,positive_only,0.0,zero_dash,36.4,num,13.3,num,305.5,num,0.1,num,,item_unobserved
1969,福井,3.2,num,positive_only,0.0,num,152.4,num,14.8,num,271.8,num,8.6,num,,item_unobserved
1969,福岡,0.0,num,positive_only,0.0,zero_dash,3464.1,num,100.8,num,277.4,num,166.6,num,,item_unobserved
1969,福島,5.1,num,positive_only,40.0,num,217.4,num,1964.5,num,1432.0,num,7.3,num,,item_unobserved
1969,秋田,2.0,num,positive_only,6.0,num,463.0,num,452.0,num,431.0,num,1.0,num,,item_unobserved
1969,群馬,0.0,num,positive_only,0.0,num,24.5,num,503.5,num,4468.9,num,106.4,num,,item_unobserved
1969,茨城,0.5,num,positive_only,0.0,zero_dash,229.2,num,138.6,num,1873.6,num,4.7,num,,item_unobserved
1969,長崎,0.4,num,positive_only,0.0,zero_dash,523.5,num,0.0,zero_dash,67.4,num,89.1,num,,item_unobserved
1969,長野,70.9,num,positive_only,71.0,num,87.9,num,269.8,num,921.6,num,66.7,num,,item_unobserved
1969,青森,0.4,num,positive_only,12.0,num,163.1,num,153.9,num,261.2,num,2.3,num,,item_unobserved
1969,静岡,0.8,num,positive_only,0.0,zero_dash,291.1,num,58.9,num,1473.1,num,667.6,num,,item_unobserved
1969,香川,1.3,num,positive_only,0.0,zero_dash,66.1,num,0.0,zero_dash,315.0,num,10.3,num,,item_unobserved
1969,高知,1.0,num,positive_only,0.0,num,1740.0,num,1.0,num,152.3,num,335.0,num,,item_unobserved
1969,鳥取,1.1,num,positive_only,0.0,num,333.3,num,12.1,num,168.1,num,47.4,num,,item_unobserved
1969,鹿児島,0.0,zero_dash,positive_only,0.0,zero_dash,2933.8,num,0.0,zero_dash,219.7,num,110.7,num,,item_unobserved
1970,三重,19.4,num,positive_only,0.0,zero_dash,70.1,num,0.0,zero_dash,1043.0,num,142.2,num,,item_unobserved
1970,京都,240.9,num,positive_only,0.0,zero_dash,48.8,num,1.3,num,314.0,num,22.1,num,,item_unobserved
1970,佐賀,0.1,num,positive_only,0.0,zero_dash,611.0,num,1.1,num,450.6,num,13.7,num,,item_unobserved
1970,兵庫,248.7,num,positive_only,0.0,num,38.1,num,120.6,num,1601.7,num,46.3,num,,item_unobserved
1970,北海道,0.8,num,positive_only,2.0,num,1182.8,num,149.7,num,508.8,num,6.2,num,,item_unobserved
1970,千葉,0.0,zero_dash,positive_only,0.0,zero_dash,1163.1,num,17.0,num,919.4,num,1.3,num,,item_unobserved
1970,和歌山,31.0,num,positive_only,0.0,zero_dash,41.3,num,2.5,num,120.9,num,93.2,num,,item_unobserved
1970,埼玉,0.0,zero_dash,positive_only,0.0,num,13.8,num,93.4,num,1583.7,num,9.4,num,,item_unobserved
1970,大分,0.3,num,positive_only,0.0,zero_dash,539.3,num,0.3,num,202.2,num,2108.3,num,,item_unobserved
1970,大阪,8.7,num,positive_only,0.0,zero_dash,8.8,num,0.2,num,362.8,num,0.5,num,,item_unobserved
1970,奈良,12.7,num,positive_only,0.0,zero_dash,15.3,num,1.5,num,1124.4,num,26.8,num,,item_unobserved
1970,宮城,1.9,num,positive_only,12.0,num,156.9,num,356.9,num,562.9,num,7.0,num,,item_unobserved
1970,宮崎,0.0,zero_dash,positive_only,0.0,zero_dash,1030.0,num,1.0,num,101.0,num,1136.0,num,,item_unobserved
1970,富山,0.0,zero_dash,positive_only,0.0,num,358.0,num,69.0,num,212.0,num,2.0,num,,item_unobserved
1970,山口,23.1,num,positive_only,0.0,zero_dash,720.0,num,52.8,num,294.6,num,98.0,num,,item_unobserved
1970,山形,5.0,num,positive_only,12.0,num,76.0,num,1031.0,num,206.0,num,0.0,zero_dash,,item_unobserved
1970,山梨,0.4,num,positive_only,1.0,num,122.3,num,88.4,num,630.7,num,25.5,num,,item_unobserved
1970,岐阜,70.2,num,positive_only,1.0,num,101.3,num,164.0,num,1058.4,num,74.8,num,,item_unobserved
1970,岡山,351.4,num,positive_only,0.0,num,336.4,num,11.8,num,1625.3,num,128.6,num,,item_unobserved
1970,岩手,7.0,num,positive_only,44.0,num,17.0,num,238.0,num,511.0,num,84.0,num,,item_unobserved
1970,島根,5.0,num,positive_only,0.0,zero_dash,491.0,num,3.0,num,394.0,num,243.0,num,,item_unobserved
1970,広島,806.9,num,positive_only,0.0,zero_dash,98.2,num,12.1,num,981.4,num,53.2,num,,item_unobserved
1970,徳島,6.8,num,positive_only,0.0,zero_dash,18.8,num,10.5,num,743.0,num,55.0,num,,item_unobserved
1970,愛媛,3.0,num,positive_only,0.0,zero_dash,552.0,num,0.0,zero_dash,280.0,num,556.0,num,,item_unobserved
1970,愛知,2.3,num,positive_only,0.0,zero_dash,123.8,num,24.0,num,776.2,num,80.5,num,,item_unobserved
1970,新潟,2.0,num,positive_only,12.0,num,201.2,num,430.4,num,284.4,num,24.9,num,,item_unobserved
1970,東京,0.0,zero_dash,positive_only,0.0,zero_dash,0.6,num,8.7,num,490.4,num,3.1,num,,item_unobserved
1970,栃木,0.6,num,positive_only,0.0,num,219.8,num,194.2,num,2134.2,num,21.3,num,,item_unobserved
1970,滋賀,23.0,num,positive_only,0.0,num,10.1,num,0.0,zero_dash,206.3,num,5.6,num,,item_unobserved
1970,熊本,0.3,num,positive_only,0.0,zero_dash,2977.7,num,0.2,num,284.4,num,444.6,num,,item_unobserved
1970,石川,14.3,num,positive_only,3.0,num,493.3,num,56.3,num,318.0,num,27.2,num,,item_unobserved
1970,神奈川,0.0,zero_dash,positive_only,0.0,zero_dash,8.2,num,25.5,num,55.9,num,0.0,zero_dash,,item_unobserved
1970,福井,3.9,num,positive_only,1.0,num,173.2,num,11.2,num,274.3,num,8.4,num,,item_unobserved
1970,福岡,0.0,zero_dash,positive_only,0.0,zero_dash,3308.6,num,4.7,num,373.5,num,149.5,num,,item_unobserved
1970,福島,6.1,num,positive_only,37.0,num,183.7,num,1792.7,num,1618.9,num,21.6,num,,item_unobserved
1970,秋田,1.8,num,positive_only,5.0,num,1355.3,num,523.9,num,512.8,num,0.5,num,,item_unobserved
1970,群馬,0.0,zero_dash,positive_only,0.0,num,21.7,num,636.1,num,5011.2,num,82.5,num,,item_unobserved
1970,茨城,0.2,num,positive_only,0.0,zero_dash,260.4,num,131.1,num,1999.9,num,4.3,num,,item_unobserved
1970,長崎,0.2,num,positive_only,0.0,zero_dash,608.2,num,0.0,zero_dash,189.2,num,123.0,num,,item_unobserved
1970,長野,45.3,num,positive_only,69.0,num,85.8,num,584.0,num,1105.5,num,67.2,num,,item_unobserved
1970,青森,0.3,num,positive_only,11.0,num,154.2,num,162.1,num,246.9,num,31.5,num,,item_unobserved
1970,静岡,1.9,num,positive_only,0.0,zero_dash,283.1,num,39.2,num,1458.9,num,663.6,num,,item_unobserved
1970,香川,26.0,num,positive_only,0.0,zero_dash,75.0,num,1.0,num,285.0,num,20.0,num,,item_unobserved
1970,高知,0.9,num,positive_only,0.0,zero_dash,1273.8,num,0.0,zero_dash,163.8,num,372.1,num,,item_unobserved
1970,鳥取,1.4,num,positive_only,0.0,num,269.8,num,18.1,num,201.9,num,62.2,num,,item_unobserved
1970,鹿児島,0.0,zero_dash,positive_only,0.0,zero_dash,3076.6,num,0.0,zero_dash,194.2,num,144.2,num,,item_unobserved
1971,三重,10.9,num,positive_only,0.0,zero_dash,362.8,num,0.0,zero_dash,1120.1,num,137.9,num,,item_unobserved
1971,京都,78.2,num,positive_only,0.0,zero_dash,103.1,num,2.6,num,325.4,num,23.4,num,,item_unobserved
1971,佐賀,0.0,zero_dash,positive_only,0.0,zero_dash,902.3,num,0.8,num,466.1,num,8.5,num,,item_unobserved
1971,兵庫,38.8,num,positive_only,0.0,zero_dash,34.6,num,248.8,num,1771.6,num,48.0,num,,item_unobserved
1971,北海道,0.0,zero_dash,positive_only,4.0,num,1317.1,num,178.0,num,531.9,num,4.2,num,,item_unobserved
1971,千葉,0.0,zero_dash,positive_only,0.0,zero_dash,1469.5,num,39.3,num,987.4,num,0.9,num,,item_unobserved
1971,和歌山,23.0,num,positive_only,0.0,zero_dash,44.0,num,2.0,num,121.0,num,102.0,num,,item_unobserved
1971,埼玉,0.0,zero_dash,positive_only,0.0,num,14.8,num,53.9,num,1826.4,num,4.9,num,,item_unobserved
1971,大分,0.1,num,positive_only,0.0,zero_dash,517.6,num,0.3,num,254.6,num,2530.0,num,,item_unobserved
1971,大阪,3.7,num,positive_only,0.0,zero_dash,37.8,num,0.0,zero_dash,352.9,num,0.7,num,,item_unobserved
1971,奈良,5.1,num,positive_only,0.0,zero_dash,8.8,num,0.7,num,1211.8,num,160.3,num,,item_unobserved
1971,宮城,7.0,num,positive_only,9.0,num,218.3,num,338.2,num,546.7,num,10.0,num,,item_unobserved
1971,宮崎,3.0,num,positive_only,0.0,zero_dash,792.0,num,0.0,zero_dash,143.0,num,1473.0,num,,item_unobserved
1971,富山,0.0,zero_dash,positive_only,0.0,num,357.0,num,75.0,num,221.0,num,1.0,num,,item_unobserved
1971,山口,19.2,num,positive_only,0.0,zero_dash,231.2,num,54.8,num,322.0,num,102.8,num,,item_unobserved
1971,山形,8.9,num,positive_only,13.0,num,91.0,num,795.8,num,213.5,num,0.4,num,,item_unobserved
1971,山梨,0.4,num,positive_only,1.0,num,148.1,num,91.4,num,404.3,num,38.9,num,,item_unobserved
1971,岐阜,42.3,num,positive_only,0.0,num,238.0,num,137.0,num,1021.9,num,72.4,num,,item_unobserved
1971,岡山,107.3,num,positive_only,0.0,num,337.0,num,11.2,num,1963.1,num,172.4,num,,item_unobserved
1971,岩手,10.0,num,positive_only,68.0,num,13.0,num,342.0,num,566.0,num,109.0,num,,item_unobserved
1971,島根,4.0,num,positive_only,0.0,zero_dash,994.2,num,6.0,num,364.6,num,273.3,num,,item_unobserved
1971,広島,124.3,num,positive_only,0.0,zero_dash,119.6,num,18.0,num,1113.6,num,77.4,num,,item_unobserved
1971,徳島,1.3,num,positive_only,0.0,num,4.1,num,14.7,num,837.2,num,59.5,num,,item_unobserved
1971,愛媛,2.0,num,positive_only,0.0,num,640.0,num,0.0,zero_dash,334.0,num,651.0,num,,item_unobserved
1971,愛知,1.8,num,positive_only,0.0,num,103.7,num,26.9,num,732.0,num,87.0,num,,item_unobserved
1971,新潟,3.0,num,positive_only,12.0,num,176.4,num,428.2,num,277.8,num,24.6,num,,item_unobserved
1971,東京,0.0,zero_dash,positive_only,0.0,zero_dash,0.0,zero_dash,2.2,num,701.3,num,2.7,num,,item_unobserved
1971,栃木,0.0,zero_dash,positive_only,0.0,num,269.8,num,314.8,num,2489.7,num,22.7,num,,item_unobserved
1971,滋賀,9.3,num,positive_only,0.0,zero_dash,19.1,num,10.3,num,186.2,num,5.8,num,,item_unobserved
1971,熊本,0.7,num,positive_only,0.0,zero_dash,3485.0,num,0.2,num,316.3,num,583.7,num,,item_unobserved
1971,石川,9.2,num,positive_only,1.0,num,509.4,num,92.9,num,476.1,num,44.3,num,,item_unobserved
1971,神奈川,0.0,zero_dash,positive_only,0.0,zero_dash,13.8,num,32.9,num,413.4,num,0.3,num,,item_unobserved
1971,福井,9.1,num,positive_only,0.0,num,343.2,num,15.0,num,269.6,num,36.1,num,,item_unobserved
1971,福岡,0.0,zero_dash,positive_only,0.0,zero_dash,3939.9,num,0.7,num,426.2,num,186.7,num,,item_unobserved
1971,福島,8.5,num,positive_only,36.0,num,184.8,num,1939.5,num,1898.9,num,15.5,num,,item_unobserved
1971,秋田,1.0,num,positive_only,5.0,num,2024.0,num,713.0,num,537.0,num,0.0,zero_dash,,item_unobserved
1971,群馬,0.1,num,positive_only,1.0,num,23.5,num,626.3,num,5240.2,num,74.8,num,,item_unobserved
1971,茨城,0.3,num,positive_only,0.0,zero_dash,121.4,num,164.1,num,2305.7,num,8.1,num,,item_unobserved
1971,長崎,0.2,num,positive_only,0.0,zero_dash,396.9,num,0.0,zero_dash,183.2,num,116.1,num,,item_unobserved
1971,長野,63.6,num,positive_only,58.0,num,94.0,num,775.2,num,946.8,num,67.1,num,,item_unobserved
1971,青森,0.2,num,positive_only,11.0,num,389.4,num,328.4,num,307.0,num,0.7,num,,item_unobserved
1971,静岡,1.0,num,positive_only,0.0,zero_dash,294.3,num,36.9,num,1837.9,num,642.5,num,,item_unobserved
1971,香川,12.0,num,positive_only,0.0,zero_dash,121.0,num,0.0,zero_dash,363.0,num,15.0,num,,item_unobserved
1971,高知,0.0,zero_dash,positive_only,0.0,zero_dash,1087.0,num,0.0,zero_dash,146.0,num,397.0,num,,item_unobserved
1971,鳥取,0.9,num,positive_only,0.0,zero_dash,215.0,num,27.1,num,238.7,num,71.2,num,,item_unobserved
1971,鹿児島,0.0,zero_dash,positive_only,0.0,zero_dash,3705.0,num,0.0,zero_dash,232.0,num,150.0,num,,item_unobserved
1972,三重,8.0,num,positive_only,0.0,zero_dash,62.0,num,1.0,num,1168.0,num,138.0,num,0.0,zero_dash
1972,京都,56.0,num,positive_only,0.0,zero_dash,82.0,num,15.0,num,429.0,num,19.0,num,26.0,num
1972,佐賀,0.0,num,positive_only,4.0,num,809.0,num,0.0,num,489.0,num,8.0,num,0.0,zero_dash
1972,兵庫,28.0,num,positive_only,0.0,zero_dash,45.0,num,258.0,num,1822.0,num,48.0,num,9.0,num
1972,北海道,5.0,num,positive_only,3.0,num,1220.0,num,391.0,num,570.0,num,6.0,num,115.0,num
1972,千葉,0.0,num,positive_only,0.0,num,1357.0,num,82.0,num,1314.0,num,1.0,num,0.0,num
1972,和歌山,8.0,num,positive_only,0.0,zero_dash,40.0,num,3.0,num,141.0,num,115.0,num,4.0,num
1972,埼玉,0.0,zero_dash,positive_only,0.0,num,12.0,num,55.0,num,1731.0,num,5.0,num,30.0,num
1972,大分,0.0,num,positive_only,0.0,zero_dash,560.0,num,2.0,num,293.0,num,2451.0,num,0.0,zero_dash
1972,大阪,2.0,num,positive_only,0.0,zero_dash,37.0,num,1.0,num,331.0,num,1.0,num,15.0,num
1972,奈良,4.0,num,positive_only,0.0,zero_dash,13.0,num,3.0,num,1521.0,num,33.0,num,12.0,num
1972,宮城,4.0,num,positive_only,9.0,num,273.0,num,364.0,num,544.0,num,7.0,num,29.0,num
1972,宮崎,0.0,zero_dash,positive_only,0.0,zero_dash,854.0,num,0.0,zero_dash,147.0,num,1625.0,num,1.0,num
1972,富山,0.0,num,positive_only,0.0,num,344.0,num,73.0,num,250.0,num,0.0,num,196.0,num
1972,山口,21.0,num,positive_only,0.0,zero_dash,25.0,num,54.0,num,361.0,num,121.0,num,0.0,zero_dash
1972,山形,8.0,num,positive_only,11.0,num,58.0,num,1027.0,num,259.0,num,0.0,num,64.0,num
1972,山梨,0.0,num,positive_only,1.0,num,142.0,num,116.0,num,427.0,num,38.0,num,25.0,num
1972,岐阜,26.0,num,positive_only,0.0,num,138.0,num,140.0,num,1075.0,num,58.0,num,29.0,num
1972,岡山,52.0,num,positive_only,0.0,num,367.0,num,9.0,num,2168.0,num,173.0,num,23.0,num
1972,岩手,16.0,num,positive_only,35.0,num,23.0,num,565.0,num,747.0,num,128.0,num,15.0,num
1972,島根,4.0,num,positive_only,0.0,zero_dash,1043.0,num,6.0,num,395.0,num,302.0,num,2.0,num
1972,広島,121.0,num,positive_only,0.0,zero_dash,142.0,num,13.0,num,1395.0,num,89.0,num,4.0,num
1972,徳島,1.0,num,positive_only,0.0,zero_dash,97.0,num,17.0,num,1008.0,num,59.0,num,7.0,num
1972,愛媛,2.0,num,positive_only,0.0,zero_dash,650.0,num,12.0,num,496.0,num,843.0,num,6.0,num
1972,愛知,2.0,num,positive_only,0.0,zero_dash,74.0,num,8.0,num,791.0,num,85.0,num,0.0,num
1972,新潟,2.0,num,positive_only,14.0,num,156.0,num,450.0,num,343.0,num,26.0,num,233.0,num
1972,東京,0.0,zero_dash,positive_only,0.0,zero_dash,0.0,zero_dash,0.0,zero_dash,753.0,num,4.0,num,0.0,zero_dash
1972,栃木,0.0,zero_dash,positive_only,2.0,num,390.0,num,404.0,num,3018.0,num,31.0,num,0.0,zero_dash
1972,滋賀,5.0,num,positive_only,0.0,zero_dash,16.0,num,15.0,num,648.0,num,10.0,num,0.0,zero_dash
1972,熊本,0.0,num,positive_only,4.0,num,5336.0,num,0.0,num,491.0,num,590.0,num,0.0,num
1972,石川,18.0,num,positive_only,1.0,num,424.0,num,82.0,num,576.0,num,48.0,num,140.0,num
1972,神奈川,0.0,zero_dash,positive_only,0.0,zero_dash,59.0,num,54.0,num,457.0,num,0.0,num,2.0,num
1972,福井,9.0,num,positive_only,0.0,num,267.0,num,23.0,num,414.0,num,17.0,num,151.0,num
1972,福岡,0.0,zero_dash,positive_only,2.0,num,3343.0,num,2.0,num,531.0,num,190.0,num,0.0,zero_dash
1972,福島,14.0,num,positive_only,65.0,num,154.0,num,1974.0,num,2257.0,num,27.0,num,26.0,num
1972,秋田,1.0,num,positive_only,4.0,num,1865.0,num,573.0,num,712.0,num,1.0,num,153.0,num
1972,群馬,0.0,num,positive_only,0.0,num,21.0,num,807.0,num,6069.0,num,78.0,num,38.0,num
1972,茨城,0.0,num,positive_only,0.0,zero_dash,204.0,num,304.0,num,2670.0,num,6.0,num,0.0,zero_dash
1972,長崎,0.0,num,positive_only,0.0,zero_dash,483.0,num,2.0,num,201.0,num,172.0,num,0.0,zero_dash
1972,長野,21.0,num,positive_only,78.0,num,79.0,num,897.0,num,945.0,num,80.0,num,22791.0,num
1972,青森,0.0,num,positive_only,10.0,num,148.0,num,453.0,num,425.0,num,0.0,num,347.0,num
1972,静岡,1.0,num,positive_only,0.0,zero_dash,284.0,num,66.0,num,2078.0,num,709.0,num,0.0,num
1972,香川,5.0,num,positive_only,0.0,zero_dash,90.0,num,1.0,num,437.0,num,12.0,num,0.0,zero_dash
1972,高知,0.0,num,positive_only,0.0,zero_dash,966.0,num,0.0,num,156.0,num,432.0,num,1.0,num
1972,鳥取,1.0,num,positive_only,0.0,num,233.0,num,35.0,num,262.0,num,73.0,num,22.0,num
1972,鹿児島,0.0,zero_dash,positive_only,0.0,zero_dash,4378.0,num,0.0,zero_dash,267.0,num,171.0,num,0.0,zero_dash
1973,三重,20.0,num,positive_only,0.0,zero_dash,,item_unobserved,0.0,zero_dash,1502.0,num,116.0,num,0.0,zero_dash
1973,京都,96.0,num,positive_only,0.0,zero_dash,,item_unobserved,11.0,num,515.0,num,26.0,num,1.0,num
1973,佐賀,0.0,zero_dash,positive_only,0.0,zero_dash,,item_unobserved,0.0,zero_dash,426.0,num,8.0,num,0.0,zero_dash
1973,兵庫,60.0,num,positive_only,0.0,zero_dash,,item_unobserved,245.0,num,2122.0,num,47.0,num,32.0,num
1973,北海道,2.0,num,positive_only,2.0,num,,item_unobserved,420.0,num,619.0,num,5.0,num,1134.0,num
1973,千葉,0.0,zero_dash,positive_only,0.0,zero_dash,,item_unobserved,133.0,num,1513.0,num,0.0,zero_dash,0.0,zero_dash
1973,和歌山,13.0,num,positive_only,0.0,zero_dash,,item_unobserved,2.0,num,119.0,num,128.0,num,0.0,zero_dash
1973,埼玉,0.0,zero_dash,positive_only,5.0,num,,item_unobserved,12.0,num,2013.0,num,5.0,num,23.0,num
1973,大分,0.0,num,positive_only,0.0,zero_dash,,item_unobserved,5.0,num,109.0,num,1993.0,num,71.0,num
1973,大阪,12.0,num,positive_only,0.0,zero_dash,,item_unobserved,0.0,zero_dash,413.0,num,10.0,num,35.0,num
1973,奈良,0.0,zero_dash,positive_only,0.0,zero_dash,,item_unobserved,1.0,num,1350.0,num,45.0,num,12.0,num
1973,宮城,4.0,num,positive_only,63.0,num,,item_unobserved,689.0,num,798.0,num,10.0,num,70.0,num
1973,宮崎,0.0,zero_dash,positive_only,0.0,zero_dash,,item_unobserved,2.0,num,89.0,num,1550.0,num,3.0,num
1973,富山,0.0,zero_dash,positive_only,0.0,zero_dash,,item_unobserved,87.0,num,279.0,num,2.0,num,193.0,num
1973,山口,22.0,num,positive_only,0.0,zero_dash,,item_unobserved,105.0,num,364.0,num,114.0,num,0.0,zero_dash
1973,山形,19.0,num,positive_only,12.0,num,,item_unobserved,1241.0,num,383.0,num,1.0,num,99.0,num
1973,山梨,0.0,zero_dash,positive_only,1.0,num,,item_unobserved,131.0,num,456.0,num,35.0,num,30.0,num
1973,岐阜,37.0,num,positive_only,0.0,zero_dash,,item_unobserved,110.0,num,1157.0,num,58.0,num,16.0,num
1973,岡山,80.0,num,positive_only,0.0,zero_dash,,item_unobserved,3.0,num,2193.0,num,156.0,num,23.0,num
1973,岩手,11.0,num,positive_only,14.0,num,,item_unobserved,782.0,num,911.0,num,153.0,num,115.0,num
1973,島根,5.0,num,positive_only,0.0,zero_dash,,item_unobserved,24.0,num,313.0,num,289.0,num,58.0,num
1973,広島,108.0,num,positive_only,0.0,zero_dash,,item_unobserved,15.0,num,1302.0,num,71.0,num,4.0,num
1973,徳島,1.0,num,positive_only,0.0,zero_dash,,item_unobserved,1.0,num,1002.0,num,46.0,num,8.0,num
1973,愛媛,3.0,num,positive_only,0.0,zero_dash,,item_unobserved,18.0,num,439.0,num,852.0,num,10.0,num
1973,愛知,3.0,num,positive_only,0.0,zero_dash,,item_unobserved,17.0,num,670.0,num,75.0,num,18.0,num
1973,新潟,2.0,num,positive_only,10.0,num,,item_unobserved,609.0,num,465.0,num,50.0,num,322.0,num
1973,東京,0.0,zero_dash,positive_only,0.0,zero_dash,,item_unobserved,3.0,num,666.0,num,22.0,num,0.0,zero_dash
1973,栃木,0.0,zero_dash,positive_only,1.0,num,,item_unobserved,578.0,num,3038.0,num,37.0,num,0.0,num
1973,沖縄,0.0,zero_dash,positive_only,0.0,zero_dash,,item_unobserved,0.0,zero_dash,0.0,zero_dash,0.0,zero_dash,0.0,zero_dash
1973,滋賀,5.0,num,positive_only,0.0,zero_dash,,item_unobserved,23.0,num,283.0,num,8.0,num,1.0,num
1973,熊本,0.0,num,positive_only,0.0,zero_dash,,item_unobserved,6.0,num,520.0,num,597.0,num,115.0,num
1973,石川,8.0,num,positive_only,2.0,num,,item_unobserved,75.0,num,476.0,num,45.0,num,143.0,num
1973,神奈川,0.0,zero_dash,positive_only,0.0,zero_dash,,item_unobserved,52.0,num,337.0,num,5.0,num,2.0,num
1973,福井,6.0,num,positive_only,1.0,num,,item_unobserved,28.0,num,429.0,num,22.0,num,160.0,num
1973,福岡,0.0,zero_dash,positive_only,0.0,zero_dash,,item_unobserved,2.0,num,667.0,num,233.0,num,85.0,num
1973,福島,9.0,num,positive_only,52.0,num,,item_unobserved,2119.0,num,2372.0,num,26.0,num,75.0,num
1973,秋田,2.0,num,positive_only,5.0,num,,item_unobserved,807.0,num,743.0,num,2.0,num,248.0,num
1973,群馬,0.0,zero_dash,positive_only,0.0,zero_dash,,item_unobserved,1229.0,num,7150.0,num,91.0,num,74.0,num
1973,茨城,0.0,zero_dash,positive_only,0.0,zero_dash,,item_unobserved,327.0,num,3336.0,num,9.0,num,0.0,zero_dash
1973,長崎,0.0,zero_dash,positive_only,0.0,zero_dash,,item_unobserved,0.0,zero_dash,142.0,num,131.0,num,0.0,zero_dash
1973,長野,29.0,num,positive_only,38.0,num,,item_unobserved,1310.0,num,977.0,num,99.0,num,26700.0,num
1973,青森,0.0,zero_dash,positive_only,1.0,num,,item_unobserved,542.0,num,731.0,num,0.0,zero_dash,376.0,num
1973,静岡,0.0,zero_dash,positive_only,0.0,zero_dash,,item_unobserved,72.0,num,1840.0,num,610.0,num,0.0,zero_dash
1973,香川,7.0,num,positive_only,0.0,zero_dash,,item_unobserved,1.0,num,414.0,num,17.0,num,0.0,zero_dash
1973,高知,2.0,num,positive_only,0.0,zero_dash,,item_unobserved,0.0,zero_dash,229.0,num,396.0,num,2.0,num
1973,鳥取,1.0,num,positive_only,0.0,zero_dash,,item_unobserved,86.0,num,290.0,num,77.0,num,77.0,num
1973,鹿児島,0.0,zero_dash,positive_only,0.0,zero_dash,,item_unobserved,1.0,num,200.0,num,248.0,num,24.0,num
1974,三重,15.0,num,positive_only,0.0,zero_dash,,item_unobserved,1.0,num,1903.0,num,196.0,num,4.0,num
1974,京都,137.0,num,positive_only,0.0,zero_dash,,item_unobserved,4.0,num,509.0,num,54.0,num,0.0,num
1974,佐賀,0.0,zero_dash,positive_only,0.0,zero_dash,,item_unobserved,0.0,zero_dash,432.0,num,8.0,num,0.0,zero_dash
1974,兵庫,0.0,zero_dash,positive_only,0.0,zero_dash,,item_unobserved,238.0,num,2048.0,num,57.0,num,32.0,num
1974,北海道,0.0,zero_dash,positive_only,0.0,num,,item_unobserved,621.0,num,716.0,num,6.0,num,1128.0,num
1974,千葉,0.0,zero_dash,positive_only,0.0,zero_dash,,item_unobserved,104.0,num,1594.0,num,9.0,num,7.0,num
1974,和歌山,0.0,zero_dash,positive_only,0.0,zero_dash,,item_unobserved,2.0,num,135.0,num,92.0,num,0.0,num
1974,埼玉,0.0,zero_dash,positive_only,4.0,num,,item_unobserved,10.0,num,2062.0,num,15.0,num,0.0,num
1974,大分,0.0,zero_dash,positive_only,0.0,zero_dash,,item_unobserved,4.0,num,124.0,num,2904.0,num,261.0,num
1974,大阪,2.0,num,positive_only,0.0,zero_dash,,item_unobserved,0.0,zero_dash,502.0,num,0.0,zero_dash,78.0,num
1974,奈良,5.0,num,positive_only,0.0,zero_dash,,item_unobserved,10.0,num,1551.0,num,39.0,num,50.0,num
1974,宮城,0.0,num,positive_only,50.0,num,,item_unobserved,738.0,num,888.0,num,20.0,num,75.0,num
1974,宮崎,0.0,zero_dash,positive_only,0.0,zero_dash,,item_unobserved,35.0,num,72.0,num,2171.0,num,19.0,num
1974,富山,0.0,zero_dash,positive_only,0.0,zero_dash,,item_unobserved,67.0,num,297.0,num,6.0,num,250.0,num
1974,山口,16.0,num,positive_only,0.0,zero_dash,,item_unobserved,72.0,num,366.0,num,152.0,num,41.0,num
1974,山形,0.0,num,positive_only,10.0,num,,item_unobserved,1282.0,num,463.0,num,1.0,num,141.0,num
1974,山梨,0.0,zero_dash,positive_only,1.0,num,,item_unobserved,135.0,num,486.0,num,44.0,num,15.0,num
1974,岐阜,38.0,num,positive_only,0.0,num,,item_unobserved,123.0,num,1092.0,num,54.0,num,17.0,num
1974,岡山,90.0,num,positive_only,0.0,zero_dash,,item_unobserved,6.0,num,2259.0,num,230.0,num,74.0,num
1974,岩手,7.0,num,positive_only,8.0,num,,item_unobserved,1070.0,num,1070.0,num,215.0,num,91.0,num
1974,島根,5.0,num,positive_only,0.0,zero_dash,,item_unobserved,12.0,num,293.0,num,334.0,num,51.0,num
1974,広島,130.0,num,positive_only,0.0,zero_dash,,item_unobserved,21.0,num,1260.0,num,89.0,num,4.0,num
1974,徳島,5.0,num,positive_only,0.0,zero_dash,,item_unobserved,1.0,num,1091.0,num,52.0,num,8.0,num
1974,愛媛,0.0,num,positive_only,0.0,zero_dash,,item_unobserved,17.0,num,430.0,num,1017.0,num,59.0,num
1974,愛知,3.0,num,positive_only,0.0,zero_dash,,item_unobserved,20.0,num,729.0,num,108.0,num,17.0,num
1974,新潟,2.0,num,positive_only,20.0,num,,item_unobserved,578.0,num,423.0,num,43.0,num,376.0,num
1974,東京,0.0,zero_dash,positive_only,0.0,zero_dash,,item_unobserved,10.0,num,682.0,num,4.0,num,1.0,num
1974,栃木,0.0,num,positive_only,0.0,zero_dash,,item_unobserved,647.0,num,3258.0,num,80.0,num,1.0,num
1974,沖縄,0.0,zero_dash,positive_only,0.0,zero_dash,,item_unobserved,0.0,zero_dash,0.0,zero_dash,0.0,zero_dash,0.0,zero_dash
1974,滋賀,4.0,num,positive_only,0.0,zero_dash,,item_unobserved,12.0,num,282.0,num,8.0,num,60.0,num
1974,熊本,0.0,num,positive_only,0.0,zero_dash,,item_unobserved,0.0,num,387.0,num,692.0,num,169.0,num
1974,石川,17.0,num,positive_only,2.0,num,,item_unobserved,78.0,num,517.0,num,55.0,num,162.0,num
1974,神奈川,0.0,zero_dash,positive_only,0.0,zero_dash,,item_unobserved,50.0,num,398.0,num,0.0,num,0.0,zero_dash
1974,福井,7.0,num,positive_only,1.0,num,,item_unobserved,27.0,num,407.0,num,33.0,num,198.0,num
1974,福岡,0.0,zero_dash,positive_only,0.0,zero_dash,,item_unobserved,4.0,num,502.0,num,244.0,num,183.0,num
1974,福島,11.0,num,positive_only,44.0,num,,item_unobserved,2136.0,num,3033.0,num,65.0,num,104.0,num
1974,秋田,0.0,zero_dash,positive_only,4.0,num,,item_unobserved,789.0,num,858.0,num,5.0,num,263.0,num
1974,群馬,0.0,zero_dash,positive_only,0.0,zero_dash,,item_unobserved,1414.0,num,8138.0,num,201.0,num,64.0,num
1974,茨城,0.0,zero_dash,positive_only,0.0,zero_dash,,item_unobserved,319.0,num,3854.0,num,38.0,num,0.0,zero_dash
1974,長崎,0.0,zero_dash,positive_only,0.0,zero_dash,,item_unobserved,0.0,zero_dash,269.0,num,291.0,num,27.0,num
1974,長野,45.0,num,positive_only,83.0,num,,item_unobserved,1174.0,num,894.0,num,120.0,num,29500.0,num
1974,青森,0.0,zero_dash,positive_only,2.0,num,,item_unobserved,864.0,num,758.0,num,0.0,num,346.0,num
1974,静岡,0.0,zero_dash,positive_only,0.0,zero_dash,,item_unobserved,50.0,num,1992.0,num,952.0,num,0.0,zero_dash
1974,香川,5.0,num,positive_only,0.0,zero_dash,,item_unobserved,5.0,num,356.0,num,13.0,num,0.0,zero_dash
1974,高知,1.0,num,positive_only,0.0,zero_dash,,item_unobserved,1.0,num,225.0,num,466.0,num,2.0,num
1974,鳥取,3.0,num,positive_only,0.0,zero_dash,,item_unobserved,50.0,num,324.0,num,93.0,num,103.0,num
1974,鹿児島,0.0,zero_dash,positive_only,0.0,zero_dash,,item_unobserved,0.0,num,320.0,num,350.0,num,167.0,num
1975,三重,12.0,num,all_listed,0.0,num,,item_unobserved,5.0,num,2203.0,num,181.0,num,36.0,num
1975,京都,182.0,num,all_listed,0.0,num,,item_unobserved,8.0,num,575.0,num,33.0,num,0.0,num
1975,佐賀,0.0,num,all_listed,0.0,num,,item_unobserved,0.0,num,473.0,num,10.0,num,0.0,num
1975,兵庫,25.0,num,all_listed,0.0,num,,item_unobserved,152.0,num,2058.0,num,77.0,num,37.0,num
1975,北海道,0.0,num,all_listed,2.0,num,,item_unobserved,470.0,num,848.0,num,11.0,num,549.0,num
1975,千葉,0.0,num,all_listed,0.0,num,,item_unobserved,108.0,num,1809.0,num,5.0,num,22.0,num
1975,和歌山,0.0,num,all_listed,0.0,num,,item_unobserved,0.0,num,255.0,num,99.0,num,0.0,num
1975,埼玉,0.0,num,all_listed,3.0,num,,item_unobserved,11.0,num,2006.0,num,8.0,num,0.0,num
1975,大分,0.0,num,all_listed,0.0,num,,item_unobserved,10.0,num,201.0,num,2507.0,num,436.0,num
1975,大阪,2.0,num,all_listed,0.0,num,,item_unobserved,0.0,num,502.0,num,0.0,num,96.0,num
1975,奈良,6.0,num,all_listed,0.0,num,,item_unobserved,10.0,num,2372.0,num,66.0,num,54.0,num
1975,宮城,0.0,num,all_listed,35.0,num,,item_unobserved,414.0,num,940.0,num,19.0,num,160.0,num
1975,宮崎,0.0,num,all_listed,0.0,num,,item_unobserved,5.0,num,286.0,num,1806.0,num,116.0,num
1975,富山,0.0,num,all_listed,0.0,num,,item_unobserved,83.0,num,337.0,num,7.0,num,295.0,num
1975,山口,17.0,num,all_listed,0.0,num,,item_unobserved,98.0,num,377.0,num,157.0,num,58.0,num
1975,山形,4.0,num,all_listed,6.0,num,,item_unobserved,1295.0,num,431.0,num,1.0,num,302.0,num
1975,山梨,0.0,num,all_listed,1.0,num,,item_unobserved,139.0,num,599.0,num,55.0,num,18.0,num
1975,岐阜,60.0,num,all_listed,0.0,num,,item_unobserved,94.0,num,1111.0,num,43.0,num,25.0,num
1975,岡山,151.0,num,all_listed,0.0,num,,item_unobserved,8.0,num,2392.0,num,232.0,num,116.0,num
1975,岩手,4.0,num,all_listed,8.0,num,,item_unobserved,661.0,num,1152.0,num,259.0,num,59.0,num
1975,島根,13.0,num,all_listed,0.0,num,,item_unobserved,12.0,num,353.0,num,395.0,num,86.0,num
1975,広島,208.0,num,all_listed,0.0,num,,item_unobserved,21.0,num,1296.0,num,104.0,num,163.0,num
1975,徳島,5.0,num,all_listed,0.0,num,,item_unobserved,3.0,num,1117.0,num,56.0,num,12.0,num
1975,愛媛,5.0,num,all_listed,0.0,num,,item_unobserved,17.0,num,518.0,num,1072.0,num,4.0,num
1975,愛知,4.0,num,all_listed,0.0,num,,item_unobserved,20.0,num,756.0,num,90.0,num,14.0,num
1975,新潟,2.0,num,all_listed,33.0,num,,item_unobserved,534.0,num,508.0,num,57.0,num,357.0,num
1975,東京,0.0,num,all_listed,0.0,num,,item_unobserved,6.0,num,634.0,num,5.0,num,1.0,num
1975,栃木,0.0,num,all_listed,0.0,num,,item_unobserved,762.0,num,3541.0,num,87.0,num,0.0,num
1975,沖縄,0.0,num,all_listed,0.0,num,,item_unobserved,0.0,num,0.0,num,0.0,num,0.0,num
1975,滋賀,3.0,num,all_listed,0.0,num,,item_unobserved,20.0,num,271.0,num,7.0,num,7.0,num
1975,熊本,0.0,num,all_listed,0.0,num,,item_unobserved,79.0,num,480.0,num,638.0,num,460.0,num
1975,石川,19.0,num,all_listed,1.0,num,,item_unobserved,73.0,num,548.0,num,62.0,num,235.0,num
1975,神奈川,0.0,num,all_listed,0.0,num,,item_unobserved,38.0,num,429.0,num,0.0,num,0.0,num
1975,福井,7.0,num,all_listed,0.0,num,,item_unobserved,18.0,num,354.0,num,41.0,num,228.0,num
1975,福岡,0.0,num,all_listed,0.0,num,,item_unobserved,1.0,num,572.0,num,266.0,num,221.0,num
1975,福島,4.0,num,all_listed,44.0,num,,item_unobserved,1892.0,num,3259.0,num,77.0,num,104.0,num
1975,秋田,1.0,num,all_listed,5.0,num,,item_unobserved,735.0,num,973.0,num,5.0,num,286.0,num
1975,群馬,0.0,num,all_listed,0.0,num,,item_unobserved,1205.0,num,8633.0,num,101.0,num,88.0,num
1975,茨城,0.0,num,all_listed,0.0,num,,item_unobserved,277.0,num,4088.0,num,31.0,num,21.0,num
1975,長崎,0.0,num,all_listed,0.0,num,,item_unobserved,26.0,num,272.0,num,386.0,num,53.0,num
1975,長野,21.0,num,all_listed,41.0,num,,item_unobserved,1135.0,num,911.0,num,116.0,num,32000.0,num
1975,青森,0.0,num,all_listed,27.0,num,,item_unobserved,843.0,num,718.0,num,1.0,num,390.0,num
1975,静岡,0.0,num,all_listed,0.0,num,,item_unobserved,46.0,num,1378.0,num,633.0,num,14.0,num
1975,香川,18.0,num,all_listed,0.0,num,,item_unobserved,6.0,num,502.0,num,16.0,num,0.0,num
1975,高知,0.0,num,all_listed,0.0,num,,item_unobserved,1.0,num,264.0,num,485.0,num,2.0,num
1975,鳥取,3.0,num,all_listed,0.0,num,,item_unobserved,76.0,num,334.0,num,101.0,num,103.0,num
1975,鹿児島,0.0,num,all_listed,0.0,num,,item_unobserved,0.0,num,410.0,num,300.0,num,270.0,num
1976,三重,18.0,num,all_listed,0.0,num,,item_unobserved,4.0,num,2448.0,num,223.0,suspect_num,21.0,num
1976,京都,119.0,num,all_listed,0.0,num,,item_unobserved,7.0,num,772.0,num,33.0,suspect_num,3.0,num
1976,佐賀,0.0,num,all_listed,0.0,num,,item_unobserved,1.0,num,599.0,num,11.0,suspect_num,0.0,num
1976,兵庫,32.0,num,all_listed,0.0,num,,item_unobserved,226.0,num,2452.0,num,80.0,suspect_num,159.0,num
1976,北海道,0.0,num,all_listed,2.0,num,,item_unobserved,433.0,num,947.0,num,15.0,suspect_num,811.0,num
1976,千葉,0.0,num,all_listed,0.0,num,,item_unobserved,122.0,num,1817.0,num,8.0,suspect_num,27.0,num
1976,和歌山,12.0,num,all_listed,0.0,num,,item_unobserved,0.0,num,502.0,num,120.0,suspect_num,0.0,num
1976,埼玉,0.0,num,all_listed,3.0,num,,item_unobserved,6.0,num,2168.0,num,6.0,suspect_num,0.0,num
1976,大分,0.0,num,all_listed,0.0,num,,item_unobserved,5.0,num,304.0,num,2588.0,suspect_num,299.0,num
1976,大阪,3.0,num,all_listed,0.0,num,,item_unobserved,0.0,num,936.0,num,1.0,suspect_num,231.0,num
1976,奈良,2.0,num,all_listed,0.0,num,,item_unobserved,8.0,num,2771.0,num,69.0,suspect_num,28.0,num
1976,宮城,0.0,num,all_listed,33.0,num,,item_unobserved,549.0,num,1192.0,num,21.0,suspect_num,150.0,num
1976,宮崎,0.0,num,all_listed,0.0,num,,item_unobserved,14.0,num,433.0,num,2775.0,suspect_num,131.0,num
1976,富山,0.0,num,all_listed,0.0,num,,item_unobserved,62.0,num,430.0,num,9.0,suspect_num,597.0,num
1976,山口,20.0,num,all_listed,0.0,num,,item_unobserved,117.0,num,443.0,num,156.0,suspect_num,66.0,num
1976,山形,9.0,num,all_listed,4.0,num,,item_unobserved,1352.0,num,592.0,num,1.0,suspect_num,375.0,num
1976,山梨,0.0,num,all_listed,0.0,num,,item_unobserved,139.0,num,790.0,num,76.0,suspect_num,15.0,num
1976,岐阜,25.0,num,all_listed,0.0,num,,item_unobserved,104.0,num,1327.0,num,67.0,suspect_num,14.0,num
1976,岡山,121.0,num,all_listed,0.0,num,,item_unobserved,11.0,num,2628.0,num,274.0,suspect_num,365.0,num
1976,岩手,8.0,num,all_listed,8.0,num,,item_unobserved,601.0,num,1328.0,num,300.0,suspect_num,53.0,num
1976,島根,4.0,num,all_listed,1.0,num,,item_unobserved,19.0,num,407.0,num,404.0,suspect_num,107.0,num
1976,広島,117.0,num,all_listed,0.0,num,,item_unobserved,14.0,num,1489.0,num,121.0,suspect_num,336.0,num
1976,徳島,5.0,num,all_listed,0.0,num,,item_unobserved,0.0,num,1316.0,num,64.0,suspect_num,18.0,num
1976,愛媛,1.0,num,all_listed,0.0,num,,item_unobserved,11.0,num,649.0,num,1102.0,suspect_num,100.0,num
1976,愛知,2.0,num,all_listed,0.0,num,,item_unobserved,28.0,num,827.0,num,101.0,suspect_num,16.0,num
1976,新潟,2.0,num,all_listed,36.0,num,,item_unobserved,554.0,num,815.0,num,68.0,suspect_num,577.0,num
1976,東京,0.0,num,all_listed,0.0,num,,item_unobserved,6.0,num,754.0,num,6.0,suspect_num,0.0,num
1976,栃木,0.0,num,all_listed,0.0,num,,item_unobserved,803.0,num,3930.0,num,104.0,suspect_num,0.0,num
1976,沖縄,0.0,num,all_listed,0.0,num,,item_unobserved,0.0,num,1.0,num,0.0,zero_dash,0.0,num
1976,滋賀,0.0,num,all_listed,0.0,num,,item_unobserved,16.0,num,316.0,num,7.0,suspect_num,10.0,num
1976,熊本,0.0,num,all_listed,0.0,num,,item_unobserved,11.0,num,595.0,num,695.0,suspect_num,212.0,num
1976,石川,12.0,num,all_listed,1.0,num,,item_unobserved,65.0,num,691.0,num,82.0,suspect_num,224.0,num
1976,神奈川,0.0,num,all_listed,0.0,num,,item_unobserved,45.0,num,571.0,num,0.0,suspect_num,0.0,num
1976,福井,6.0,num,all_listed,1.0,num,,item_unobserved,15.0,num,544.0,num,56.0,suspect_num,257.0,num
1976,福岡,0.0,num,all_listed,0.0,num,,item_unobserved,0.0,num,1195.0,num,227.0,suspect_num,354.0,num
1976,福島,5.0,num,all_listed,22.0,num,,item_unobserved,1765.0,num,3778.0,num,91.0,suspect_num,83.0,num
1976,秋田,1.0,num,all_listed,3.0,num,,item_unobserved,622.0,num,1202.0,num,6.0,suspect_num,395.0,num
1976,群馬,0.0,num,all_listed,0.0,num,,item_unobserved,1404.0,num,8414.0,num,92.0,suspect_num,96.0,num
1976,茨城,0.0,num,all_listed,0.0,num,,item_unobserved,262.0,num,4285.0,num,28.0,suspect_num,27.0,num
1976,長崎,0.0,num,all_listed,0.0,num,,item_unobserved,0.0,num,340.0,num,432.0,suspect_num,110.0,num
1976,長野,56.0,num,all_listed,232.0,num,,item_unobserved,1018.0,num,1074.0,num,113.0,suspect_num,31760.0,num
1976,青森,0.0,num,all_listed,28.0,num,,item_unobserved,726.0,num,960.0,num,1.0,suspect_num,579.0,num
1976,静岡,0.0,num,all_listed,0.0,num,,item_unobserved,60.0,num,1614.0,num,629.0,suspect_num,17.0,num
1976,香川,19.0,num,all_listed,0.0,num,,item_unobserved,6.0,num,615.0,num,27.0,suspect_num,1.0,num
1976,高知,2.0,num,all_listed,0.0,num,,item_unobserved,1.0,num,325.0,num,484.0,suspect_num,83.0,num
1976,鳥取,3.0,num,all_listed,0.0,num,,item_unobserved,47.0,num,353.0,num,101.0,suspect_num,95.0,num
1976,鹿児島,0.0,num,all_listed,0.0,num,,item_unobserved,0.0,num,571.0,num,315.0,suspect_num,171.0,num
1977,三重,13.0,num,all_listed,0.0,num,,item_unobserved,13.0,num,2700.0,num,214.0,num,30.0,num
1977,京都,53.0,num,all_listed,0.0,num,,item_unobserved,8.0,num,862.0,num,33.0,num,1.0,num
1977,佐賀,0.0,num,all_listed,0.0,num,,item_unobserved,1.0,num,573.0,num,11.0,num,148.0,num
1977,兵庫,31.0,num,all_listed,0.0,num,,item_unobserved,203.0,num,2531.0,num,86.0,num,217.0,num
1977,北海道,0.0,num,all_listed,2.0,num,,item_unobserved,471.0,num,836.0,num,16.0,num,999.0,num
1977,千葉,0.0,num,all_listed,0.0,num,,item_unobserved,104.0,num,2086.0,num,10.0,num,26.0,num
1977,和歌山,1.0,num,all_listed,0.0,num,,item_unobserved,13.0,num,318.0,num,121.0,num,0.0,num
1977,埼玉,4.0,num,all_listed,3.0,num,,item_unobserved,21.0,num,2301.0,num,16.0,num,4.0,num
1977,大分,0.0,num,all_listed,0.0,num,,item_unobserved,1.0,num,443.0,num,2631.0,num,646.0,num
1977,大阪,2.0,num,all_listed,0.0,num,,item_unobserved,0.0,num,654.0,num,0.0,num,138.0,num
1977,奈良,2.0,num,all_listed,0.0,num,,item_unobserved,15.0,num,3079.0,num,39.0,num,43.0,num
1977,宮城,0.0,num,all_listed,24.0,num,,item_unobserved,562.0,num,1488.0,num,25.0,num,148.0,num
1977,宮崎,0.0,num,all_listed,0.0,num,,item_unobserved,25.0,num,422.0,num,1772.0,num,284.0,num
1977,富山,0.0,num,all_listed,0.0,num,,item_unobserved,55.0,num,500.0,num,9.0,num,636.0,num
1977,山口,14.0,num,all_listed,0.0,num,,item_unobserved,138.0,num,443.0,num,173.0,num,66.0,num
1977,山形,0.0,num,all_listed,3.0,num,,item_unobserved,1352.0,num,623.0,num,6.0,num,578.0,num
1977,山梨,0.0,num,all_listed,0.0,num,,item_unobserved,93.0,num,1040.0,num,87.0,num,100.0,num
1977,岐阜,11.0,num,all_listed,0.0,num,,item_unobserved,98.0,num,1508.0,num,60.0,num,13.0,num
1977,岡山,120.0,num,all_listed,0.0,num,,item_unobserved,12.0,num,2852.0,num,278.0,num,334.0,num
1977,岩手,5.0,num,all_listed,8.0,num,,item_unobserved,736.0,num,1333.0,num,337.0,num,75.0,num
1977,島根,5.0,num,all_listed,0.0,num,,item_unobserved,22.0,num,400.0,num,421.0,num,138.0,num
1977,広島,106.0,num,all_listed,0.0,num,,item_unobserved,8.0,num,1642.0,num,132.0,num,120.0,num
1977,徳島,4.0,num,all_listed,0.0,num,,item_unobserved,0.0,num,1496.0,num,69.0,num,18.0,num
1977,愛媛,1.0,num,all_listed,0.0,num,,item_unobserved,29.0,num,728.0,num,1121.0,num,136.0,num
1977,愛知,0.0,num,all_listed,0.0,num,,item_unobserved,26.0,num,887.0,num,96.0,num,8.0,num
1977,新潟,0.0,num,all_listed,30.0,num,,item_unobserved,616.0,num,869.0,num,80.0,num,784.0,num
1977,東京,0.0,num,all_listed,0.0,num,,item_unobserved,0.0,num,829.0,num,5.0,num,0.0,num
1977,栃木,0.0,num,all_listed,0.0,num,,item_unobserved,858.0,num,4127.0,num,108.0,num,0.0,num
1977,沖縄,0.0,num,all_listed,0.0,num,,item_unobserved,0.0,num,3.0,num,0.0,num,0.0,num
1977,滋賀,0.0,num,all_listed,0.0,num,,item_unobserved,19.0,num,320.0,num,12.0,num,0.0,num
1977,熊本,0.0,num,all_listed,0.0,num,,item_unobserved,12.0,num,669.0,num,868.0,num,396.0,num
1977,石川,3.0,num,all_listed,2.0,num,,item_unobserved,60.0,num,729.0,num,90.0,num,415.0,num
1977,神奈川,0.0,num,all_listed,0.0,num,,item_unobserved,50.0,num,617.0,num,0.0,num,0.0,num
1977,福井,4.0,num,all_listed,1.0,num,,item_unobserved,21.0,num,464.0,num,51.0,num,305.0,num
1977,福岡,0.0,num,all_listed,0.0,num,,item_unobserved,0.0,num,1096.0,num,170.0,num,520.0,num
1977,福島,6.0,num,all_listed,17.0,num,,item_unobserved,1692.0,num,4205.0,num,123.0,num,101.0,num
1977,秋田,1.0,num,all_listed,3.0,num,,item_unobserved,688.0,num,1339.0,num,9.0,num,438.0,num
1977,群馬,0.0,num,all_listed,0.0,num,,item_unobserved,1496.0,num,9495.0,num,123.0,num,149.0,num
1977,茨城,0.0,num,all_listed,0.0,num,,item_unobserved,297.0,num,4447.0,num,33.0,num,7.0,num
1977,長崎,0.0,num,all_listed,0.0,num,,item_unobserved,0.0,num,340.0,num,412.0,num,249.0,num
1977,長野,29.0,num,all_listed,252.0,num,,item_unobserved,1001.0,num,1131.0,num,136.0,num,32546.0,num
1977,青森,0.0,num,all_listed,10.0,num,,item_unobserved,920.0,num,1383.0,num,2.0,num,640.0,num
1977,静岡,0.0,num,all_listed,0.0,num,,item_unobserved,65.0,num,1629.0,num,585.0,num,16.0,num
1977,香川,10.0,num,all_listed,0.0,num,,item_unobserved,7.0,num,601.0,num,26.0,num,1.0,num
1977,高知,2.0,num,all_listed,0.0,num,,item_unobserved,3.0,num,354.0,num,471.0,num,47.0,num
1977,鳥取,2.0,num,all_listed,0.0,num,,item_unobserved,53.0,num,382.0,num,100.0,num,94.0,num
1977,鹿児島,0.0,num,all_listed,0.0,num,,item_unobserved,0.0,num,614.0,num,323.0,num,230.0,num
1978,三重,11.0,num,all_listed,0.0,num,,item_unobserved,16.0,num,2721.0,num,226.0,num,43.0,num
1978,京都,149.0,num,all_listed,0.0,num,,item_unobserved,4.0,num,898.0,num,46.0,num,9.0,num
1978,佐賀,0.0,num,all_listed,0.0,num,,item_unobserved,1.0,num,602.0,num,12.0,num,148.0,num
1978,兵庫,37.0,num,all_listed,0.0,num,,item_unobserved,257.0,num,2631.0,num,97.0,num,247.0,num
1978,北海道,0.0,num,all_listed,1.0,num,,item_unobserved,533.0,num,955.0,num,11.0,num,1151.0,num
1978,千葉,0.0,num,all_listed,0.0,num,,item_unobserved,97.0,num,2155.0,num,12.0,num,26.0,num
1978,和歌山,3.0,num,all_listed,0.0,num,,item_unobserved,12.0,num,386.0,num,124.0,num,0.0,num
1978,埼玉,0.0,num,all_listed,3.0,num,,item_unobserved,10.0,num,2484.0,num,15.0,num,2.0,num
1978,大分,0.0,num,all_listed,0.0,num,,item_unobserved,0.0,num,666.0,num,2995.0,num,940.0,num
1978,大阪,2.0,num,all_listed,0.0,num,,item_unobserved,0.0,num,654.0,num,0.0,num,210.0,num
1978,奈良,1.0,num,all_listed,0.0,num,,item_unobserved,29.0,num,3151.0,num,35.0,num,70.0,num
1978,宮城,0.0,num,all_listed,22.0,num,,item_unobserved,639.0,num,1538.0,num,31.0,num,161.0,num
1978,宮崎,0.0,num,all_listed,0.0,num,,item_unobserved,40.0,num,467.0,num,1857.0,num,491.0,num
1978,富山,0.0,num,all_listed,0.0,num,,item_unobserved,110.0,num,427.0,num,7.0,num,769.0,num
1978,山口,22.0,num,all_listed,0.0,num,,item_unobserved,88.0,num,487.0,num,175.0,num,62.0,num
1978,山形,6.0,num,all_listed,12.0,num,,item_unobserved,1708.0,num,699.0,num,7.0,num,986.0,num
1978,山梨,0.0,num,all_listed,0.0,num,,item_unobserved,113.0,num,1302.0,num,108.0,num,139.0,num
1978,岐阜,28.0,num,all_listed,0.0,num,,item_unobserved,81.0,num,1751.0,num,63.0,num,17.0,num
1978,岡山,104.0,num,all_listed,0.0,num,,item_unobserved,14.0,num,2871.0,num,339.0,num,503.0,num
1978,岩手,3.0,num,all_listed,9.0,num,,item_unobserved,770.0,num,1431.0,num,401.0,num,151.0,num
1978,島根,35.0,num,all_listed,0.0,num,,item_unobserved,19.0,num,371.0,num,446.0,num,136.0,num
1978,広島,137.0,num,all_listed,0.0,num,,item_unobserved,8.0,num,1673.0,num,147.0,num,166.0,num
1978,徳島,2.0,num,all_listed,0.0,num,,item_unobserved,5.0,num,1615.0,num,73.0,num,41.0,num
1978,愛媛,2.0,num,all_listed,0.0,num,,item_unobserved,5.0,num,883.0,num,1357.0,num,348.0,num
1978,愛知,0.0,num,all_listed,0.0,num,,item_unobserved,29.0,num,925.0,num,120.0,num,8.0,num
1978,新潟,3.0,num,all_listed,26.0,num,,item_unobserved,608.0,num,878.0,num,82.0,num,1077.0,num
1978,東京,0.0,num,all_listed,0.0,num,,item_unobserved,0.0,num,822.0,num,5.0,num,0.0,num
1978,栃木,0.0,num,all_listed,0.0,num,,item_unobserved,942.0,num,4396.0,num,159.0,num,0.0,num
1978,沖縄,0.0,num,all_listed,0.0,num,,item_unobserved,0.0,num,18.0,num,0.0,num,0.0,num
1978,滋賀,3.0,num,all_listed,0.0,num,,item_unobserved,18.0,num,405.0,num,22.0,num,0.0,num
1978,熊本,0.0,num,all_listed,0.0,num,,item_unobserved,8.0,num,755.0,num,806.0,num,498.0,num
1978,石川,12.0,num,all_listed,2.0,num,,item_unobserved,52.0,num,754.0,num,109.0,num,440.0,num
1978,神奈川,0.0,num,all_listed,0.0,num,,item_unobserved,27.0,num,621.0,num,2.0,num,0.0,num
1978,福井,3.0,num,all_listed,1.0,num,,item_unobserved,51.0,num,456.0,num,54.0,num,325.0,num
1978,福岡,0.0,num,all_listed,0.0,num,,item_unobserved,1.0,num,1078.0,num,168.0,num,807.0,num
1978,福島,4.0,num,all_listed,24.0,num,,item_unobserved,2160.0,num,4393.0,num,149.0,num,128.0,num
1978,秋田,1.0,num,all_listed,3.0,num,,item_unobserved,877.0,num,1499.0,num,13.0,num,452.0,num
1978,群馬,0.0,num,all_listed,2.0,num,,item_unobserved,1709.0,num,10158.0,num,165.0,num,232.0,num
1978,茨城,0.0,num,all_listed,0.0,num,,item_unobserved,296.0,num,4716.0,num,48.0,num,7.0,num
1978,長崎,0.0,num,all_listed,0.0,num,,item_unobserved,0.0,num,429.0,num,405.0,num,240.0,num
1978,長野,44.0,num,all_listed,32.0,num,,item_unobserved,1278.0,num,1254.0,num,153.0,num,36711.0,num
1978,青森,0.0,num,all_listed,28.0,num,,item_unobserved,1053.0,num,1517.0,num,2.0,num,708.0,num
1978,静岡,0.0,num,all_listed,0.0,num,,item_unobserved,49.0,num,1863.0,num,643.0,num,18.0,num
1978,香川,6.0,num,all_listed,0.0,num,,item_unobserved,2.0,num,627.0,num,28.0,num,0.0,num
1978,高知,2.0,num,all_listed,0.0,num,,item_unobserved,3.0,num,457.0,num,480.0,num,52.0,num
1978,鳥取,3.0,num,all_listed,0.0,num,,item_unobserved,55.0,num,383.0,num,130.0,num,95.0,num
1978,鹿児島,0.0,num,all_listed,0.0,num,,item_unobserved,0.0,num,690.0,num,342.0,num,198.0,num
1979,三重,12.0,num,all_listed,0.0,num,,item_unobserved,30.0,num,4315.0,num,344.0,num,7.0,num
1979,京都,162.0,num,all_listed,0.0,num,,item_unobserved,9.0,num,1439.0,num,56.0,num,55.0,num
1979,佐賀,0.0,num,all_listed,0.0,num,,item_unobserved,33.0,num,915.0,num,21.0,num,179.0,num
1979,兵庫,50.0,num,all_listed,0.0,num,,item_unobserved,277.0,num,4448.0,num,146.0,num,144.0,num
1979,北海道,0.0,num,all_listed,0.0,num,,item_unobserved,789.0,num,1956.0,num,9.0,num,1266.0,num
1979,千葉,0.0,num,all_listed,0.0,num,,item_unobserved,142.0,num,3533.0,num,21.0,num,24.0,num
1979,和歌山,3.0,num,all_listed,0.0,num,,item_unobserved,22.0,num,576.0,num,200.0,num,0.0,zero_dash
1979,埼玉,0.0,num,all_listed,3.0,num,,item_unobserved,10.0,num,3541.0,num,19.0,num,0.0,zero_dash
1979,大分,0.0,num,all_listed,0.0,num,,item_unobserved,17.0,num,1223.0,num,3300.0,num,925.0,num
1979,大阪,3.0,num,all_listed,0.0,num,,item_unobserved,0.0,num,1367.0,num,2.0,num,149.0,num
1979,奈良,3.0,num,all_listed,0.0,num,,item_unobserved,23.0,num,5039.0,num,55.0,num,106.0,num
1979,宮城,1.0,num,all_listed,33.0,num,,item_unobserved,820.0,num,2673.0,num,31.0,num,189.0,num
1979,宮崎,0.0,num,all_listed,0.0,num,,item_unobserved,36.0,num,749.0,num,2533.0,num,486.0,num
1979,富山,0.0,num,all_listed,0.0,num,,item_unobserved,183.0,num,607.0,num,6.0,num,850.0,num
1979,山口,20.0,num,all_listed,0.0,num,,item_unobserved,50.0,num,770.0,num,289.0,num,174.0,num
1979,山形,6.0,num,all_listed,5.0,num,,item_unobserved,1885.0,num,1214.0,num,8.0,num,1170.0,num
1979,山梨,0.0,num,all_listed,0.0,num,,item_unobserved,119.0,num,2444.0,num,150.0,num,216.0,num
1979,岐阜,25.0,num,all_listed,0.0,num,,item_unobserved,107.0,num,3342.0,num,83.0,num,41.0,num
1979,岡山,112.0,num,all_listed,0.0,num,,item_unobserved,17.0,num,4748.0,num,529.0,num,503.0,num
1979,岩手,4.0,num,all_listed,13.0,num,,item_unobserved,1010.0,num,2245.0,num,515.0,num,158.0,num
1979,島根,20.0,num,all_listed,0.0,num,,item_unobserved,22.0,num,633.0,num,468.0,num,137.0,num
1979,広島,116.0,num,all_listed,0.0,num,,item_unobserved,15.0,num,2571.0,num,195.0,num,166.0,num
1979,徳島,7.0,num,all_listed,0.0,num,,item_unobserved,17.0,num,2252.0,num,110.0,num,56.0,num
1979,愛媛,2.0,num,all_listed,0.0,num,,item_unobserved,125.0,num,1730.0,num,1646.0,num,726.0,num
1979,愛知,1.0,num,all_listed,0.0,num,,item_unobserved,27.0,num,1356.0,num,138.0,num,8.0,num
1979,新潟,3.0,num,all_listed,8.0,num,,item_unobserved,669.0,num,1584.0,num,120.0,num,1447.0,num
1979,東京,0.0,num,all_listed,0.0,num,,item_unobserved,0.0,num,1328.0,num,4.0,num,0.0,zero_dash
1979,栃木,0.0,num,all_listed,0.0,num,,item_unobserved,908.0,num,7340.0,num,232.0,num,0.0,zero_dash
1979,沖縄,0.0,num,all_listed,0.0,num,,item_unobserved,0.0,num,74.0,num,0.0,num,0.0,zero_dash
1979,滋賀,5.0,num,all_listed,0.0,num,,item_unobserved,16.0,num,574.0,num,15.0,num,0.0,zero_dash
1979,熊本,0.0,num,all_listed,0.0,num,,item_unobserved,26.0,num,1104.0,num,1061.0,num,570.0,num
1979,石川,21.0,num,all_listed,2.0,num,,item_unobserved,102.0,num,1241.0,num,111.0,num,520.0,num
1979,神奈川,0.0,num,all_listed,0.0,num,,item_unobserved,56.0,num,1167.0,num,3.0,num,0.0,zero_dash
1979,福井,4.0,num,all_listed,0.0,num,,item_unobserved,71.0,num,603.0,num,62.0,num,332.0,num
1979,福岡,0.0,num,all_listed,0.0,num,,item_unobserved,1.0,num,2031.0,num,256.0,num,1263.0,num
1979,福島,5.0,num,all_listed,21.0,num,,item_unobserved,2087.0,num,6839.0,num,208.0,num,147.0,num
1979,秋田,1.0,num,all_listed,3.0,num,,item_unobserved,1011.0,num,2407.0,num,21.0,num,375.0,num
1979,群馬,0.0,num,all_listed,1.0,num,,item_unobserved,1813.0,num,16645.0,num,164.0,num,511.0,num
1979,茨城,0.0,num,all_listed,0.0,num,,item_unobserved,600.0,num,7252.0,num,83.0,num,7.0,num
1979,長崎,0.0,num,all_listed,0.0,num,,item_unobserved,0.0,num,864.0,num,475.0,num,208.0,num
1979,長野,56.0,num,all_listed,80.0,num,,item_unobserved,1906.0,num,2113.0,num,195.0,num,37927.0,num
1979,青森,0.0,num,all_listed,9.0,num,,item_unobserved,1342.0,num,3030.0,num,14.0,num,380.0,num
1979,静岡,0.0,num,all_listed,0.0,num,,item_unobserved,56.0,num,3605.0,num,796.0,num,19.0,num
1979,香川,14.0,num,all_listed,0.0,num,,item_unobserved,2.0,num,877.0,num,43.0,num,0.0,zero_dash
1979,高知,1.0,num,all_listed,0.0,num,,item_unobserved,1.0,num,656.0,num,585.0,num,88.0,num
1979,鳥取,3.0,num,all_listed,0.0,num,,item_unobserved,62.0,num,744.0,num,162.0,num,146.0,num
1979,鹿児島,0.0,num,all_listed,0.0,num,,item_unobserved,0.0,num,1140.0,num,491.0,num,184.0,num
1980,三重,11.0,num,positive_only,0.0,num,,item_unobserved,99.0,num,2758.0,num,257.0,num,74.0,num
1980,京都,95.0,num,positive_only,0.0,num,,item_unobserved,7.0,num,982.0,num,50.0,num,91.0,num
1980,佐賀,0.0,zero_dash,positive_only,0.0,num,,item_unobserved,66.0,num,613.0,num,17.0,num,192.0,num
1980,兵庫,31.0,num,positive_only,0.0,num,,item_unobserved,224.0,num,3041.0,num,122.0,num,155.0,num
1980,北海道,0.0,zero_dash,positive_only,1.0,num,,item_unobserved,521.0,num,1190.0,num,11.0,num,1296.0,num
1980,千葉,0.0,zero_dash,positive_only,0.0,num,,item_unobserved,94.0,num,2320.0,num,23.0,num,110.0,num
1980,和歌山,12.0,num,positive_only,0.0,num,,item_unobserved,18.0,num,729.0,num,138.0,num,0.0,zero_dash
1980,埼玉,0.0,zero_dash,positive_only,0.0,num,,item_unobserved,19.0,num,2372.0,num,61.0,num,0.0,zero_dash
1980,大分,0.0,zero_dash,positive_only,0.0,num,,item_unobserved,10.0,num,1162.0,num,2915.0,num,833.0,num
1980,大阪,0.0,zero_dash,positive_only,0.0,num,,item_unobserved,0.0,zero_dash,786.0,num,1.0,num,145.0,num
1980,奈良,3.0,num,positive_only,0.0,num,,item_unobserved,22.0,num,3468.0,num,50.0,num,108.0,num
1980,宮城,0.0,num,positive_only,2.0,num,,item_unobserved,750.0,num,1726.0,num,40.0,num,197.0,num
1980,宮崎,0.0,zero_dash,positive_only,0.0,num,,item_unobserved,22.0,num,531.0,num,1983.0,num,630.0,num
1980,富山,0.0,zero_dash,positive_only,0.0,num,,item_unobserved,144.0,num,516.0,num,7.0,num,840.0,num
1980,山口,16.0,num,positive_only,0.0,num,,item_unobserved,39.0,num,522.0,num,219.0,num,138.0,num
1980,山形,2.0,num,positive_only,2.0,num,,item_unobserved,2230.0,num,1000.0,num,8.0,num,1166.0,num
1980,山梨,0.0,zero_dash,positive_only,0.0,num,,item_unobserved,92.0,num,1635.0,num,107.0,num,243.0,num
1980,岐阜,28.0,num,positive_only,0.0,num,,item_unobserved,111.0,num,2309.0,num,65.0,num,38.0,num
1980,岡山,82.0,num,positive_only,0.0,num,,item_unobserved,13.0,num,3126.0,num,387.0,num,519.0,num
1980,岩手,6.0,num,positive_only,7.0,num,,item_unobserved,812.0,num,1674.0,num,513.0,num,204.0,num
1980,島根,4.0,num,positive_only,0.0,num,,item_unobserved,20.0,num,395.0,num,536.0,num,94.0,num
1980,広島,92.0,num,positive_only,0.0,num,,item_unobserved,6.0,num,1881.0,num,152.0,num,296.0,num
1980,徳島,4.0,num,positive_only,0.0,num,,item_unobserved,23.0,num,1856.0,num,76.0,num,55.0,num
1980,愛媛,3.0,num,positive_only,0.0,num,,item_unobserved,101.0,num,1176.0,num,1283.0,num,172.0,num
1980,愛知,0.0,num,positive_only,0.0,num,,item_unobserved,25.0,num,933.0,num,104.0,num,5.0,num
1980,新潟,3.0,num,positive_only,14.0,num,,item_unobserved,746.0,num,1071.0,num,120.0,num,1486.0,num
1980,東京,0.0,zero_dash,positive_only,0.0,num,,item_unobserved,0.0,zero_dash,832.0,num,3.0,num,0.0,zero_dash
1980,栃木,0.0,zero_dash,positive_only,0.0,num,,item_unobserved,908.0,num,4434.0,num,200.0,num,0.0,zero_dash
1980,沖縄,0.0,zero_dash,positive_only,0.0,num,,item_unobserved,0.0,zero_dash,43.0,num,0.0,zero_dash,0.0,zero_dash
1980,滋賀,5.0,num,positive_only,0.0,num,,item_unobserved,15.0,num,361.0,num,18.0,num,0.0,zero_dash
1980,熊本,0.0,zero_dash,positive_only,0.0,num,,item_unobserved,12.0,num,865.0,num,861.0,num,868.0,num
1980,石川,9.0,num,positive_only,2.0,num,,item_unobserved,134.0,num,921.0,num,118.0,num,500.0,num
1980,神奈川,0.0,zero_dash,positive_only,0.0,num,,item_unobserved,35.0,num,755.0,num,2.0,num,0.0,zero_dash
1980,福井,4.0,num,positive_only,0.0,num,,item_unobserved,103.0,num,410.0,num,65.0,num,334.0,num
1980,福岡,0.0,zero_dash,positive_only,0.0,num,,item_unobserved,0.0,num,1064.0,num,158.0,num,1165.0,num
1980,福島,2.0,num,positive_only,15.0,num,,item_unobserved,1900.0,num,4438.0,num,190.0,num,159.0,num
1980,秋田,1.0,num,positive_only,3.0,num,,item_unobserved,1139.0,num,1653.0,num,20.0,num,361.0,num
1980,群馬,0.0,zero_dash,positive_only,1.0,num,,item_unobserved,2213.0,num,11277.0,num,236.0,num,528.0,num
1980,茨城,0.0,zero_dash,positive_only,0.0,num,,item_unobserved,595.0,num,4888.0,num,73.0,num,0.0,zero_dash
1980,長崎,0.0,zero_dash,positive_only,0.0,num,,item_unobserved,0.0,zero_dash,523.0,num,452.0,num,286.0,num
1980,長野,29.0,num,positive_only,78.0,num,,item_unobserved,2063.0,num,1349.0,num,169.0,num,38557.0,num
1980,青森,0.0,zero_dash,positive_only,5.0,num,,item_unobserved,1307.0,num,1657.0,num,10.0,num,389.0,num
1980,静岡,0.0,zero_dash,positive_only,0.0,num,,item_unobserved,54.0,num,1968.0,num,777.0,num,14.0,num
1980,香川,12.0,num,positive_only,0.0,num,,item_unobserved,1.0,num,662.0,num,26.0,num,0.0,zero_dash
1980,高知,1.0,num,positive_only,0.0,num,,item_unobserved,34.0,num,455.0,num,492.0,num,93.0,num
1980,鳥取,3.0,num,positive_only,0.0,num,,item_unobserved,52.0,num,460.0,num,140.0,num,150.0,num
1980,鹿児島,0.0,zero_dash,positive_only,0.0,num,,item_unobserved,0.0,zero_dash,1070.0,num,327.0,num,175.0,num
1981,三重,5.0,num,positive_only,0.0,zero_dash,,item_unobserved,103.0,num,2811.0,num,271.0,num,99.0,num
1981,京都,27.0,num,positive_only,0.0,zero_dash,,item_unobserved,7.0,num,1027.0,num,56.0,num,48.0,num
1981,佐賀,0.0,zero_dash,positive_only,0.0,zero_dash,,item_unobserved,53.0,num,601.0,num,19.0,num,223.0,num
1981,兵庫,16.0,num,positive_only,0.0,zero_dash,,item_unobserved,250.0,num,3055.0,num,121.0,num,150.0,num
1981,北海道,0.0,zero_dash,positive_only,2.0,num,,item_unobserved,500.0,num,1074.0,num,11.0,num,1331.0,num
1981,千葉,0.0,zero_dash,positive_only,0.0,zero_dash,,item_unobserved,164.0,num,2281.0,num,34.0,num,0.0,zero_dash
1981,和歌山,11.0,num,positive_only,0.0,zero_dash,,item_unobserved,13.0,num,407.0,num,153.0,num,24.0,num
1981,埼玉,0.0,zero_dash,positive_only,0.0,zero_dash,,item_unobserved,16.0,num,2118.0,num,62.0,num,0.0,zero_dash
1981,大分,0.0,zero_dash,positive_only,0.0,zero_dash,,item_unobserved,15.0,num,1325.0,num,3289.0,num,1370.0,num
1981,大阪,0.0,zero_dash,positive_only,0.0,zero_dash,,item_unobserved,0.0,zero_dash,847.0,num,3.0,num,147.0,num
1981,奈良,2.0,num,positive_only,0.0,zero_dash,,item_unobserved,15.0,num,3513.0,num,58.0,num,51.0,num
1981,宮城,1.0,num,positive_only,2.0,num,,item_unobserved,690.0,num,1702.0,num,46.0,num,208.0,num
1981,宮崎,0.0,zero_dash,positive_only,0.0,zero_dash,,item_unobserved,10.0,num,743.0,num,1849.0,num,477.0,num
1981,富山,0.0,num,positive_only,0.0,zero_dash,,item_unobserved,189.0,num,442.0,num,12.0,num,708.0,num
1981,山口,12.0,num,positive_only,0.0,zero_dash,,item_unobserved,31.0,num,527.0,num,266.0,num,137.0,num
1981,山形,4.0,num,positive_only,9.0,num,,item_unobserved,2355.0,num,1008.0,num,9.0,num,1142.0,num
1981,山梨,0.0,zero_dash,positive_only,0.0,zero_dash,,item_unobserved,80.0,num,1639.0,num,125.0,num,245.0,num
1981,岐阜,19.0,num,positive_only,0.0,zero_dash,,item_unobserved,84.0,num,2014.0,num,57.0,num,11.0,num
1981,岡山,10.0,num,positive_only,0.0,zero_dash,,item_unobserved,12.0,num,2949.0,num,461.0,num,553.0,num
1981,岩手,10.0,num,positive_only,7.0,num,,item_unobserved,835.0,num,1703.0,num,568.0,num,243.0,num
1981,島根,2.0,num,positive_only,0.0,zero_dash,,item_unobserved,20.0,num,428.0,num,683.0,num,130.0,num
1981,広島,25.0,num,positive_only,0.0,zero_dash,,item_unobserved,2.0,num,1898.0,num,187.0,num,287.0,num
1981,徳島,2.0,num,positive_only,0.0,zero_dash,,item_unobserved,26.0,num,1797.0,num,77.0,num,58.0,num
1981,愛媛,2.0,num,positive_only,0.0,zero_dash,,item_unobserved,17.0,num,1559.0,num,1378.0,num,200.0,num
1981,愛知,1.0,num,positive_only,0.0,zero_dash,,item_unobserved,35.0,num,975.0,num,114.0,num,0.0,zero_dash
1981,新潟,1.0,num,positive_only,9.0,num,,item_unobserved,706.0,num,1090.0,num,134.0,num,1263.0,num
1981,東京,0.0,zero_dash,positive_only,0.0,zero_dash,,item_unobserved,3.0,num,802.0,num,2.0,num,0.0,zero_dash
1981,栃木,0.0,zero_dash,positive_only,0.0,zero_dash,,item_unobserved,941.0,num,4386.0,num,220.0,num,0.0,zero_dash
1981,沖縄,0.0,zero_dash,positive_only,0.0,zero_dash,,item_unobserved,0.0,zero_dash,45.0,num,0.0,zero_dash,0.0,zero_dash
1981,滋賀,5.0,num,positive_only,0.0,zero_dash,,item_unobserved,4.0,num,436.0,num,31.0,num,0.0,zero_dash
1981,熊本,0.0,zero_dash,positive_only,0.0,zero_dash,,item_unobserved,12.0,num,963.0,num,916.0,num,648.0,num
1981,石川,10.0,num,positive_only,2.0,num,,item_unobserved,140.0,num,885.0,num,146.0,num,549.0,num
1981,神奈川,0.0,zero_dash,positive_only,0.0,zero_dash,,item_unobserved,37.0,num,709.0,num,11.0,num,0.0,zero_dash
1981,福井,2.0,num,positive_only,0.0,zero_dash,,item_unobserved,72.0,num,370.0,num,55.0,num,368.0,num
1981,福岡,0.0,zero_dash,positive_only,0.0,zero_dash,,item_unobserved,28.0,num,1023.0,num,180.0,num,1374.0,num
1981,福島,4.0,num,positive_only,21.0,num,,item_unobserved,1695.0,num,3956.0,num,256.0,num,133.0,num
1981,秋田,2.0,num,positive_only,1.0,num,,item_unobserved,1123.0,num,1580.0,num,32.0,num,348.0,num
1981,群馬,0.0,zero_dash,positive_only,1.0,num,,item_unobserved,1989.0,num,10077.0,num,260.0,num,529.0,num
1981,茨城,0.0,zero_dash,positive_only,0.0,zero_dash,,item_unobserved,614.0,num,4901.0,num,85.0,num,0.0,zero_dash
1981,長崎,0.0,zero_dash,positive_only,0.0,zero_dash,,item_unobserved,0.0,zero_dash,455.0,num,478.0,num,299.0,num
1981,長野,30.0,num,positive_only,54.0,num,,item_unobserved,2264.0,num,1276.0,num,145.0,num,38991.0,num
1981,青森,0.0,zero_dash,positive_only,3.0,num,,item_unobserved,1069.0,num,1723.0,num,6.0,num,465.0,num
1981,静岡,0.0,zero_dash,positive_only,0.0,zero_dash,,item_unobserved,69.0,num,2515.0,num,827.0,num,18.0,num
1981,香川,5.0,num,positive_only,0.0,zero_dash,,item_unobserved,1.0,num,702.0,num,26.0,num,0.0,zero_dash
1981,高知,1.0,num,positive_only,0.0,zero_dash,,item_unobserved,32.0,num,475.0,num,502.0,num,105.0,num
1981,鳥取,1.0,num,positive_only,0.0,zero_dash,,item_unobserved,29.0,num,422.0,num,185.0,num,196.0,num
1981,鹿児島,0.0,zero_dash,positive_only,0.0,zero_dash,,item_unobserved,0.0,zero_dash,1131.0,num,330.0,num,158.0,num
1982,三重,9.0,num,positive_only,0.0,zero_dash,,item_unobserved,218.0,num,2651.0,num,253.0,num,156.0,num
1982,京都,47.0,num,positive_only,0.0,zero_dash,,item_unobserved,5.0,num,906.0,num,56.0,num,32.0,num
1982,佐賀,0.0,zero_dash,positive_only,0.0,zero_dash,,item_unobserved,50.0,num,424.0,num,13.0,num,218.0,num
1982,兵庫,23.0,num,positive_only,0.0,zero_dash,,item_unobserved,254.0,num,2838.0,num,116.0,num,268.0,num
1982,北海道,0.0,zero_dash,positive_only,1.0,num,,item_unobserved,560.0,num,1085.0,num,8.0,num,1469.0,num
1982,千葉,0.0,zero_dash,positive_only,0.0,zero_dash,,item_unobserved,64.0,num,2244.0,num,22.0,num,0.0,zero_dash
1982,和歌山,6.0,num,positive_only,0.0,zero_dash,,item_unobserved,12.0,num,373.0,num,122.0,num,60.0,num
1982,埼玉,0.0,zero_dash,positive_only,0.0,num,,item_unobserved,11.0,num,1922.0,num,60.0,num,0.0,zero_dash
1982,大分,0.0,zero_dash,positive_only,0.0,zero_dash,,item_unobserved,16.0,num,1312.0,num,2610.0,num,1536.0,num
1982,大阪,2.0,num,positive_only,0.0,zero_dash,,item_unobserved,0.0,zero_dash,691.0,num,1.0,num,84.0,num
1982,奈良,3.0,num,positive_only,0.0,zero_dash,,item_unobserved,14.0,num,3120.0,num,37.0,num,34.0,num
1982,宮城,1.0,num,positive_only,3.0,num,,item_unobserved,620.0,num,1576.0,num,40.0,num,215.0,num
1982,宮崎,0.0,zero_dash,positive_only,0.0,zero_dash,,item_unobserved,29.0,num,723.0,num,1696.0,num,478.0,num
1982,富山,0.0,zero_dash,positive_only,0.0,zero_dash,,item_unobserved,219.0,num,382.0,num,7.0,num,760.0,num
1982,山口,11.0,num,positive_only,0.0,zero_dash,,item_unobserved,21.0,num,503.0,num,191.0,num,80.0,num
1982,山形,4.0,num,positive_only,10.0,num,,item_unobserved,2250.0,num,903.0,num,9.0,num,1051.0,num
1982,山梨,0.0,zero_dash,positive_only,0.0,zero_dash,,item_unobserved,75.0,num,1536.0,num,92.0,num,192.0,num
1982,岐阜,21.0,num,positive_only,0.0,num,,item_unobserved,65.0,num,1924.0,num,51.0,num,14.0,num
1982,岡山,132.0,num,positive_only,0.0,zero_dash,,item_unobserved,15.0,num,2689.0,num,438.0,num,574.0,num
1982,岩手,11.0,num,positive_only,9.0,num,,item_unobserved,943.0,num,1718.0,num,617.0,num,223.0,num
1982,島根,5.0,num,positive_only,0.0,zero_dash,,item_unobserved,16.0,num,339.0,num,556.0,num,131.0,num
1982,広島,143.0,num,positive_only,0.0,zero_dash,,item_unobserved,4.0,num,1662.0,num,149.0,num,396.0,num
1982,徳島,2.0,num,positive_only,0.0,zero_dash,,item_unobserved,35.0,num,2051.0,num,75.0,num,57.0,num
1982,愛媛,1.0,num,positive_only,0.0,zero_dash,,item_unobserved,13.0,num,1500.0,num,1196.0,num,200.0,num
1982,愛知,1.0,num,positive_only,0.0,zero_dash,,item_unobserved,29.0,num,1100.0,num,107.0,num,0.0,zero_dash
1982,新潟,1.0,num,positive_only,14.0,num,,item_unobserved,694.0,num,1110.0,num,134.0,num,1314.0,num
1982,東京,0.0,zero_dash,positive_only,0.0,zero_dash,,item_unobserved,2.0,num,753.0,num,1.0,num,0.0,zero_dash
1982,栃木,0.0,zero_dash,positive_only,0.0,zero_dash,,item_unobserved,860.0,num,4380.0,num,203.0,num,0.0,zero_dash
1982,沖縄,0.0,zero_dash,positive_only,0.0,zero_dash,,item_unobserved,0.0,zero_dash,44.0,num,0.0,zero_dash,0.0,zero_dash
1982,滋賀,5.0,num,positive_only,0.0,zero_dash,,item_unobserved,16.0,num,529.0,num,22.0,num,0.0,zero_dash
1982,熊本,0.0,zero_dash,positive_only,0.0,zero_dash,,item_unobserved,9.0,num,825.0,num,748.0,num,664.0,num
1982,石川,7.0,num,positive_only,2.0,num,,item_unobserved,157.0,num,883.0,num,123.0,num,550.0,num
1982,神奈川,0.0,zero_dash,positive_only,0.0,zero_dash,,item_unobserved,24.0,num,646.0,num,12.0,num,0.0,zero_dash
1982,福井,1.0,num,positive_only,1.0,num,,item_unobserved,62.0,num,380.0,num,52.0,num,358.0,num
1982,福岡,0.0,zero_dash,positive_only,0.0,zero_dash,,item_unobserved,45.0,num,800.0,num,128.0,num,1476.0,num
1982,福島,4.0,num,positive_only,25.0,num,,item_unobserved,1739.0,num,4327.0,num,207.0,num,135.0,num
1982,秋田,1.0,num,positive_only,1.0,num,,item_unobserved,1012.0,num,1532.0,num,39.0,num,380.0,num
1982,群馬,0.0,zero_dash,positive_only,0.0,zero_dash,,item_unobserved,1992.0,num,9761.0,num,171.0,num,560.0,num
1982,茨城,0.0,zero_dash,positive_only,0.0,zero_dash,,item_unobserved,490.0,num,4761.0,num,79.0,num,0.0,zero_dash
1982,長崎,0.0,zero_dash,positive_only,0.0,zero_dash,,item_unobserved,0.0,zero_dash,402.0,num,406.0,num,377.0,num
1982,長野,31.0,num,positive_only,14.0,num,,item_unobserved,2618.0,num,1349.0,num,125.0,num,35502.0,num
1982,青森,0.0,zero_dash,positive_only,4.0,num,,item_unobserved,1009.0,num,1671.0,num,7.0,num,579.0,num
1982,静岡,0.0,zero_dash,positive_only,0.0,zero_dash,,item_unobserved,150.0,num,2603.0,num,717.0,num,13.0,num
1982,香川,10.0,num,positive_only,0.0,zero_dash,,item_unobserved,1.0,num,800.0,num,25.0,num,0.0,zero_dash
1982,高知,1.0,num,positive_only,0.0,zero_dash,,item_unobserved,33.0,num,473.0,num,361.0,num,91.0,num
1982,鳥取,3.0,num,positive_only,0.0,zero_dash,,item_unobserved,50.0,num,438.0,num,157.0,num,250.0,num
1982,鹿児島,0.0,zero_dash,positive_only,0.0,zero_dash,,item_unobserved,0.0,zero_dash,1140.0,num,322.0,num,511.0,num
1983,三重,11.0,repaired_x10,positive_only,0.0,zero_dash,,item_unobserved,204.0,repaired_x10,2520.0,repaired_x10,225.0,repaired_x10,221.0,repaired_x10
1983,京都,121.0,repaired_x10,positive_only,0.0,zero_dash,,item_unobserved,6.0,repaired_x10,902.0,repaired_x10,55.0,repaired_x10,19.0,repaired_x10
1983,佐賀,0.0,zero_dash,positive_only,0.0,zero_dash,,item_unobserved,38.0,repaired_x10,391.0,repaired_x10,11.0,repaired_x10,246.0,repaired_x10
1983,兵庫,36.0,repaired_x10,positive_only,0.0,zero_dash,,item_unobserved,163.0,repaired_x10,2918.0,repaired_x10,107.0,repaired_x10,314.0,repaired_x10
1983,北海道,0.0,zero_dash,positive_only,1.0,num,,item_unobserved,797.0,num,1123.0,num,9.0,num,1423.0,num
1983,千葉,0.0,zero_dash,positive_only,0.0,zero_dash,,item_unobserved,76.0,num,2306.0,num,42.0,num,0.0,zero_dash
1983,和歌山,5.0,repaired_x10,positive_only,0.0,zero_dash,,item_unobserved,43.0,repaired_x10,401.0,repaired_x10,129.0,repaired_x10,7.0,num
1983,埼玉,0.0,zero_dash,positive_only,0.0,zero_dash,,item_unobserved,32.0,num,1854.0,num,85.0,num,0.0,zero_dash
1983,大分,0.0,zero_dash,positive_only,0.0,zero_dash,,item_unobserved,18.0,repaired_x10,1022.0,repaired_x10,2432.0,repaired_x10,1911.0,repaired_x10
1983,大阪,1.0,repaired_x10,positive_only,0.0,zero_dash,,item_unobserved,0.0,zero_dash,689.0,repaired_x10,0.0,num,36.0,repaired_x10
1983,奈良,3.0,repaired_x10,positive_only,0.0,zero_dash,,item_unobserved,36.0,repaired_x10,3283.0,repaired_x10,43.0,repaired_x10,22.0,repaired_x10
1983,宮城,1.0,num,positive_only,3.0,num,,item_unobserved,595.0,num,1608.0,num,70.0,num,252.0,num
1983,宮崎,0.0,zero_dash,positive_only,0.0,zero_dash,,item_unobserved,34.0,repaired_x10,699.0,repaired_x10,1540.0,repaired_x10,596.0,repaired_x10
1983,富山,0.0,zero_dash,positive_only,0.0,zero_dash,,item_unobserved,210.0,repaired_x10,399.0,repaired_x10,10.0,repaired_x10,751.0,repaired_x10
1983,山口,21.0,repaired_x10,positive_only,0.0,zero_dash,,item_unobserved,30.0,repaired_x10,468.0,repaired_x10,141.0,repaired_x10,136.0,repaired_x10
1983,山形,4.0,num,positive_only,6.0,num,,item_unobserved,2420.0,num,877.0,num,18.0,num,983.0,num
1983,山梨,0.0,zero_dash,positive_only,0.0,zero_dash,,item_unobserved,60.0,repaired_x10,1425.0,repaired_x10,97.0,repaired_x10,196.0,repaired_x10
1983,岐阜,58.0,repaired_x10,positive_only,0.0,num,,item_unobserved,101.0,repaired_x10,2197.0,repaired_x10,51.0,repaired_x10,9.0,repaired_x10
1983,岡山,162.0,repaired_x10,positive_only,0.0,zero_dash,,item_unobserved,35.0,repaired_x10,2449.0,repaired_x10,429.0,repaired_x10,60.0,num
1983,岩手,19.0,num,positive_only,9.0,num,,item_unobserved,1067.0,num,1787.0,num,746.0,num,223.0,num
1983,島根,4.0,repaired_x10,positive_only,0.0,zero_dash,,item_unobserved,19.0,repaired_x10,295.0,repaired_x10,411.0,repaired_x10,145.0,repaired_x10
1983,広島,183.0,repaired_x10,positive_only,0.0,zero_dash,,item_unobserved,5.0,repaired_x10,1602.0,repaired_x10,141.0,repaired_x10,399.0,repaired_x10
1983,徳島,2.0,repaired_x10,positive_only,0.0,zero_dash,,item_unobserved,35.0,repaired_x10,2154.0,repaired_x10,63.0,repaired_x10,47.0,repaired_x10
1983,愛媛,1.0,repaired_x10,positive_only,0.0,zero_dash,,item_unobserved,11.0,repaired_x10,1099.0,repaired_x10,928.0,repaired_x10,271.0,repaired_x10
1983,愛知,1.0,repaired_x10,positive_only,0.0,zero_dash,,item_unobserved,27.0,repaired_x10,1012.0,repaired_x10,95.0,repaired_x10,0.0,zero_dash
1983,新潟,1.0,repaired_x10,positive_only,11.0,repaired_x10,,item_unobserved,781.0,repaired_x10,1068.0,repaired_x10,167.0,repaired_x10,1507.0,repaired_x10
1983,東京,0.0,zero_dash,positive_only,0.0,zero_dash,,item_unobserved,2.0,repaired_x10,734.0,repaired_x10,1.0,repaired_x10,0.0,zero_dash
1983,栃木,0.0,zero_dash,positive_only,0.0,zero_dash,,item_unobserved,866.0,num,4540.0,num,240.0,num,0.0,zero_dash
1983,沖縄,0.0,zero_dash,positive_only,0.0,zero_dash,,item_unobserved,0.0,zero_dash,32.0,repaired_x10,0.0,zero_dash,0.0,zero_dash
1983,滋賀,6.0,repaired_x10,positive_only,0.0,zero_dash,,item_unobserved,4.0,repaired_x10,470.0,repaired_x10,26.0,repaired_x10,0.0,zero_dash
1983,熊本,0.0,num,positive_only,0.0,zero_dash,,item_unobserved,1.0,repaired_x10,744.0,repaired_x10,654.0,repaired_x10,712.0,repaired_x10
1983,石川,27.0,repaired_x10,positive_only,2.0,repaired_x10,,item_unobserved,231.0,repaired_x10,834.0,repaired_x10,168.0,repaired_x10,525.0,repaired_x10
1983,神奈川,0.0,zero_dash,positive_only,0.0,zero_dash,,item_unobserved,19.0,repaired_x10,621.0,repaired_x10,5.0,repaired_x10,0.0,zero_dash
1983,福井,2.0,repaired_x10,positive_only,1.0,repaired_x10,,item_unobserved,110.0,repaired_x10,361.0,repaired_x10,61.0,repaired_x10,377.0,repaired_x10
1983,福岡,0.0,zero_dash,positive_only,0.0,zero_dash,,item_unobserved,34.0,repaired_x10,679.0,repaired_x10,140.0,repaired_x10,1732.0,repaired_x10
1983,福島,8.0,num,positive_only,23.0,num,,item_unobserved,2017.0,num,4260.0,num,299.0,num,129.0,num
1983,秋田,2.0,num,positive_only,0.0,num,,item_unobserved,1153.0,num,1566.0,num,34.0,num,321.0,num
1983,群馬,0.0,zero_dash,positive_only,0.0,zero_dash,,item_unobserved,2284.0,num,10222.0,num,248.0,num,480.0,num
1983,茨城,0.0,zero_dash,positive_only,0.0,zero_dash,,item_unobserved,481.0,num,4734.0,num,123.0,num,0.0,zero_dash
1983,長崎,0.0,zero_dash,positive_only,0.0,zero_dash,,item_unobserved,17.0,repaired_x10,394.0,repaired_x10,344.0,repaired_x10,437.0,repaired_x10
1983,長野,38.0,repaired_x10,positive_only,7.0,repaired_x10,,item_unobserved,2847.0,repaired_x10,1331.0,repaired_x10,126.0,repaired_x10,39282.0,repaired_x10
1983,青森,0.0,num,positive_only,1.0,num,,item_unobserved,986.0,num,1612.0,num,9.0,num,471.0,num
1983,静岡,0.0,num,positive_only,0.0,zero_dash,,item_unobserved,176.0,repaired_x10,2463.0,repaired_x10,746.0,repaired_x10,8.0,repaired_x10
1983,香川,17.0,repaired_x10,positive_only,0.0,zero_dash,,item_unobserved,1.0,repaired_x10,653.0,repaired_x10,20.0,repaired_x10,1.0,repaired_x10
1983,高知,4.0,repaired_x10,positive_only,0.0,zero_dash,,item_unobserved,32.0,repaired_x10,410.0,repaired_x10,296.0,repaired_x10,91.0,repaired_x10
1983,鳥取,5.0,repaired_x10,positive_only,0.0,zero_dash,,item_unobserved,39.0,repaired_x10,415.0,repaired_x10,134.0,repaired_x10,244.0,repaired_x10
1983,鹿児島,0.0,zero_dash,positive_only,0.0,zero_dash,,item_unobserved,0.0,zero_dash,1060.0,repaired_x10,308.0,repaired_x10,583.0,repaired_x10
1984,三重,1.0,num,positive_only,0.0,zero_dash,,item_unobserved,222.0,num,2444.0,num,237.0,num,281.0,num
1984,京都,15.0,num,positive_only,0.0,zero_dash,,item_unobserved,4.0,num,933.0,num,72.0,num,16.0,num
1984,佐賀,0.0,zero_dash,positive_only,0.0,zero_dash,,item_unobserved,43.0,num,283.0,num,17.0,num,241.0,num
1984,兵庫,15.0,num,positive_only,0.0,zero_dash,,item_unobserved,197.0,num,2640.0,num,149.0,num,322.0,num
1984,北海道,0.0,zero_dash,positive_only,0.0,zero_dash,,item_unobserved,831.0,num,1189.0,num,9.0,num,1686.0,num
1984,千葉,0.0,zero_dash,positive_only,0.0,zero_dash,,item_unobserved,75.0,num,2142.0,num,80.0,num,0.0,zero_dash
1984,和歌山,2.0,num,positive_only,0.0,zero_dash,,item_unobserved,44.0,num,419.0,num,130.0,num,110.0,num
1984,埼玉,0.0,zero_dash,positive_only,0.0,zero_dash,,item_unobserved,30.0,num,1875.0,num,90.0,num,0.0,zero_dash
1984,大分,0.0,zero_dash,positive_only,0.0,zero_dash,,item_unobserved,139.0,num,1104.0,num,4040.0,num,2302.0,num
1984,大阪,1.0,num,positive_only,0.0,zero_dash,,item_unobserved,0.0,zero_dash,692.0,num,1.0,num,36.0,num
1984,奈良,2.0,num,positive_only,0.0,zero_dash,,item_unobserved,43.0,num,3450.0,num,50.0,num,21.0,num
1984,宮城,1.0,num,positive_only,3.0,num,,item_unobserved,506.0,num,1455.0,num,93.0,num,273.0,num
1984,宮崎,0.0,zero_dash,positive_only,0.0,zero_dash,,item_unobserved,34.0,num,774.0,num,2237.0,num,648.0,num
1984,富山,0.0,zero_dash,positive_only,0.0,zero_dash,,item_unobserved,253.0,num,429.0,num,11.0,num,737.0,num
1984,山口,12.0,num,positive_only,0.0,zero_dash,,item_unobserved,30.0,num,546.0,num,236.0,num,129.0,num
1984,山形,1.0,num,positive_only,7.0,num,,item_unobserved,2615.0,num,845.0,num,23.0,num,1116.0,num
1984,山梨,0.0,zero_dash,positive_only,0.0,zero_dash,,item_unobserved,47.0,num,1355.0,num,133.0,num,228.0,num
1984,岐阜,16.0,num,positive_only,1.0,num,,item_unobserved,112.0,num,2091.0,num,50.0,num,8.0,num
1984,岡山,31.0,num,positive_only,0.0,zero_dash,,item_unobserved,33.0,num,2154.0,num,497.0,num,547.0,num
1984,岩手,8.0,num,positive_only,12.0,num,,item_unobserved,1130.0,num,1805.0,num,838.0,num,242.0,num
1984,島根,2.0,num,positive_only,0.0,zero_dash,,item_unobserved,20.0,num,295.0,num,761.0,num,148.0,num
1984,広島,48.0,num,positive_only,0.0,zero_dash,,item_unobserved,6.0,num,1730.0,num,202.0,num,269.0,num
1984,徳島,1.0,num,positive_only,0.0,zero_dash,,item_unobserved,25.0,num,2165.0,num,59.0,num,47.0,num
1984,愛媛,0.0,num,positive_only,0.0,zero_dash,,item_unobserved,0.0,zero_dash,846.0,num,1257.0,num,269.0,num
1984,愛知,1.0,num,positive_only,0.0,zero_dash,,item_unobserved,32.0,num,987.0,num,136.0,num,0.0,zero_dash
1984,新潟,1.0,num,positive_only,16.0,num,,item_unobserved,853.0,num,1047.0,num,171.0,num,1730.0,num
1984,東京,0.0,zero_dash,positive_only,0.0,zero_dash,,item_unobserved,0.0,zero_dash,750.0,num,2.0,num,0.0,zero_dash
1984,栃木,0.0,zero_dash,positive_only,0.0,zero_dash,,item_unobserved,872.0,num,4545.0,num,302.0,num,0.0,zero_dash
1984,沖縄,0.0,zero_dash,positive_only,0.0,zero_dash,,item_unobserved,0.0,zero_dash,33.0,num,0.0,zero_dash,0.0,zero_dash
1984,滋賀,1.0,num,positive_only,0.0,zero_dash,,item_unobserved,2.0,num,491.0,num,31.0,num,0.0,zero_dash
1984,熊本,0.0,zero_dash,positive_only,0.0,zero_dash,,item_unobserved,1.0,num,953.0,num,865.0,num,733.0,num
1984,石川,7.0,num,positive_only,2.0,num,,item_unobserved,332.0,num,908.0,num,165.0,num,544.0,num
1984,神奈川,0.0,zero_dash,positive_only,0.0,zero_dash,,item_unobserved,16.0,num,543.0,num,6.0,num,0.0,zero_dash
1984,福井,0.0,num,positive_only,1.0,num,,item_unobserved,204.0,num,413.0,num,67.0,num,326.0,num
1984,福岡,0.0,zero_dash,positive_only,0.0,zero_dash,,item_unobserved,33.0,num,755.0,num,165.0,num,1957.0,num
1984,福島,1.0,num,positive_only,25.0,num,,item_unobserved,1983.0,num,3853.0,num,312.0,num,130.0,num
1984,秋田,2.0,num,positive_only,0.0,num,,item_unobserved,1107.0,num,1457.0,num,36.0,num,497.0,num
1984,群馬,0.0,zero_dash,positive_only,0.0,zero_dash,,item_unobserved,2693.0,num,10353.0,num,318.0,num,552.0,num
1984,茨城,0.0,zero_dash,positive_only,0.0,zero_dash,,item_unobserved,485.0,num,4850.0,num,164.0,num,0.0,zero_dash
1984,長崎,0.0,zero_dash,positive_only,0.0,zero_dash,,item_unobserved,16.0,num,425.0,num,438.0,num,455.0,num
1984,長野,8.0,num,positive_only,17.0,num,,item_unobserved,3276.0,num,1222.0,num,169.0,num,44843.0,num
1984,青森,0.0,num,positive_only,2.0,num,,item_unobserved,930.0,num,1699.0,num,10.0,num,479.0,num
1984,静岡,0.0,zero_dash,positive_only,0.0,zero_dash,,item_unobserved,220.0,num,2360.0,num,972.0,num,8.0,num
1984,香川,2.0,num,positive_only,0.0,zero_dash,,item_unobserved,15.0,num,500.0,num,48.0,num,6.0,num
1984,高知,1.0,num,positive_only,0.0,zero_dash,,item_unobserved,32.0,num,428.0,num,443.0,num,154.0,num
1984,鳥取,1.0,num,positive_only,0.0,zero_dash,,item_unobserved,40.0,num,462.0,num,240.0,num,360.0,num
1984,鹿児島,0.0,zero_dash,positive_only,0.0,zero_dash,,item_unobserved,0.0,zero_dash,1227.0,num,354.0,num,835.0,num
1985,三重,14.3,num,positive_only,0.0,zero_dash,,item_unobserved,239.1,num,2834.1,num,184.6,num,154.5,num
1985,京都,148.1,num,positive_only,0.0,zero_dash,,item_unobserved,2.6,num,874.3,num,60.6,num,20.6,num
1985,佐賀,0.0,zero_dash,positive_only,0.0,zero_dash,,item_unobserved,40.4,num,242.5,num,12.7,num,276.5,num
1985,兵庫,46.7,num,positive_only,0.0,zero_dash,,item_unobserved,205.2,num,2681.2,num,123.3,num,276.9,num
1985,北海道,0.0,zero_dash,positive_only,0.0,zero_dash,,item_unobserved,978.9,num,1449.1,num,8.6,num,1716.6,num
1985,千葉,0.0,zero_dash,positive_only,0.0,zero_dash,,item_unobserved,93.2,num,2084.7,num,52.8,num,0.0,zero_dash
1985,和歌山,0.0,zero_dash,positive_only,0.0,zero_dash,,item_unobserved,28.0,num,447.7,num,91.8,num,112.0,num
1985,埼玉,0.0,zero_dash,positive_only,0.0,zero_dash,,item_unobserved,30.0,num,1987.1,num,112.3,num,0.0,zero_dash
1985,大分,0.0,zero_dash,positive_only,0.0,zero_dash,,item_unobserved,130.0,num,1458.3,num,2128.2,num,2519.2,num
1985,大阪,0.6,num,positive_only,0.0,zero_dash,,item_unobserved,0.0,zero_dash,712.8,num,1.0,num,31.5,num
1985,奈良,4.2,num,positive_only,0.0,zero_dash,,item_unobserved,18.0,num,3241.0,num,56.3,num,22.0,num
1985,宮城,1.0,num,positive_only,2.2,num,,item_unobserved,502.5,num,1427.0,num,96.0,num,387.5,num
1985,宮崎,0.0,zero_dash,positive_only,0.0,zero_dash,,item_unobserved,38.1,num,820.0,num,1315.0,num,617.8,num
1985,富山,0.0,zero_dash,positive_only,0.0,zero_dash,,item_unobserved,321.3,num,403.2,num,8.4,num,701.5,num
1985,山口,32.8,num,positive_only,0.0,zero_dash,,item_unobserved,35.1,num,550.0,num,172.0,num,96.9,num
1985,山形,10.4,num,positive_only,4.5,num,,item_unobserved,3034.7,num,843.8,num,25.9,num,1705.8,num
1985,山梨,0.0,zero_dash,positive_only,0.0,zero_dash,,item_unobserved,13.7,num,1293.7,num,112.9,num,203.1,num
1985,岐阜,56.2,num,positive_only,0.9,num,,item_unobserved,103.5,num,2198.3,num,49.0,num,13.8,num
1985,岡山,171.4,num,positive_only,0.0,zero_dash,,item_unobserved,35.0,num,2029.0,num,468.2,num,595.4,num
1985,岩手,6.1,num,positive_only,89.4,num,,item_unobserved,891.6,num,1815.9,num,849.6,num,246.4,num
1985,島根,5.9,num,positive_only,0.0,zero_dash,,item_unobserved,16.2,num,402.1,num,523.5,num,108.6,num
1985,広島,228.0,num,positive_only,0.0,zero_dash,,item_unobserved,3.8,num,1734.8,num,169.7,num,372.5,num
1985,徳島,2.6,num,positive_only,0.0,zero_dash,,item_unobserved,32.4,num,2242.3,num,57.2,num,43.0,num
1985,愛媛,0.1,num,positive_only,0.0,zero_dash,,item_unobserved,11.2,num,815.3,num,794.7,num,199.0,num
1985,愛知,1.0,num,positive_only,0.0,zero_dash,,item_unobserved,20.8,num,1059.9,num,111.6,num,0.0,zero_dash
1985,新潟,1.3,num,positive_only,25.6,num,,item_unobserved,855.7,num,1078.5,num,173.3,num,2290.6,num
1985,東京,0.0,zero_dash,positive_only,0.0,zero_dash,,item_unobserved,0.0,zero_dash,668.4,num,1.5,num,0.0,zero_dash
1985,栃木,0.0,zero_dash,positive_only,0.0,zero_dash,,item_unobserved,793.0,num,4446.0,num,358.1,num,0.0,zero_dash
1985,沖縄,0.0,zero_dash,positive_only,0.0,zero_dash,,item_unobserved,0.0,zero_dash,33.8,num,0.0,zero_dash,0.0,zero_dash
1985,滋賀,9.2,num,positive_only,0.0,zero_dash,,item_unobserved,3.0,num,411.7,num,24.5,num,3.0,num
1985,熊本,0.0,num,positive_only,0.0,zero_dash,,item_unobserved,0.7,num,1180.6,num,641.0,num,1009.3,num
1985,石川,26.3,num,positive_only,1.3,num,,item_unobserved,388.6,num,940.0,num,151.6,num,586.0,num
1985,神奈川,0.0,zero_dash,positive_only,0.0,zero_dash,,item_unobserved,16.2,num,578.1,num,5.0,num,0.0,zero_dash
1985,福井,1.8,num,positive_only,1.3,num,,item_unobserved,221.0,num,536.8,num,57.9,num,463.1,num
1985,福岡,0.0,zero_dash,positive_only,0.0,zero_dash,,item_unobserved,25.7,num,790.0,num,146.8,num,2079.4,num
1985,福島,3.8,num,positive_only,11.3,num,,item_unobserved,1917.5,num,3654.4,num,328.8,num,70.0,num
1985,秋田,2.1,num,positive_only,0.3,num,,item_unobserved,926.2,num,1588.5,num,44.7,num,532.2,num
1985,群馬,0.0,zero_dash,positive_only,0.8,num,,item_unobserved,2436.3,num,10025.2,num,346.3,num,517.1,num
1985,茨城,0.0,zero_dash,positive_only,0.0,zero_dash,,item_unobserved,343.7,num,4738.0,num,216.5,num,0.0,zero_dash
1985,長崎,0.0,zero_dash,positive_only,0.0,zero_dash,,item_unobserved,15.7,num,391.2,num,373.1,num,560.5,num
1985,長野,24.5,num,positive_only,9.4,num,,item_unobserved,3800.2,num,1319.3,num,150.3,num,49003.8,num
1985,青森,0.1,num,positive_only,3.0,num,,item_unobserved,896.4,num,1629.0,num,8.1,num,405.0,num
1985,静岡,0.0,zero_dash,positive_only,0.0,zero_dash,,item_unobserved,264.0,num,2441.1,num,693.4,num,8.7,num
1985,香川,15.2,num,positive_only,0.0,zero_dash,,item_unobserved,8.7,num,501.0,num,37.2,num,9.9,num
1985,高知,2.1,num,positive_only,0.0,zero_dash,,item_unobserved,12.4,num,412.9,num,226.1,num,158.0,num
1985,鳥取,4.1,num,positive_only,0.0,zero_dash,,item_unobserved,43.1,num,455.4,num,177.0,num,457.5,num
1985,鹿児島,0.0,zero_dash,positive_only,0.0,zero_dash,,item_unobserved,0.0,zero_dash,1238.0,num,318.0,num,958.0,num
1986,三重,7.3,num,positive_only,0.0,zero_dash,2422.5,num,291.7,num,2945.8,num,261.5,num,167.3,num
1986,京都,9.7,num,positive_only,0.0,zero_dash,4331.3,num,0.9,num,1005.0,num,60.6,num,15.6,num
1986,佐賀,0.0,zero_dash,positive_only,0.0,zero_dash,1683.0,num,23.2,num,304.8,num,17.1,num,272.7,num
1986,兵庫,8.3,num,positive_only,0.0,zero_dash,751.6,num,278.8,num,2673.2,num,121.5,num,371.3,num
1986,北海道,0.0,zero_dash,positive_only,2.1,num,0.0,zero_dash,922.6,num,1704.7,num,5.5,num,1841.2,num
1986,千葉,0.0,zero_dash,positive_only,0.0,zero_dash,1712.0,num,127.0,num,2024.3,num,62.3,num,0.0,num
1986,和歌山,1.6,num,positive_only,0.0,zero_dash,477.5,num,28.0,num,423.0,num,103.4,num,110.0,num
1986,埼玉,0.0,zero_dash,positive_only,0.0,zero_dash,42.4,num,24.0,num,1985.4,num,122.2,num,0.0,num
1986,大分,0.0,zero_dash,positive_only,0.0,zero_dash,1497.3,num,145.5,num,1848.8,num,2996.4,num,2836.7,num
1986,大阪,0.2,num,positive_only,0.0,zero_dash,2066.0,num,0.0,num,661.5,num,1.1,num,31.6,num
1986,奈良,2.0,num,positive_only,0.0,zero_dash,380.0,num,33.0,num,3265.0,num,65.0,num,24.0,num
1986,宮城,1.0,num,positive_only,1.4,num,286.8,num,643.2,num,1534.0,num,88.1,num,465.0,num
1986,宮崎,0.0,zero_dash,positive_only,0.0,zero_dash,5020.0,num,80.0,num,1050.0,num,1695.0,num,587.0,num
1986,富山,0.0,zero_dash,positive_only,0.0,zero_dash,622.6,num,339.7,num,422.2,num,9.6,num,750.1,num
1986,山口,13.7,num,positive_only,0.0,zero_dash,1630.0,num,38.1,num,580.0,num,190.0,num,86.9,num
1986,山形,0.8,num,positive_only,2.4,num,127.1,num,2900.4,num,846.1,num,13.2,num,1720.5,num
1986,山梨,0.0,zero_dash,positive_only,0.0,zero_dash,592.9,num,20.8,num,1271.7,num,121.9,num,250.5,num
1986,岐阜,3.3,num,positive_only,0.7,num,178.9,num,92.7,num,2220.5,num,46.6,num,14.2,num
1986,岡山,38.0,num,positive_only,0.0,zero_dash,885.1,num,31.9,num,2136.6,num,446.1,num,625.2,num
1986,岩手,4.8,num,positive_only,66.3,num,4.3,num,933.3,num,1981.2,num,887.9,num,221.2,num
1986,島根,3.2,num,positive_only,0.0,zero_dash,1798.7,num,62.9,num,447.4,num,603.6,num,119.8,num
1986,広島,66.0,num,positive_only,0.0,zero_dash,339.3,num,3.9,num,1708.3,num,170.1,num,914.6,num
1986,徳島,1.6,num,positive_only,0.0,zero_dash,16665.0,num,38.4,num,2517.6,num,50.7,num,27.8,num
1986,愛媛,0.0,zero_dash,positive_only,0.0,zero_dash,6409.8,num,0.7,num,929.2,num,965.4,num,441.1,num
1986,愛知,0.3,num,positive_only,0.0,zero_dash,271.9,num,15.7,num,1080.1,num,96.5,num,0.0,num
1986,新潟,1.1,num,positive_only,13.0,num,145.8,num,962.4,num,1078.0,num,167.5,num,2643.0,num
1986,東京,0.0,zero_dash,positive_only,0.0,zero_dash,0.0,zero_dash,0.0,num,678.0,num,1.5,num,0.0,num
1986,栃木,0.0,zero_dash,positive_only,0.0,zero_dash,780.0,num,726.0,num,4474.0,num,352.0,num,0.0,num
1986,沖縄,0.0,zero_dash,positive_only,0.0,zero_dash,27.6,num,0.0,num,33.1,num,0.0,num,0.0,num
1986,滋賀,0.9,num,positive_only,0.0,zero_dash,72.7,num,1.2,num,415.8,num,36.3,num,0.0,num
1986,熊本,0.3,num,positive_only,0.0,zero_dash,15453.6,num,0.7,num,1293.3,num,757.2,num,1107.3,num
1986,石川,7.4,num,positive_only,3.0,num,2125.0,num,402.7,num,978.6,num,159.6,num,547.0,num
1986,神奈川,0.0,zero_dash,positive_only,0.0,zero_dash,87.8,num,13.5,num,601.7,num,4.6,num,0.0,num
1986,福井,0.5,num,positive_only,0.0,num,475.4,num,215.0,num,363.3,num,56.3,num,472.0,num
1986,福岡,0.0,num,positive_only,0.0,zero_dash,33039.6,num,58.8,num,915.7,num,167.2,num,3293.5,num
1986,福島,1.5,num,positive_only,7.0,num,355.0,num,1682.4,num,3794.8,num,308.8,num,70.7,num
1986,秋田,1.8,num,positive_only,1.7,num,0.0,zero_dash,817.4,num,1731.5,num,42.1,num,575.6,num
1986,群馬,0.0,zero_dash,positive_only,1.2,num,150.0,num,2588.9,num,10269.9,num,310.6,num,534.9,num
1986,茨城,0.0,zero_dash,positive_only,0.0,zero_dash,1500.0,num,300.0,num,4689.0,num,221.0,num,14.0,num
1986,長崎,0.0,zero_dash,positive_only,0.0,zero_dash,1074.8,num,25.2,num,429.6,num,469.2,num,508.0,num
1986,長野,20.4,num,positive_only,8.3,num,31.0,num,3970.0,num,1355.6,num,187.6,num,50800.0,num
1986,青森,0.1,num,positive_only,1.0,num,0.0,zero_dash,899.0,num,1590.1,num,6.2,num,414.3,num
1986,静岡,0.0,zero_dash,positive_only,0.0,zero_dash,5592.5,num,268.2,num,2706.1,num,807.1,num,8.1,num
1986,香川,0.8,num,positive_only,0.0,zero_dash,9654.0,num,9.0,num,599.9,num,24.7,num,13.5,num
1986,高知,1.1,num,positive_only,0.0,zero_dash,2586.5,num,7.2,num,440.4,num,297.5,num,149.7,num
1986,鳥取,1.7,num,positive_only,0.0,zero_dash,182.3,num,55.4,num,450.0,num,171.8,num,494.1,num
1986,鹿児島,0.0,zero_dash,positive_only,0.0,zero_dash,23243.0,num,0.0,num,1497.0,num,348.0,num,838.0,num
1987,三重,4.8,num,positive_only,0.0,zero_dash,380.8,num,361.1,num,3017.8,num,219.0,num,89.8,num
1987,京都,72.4,num,positive_only,0.0,zero_dash,4304.5,num,1.1,num,939.0,num,55.3,num,20.2,num
1987,佐賀,0.0,zero_dash,positive_only,0.0,zero_dash,1766.4,num,25.6,num,334.0,num,12.2,num,223.1,num
1987,兵庫,18.0,num,positive_only,0.0,zero_dash,427.7,num,268.9,num,2686.0,num,112.8,num,343.6,num
1987,北海道,0.0,zero_dash,positive_only,0.0,zero_dash,0.0,zero_dash,1024.4,num,1893.8,num,5.0,num,2186.2,num
1987,千葉,0.0,zero_dash,positive_only,0.0,zero_dash,1879.0,num,140.0,num,2096.0,num,56.3,num,0.0,num
1987,和歌山,1.8,num,positive_only,0.0,zero_dash,485.0,num,270.0,num,407.7,num,98.3,num,124.0,num
1987,埼玉,0.0,zero_dash,positive_only,0.0,zero_dash,33.4,num,24.0,num,1753.3,num,48.0,num,0.0,num
1987,大分,0.0,zero_dash,positive_only,0.0,zero_dash,1279.3,num,150.3,num,2141.2,num,2417.2,num,3147.0,num
1987,大阪,0.3,num,positive_only,0.0,zero_dash,1943.5,num,0.0,num,643.2,num,1.6,num,31.4,num
1987,奈良,2.5,num,positive_only,0.0,zero_dash,292.0,num,54.2,num,3045.3,num,62.5,num,34.4,num
1987,宮城,1.6,num,positive_only,0.8,num,220.0,num,682.4,num,1580.0,num,81.7,num,604.0,num
1987,宮崎,0.0,zero_dash,positive_only,0.0,zero_dash,5076.0,num,103.0,num,1043.0,num,1424.0,num,599.0,num
1987,富山,0.0,zero_dash,positive_only,0.0,zero_dash,491.7,num,333.5,num,451.2,num,6.1,num,644.6,num
1987,山口,16.0,num,positive_only,0.0,zero_dash,1953.0,num,27.5,num,600.0,num,152.0,num,115.0,num
1987,山形,5.8,num,positive_only,4.4,num,315.4,num,3169.4,num,989.1,num,6.9,num,1762.5,num
1987,山梨,0.0,zero_dash,positive_only,0.0,zero_dash,571.8,num,14.0,num,1256.6,num,90.7,num,242.0,num
1987,岐阜,10.8,num,positive_only,0.8,num,296.6,num,69.1,num,2250.3,num,49.5,num,4.0,num
1987,岡山,81.0,num,positive_only,0.0,zero_dash,1084.5,num,34.1,num,2006.6,num,415.4,num,606.2,num
1987,岩手,27.0,num,positive_only,62.4,num,4.7,num,988.8,num,2203.9,num,775.0,num,323.1,num
1987,島根,3.2,num,positive_only,0.0,zero_dash,1517.0,num,80.0,num,603.5,num,570.4,num,133.0,num
1987,広島,158.4,num,positive_only,0.0,zero_dash,279.3,num,4.6,num,1675.4,num,141.4,num,1175.2,num
1987,徳島,7.4,num,positive_only,0.0,zero_dash,12819.0,num,9.0,num,3556.0,num,47.9,num,64.8,num
1987,愛媛,0.0,zero_dash,positive_only,0.0,zero_dash,5345.6,num,5.0,num,1072.8,num,911.5,num,934.8,num
1987,愛知,0.5,num,positive_only,0.0,zero_dash,293.0,num,11.1,num,1059.9,num,79.1,num,0.0,num
1987,新潟,0.6,num,positive_only,9.4,num,109.0,num,1115.8,num,1132.4,num,162.1,num,2821.9,num
1987,東京,0.0,zero_dash,positive_only,0.0,zero_dash,0.0,zero_dash,0.0,num,715.4,num,1.5,num,0.0,num
1987,栃木,0.0,zero_dash,positive_only,0.0,zero_dash,836.0,num,598.0,num,4358.0,num,271.0,num,0.0,num
1987,沖縄,0.0,zero_dash,positive_only,0.0,zero_dash,21.8,num,0.0,num,31.7,num,0.0,num,0.0,num
1987,滋賀,6.5,num,positive_only,0.0,zero_dash,25.0,num,1.1,num,386.6,num,39.6,num,0.0,num
1987,熊本,0.0,zero_dash,positive_only,0.0,zero_dash,16684.1,num,0.7,num,1255.9,num,608.8,num,1345.8,num
1987,石川,6.0,num,positive_only,2.0,num,1772.6,num,485.7,num,1160.6,num,142.1,num,579.6,num
1987,神奈川,0.0,zero_dash,positive_only,0.0,zero_dash,93.2,num,36.3,num,578.8,num,3.2,num,0.0,num
1987,福井,1.1,num,positive_only,0.3,num,500.0,num,205.0,num,472.8,num,58.5,num,392.5,num
1987,福岡,0.0,zero_dash,positive_only,0.0,zero_dash,28935.6,num,59.9,num,958.3,num,157.2,num,3806.7,num
1987,福島,4.2,num,positive_only,14.5,num,1725.6,num,1780.0,num,3897.4,num,242.6,num,73.1,num
1987,秋田,2.2,num,positive_only,1.0,num,0.1,num,769.5,num,1858.3,num,33.5,num,570.1,num
1987,群馬,0.0,zero_dash,positive_only,0.2,num,116.0,num,2590.1,num,10029.6,num,180.7,num,630.0,num
1987,茨城,0.0,zero_dash,positive_only,0.0,zero_dash,1290.0,num,250.0,num,4999.0,num,166.0,num,37.0,num
1987,長崎,0.0,zero_dash,positive_only,0.0,zero_dash,841.1,num,25.4,num,510.0,num,318.0,num,543.5,num
1987,長野,19.7,num,positive_only,2.1,num,13.7,num,4150.0,num,1550.0,num,160.0,num,51500.0,num
1987,青森,0.1,num,positive_only,2.1,num,0.0,zero_dash,838.6,num,1613.2,num,7.1,num,416.2,num
1987,静岡,0.0,zero_dash,positive_only,0.0,zero_dash,5063.0,num,234.4,num,3006.0,num,674.2,num,12.0,num
1987,香川,6.0,num,positive_only,0.0,zero_dash,8962.0,num,12.3,num,614.0,num,18.9,num,16.3,num
1987,高知,1.5,num,positive_only,0.0,zero_dash,6906.2,num,7.8,num,486.2,num,257.9,num,181.6,num
1987,鳥取,4.3,num,positive_only,0.0,zero_dash,111.8,num,41.8,num,434.4,num,157.3,num,571.2,num
1987,鹿児島,0.0,zero_dash,positive_only,0.0,zero_dash,20150.0,num,0.0,num,1586.0,num,303.0,num,1224.0,num
1988,三重,10.6,num,positive_only,0.0,zero_dash,786.7,num,348.9,num,3073.4,num,188.7,num,111.9,num
1988,京都,68.5,num,positive_only,0.0,zero_dash,4163.4,num,1.6,num,972.1,num,60.0,num,20.0,num
1988,佐賀,0.0,zero_dash,positive_only,0.0,zero_dash,1428.0,num,24.1,num,335.3,num,11.9,num,248.3,num
1988,兵庫,22.9,num,positive_only,0.0,zero_dash,682.3,num,278.2,num,2644.8,num,111.8,num,355.7,num
1988,北海道,0.0,zero_dash,positive_only,2.9,num,0.0,zero_dash,1186.2,num,2132.4,num,5.1,num,2264.1,num
1988,千葉,0.0,zero_dash,positive_only,0.0,zero_dash,1421.0,num,132.1,num,2288.4,num,51.9,num,0.0,zero_dash
1988,和歌山,1.5,num,positive_only,0.0,zero_dash,480.0,num,81.0,num,395.7,num,77.4,num,122.5,num
1988,埼玉,0.0,zero_dash,positive_only,0.0,zero_dash,32.0,num,32.0,num,1869.9,num,72.5,num,0.0,zero_dash
1988,大分,0.0,zero_dash,positive_only,0.0,zero_dash,1606.0,num,146.4,num,2039.3,num,2422.0,num,3193.8,num
1988,大阪,0.2,num,positive_only,0.0,zero_dash,2128.6,num,0.0,zero_dash,624.4,num,1.5,num,31.0,num
1988,奈良,3.0,num,positive_only,0.0,zero_dash,295.0,num,53.2,num,3024.1,num,48.0,num,34.3,num
1988,宮城,1.4,num,positive_only,2.6,num,296.6,num,702.9,num,1696.9,num,100.6,num,646.0,num
1988,宮崎,0.0,zero_dash,positive_only,0.0,zero_dash,5284.0,num,145.4,num,1144.0,num,1391.0,num,638.1,num
1988,富山,0.0,zero_dash,positive_only,0.0,zero_dash,454.0,num,310.7,num,502.5,num,6.3,num,647.1,num
1988,山口,15.0,num,positive_only,0.0,zero_dash,1802.0,num,34.6,num,630.0,num,130.0,num,142.0,num
1988,山形,4.3,num,positive_only,8.4,num,135.0,num,3272.9,num,931.3,num,7.2,num,1667.7,num
1988,山梨,0.0,zero_dash,positive_only,5.8,num,557.6,num,14.7,num,1232.1,num,101.8,num,220.8,num
1988,岐阜,34.3,num,positive_only,1.0,num,278.1,num,92.0,num,2363.8,num,47.1,num,8.7,num
1988,岡山,64.4,num,positive_only,0.0,zero_dash,1036.0,num,33.4,num,1994.2,num,385.7,num,1058.9,num
1988,岩手,23.9,num,positive_only,51.0,num,5.2,num,972.6,num,2445.5,num,895.0,num,342.8,num
1988,島根,3.9,num,positive_only,0.0,zero_dash,1877.1,num,82.7,num,574.6,num,497.4,num,134.8,num
1988,広島,65.9,num,positive_only,0.0,zero_dash,256.1,num,1.9,num,1690.9,num,130.4,num,1310.3,num
1988,徳島,4.3,num,positive_only,0.0,zero_dash,13828.0,num,9.3,num,3717.5,num,43.7,num,53.7,num
1988,愛媛,0.0,zero_dash,positive_only,0.0,zero_dash,5893.7,num,4.8,num,1009.7,num,683.1,num,977.0,num
1988,愛知,0.9,num,positive_only,0.0,zero_dash,265.6,num,20.7,num,1062.0,num,78.1,num,0.0,zero_dash
1988,新潟,0.9,num,positive_only,20.3,num,125.5,num,1138.4,num,1196.9,num,205.0,num,3228.2,num
1988,東京,0.0,zero_dash,positive_only,0.0,zero_dash,1.3,num,0.0,zero_dash,661.7,num,1.6,num,0.0,zero_dash
1988,栃木,0.0,zero_dash,positive_only,0.0,zero_dash,791.0,num,544.0,num,4372.0,num,354.0,num,0.0,zero_dash
1988,沖縄,0.0,zero_dash,positive_only,0.0,zero_dash,20.4,num,0.0,zero_dash,39.9,num,0.0,zero_dash,0.0,zero_dash
1988,滋賀,7.8,num,positive_only,0.0,zero_dash,18.0,num,1.4,num,357.7,num,47.2,num,0.0,zero_dash
1988,熊本,0.0,zero_dash,positive_only,0.0,zero_dash,15061.3,num,1.0,num,1223.3,num,557.7,num,1338.0,num
1988,石川,8.7,num,positive_only,2.1,num,2438.7,num,479.2,num,1270.8,num,157.2,num,533.9,num
1988,神奈川,0.0,zero_dash,positive_only,0.0,zero_dash,93.1,num,54.3,num,535.2,num,1.6,num,0.0,zero_dash
1988,福井,1.1,num,positive_only,0.1,num,600.0,num,214.1,num,554.8,num,57.6,num,392.0,num
1988,福岡,0.0,zero_dash,positive_only,0.0,zero_dash,34607.0,num,115.7,num,869.7,num,148.4,num,3994.7,num
1988,福島,3.5,num,positive_only,27.1,num,299.7,num,1605.8,num,3847.5,num,291.5,num,128.5,num
1988,秋田,2.0,num,positive_only,1.5,num,1.2,num,782.7,num,2020.5,num,30.6,num,530.9,num
1988,群馬,0.0,zero_dash,positive_only,1.2,num,94.0,num,2501.1,num,10008.3,num,308.0,num,654.9,num
1988,茨城,0.0,zero_dash,positive_only,0.0,zero_dash,1200.0,num,245.0,num,4829.0,num,163.0,num,27.5,num
1988,長崎,0.0,zero_dash,positive_only,0.0,zero_dash,889.6,num,24.9,num,492.1,num,311.9,num,528.2,num
1988,長野,47.4,num,positive_only,590.0,num,14.8,num,4150.0,num,2000.0,num,175.0,num,50100.0,num
1988,青森,0.1,num,positive_only,38.0,num,0.0,zero_dash,876.3,num,1544.8,num,4.5,num,427.0,num
1988,静岡,0.0,zero_dash,positive_only,0.0,zero_dash,5845.0,num,235.3,num,3993.8,num,770.6,num,15.7,num
1988,香川,4.0,num,positive_only,0.0,zero_dash,13704.0,num,12.6,num,698.9,num,13.2,num,24.5,num
1988,高知,0.6,num,positive_only,0.0,zero_dash,7615.0,num,3.2,num,489.4,num,220.6,num,183.7,num
1988,鳥取,4.4,num,positive_only,0.0,zero_dash,337.5,num,81.4,num,527.3,num,197.9,num,581.7,num
1988,鹿児島,0.0,zero_dash,positive_only,0.0,zero_dash,21600.0,num,0.0,zero_dash,1750.0,num,323.0,num,1151.0,num
1989,三重,6.6,num,positive_only,0.0,zero_dash,1191.1,num,461.9,num,3100.6,num,149.3,num,94.9,num
1989,京都,59.5,num,positive_only,0.0,zero_dash,4039.5,num,3.6,num,877.6,num,47.1,num,23.0,num
1989,佐賀,0.0,zero_dash,positive_only,0.0,zero_dash,2148.0,num,25.5,num,293.0,num,9.7,num,302.5,num
1989,兵庫,21.0,num,positive_only,0.0,zero_dash,627.7,num,291.0,num,2388.8,num,74.0,num,380.5,num
1989,北海道,0.0,zero_dash,positive_only,5.1,num,0.0,zero_dash,1324.5,num,2512.6,num,4.1,num,2458.2,num
1989,千葉,0.0,zero_dash,positive_only,0.0,zero_dash,1491.6,num,115.3,num,2461.3,num,37.0,num,0.0,zero_dash
1989,和歌山,3.8,num,positive_only,0.0,zero_dash,410.0,num,80.0,num,431.5,num,72.5,num,118.3,num
1989,埼玉,0.0,zero_dash,positive_only,0.0,zero_dash,22.6,num,31.0,num,1928.7,num,59.4,num,279.0,num
1989,大分,0.0,zero_dash,positive_only,0.0,zero_dash,1804.5,num,129.4,num,2035.5,num,2302.6,num,3421.9,num
1989,大阪,0.2,num,positive_only,0.0,zero_dash,2083.6,num,0.0,zero_dash,634.3,num,0.8,num,29.0,num
1989,奈良,2.0,num,positive_only,0.0,zero_dash,280.0,num,60.4,num,2699.6,num,48.7,num,27.5,num
1989,宮城,1.2,num,positive_only,2.2,num,276.7,num,688.8,num,1649.4,num,103.0,num,707.4,num
1989,宮崎,0.0,zero_dash,positive_only,0.0,zero_dash,5623.0,num,74.0,num,1217.0,num,1477.0,num,723.0,num
1989,富山,0.0,zero_dash,positive_only,0.0,zero_dash,367.8,num,331.0,num,581.9,num,4.8,num,647.5,num
1989,山口,22.5,num,positive_only,0.0,zero_dash,2150.0,num,26.0,num,675.0,num,120.0,num,218.0,num
1989,山形,4.0,num,positive_only,8.4,num,147.3,num,3328.0,num,869.1,num,5.1,num,1915.4,num
1989,山梨,0.5,num,positive_only,3.4,num,555.2,num,18.0,num,1243.7,num,97.2,num,245.4,num
1989,岐阜,14.1,num,positive_only,0.7,num,289.0,num,96.5,num,2367.0,num,45.3,num,9.0,num
1989,岡山,101.2,num,positive_only,0.0,zero_dash,1044.3,num,33.8,num,2015.9,num,328.2,num,1322.7,num
1989,岩手,17.7,num,positive_only,58.5,num,8.5,num,794.7,num,2588.9,num,849.3,num,428.3,num
1989,島根,3.4,num,positive_only,0.0,zero_dash,1396.5,num,94.8,num,624.7,num,478.3,num,104.3,num
1989,広島,129.8,num,positive_only,0.0,zero_dash,161.8,num,1.9,num,1634.8,num,119.4,num,1588.4,num
1989,徳島,3.9,num,positive_only,0.0,zero_dash,15708.0,num,18.4,num,3798.7,num,49.0,num,35.0,num
1989,愛媛,1.0,num,positive_only,0.0,zero_dash,6373.2,num,7.4,num,965.6,num,750.7,num,1219.8,num
1989,愛知,0.6,num,positive_only,0.3,num,225.9,num,24.6,num,1102.5,num,64.7,num,0.0,zero_dash
1989,新潟,1.5,num,positive_only,14.8,num,99.2,num,1203.6,num,1196.7,num,166.1,num,3508.0,num
1989,東京,0.0,zero_dash,positive_only,0.0,zero_dash,1.3,num,0.0,zero_dash,643.9,num,1.4,num,0.0,zero_dash
1989,栃木,0.0,zero_dash,positive_only,0.0,zero_dash,753.0,num,477.0,num,4134.0,num,306.0,num,0.0,zero_dash
1989,沖縄,0.0,zero_dash,positive_only,0.0,zero_dash,26.2,num,0.0,zero_dash,36.7,num,0.0,zero_dash,0.0,zero_dash
1989,滋賀,7.8,num,positive_only,0.0,zero_dash,24.0,num,0.5,num,449.2,num,19.4,num,0.0,zero_dash
1989,熊本,0.0,zero_dash,positive_only,0.0,zero_dash,13459.0,num,0.9,num,1151.0,num,504.7,num,1733.3,num
1989,石川,6.9,num,positive_only,2.2,num,1265.3,num,499.2,num,1268.0,num,128.8,num,588.7,num
1989,神奈川,0.0,zero_dash,positive_only,0.0,zero_dash,94.5,num,54.6,num,551.3,num,1.5,num,0.0,zero_dash
1989,福井,1.2,num,positive_only,0.3,num,400.0,num,215.4,num,571.7,num,35.5,num,377.4,num
1989,福岡,0.0,zero_dash,positive_only,0.0,zero_dash,29607.3,num,117.8,num,884.7,num,146.7,num,4265.7,num
1989,福島,4.3,num,positive_only,16.2,num,229.0,num,1785.5,num,3905.6,num,273.8,num,133.4,num
1989,秋田,5.7,num,positive_only,1.6,num,0.4,num,733.6,num,2198.7,num,22.7,num,645.1,num
1989,群馬,0.0,zero_dash,positive_only,1.2,num,85.1,num,2385.0,num,9415.6,num,223.1,num,699.0,num
1989,茨城,0.0,zero_dash,positive_only,0.0,zero_dash,1010.0,num,205.6,num,4698.0,num,163.3,num,51.0,num
1989,長崎,0.0,zero_dash,positive_only,0.0,zero_dash,963.4,num,24.9,num,530.7,num,366.4,num,751.5,num
1989,長野,27.4,num,positive_only,300.0,num,27.6,num,4200.0,num,2190.0,num,100.0,num,51800.0,num
1989,青森,0.2,num,positive_only,35.5,num,0.0,zero_dash,824.3,num,1521.1,num,4.3,num,391.4,num
1989,静岡,0.0,zero_dash,positive_only,0.0,zero_dash,5298.0,num,225.5,num,2812.4,num,600.3,num,15.5,num
1989,香川,3.2,num,positive_only,0.0,zero_dash,11162.0,num,12.8,num,707.5,num,10.8,num,29.4,num
1989,高知,1.3,num,positive_only,0.0,zero_dash,2862.0,num,5.2,num,461.5,num,253.1,num,111.0,num
1989,鳥取,4.4,num,positive_only,0.0,zero_dash,172.5,num,93.1,num,558.9,num,143.6,num,616.0,num
1989,鹿児島,0.0,zero_dash,positive_only,0.0,zero_dash,22310.0,num,0.0,zero_dash,1810.0,num,297.0,num,1185.0,num
1990,三重,8.1,num,positive_only,0.0,zero_dash,1633.0,num,572.3,num,2521.3,num,178.9,num,94.2,num
1990,京都,38.0,num,positive_only,0.0,zero_dash,4115.6,num,3.3,num,823.0,num,51.7,num,30.0,num
1990,佐賀,0.0,zero_dash,positive_only,0.0,zero_dash,0.0,zero_dash,24.4,num,309.7,num,8.0,num,259.4,num
1990,兵庫,24.9,num,positive_only,0.0,zero_dash,668.2,num,283.3,num,2400.0,num,85.5,num,416.8,num
1990,北海道,0.0,zero_dash,positive_only,4.1,num,0.0,zero_dash,1303.3,num,2915.8,num,5.2,num,2476.0,num
1990,千葉,0.0,zero_dash,positive_only,0.0,zero_dash,1393.0,num,108.0,num,2489.1,num,50.2,num,0.0,zero_dash
1990,和歌山,3.6,num,positive_only,0.0,zero_dash,424.1,num,82.5,num,422.7,num,73.4,num,116.8,num
1990,埼玉,0.0,zero_dash,positive_only,0.0,zero_dash,21.0,num,32.0,num,1915.4,num,59.7,num,280.0,num
1990,大分,0.0,zero_dash,positive_only,0.0,zero_dash,1662.7,num,171.1,num,1818.6,num,2373.2,num,3269.4,num
1990,大阪,0.2,num,positive_only,0.0,zero_dash,1873.0,num,0.0,zero_dash,649.1,num,1.5,num,41.4,num
1990,奈良,3.0,num,positive_only,0.0,zero_dash,200.0,num,61.4,num,2300.3,num,66.8,num,30.5,num
1990,宮城,0.8,num,positive_only,2.2,num,307.0,num,730.4,num,1593.3,num,100.9,num,885.9,num
1990,宮崎,0.0,zero_dash,positive_only,0.0,zero_dash,5066.0,num,68.0,num,1265.0,num,1380.0,num,720.0,num
1990,富山,0.0,zero_dash,positive_only,0.0,zero_dash,373.5,num,371.9,num,494.9,num,6.6,num,552.1,num
1990,山口,22.0,num,positive_only,0.0,zero_dash,1715.0,num,23.9,num,695.0,num,159.6,num,219.0,num
1990,山形,2.6,num,positive_only,6.6,num,158.7,num,3641.1,num,792.3,num,4.5,num,2275.4,num
1990,山梨,0.7,num,positive_only,5.2,num,549.8,num,18.5,num,1226.3,num,94.5,num,255.0,num
1990,岐阜,21.9,num,positive_only,0.7,num,285.5,num,94.9,num,2341.7,num,50.6,num,4.9,num
1990,岡山,129.9,num,positive_only,0.0,zero_dash,902.6,num,41.0,num,1732.5,num,378.8,num,1500.3,num
1990,岩手,18.8,num,positive_only,57.6,num,7.5,num,790.3,num,2551.7,num,888.9,num,414.0,num
1990,島根,3.9,num,positive_only,0.0,zero_dash,1382.1,num,98.9,num,664.1,num,474.8,num,154.1,num
1990,広島,161.4,num,positive_only,0.0,zero_dash,117.3,num,97.6,num,1506.0,num,154.9,num,2407.7,num
1990,徳島,2.9,num,positive_only,0.0,zero_dash,14210.0,num,14.4,num,3137.2,num,44.7,num,27.7,num
1990,愛媛,1.0,num,positive_only,0.0,zero_dash,6244.6,num,5.4,num,856.5,num,616.6,num,1131.3,num
1990,愛知,0.5,num,positive_only,0.3,num,254.6,num,20.3,num,1112.0,num,76.9,num,0.0,zero_dash
1990,新潟,1.2,num,positive_only,19.6,num,107.0,num,1328.7,num,1249.2,num,211.0,num,4010.1,num
1990,東京,0.0,zero_dash,positive_only,0.0,zero_dash,1.3,num,0.0,zero_dash,672.0,num,0.8,num,0.0,zero_dash
1990,栃木,0.0,zero_dash,positive_only,0.0,zero_dash,607.0,num,478.5,num,4150.2,num,346.0,num,0.0,zero_dash
1990,沖縄,0.0,zero_dash,positive_only,0.0,zero_dash,15.2,num,0.0,zero_dash,35.4,num,0.0,zero_dash,0.0,zero_dash
1990,滋賀,8.6,num,positive_only,0.0,zero_dash,17.5,num,1.7,num,556.6,num,32.8,num,0.0,zero_dash
1990,熊本,0.0,zero_dash,positive_only,0.0,zero_dash,13817.7,num,0.9,num,1148.0,num,486.7,num,1797.0,num
1990,石川,7.9,num,positive_only,2.5,num,1848.8,num,563.9,num,1180.2,num,108.4,num,592.9,num
1990,神奈川,0.0,zero_dash,positive_only,0.0,zero_dash,95.9,num,51.7,num,497.5,num,2.7,num,0.0,zero_dash
1990,福井,1.2,num,positive_only,0.1,num,332.0,num,212.7,num,561.9,num,33.6,num,362.4,num
1990,福岡,0.0,zero_dash,positive_only,0.0,zero_dash,32716.0,num,61.3,num,898.0,num,138.0,num,7765.2,num
1990,福島,6.1,num,positive_only,19.7,num,191.0,num,1675.6,num,3837.7,num,279.7,num,140.6,num
1990,秋田,4.6,num,positive_only,1.7,num,0.0,zero_dash,703.2,num,2251.1,num,16.0,num,605.7,num
1990,群馬,0.0,zero_dash,positive_only,1.3,num,52.5,num,2439.3,num,8524.5,num,249.8,num,886.7,num
1990,茨城,0.0,zero_dash,positive_only,0.0,zero_dash,1010.0,num,192.9,num,4744.0,num,150.0,num,46.0,num
1990,長崎,0.0,zero_dash,positive_only,0.0,zero_dash,850.9,num,36.9,num,488.9,num,301.7,num,1172.3,num
1990,長野,22.8,num,positive_only,490.0,num,16.6,num,4220.3,num,2250.0,num,150.0,num,54800.0,num
1990,青森,0.1,num,positive_only,93.3,num,0.0,zero_dash,1066.3,num,1446.1,num,5.9,num,328.2,num
1990,静岡,0.0,zero_dash,positive_only,0.0,zero_dash,5679.0,num,243.0,num,2895.2,num,692.8,num,12.0,num
1990,香川,3.0,num,positive_only,0.0,zero_dash,12465.0,num,19.2,num,690.9,num,9.6,num,32.2,num
1990,高知,2.3,num,positive_only,0.0,zero_dash,3029.0,num,12.9,num,429.8,num,202.6,num,144.7,num
1990,鳥取,5.0,num,positive_only,0.0,zero_dash,216.7,num,115.4,num,372.9,num,167.3,num,827.0,num
1990,鹿児島,0.0,zero_dash,positive_only,0.0,zero_dash,20982.0,num,0.0,zero_dash,1720.0,num,266.0,num,1250.0,num
1991,三重,10.0,num,positive_only,0.0,zero_dash,1766.0,num,613.1,num,2503.8,num,152.7,num,130.0,num
1991,京都,24.9,num,positive_only,0.0,zero_dash,5157.9,num,2.7,num,891.0,num,55.9,num,30.0,num
1991,佐賀,0.0,zero_dash,positive_only,0.0,zero_dash,1179.0,num,12.9,num,313.2,num,8.6,num,291.6,num
1991,兵庫,7.1,num,positive_only,0.0,zero_dash,498.6,num,230.5,num,2235.6,num,73.4,num,417.7,num
1991,北海道,0.0,zero_dash,positive_only,2.9,num,0.0,zero_dash,1261.1,num,3065.5,num,6.8,num,2884.4,num
1991,千葉,0.0,zero_dash,positive_only,0.0,zero_dash,1877.7,num,133.9,num,2446.5,num,34.2,num,0.0,zero_dash
1991,和歌山,3.4,num,positive_only,0.0,zero_dash,440.1,num,84.5,num,433.5,num,73.1,num,117.2,num
1991,埼玉,0.0,zero_dash,positive_only,0.0,zero_dash,18.5,num,23.0,num,1841.0,num,57.6,num,100.0,num
1991,大分,0.0,zero_dash,positive_only,0.0,zero_dash,1022.4,num,152.6,num,1859.1,num,1918.4,num,3151.1,num
1991,大阪,0.1,num,positive_only,0.0,zero_dash,1079.0,num,0.0,zero_dash,512.2,num,7.3,num,32.4,num
1991,奈良,2.5,num,positive_only,0.0,zero_dash,270.0,num,65.6,num,2211.1,num,58.9,num,34.4,num
1991,宮城,0.7,num,positive_only,2.1,num,300.9,num,762.5,num,1434.0,num,106.7,num,1102.9,num
1991,宮崎,0.0,zero_dash,positive_only,0.0,zero_dash,4691.0,num,81.0,num,1238.0,num,1166.0,num,740.0,num
1991,富山,0.0,zero_dash,positive_only,0.0,zero_dash,403.7,num,364.1,num,494.4,num,8.5,num,364.6,num
1991,山口,15.5,num,positive_only,0.0,zero_dash,1804.5,num,1.5,num,676.0,num,143.4,num,218.0,num
1991,山形,5.8,num,positive_only,5.4,num,181.2,num,3714.3,num,797.7,num,4.1,num,2832.9,num
1991,山梨,0.2,num,positive_only,2.7,num,520.8,num,27.8,num,1235.0,num,88.0,num,252.2,num
1991,岐阜,14.6,num,positive_only,0.4,num,275.7,num,30.1,num,2492.2,num,52.3,num,5.5,num
1991,岡山,20.5,num,positive_only,0.0,zero_dash,882.2,num,35.0,num,1652.8,num,366.5,num,1614.6,num
1991,岩手,18.1,num,positive_only,55.8,num,11.0,num,729.5,num,2594.2,num,852.1,num,479.7,num
1991,島根,1.7,num,positive_only,0.0,zero_dash,1009.5,num,104.1,num,764.8,num,409.5,num,142.9,num
1991,広島,56.0,num,positive_only,0.0,zero_dash,166.6,num,1.6,num,1391.0,num,128.9,num,2329.0,num
1991,徳島,1.8,num,positive_only,0.0,zero_dash,10875.0,num,10.0,num,3125.0,num,44.9,num,8.9,num
1991,愛媛,0.0,zero_dash,positive_only,0.0,zero_dash,5511.9,num,2.1,num,991.0,num,562.5,num,1118.2,num
1991,愛知,0.4,num,positive_only,0.3,num,198.5,num,19.6,num,1180.5,num,70.8,num,0.0,zero_dash
1991,新潟,1.0,num,positive_only,16.2,num,83.5,num,1329.2,num,1275.4,num,242.2,num,4628.4,num
1991,東京,0.0,zero_dash,positive_only,0.0,zero_dash,1.3,num,0.0,zero_dash,671.0,num,0.9,num,0.0,zero_dash
1991,栃木,0.0,zero_dash,positive_only,0.0,zero_dash,550.0,num,382.4,num,4085.0,num,327.0,num,0.0,zero_dash
1991,沖縄,0.0,zero_dash,positive_only,0.0,zero_dash,7.3,num,0.0,zero_dash,24.1,num,0.0,zero_dash,0.0,zero_dash
1991,滋賀,8.6,num,positive_only,0.0,zero_dash,2.5,num,1.3,num,618.0,num,46.0,num,0.0,zero_dash
1991,熊本,0.0,zero_dash,positive_only,0.0,zero_dash,11579.0,num,0.9,num,1077.7,num,491.0,num,1506.9,num
1991,石川,5.2,num,positive_only,2.5,num,1296.2,num,546.5,num,1128.1,num,120.6,num,524.5,num
1991,神奈川,0.0,zero_dash,positive_only,0.0,zero_dash,94.0,num,52.7,num,502.4,num,2.7,num,0.0,zero_dash
1991,福井,1.0,num,positive_only,0.0,zero_dash,120.0,num,204.1,num,518.5,num,31.2,num,417.4,num
1991,福岡,0.0,zero_dash,positive_only,0.0,zero_dash,23214.0,num,63.5,num,806.0,num,116.5,num,7875.8,num
1991,福島,4.9,num,positive_only,14.7,num,165.0,num,1515.8,num,3719.8,num,253.6,num,168.7,num
1991,秋田,2.5,num,positive_only,1.5,num,0.0,zero_dash,702.9,num,2296.1,num,16.1,num,523.3,num
1991,群馬,0.0,zero_dash,positive_only,1.6,num,52.8,num,2471.7,num,8356.9,num,226.9,num,875.6,num
1991,茨城,0.0,zero_dash,positive_only,0.0,zero_dash,1015.0,num,340.4,num,4401.0,num,185.5,num,376.3,num
1991,長崎,0.0,zero_dash,positive_only,0.0,zero_dash,551.3,num,29.7,num,437.7,num,361.0,num,1740.0,num
1991,長野,54.7,num,positive_only,443.0,num,31.8,num,4134.7,num,2029.8,num,108.0,num,55227.0,num
1991,青森,0.1,num,positive_only,74.6,num,0.0,zero_dash,1112.9,num,1364.0,num,5.4,num,329.8,num
1991,静岡,0.0,zero_dash,positive_only,0.0,zero_dash,4135.0,num,236.0,num,3004.2,num,628.5,num,4.0,num
1991,香川,1.2,num,positive_only,0.0,zero_dash,8170.0,num,18.3,num,683.6,num,9.5,num,32.4,num
1991,高知,0.5,num,positive_only,0.0,zero_dash,2849.6,num,8.5,num,454.2,num,171.7,num,237.8,num
1991,鳥取,4.0,num,positive_only,0.3,num,150.8,num,123.6,num,356.0,num,142.9,num,869.8,num
1991,鹿児島,0.0,zero_dash,positive_only,0.0,zero_dash,18249.0,num,0.0,zero_dash,1858.0,num,230.0,num,1387.1,num
1992,三重,2.9,num,positive_only,0.0,zero_dash,1511.0,num,671.5,num,2249.6,num,121.0,num,137.4,num
1992,京都,15.1,num,positive_only,0.0,zero_dash,4429.0,num,2.4,num,660.5,num,48.0,num,30.0,num
1992,佐賀,0.0,zero_dash,positive_only,0.0,zero_dash,594.0,num,11.3,num,284.7,num,7.4,num,299.0,num
1992,兵庫,5.1,num,positive_only,0.0,zero_dash,387.5,num,240.8,num,2149.2,num,79.0,num,376.8,num
1992,北海道,0.0,zero_dash,positive_only,2.0,num,0.0,zero_dash,1390.9,num,3425.9,num,6.1,num,3469.3,num
1992,千葉,0.0,zero_dash,positive_only,0.0,zero_dash,1654.0,num,114.5,num,2440.2,num,34.6,num,0.0,zero_dash
1992,和歌山,1.5,num,positive_only,0.0,zero_dash,400.0,num,84.5,num,583.9,num,57.4,num,117.2,num
1992,埼玉,0.0,zero_dash,positive_only,0.0,zero_dash,18.0,num,22.0,num,1810.3,num,51.1,num,100.0,num
1992,大分,0.0,zero_dash,positive_only,0.0,zero_dash,691.3,num,236.1,num,1913.1,num,2002.7,num,3120.8,num
1992,大阪,0.1,num,positive_only,0.0,zero_dash,1398.0,num,0.0,zero_dash,491.8,num,4.6,num,10.3,num
1992,奈良,0.5,num,positive_only,0.0,zero_dash,260.0,num,71.3,num,2020.5,num,53.3,num,30.4,num
1992,宮城,0.1,num,positive_only,1.8,num,355.8,num,723.2,num,1290.6,num,109.0,num,1131.5,num
1992,宮崎,0.0,zero_dash,positive_only,0.0,zero_dash,4415.0,num,67.0,num,1259.0,num,1077.0,num,845.0,num
1992,富山,0.0,zero_dash,positive_only,0.0,zero_dash,292.5,num,379.0,num,452.8,num,7.8,num,433.6,num
1992,山口,10.9,num,positive_only,0.0,zero_dash,1583.6,num,6.0,num,631.1,num,124.6,num,231.0,num
1992,山形,0.6,num,positive_only,4.8,num,165.5,num,3599.2,num,868.2,num,4.4,num,2655.6,num
1992,山梨,0.2,num,positive_only,1.2,num,526.2,num,33.0,num,1040.6,num,81.3,num,259.3,num
1992,岐阜,4.7,num,positive_only,0.0,zero_dash,136.3,num,111.8,num,2463.0,num,39.0,num,6.7,num
1992,岡山,35.2,num,positive_only,0.0,zero_dash,756.8,num,35.2,num,1548.0,num,326.8,num,1720.5,num
1992,岩手,1.6,num,positive_only,55.0,num,9.8,num,718.0,num,2680.5,num,932.9,num,499.9,num
1992,島根,0.6,num,positive_only,0.0,zero_dash,1052.0,num,93.3,num,1019.7,num,397.2,num,125.8,num
1992,広島,94.3,num,positive_only,0.0,zero_dash,133.7,num,158.6,num,1330.1,num,127.8,num,2174.6,num
1992,徳島,2.0,num,positive_only,0.0,zero_dash,9460.0,num,12.2,num,3174.9,num,41.8,num,59.4,num
1992,愛媛,0.0,zero_dash,positive_only,0.0,zero_dash,4966.2,num,5.7,num,917.4,num,497.7,num,1418.4,num
1992,愛知,0.3,num,positive_only,0.3,num,230.9,num,14.1,num,1217.2,num,65.8,num,0.0,zero_dash
1992,新潟,0.2,num,positive_only,13.5,num,106.6,num,1383.9,num,1252.0,num,172.0,num,5390.7,num
1992,東京,0.0,zero_dash,positive_only,0.0,zero_dash,1.3,num,0.0,zero_dash,651.5,num,1.2,num,0.0,zero_dash
1992,栃木,0.0,zero_dash,positive_only,0.0,zero_dash,502.9,num,369.1,num,4023.2,num,378.1,num,0.0,zero_dash
1992,沖縄,0.0,zero_dash,positive_only,0.0,zero_dash,0.0,zero_dash,0.0,zero_dash,27.4,num,0.0,zero_dash,0.0,zero_dash
1992,滋賀,1.3,num,positive_only,0.0,zero_dash,5.5,num,1.0,num,696.6,num,41.4,num,0.0,zero_dash
1992,熊本,0.0,zero_dash,positive_only,0.0,zero_dash,7859.1,num,2.9,num,1094.3,num,482.6,num,2324.8,num
1992,石川,1.9,num,positive_only,2.6,num,1451.6,num,589.3,num,1087.2,num,129.0,num,523.6,num
1992,神奈川,0.0,zero_dash,positive_only,0.0,zero_dash,85.0,num,53.4,num,491.4,num,2.8,num,0.0,zero_dash
1992,福井,1.0,num,positive_only,0.0,zero_dash,293.0,num,215.0,num,512.3,num,32.3,num,439.0,num
1992,福岡,0.0,zero_dash,positive_only,0.0,zero_dash,19437.2,num,74.5,num,747.0,num,123.1,num,10867.5,num
1992,福島,1.3,num,positive_only,13.9,num,173.0,num,1599.9,num,3759.0,num,294.9,num,167.7,num
1992,秋田,1.4,num,positive_only,1.0,num,0.0,zero_dash,625.2,num,2298.8,num,15.2,num,538.8,num
1992,群馬,0.0,zero_dash,positive_only,1.7,num,73.0,num,2521.7,num,8080.3,num,218.1,num,946.5,num
1992,茨城,0.0,zero_dash,positive_only,0.4,num,1086.0,num,373.0,num,4260.0,num,200.6,num,381.0,num
1992,長崎,0.0,zero_dash,positive_only,0.0,zero_dash,670.5,num,36.5,num,600.7,num,371.2,num,1360.0,num
1992,長野,0.5,num,positive_only,450.0,num,88.5,num,4118.4,num,1940.9,num,102.6,num,57201.0,num
1992,青森,0.0,zero_dash,positive_only,81.8,num,0.0,zero_dash,985.2,num,1267.4,num,5.3,num,355.0,num
1992,静岡,0.0,zero_dash,positive_only,0.0,zero_dash,4057.0,num,197.8,num,2870.2,num,658.6,num,5.9,num
1992,香川,0.9,num,positive_only,0.0,zero_dash,6020.0,num,17.0,num,763.5,num,7.6,num,100.3,num
1992,高知,0.3,num,positive_only,0.0,zero_dash,2856.0,num,11.2,num,328.2,num,153.8,num,515.7,num
1992,鳥取,2.6,num,positive_only,0.0,zero_dash,199.3,num,127.8,num,397.2,num,154.5,num,859.1,num
1992,鹿児島,0.0,zero_dash,positive_only,0.0,zero_dash,19667.5,num,0.0,zero_dash,1731.7,num,192.5,num,1605.3,num
1993,三重,6.0,num,positive_only,0.0,zero_dash,1008.9,num,658.5,num,2300.1,num,115.8,num,130.0,num
1993,京都,28.3,num,positive_only,0.0,zero_dash,4212.0,num,2.0,num,626.4,num,51.2,num,30.0,num
1993,佐賀,0.0,zero_dash,positive_only,0.0,zero_dash,564.0,num,9.4,num,331.7,num,6.4,num,302.6,num
1993,兵庫,8.2,num,positive_only,0.0,zero_dash,518.0,num,227.7,num,1970.5,num,63.3,num,373.9,num
1993,北海道,0.0,zero_dash,positive_only,0.2,num,0.0,zero_dash,1525.8,num,3827.9,num,4.1,num,3514.1,num
1993,千葉,0.0,zero_dash,positive_only,0.0,zero_dash,1352.9,num,120.4,num,2294.5,num,30.1,num,0.0,zero_dash
1993,和歌山,1.5,num,positive_only,0.0,zero_dash,18.7,num,0.0,zero_dash,625.9,num,47.9,num,72.8,num
1993,埼玉,0.0,zero_dash,positive_only,0.0,zero_dash,11.9,num,49.0,num,1707.8,num,31.7,num,120.0,num
1993,大分,0.1,num,positive_only,0.0,zero_dash,410.3,num,372.0,num,2229.9,num,1999.6,num,3000.9,num
1993,大阪,0.1,num,positive_only,0.0,zero_dash,1303.0,num,0.0,zero_dash,495.8,num,6.7,num,0.0,zero_dash
1993,奈良,2.4,num,positive_only,0.0,zero_dash,260.0,num,93.7,num,1870.7,num,45.0,num,42.1,num
1993,宮城,0.1,num,positive_only,1.7,num,320.2,num,804.2,num,1226.1,num,107.2,num,1436.7,num
1993,宮崎,0.0,zero_dash,positive_only,0.0,zero_dash,4210.0,num,100.5,num,1386.0,num,1136.0,num,825.9,num
1993,富山,0.0,zero_dash,positive_only,0.0,zero_dash,221.2,num,368.7,num,476.1,num,9.6,num,571.5,num
1993,山口,13.9,num,positive_only,0.0,zero_dash,1225.4,num,5.2,num,698.3,num,99.7,num,231.0,num
1993,山形,2.0,num,positive_only,3.8,num,144.6,num,3579.0,num,877.8,num,3.6,num,2440.6,num
1993,山梨,0.6,num,positive_only,1.5,num,479.6,num,38.1,num,959.7,num,70.9,num,283.9,num
1993,岐阜,11.6,num,positive_only,0.4,num,173.2,num,138.6,num,2550.9,num,28.1,num,5.1,num
1993,岡山,65.0,num,positive_only,0.0,zero_dash,639.0,num,29.2,num,1483.1,num,295.9,num,1919.8,num
1993,岩手,8.0,num,positive_only,40.4,num,9.4,num,658.0,num,2579.3,num,882.9,num,571.5,num
1993,島根,0.6,num,positive_only,0.0,zero_dash,780.4,num,90.1,num,1368.4,num,369.4,num,130.8,num
1993,広島,132.3,num,positive_only,0.0,zero_dash,134.5,num,157.5,num,1419.9,num,105.4,num,1919.9,num
1993,徳島,1.8,num,positive_only,0.0,zero_dash,9010.0,num,22.6,num,3390.5,num,28.2,num,49.2,num
1993,愛媛,0.1,num,positive_only,0.0,zero_dash,4321.8,num,6.5,num,869.9,num,436.0,num,1395.8,num
1993,愛知,0.3,num,positive_only,0.0,zero_dash,215.5,num,14.8,num,1293.1,num,48.0,num,0.0,zero_dash
1993,新潟,0.0,zero_dash,positive_only,22.5,num,112.9,num,1478.9,num,1323.7,num,161.4,num,6418.3,num
1993,東京,0.0,zero_dash,positive_only,0.0,zero_dash,1.2,num,0.0,zero_dash,680.4,num,1.1,num,0.0,zero_dash
1993,栃木,0.0,zero_dash,positive_only,0.0,zero_dash,459.7,num,376.2,num,3970.4,num,328.1,num,0.0,zero_dash
1993,沖縄,0.0,zero_dash,positive_only,0.0,zero_dash,11.2,num,0.0,zero_dash,18.4,num,0.0,zero_dash,0.0,zero_dash
1993,滋賀,6.6,num,positive_only,0.0,zero_dash,6.5,num,1.0,num,832.1,num,30.6,num,0.0,zero_dash
1993,熊本,0.0,zero_dash,positive_only,0.0,zero_dash,8113.0,num,2.9,num,1308.4,num,454.8,num,1550.9,num
1993,石川,1.8,num,positive_only,2.5,num,1274.4,num,538.7,num,1079.6,num,109.7,num,522.3,num
1993,神奈川,0.0,zero_dash,positive_only,0.0,zero_dash,86.3,num,39.5,num,431.1,num,2.2,num,0.0,zero_dash
1993,福井,1.4,num,positive_only,0.2,num,147.0,num,200.2,num,501.6,num,28.3,num,432.4,num
1993,福岡,0.0,zero_dash,positive_only,0.0,zero_dash,16763.0,num,76.3,num,862.6,num,94.6,num,10619.7,num
1993,福島,2.9,num,positive_only,5.3,num,86.0,num,1711.8,num,3675.3,num,267.1,num,156.1,num
1993,秋田,1.8,num,positive_only,1.0,num,0.0,zero_dash,606.1,num,2261.9,num,16.2,num,461.2,num
1993,群馬,0.0,zero_dash,positive_only,1.6,num,16.3,num,2363.7,num,7719.7,num,141.5,num,925.6,num
1993,茨城,0.0,zero_dash,positive_only,0.0,zero_dash,1100.0,num,385.0,num,4139.0,num,185.2,num,453.0,num
1993,長崎,0.0,zero_dash,positive_only,0.0,zero_dash,421.8,num,36.5,num,600.8,num,343.8,num,1395.1,num
1993,長野,47.8,num,positive_only,430.0,num,42.1,num,4254.1,num,1896.0,num,90.0,num,57754.0,num
1993,青森,0.0,zero_dash,positive_only,76.7,num,0.0,zero_dash,1095.8,num,1287.4,num,5.9,num,364.8,num
1993,静岡,0.0,zero_dash,positive_only,0.0,zero_dash,5041.4,num,234.7,num,2700.6,num,540.4,num,10.2,num
1993,香川,1.5,num,positive_only,0.0,zero_dash,5900.0,num,11.4,num,787.0,num,6.4,num,181.6,num
1993,高知,0.1,num,positive_only,0.0,zero_dash,2771.7,num,0.1,num,365.3,num,114.3,num,507.4,num
1993,鳥取,2.6,num,positive_only,0.0,zero_dash,125.3,num,129.2,num,366.1,num,141.4,num,891.9,num
1993,鹿児島,0.0,zero_dash,positive_only,0.0,zero_dash,16139.7,num,0.0,zero_dash,1726.5,num,212.9,num,1524.6,num
1994,三重,4.1,num,positive_only,0.0,zero_dash,1107.5,num,724.5,num,2088.7,num,112.7,num,137.0,num
1994,京都,5.6,num,positive_only,0.0,zero_dash,4139.3,num,1.6,num,743.1,num,36.7,num,25.0,num
1994,佐賀,0.0,zero_dash,positive_only,0.0,zero_dash,381.0,num,9.4,num,309.5,num,6.8,num,188.7,num
1994,兵庫,2.9,num,positive_only,0.0,zero_dash,501.0,num,188.5,num,1770.8,num,37.1,num,453.5,num
1994,北海道,0.0,zero_dash,positive_only,2.1,num,0.0,zero_dash,1514.1,num,3753.9,num,4.4,num,3576.8,num
1994,千葉,0.0,zero_dash,positive_only,0.0,zero_dash,1228.7,num,116.3,num,2237.4,num,30.6,num,0.0,zero_dash
1994,和歌山,0.2,num,positive_only,0.0,zero_dash,16.3,num,0.0,zero_dash,621.6,num,45.4,num,0.0,zero_dash
1994,埼玉,0.0,zero_dash,positive_only,0.0,zero_dash,8.5,num,172.1,num,1531.0,num,26.2,num,0.0,zero_dash
1994,大分,0.0,zero_dash,positive_only,0.0,zero_dash,392.3,num,295.6,num,1943.5,num,1904.4,num,2779.1,num
1994,大阪,0.1,num,positive_only,0.0,zero_dash,386.7,num,0.0,zero_dash,460.9,num,6.8,num,0.5,num
1994,奈良,0.5,num,positive_only,0.0,zero_dash,248.0,num,109.0,num,1721.4,num,49.8,num,40.0,num
1994,宮城,0.3,num,positive_only,1.5,num,236.5,num,884.6,num,1086.3,num,39.0,num,1459.7,num
1994,宮崎,0.0,zero_dash,positive_only,0.0,zero_dash,3697.0,num,110.2,num,1429.0,num,1087.0,num,928.0,num
1994,富山,0.0,zero_dash,positive_only,0.0,zero_dash,192.8,num,359.4,num,464.0,num,8.0,num,543.6,num
1994,山口,3.0,num,positive_only,0.0,zero_dash,877.5,num,1.6,num,655.5,num,125.3,num,220.0,num
1994,山形,5.0,num,positive_only,3.3,num,106.0,num,3342.4,num,763.0,num,2.0,num,2447.5,num
1994,山梨,0.0,zero_dash,positive_only,0.7,num,438.3,num,52.1,num,904.2,num,62.1,num,276.1,num
1994,岐阜,4.7,num,positive_only,0.4,num,161.9,num,163.2,num,2435.5,num,27.4,num,4.0,num
1994,岡山,8.4,num,positive_only,0.0,zero_dash,544.5,num,23.2,num,1369.4,num,305.3,num,1624.2,num
1994,岩手,29.9,num,positive_only,38.9,num,7.0,num,531.5,num,2449.5,num,499.0,num,646.2,num
1994,島根,0.2,num,positive_only,0.0,zero_dash,825.0,num,92.6,num,1633.8,num,354.1,num,121.0,num
1994,広島,12.3,num,positive_only,0.0,zero_dash,108.5,num,143.0,num,1129.3,num,93.7,num,1974.9,num
1994,徳島,1.7,num,positive_only,0.0,zero_dash,5760.0,num,22.6,num,3438.8,num,23.4,num,76.3,num
1994,愛媛,0.0,zero_dash,positive_only,0.0,zero_dash,2928.7,num,3.6,num,780.1,num,479.3,num,1412.0,num
1994,愛知,0.3,num,positive_only,0.0,zero_dash,202.1,num,14.5,num,1253.7,num,62.6,num,0.0,zero_dash
1994,新潟,0.0,zero_dash,positive_only,16.3,num,115.9,num,1614.4,num,1219.3,num,151.4,num,6627.3,num
1994,東京,0.0,zero_dash,positive_only,0.0,zero_dash,1.3,num,0.0,zero_dash,676.0,num,1.5,num,0.0,zero_dash
1994,栃木,0.0,zero_dash,positive_only,0.0,zero_dash,507.0,num,426.0,num,3506.0,num,251.9,num,0.0,zero_dash
1994,沖縄,0.0,zero_dash,positive_only,0.0,zero_dash,8.4,num,0.0,zero_dash,17.2,num,0.0,num,0.0,zero_dash
1994,滋賀,6.0,num,positive_only,0.0,zero_dash,6.5,num,0.1,num,886.1,num,25.1,num,135.0,num
1994,熊本,0.0,zero_dash,positive_only,0.0,zero_dash,5152.0,num,6.2,num,1416.6,num,505.0,num,1145.3,num
1994,石川,1.6,num,positive_only,2.3,num,1329.1,num,506.5,num,1035.2,num,105.2,num,612.5,num
1994,神奈川,0.0,zero_dash,positive_only,0.0,zero_dash,92.5,num,53.6,num,443.7,num,2.3,num,0.0,zero_dash
1994,福井,0.4,num,positive_only,0.2,num,157.8,num,163.5,num,573.8,num,25.8,num,464.7,num
1994,福岡,0.0,zero_dash,positive_only,0.0,zero_dash,15508.8,num,99.5,num,861.3,num,94.0,num,10728.2,num
1994,福島,3.2,num,positive_only,2.0,num,40.4,num,1680.8,num,3460.8,num,121.1,num,168.9,num
1994,秋田,2.6,num,positive_only,1.1,num,0.0,zero_dash,594.4,num,2287.8,num,15.0,num,438.5,num
1994,群馬,0.0,zero_dash,positive_only,1.4,num,14.2,num,2315.8,num,7399.0,num,55.7,num,900.5,num
1994,茨城,0.0,zero_dash,positive_only,0.0,zero_dash,1050.0,num,345.0,num,4052.0,num,158.0,num,489.0,num
1994,長崎,0.0,zero_dash,positive_only,0.0,zero_dash,478.2,num,57.3,num,693.0,num,322.9,num,1253.7,num
1994,長野,24.8,num,positive_only,400.0,num,38.2,num,4549.6,num,1940.0,num,94.7,num,56625.1,num
1994,青森,0.0,zero_dash,positive_only,47.2,num,0.0,zero_dash,996.6,num,1140.2,num,41.5,num,353.3,num
1994,静岡,0.0,zero_dash,positive_only,0.0,zero_dash,4214.1,num,209.2,num,2547.5,num,485.6,num,9.2,num
1994,香川,0.6,num,positive_only,0.0,zero_dash,5025.0,num,12.9,num,731.5,num,6.6,num,203.4,num
1994,高知,0.3,num,positive_only,0.0,zero_dash,2777.4,num,0.1,num,346.2,num,107.5,num,377.0,num
1994,鳥取,2.0,num,positive_only,0.0,zero_dash,105.5,num,130.8,num,357.2,num,141.7,num,897.2,num
1994,鹿児島,0.0,zero_dash,positive_only,0.0,zero_dash,13499.2,num,0.0,zero_dash,1730.0,num,170.3,num,1443.0,num
1995,三重,2.4,num,positive_only,0.0,zero_dash,813.4,num,806.1,num,1866.8,num,119.8,num,123.9,num
1995,京都,12.0,num,positive_only,0.0,zero_dash,1768.9,num,16.6,num,786.0,num,43.9,num,25.5,num
1995,佐賀,0.0,zero_dash,positive_only,0.0,zero_dash,490.0,num,7.6,num,251.4,num,6.5,num,384.1,num
1995,兵庫,2.8,num,positive_only,0.0,zero_dash,150.1,num,337.8,num,1699.9,num,39.0,num,537.9,num
1995,北海道,0.0,zero_dash,positive_only,1.5,num,0.3,num,1409.1,num,3951.9,num,4.3,num,3849.0,num
1995,千葉,0.0,zero_dash,positive_only,0.0,zero_dash,1110.0,num,114.1,num,2137.6,num,39.1,num,0.0,zero_dash
1995,和歌山,0.2,num,positive_only,0.0,zero_dash,17.0,num,109.4,num,539.2,num,42.2,num,72.8,num
1995,埼玉,0.0,zero_dash,positive_only,0.0,zero_dash,8.3,num,153.9,num,1469.0,num,26.7,num,830.1,num
1995,大分,0.0,zero_dash,positive_only,0.0,zero_dash,291.5,num,306.7,num,1805.0,num,1632.8,num,3114.5,num
1995,大阪,0.1,num,positive_only,0.0,zero_dash,306.7,num,0.0,zero_dash,387.1,num,3.4,num,0.0,zero_dash
1995,奈良,0.5,num,positive_only,0.0,zero_dash,218.0,num,107.4,num,1587.7,num,43.4,num,37.0,num
1995,宮城,0.1,num,positive_only,0.9,num,219.6,num,778.8,num,945.5,num,68.9,num,1379.6,num
1995,宮崎,0.0,zero_dash,positive_only,0.0,zero_dash,4355.3,num,74.9,num,1428.8,num,1016.4,num,857.9,num
1995,富山,0.0,zero_dash,positive_only,0.0,zero_dash,198.0,num,320.8,num,543.6,num,6.0,num,511.2,num
1995,山口,11.6,num,positive_only,0.0,zero_dash,845.9,num,1.6,num,592.1,num,110.1,num,220.0,num
1995,山形,3.0,num,positive_only,2.5,num,99.5,num,3138.0,num,792.0,num,2.5,num,2688.5,num
1995,山梨,0.3,num,positive_only,0.5,num,248.8,num,50.9,num,829.0,num,57.2,num,258.5,num
1995,岐阜,3.1,num,positive_only,0.4,num,232.2,num,171.6,num,2457.5,num,29.8,num,5.0,num
1995,岡山,19.9,num,positive_only,0.0,zero_dash,258.6,num,18.9,num,1398.7,num,256.5,num,1400.3,num
1995,岩手,11.5,num,positive_only,23.3,num,8.2,num,522.6,num,3517.4,num,798.2,num,621.4,num
1995,島根,0.2,num,positive_only,0.0,zero_dash,689.1,num,90.5,num,1624.2,num,306.1,num,123.0,num
1995,広島,112.1,num,positive_only,0.0,zero_dash,60.4,num,144.6,num,1266.3,num,81.8,num,1989.5,num
1995,徳島,1.2,num,positive_only,0.0,zero_dash,6253.0,num,4.5,num,3349.1,num,20.3,num,78.6,num
1995,愛媛,0.4,num,positive_only,0.0,zero_dash,2473.2,num,0.0,zero_dash,741.3,num,400.0,num,1391.8,num
1995,愛知,0.2,num,positive_only,0.0,zero_dash,283.1,num,24.5,num,1270.3,num,58.4,num,0.0,zero_dash
1995,新潟,0.1,num,positive_only,14.9,num,60.2,num,1863.6,num,1425.1,num,179.4,num,7569.9,num
1995,東京,0.0,zero_dash,positive_only,0.0,zero_dash,1.0,num,0.0,zero_dash,686.2,num,1.0,num,0.0,zero_dash
1995,栃木,0.0,zero_dash,positive_only,0.0,zero_dash,510.0,num,433.0,num,3714.0,num,320.0,num,0.0,zero_dash
1995,沖縄,0.0,zero_dash,positive_only,0.0,zero_dash,8.0,num,0.0,zero_dash,12.6,num,0.0,zero_dash,0.0,zero_dash
1995,滋賀,1.0,num,positive_only,0.0,zero_dash,5.0,num,0.5,num,938.0,num,21.7,num,72.0,num
1995,熊本,0.0,zero_dash,positive_only,0.0,zero_dash,4889.6,num,89.6,num,1449.9,num,445.5,num,2011.7,num
1995,石川,1.6,num,positive_only,3.1,num,983.9,num,454.6,num,975.4,num,88.2,num,566.7,num
1995,神奈川,0.0,zero_dash,positive_only,0.0,zero_dash,116.0,num,50.6,num,419.2,num,3.1,num,0.0,zero_dash
1995,福井,0.3,num,positive_only,0.1,num,127.6,num,161.4,num,449.8,num,23.4,num,422.3,num
1995,福岡,0.0,zero_dash,positive_only,0.0,zero_dash,11780.0,num,95.3,num,744.7,num,81.7,num,8914.0,num
1995,福島,2.9,num,positive_only,0.5,num,48.7,num,1633.7,num,3998.8,num,220.6,num,151.0,num
1995,秋田,2.2,num,positive_only,1.1,num,0.0,zero_dash,600.2,num,2256.8,num,13.3,num,433.4,num
1995,群馬,0.0,zero_dash,positive_only,1.1,num,11.6,num,2374.2,num,7185.4,num,62.2,num,925.8,num
1995,茨城,0.0,zero_dash,positive_only,0.0,zero_dash,980.0,num,362.0,num,4108.0,num,148.0,num,666.0,num
1995,長崎,0.0,zero_dash,positive_only,0.0,zero_dash,74.8,num,34.6,num,780.9,num,274.5,num,1367.0,num
1995,長野,18.2,num,positive_only,276.0,num,28.5,num,4650.0,num,1870.0,num,90.6,num,58560.0,num
1995,青森,0.1,num,positive_only,72.1,num,0.0,zero_dash,1045.8,num,1103.2,num,4.1,num,382.4,num
1995,静岡,0.0,zero_dash,positive_only,0.0,zero_dash,2705.9,num,162.4,num,2219.8,num,492.9,num,175.7,num
1995,香川,0.5,num,positive_only,0.0,zero_dash,1500.0,num,11.0,num,733.7,num,5.2,num,209.6,num
1995,高知,0.2,num,positive_only,0.0,zero_dash,2744.4,num,0.1,num,357.3,num,82.9,num,396.8,num
1995,鳥取,2.0,num,positive_only,0.0,zero_dash,101.4,num,124.4,num,303.7,num,136.9,num,940.1,num
1995,鹿児島,0.0,zero_dash,positive_only,0.0,zero_dash,9007.0,num,0.0,zero_dash,1524.8,num,161.1,num,1488.3,num
1999,三重,0.0,num,all_listed,0.0,num,459.4,num,518.5,num,1321.8,num,45.5,num,128.9,num
1999,京都,8.0,num,all_listed,0.0,num,1418.1,num,2.0,num,689.7,num,29.8,num,30.0,num
1999,佐賀,0.0,num,all_listed,0.0,num,448.0,num,3.4,num,186.5,num,4.2,num,369.8,num
1999,兵庫,2.6,num,all_listed,0.0,num,99.3,num,463.8,num,1369.7,num,19.0,num,364.6,num
1999,北海道,0.0,num,all_listed,0.1,num,0.0,num,1855.5,num,4369.8,num,2.4,num,5062.3,num
1999,千葉,0.0,num,all_listed,0.0,num,910.4,num,137.2,num,1850.4,num,28.7,num,0.0,num
1999,和歌山,1.8,num,all_listed,0.0,num,5.0,num,109.4,num,865.8,num,21.7,num,223.5,num
1999,埼玉,0.0,num,all_listed,0.0,num,1.0,num,158.0,num,1814.3,num,15.4,num,900.0,num
1999,大分,0.0,num,all_listed,0.0,num,195.8,num,553.6,num,1786.3,num,1454.0,num,2439.8,num
1999,大阪,0.3,num,all_listed,0.0,num,541.0,num,0.0,num,485.3,num,6.5,num,0.0,num
1999,奈良,2.5,num,all_listed,0.0,num,136.0,num,141.8,num,1076.2,num,29.4,num,15.1,num
1999,宮城,0.0,num,all_listed,0.3,num,180.6,num,919.2,num,719.1,num,40.9,num,1326.5,num
1999,宮崎,0.0,num,all_listed,0.0,num,2588.0,num,126.1,num,1465.0,num,727.0,num,585.3,num
1999,富山,0.0,num,all_listed,0.0,num,104.5,num,297.3,num,537.7,num,1.5,num,386.4,num
1999,山口,11.3,num,all_listed,0.0,num,519.0,num,3.0,num,506.1,num,55.1,num,220.0,num
1999,山形,7.0,num,all_listed,2.5,num,126.8,num,3390.2,num,814.4,num,0.4,num,2055.2,num
1999,山梨,0.1,num,all_listed,0.0,num,199.9,num,40.7,num,693.8,num,51.8,num,241.9,num
1999,岐阜,2.6,num,all_listed,0.2,num,167.7,num,1067.1,num,2078.9,num,15.8,num,4.9,num
1999,岡山,5.3,num,all_listed,0.0,num,190.1,num,17.5,num,950.7,num,148.1,num,1643.9,num
1999,岩手,11.9,num,all_listed,9.3,num,1.0,num,404.5,num,4242.1,num,601.5,num,741.3,num
1999,島根,0.1,num,all_listed,0.0,num,363.7,num,82.5,num,1630.7,num,108.7,num,55.0,num
1999,広島,55.3,num,all_listed,0.0,num,102.7,num,15.7,num,849.4,num,46.3,num,1629.4,num
1999,徳島,0.1,num,all_listed,0.0,num,1803.7,num,1.6,num,4294.0,num,5.1,num,28.1,num
1999,愛媛,0.5,num,all_listed,0.0,num,1181.9,num,0.5,num,444.5,num,231.2,num,919.0,num
1999,愛知,0.0,num,all_listed,0.0,num,163.6,num,10.3,num,988.5,num,43.2,num,0.0,num
1999,新潟,0.0,num,all_listed,8.7,num,48.2,num,2547.2,num,1691.8,num,99.7,num,12736.4,num
1999,東京,0.0,num,all_listed,0.0,num,0.0,num,0.0,num,427.6,num,0.5,num,0.0,num
1999,栃木,0.0,num,all_listed,0.0,num,448.0,num,426.0,num,3555.0,num,274.0,num,0.0,num
1999,沖縄,0.0,num,all_listed,0.0,num,4.4,num,0.0,num,8.0,num,0.0,num,0.0,num
1999,滋賀,0.1,num,all_listed,0.0,num,6.7,num,0.1,num,667.8,num,11.6,num,73.0,num
1999,熊本,0.0,num,all_listed,0.0,num,2631.8,num,0.5,num,994.0,num,248.3,num,2019.5,num
1999,石川,4.0,num,all_listed,0.3,num,807.0,num,409.5,num,862.2,num,64.9,num,390.9,num
1999,神奈川,0.0,num,all_listed,0.0,num,184.2,num,30.9,num,311.7,num,1.2,num,0.0,num
1999,福井,0.7,num,all_listed,0.1,num,126.0,num,147.0,num,443.1,num,9.9,num,372.6,num
1999,福岡,0.0,num,all_listed,0.0,num,9127.2,num,122.7,num,681.5,num,30.4,num,6246.5,num
1999,福島,2.6,num,all_listed,5.3,num,40.0,num,1822.7,num,3920.7,num,140.5,num,78.3,num
1999,秋田,1.7,num,all_listed,0.9,num,0.0,num,566.1,num,2187.5,num,4.7,num,204.9,num
1999,群馬,0.0,num,all_listed,0.5,num,2.3,num,2492.3,num,6280.5,num,59.0,num,1029.6,num
1999,茨城,0.1,num,all_listed,0.0,num,796.0,num,319.0,num,4167.0,num,147.0,num,26.0,num
1999,長崎,0.0,num,all_listed,0.0,num,111.6,num,134.1,num,1282.0,num,200.4,num,1830.4,num
1999,長野,27.1,num,all_listed,241.0,num,26.9,num,5084.0,num,1057.1,num,35.3,num,65950.0,num
1999,青森,0.0,num,all_listed,12.1,num,0.0,num,918.7,num,798.4,num,1.5,num,280.3,num
1999,静岡,0.0,num,all_listed,0.0,num,2135.0,num,204.1,num,2390.5,num,305.3,num,100.4,num
1999,香川,0.8,num,all_listed,0.0,num,514.0,num,5.0,num,578.6,num,5.3,num,278.0,num
1999,高知,0.3,num,all_listed,0.0,num,972.9,num,0.0,num,382.8,num,59.4,num,632.9,num
1999,鳥取,0.4,num,all_listed,0.0,num,32.2,num,194.4,num,220.6,num,66.1,num,881.9,num
1999,鹿児島,0.0,num,all_listed,0.0,num,8131.7,num,0.0,num,1571.6,num,83.8,num,1210.7,num
2000,三重,2.0,num,positive_only,0.0,zero_dash,484.7,num,813.7,num,1155.3,num,34.4,num,127.1,num
2000,京都,6.7,num,positive_only,0.0,zero_dash,1290.5,num,1.6,num,612.2,num,26.9,num,25.0,num
2000,佐賀,0.0,zero_dash,positive_only,0.0,zero_dash,412.0,num,1.8,num,210.4,num,4.2,num,375.5,num
2000,兵庫,2.8,num,positive_only,0.0,zero_dash,77.0,num,478.7,num,1182.9,num,16.3,num,365.2,num
2000,北海道,0.0,zero_dash,positive_only,0.1,num,0.0,num,1865.0,num,4288.4,num,2.8,num,4215.0,num
2000,千葉,0.0,zero_dash,positive_only,0.0,zero_dash,652.4,num,150.5,num,1668.9,num,24.8,num,0.0,num
2000,和歌山,1.2,num,positive_only,0.0,zero_dash,0.0,num,109.0,num,807.0,num,12.1,num,224.6,num
2000,埼玉,0.0,zero_dash,positive_only,0.0,zero_dash,0.9,num,177.8,num,1791.5,num,13.6,num,900.0,num
2000,大分,0.0,zero_dash,positive_only,0.0,zero_dash,170.1,num,525.4,num,1849.3,num,1456.0,num,2395.0,num
2000,大阪,0.1,num,positive_only,0.0,zero_dash,234.0,num,0.0,num,453.4,num,4.7,num,0.0,num
2000,奈良,1.2,num,positive_only,0.0,zero_dash,136.0,num,158.9,num,982.9,num,30.0,num,13.2,num
2000,宮城,0.0,zero_dash,positive_only,0.2,num,196.0,num,988.2,num,649.6,num,36.3,num,1495.2,num
2000,宮崎,0.0,zero_dash,positive_only,0.0,zero_dash,1977.0,num,138.6,num,1615.0,num,702.0,num,581.7,num
2000,富山,0.0,zero_dash,positive_only,0.0,zero_dash,81.6,num,274.5,num,776.2,num,0.9,num,239.4,num
2000,山口,8.5,num,positive_only,0.0,zero_dash,267.0,num,3.2,num,474.5,num,47.2,num,220.0,num
2000,山形,4.5,num,positive_only,2.4,num,96.7,num,3089.2,num,748.1,num,0.5,num,1866.4,num
2000,山梨,0.1,num,positive_only,0.0,zero_dash,200.1,num,49.2,num,642.2,num,40.6,num,72.5,num
2000,岐阜,1.2,num,positive_only,0.2,num,102.4,num,1012.3,num,1819.0,num,11.2,num,0.5,num
2000,岡山,9.6,num,positive_only,0.0,zero_dash,170.5,num,12.6,num,869.4,num,136.5,num,1754.4,num
2000,岩手,10.7,num,positive_only,6.8,num,1.5,num,291.5,num,4180.2,num,513.7,num,707.6,num
2000,島根,0.1,num,positive_only,0.0,zero_dash,206.5,num,84.6,num,1533.4,num,105.7,num,71.3,num
2000,広島,93.8,num,positive_only,0.0,zero_dash,64.0,num,0.1,num,796.2,num,38.6,num,669.0,num
2000,徳島,0.1,num,positive_only,0.0,zero_dash,1399.2,num,1.5,num,4071.1,num,6.4,num,0.0,zero_dash
2000,愛媛,0.0,zero_dash,positive_only,0.0,zero_dash,1071.0,num,0.0,zero_dash,349.1,num,269.6,num,328.0,num
2000,愛知,0.0,zero_dash,positive_only,0.0,zero_dash,156.9,num,9.6,num,995.0,num,43.1,num,0.0,num
2000,新潟,0.0,zero_dash,positive_only,9.3,num,73.5,num,2432.7,num,1563.9,num,87.8,num,12768.9,num
2000,東京,0.0,zero_dash,positive_only,0.0,zero_dash,0.0,num,0.0,num,413.5,num,0.7,num,0.0,num
2000,栃木,0.0,zero_dash,positive_only,0.0,zero_dash,433.0,num,354.0,num,3340.0,num,262.0,num,0.0,zero_dash
2000,沖縄,0.0,zero_dash,positive_only,0.0,zero_dash,4.3,num,0.0,num,8.7,num,0.0,num,0.0,num
2000,滋賀,0.1,num,positive_only,0.0,zero_dash,13.7,num,0.1,num,569.3,num,10.5,num,0.0,zero_dash
2000,熊本,0.0,zero_dash,positive_only,0.0,zero_dash,2638.8,num,1.0,num,1029.8,num,220.7,num,2171.7,num
2000,石川,2.3,num,positive_only,0.0,zero_dash,1070.0,num,330.0,num,858.0,num,57.7,num,336.6,num
2000,神奈川,0.0,zero_dash,positive_only,0.0,zero_dash,170.5,num,25.2,num,310.4,num,1.0,num,0.0,num
2000,福井,0.6,num,positive_only,0.1,num,138.0,num,159.9,num,420.6,num,9.7,num,401.5,num
2000,福岡,0.0,zero_dash,positive_only,0.0,zero_dash,9659.4,num,136.6,num,840.7,num,28.3,num,5881.6,num
2000,福島,3.7,num,positive_only,0.3,num,59.5,num,1813.0,num,3355.2,num,133.5,num,109.4,num
2000,秋田,0.9,num,positive_only,0.8,num,0.0,num,469.1,num,1800.9,num,3.7,num,148.7,num
2000,群馬,0.0,zero_dash,positive_only,0.7,num,2.3,num,2447.9,num,5705.0,num,43.5,num,1080.1,num
2000,茨城,0.1,num,positive_only,0.3,num,780.0,num,344.0,num,4101.0,num,138.0,num,0.0,zero_dash
2000,長崎,0.0,zero_dash,positive_only,0.0,zero_dash,110.1,num,190.6,num,1474.5,num,181.8,num,1813.9,num
2000,長野,27.9,num,positive_only,250.8,num,23.1,num,4779.1,num,973.0,num,36.3,num,65000.0,num
2000,青森,0.0,zero_dash,positive_only,4.9,num,0.0,num,801.9,num,774.7,num,1.1,num,285.2,num
2000,静岡,0.0,num,positive_only,0.0,zero_dash,2363.5,num,224.6,num,2681.2,num,255.0,num,322.4,num
2000,香川,1.6,num,positive_only,0.0,zero_dash,511.0,num,6.7,num,534.3,num,3.5,num,258.5,num
2000,高知,0.4,num,positive_only,0.0,zero_dash,939.1,num,0.1,num,378.2,num,58.5,num,547.4,num
2000,鳥取,1.1,num,positive_only,0.0,zero_dash,15.7,num,188.1,num,209.2,num,52.4,num,523.0,num
2000,鹿児島,0.0,zero_dash,positive_only,0.0,zero_dash,7142.2,num,0.0,num,1360.6,num,72.2,num,1214.4,num
2001,三重,0.0,zero_dash,positive_only,0.0,zero_dash,441.0,num,817.9,num,939.9,num,32.3,num,181.9,num
2001,京都,8.6,num,positive_only,0.0,zero_dash,1437.0,num,1.6,num,595.9,num,16.7,num,26.0,num
2001,佐賀,0.0,zero_dash,positive_only,0.0,zero_dash,385.0,num,0.0,num,192.5,num,3.5,num,411.2,num
2001,兵庫,2.0,num,positive_only,0.0,zero_dash,86.4,num,458.2,num,1041.3,num,12.9,num,312.6,num
2001,北海道,0.0,zero_dash,positive_only,0.1,num,0.0,num,1435.5,num,4274.9,num,3.0,num,3214.5,num
2001,千葉,0.0,zero_dash,positive_only,0.0,zero_dash,634.0,num,145.8,num,1498.1,num,19.1,num,0.0,num
2001,和歌山,0.2,num,positive_only,0.0,zero_dash,0.0,zero_dash,108.9,num,917.0,num,13.0,num,208.9,num
2001,埼玉,0.0,zero_dash,positive_only,0.1,num,0.0,zero_dash,169.9,num,1821.9,num,15.9,num,950.0,num
2001,大分,0.0,zero_dash,positive_only,0.0,zero_dash,202.1,num,518.8,num,1812.3,num,1424.6,num,1879.9,num
2001,大阪,0.1,num,positive_only,0.0,zero_dash,216.0,num,0.0,num,428.8,num,5.0,num,0.0,num
2001,奈良,1.2,num,positive_only,0.0,zero_dash,136.0,num,109.8,num,1000.9,num,17.7,num,1.7,num
2001,宮城,0.0,zero_dash,positive_only,1.4,num,93.4,num,894.3,num,587.9,num,31.5,num,1316.8,num
2001,宮崎,0.0,zero_dash,positive_only,0.0,zero_dash,2187.0,num,108.4,num,1563.8,num,673.5,num,571.7,num
2001,富山,0.0,zero_dash,positive_only,0.0,zero_dash,74.5,num,316.8,num,889.4,num,3.1,num,284.7,num
2001,山口,9.2,num,positive_only,0.0,zero_dash,258.1,num,2.8,num,491.3,num,43.8,num,220.0,num
2001,山形,4.6,num,positive_only,2.0,num,102.8,num,3059.5,num,696.4,num,0.0,zero_dash,1680.1,num
2001,山梨,0.1,num,positive_only,0.0,zero_dash,199.0,num,55.7,num,575.7,num,37.6,num,49.3,num
2001,岐阜,0.7,num,positive_only,0.0,zero_dash,109.4,num,1042.2,num,1856.7,num,11.7,num,0.5,num
2001,岡山,5.0,num,positive_only,0.0,zero_dash,162.8,num,14.0,num,755.6,num,121.2,num,1498.0,num
2001,岩手,3.1,num,positive_only,7.6,num,1.5,num,230.4,num,4445.1,num,459.3,num,707.0,num
2001,島根,0.0,zero_dash,positive_only,0.0,zero_dash,208.5,num,86.4,num,1608.3,num,85.7,num,0.0,zero_dash
2001,広島,25.2,num,positive_only,0.0,zero_dash,37.0,num,0.9,num,770.5,num,36.5,num,371.5,num
2001,徳島,0.1,num,positive_only,0.0,zero_dash,3510.0,num,3.9,num,4409.2,num,5.7,num,0.0,zero_dash
2001,愛媛,0.0,zero_dash,positive_only,0.0,zero_dash,764.0,num,0.6,num,272.5,num,240.2,num,374.0,num
2001,愛知,0.0,zero_dash,positive_only,0.0,zero_dash,123.4,num,9.6,num,902.6,num,45.6,num,0.0,num
2001,新潟,0.0,zero_dash,positive_only,5.3,num,42.2,num,2500.3,num,1863.4,num,79.9,num,14635.1,num
2001,東京,0.0,zero_dash,positive_only,0.0,zero_dash,0.0,num,0.0,num,388.2,num,0.5,num,0.0,num
2001,栃木,0.0,zero_dash,positive_only,0.0,zero_dash,428.0,num,321.0,num,3192.0,num,278.0,num,0.0,num
2001,沖縄,0.0,zero_dash,positive_only,0.0,zero_dash,7.4,num,0.0,num,9.9,num,0.0,num,0.0,num
2001,滋賀,0.1,num,positive_only,0.0,zero_dash,10.2,num,0.0,num,443.8,num,8.0,num,0.0,zero_dash
2001,熊本,0.0,zero_dash,positive_only,0.0,zero_dash,2974.6,num,0.5,num,1187.6,num,215.4,num,2317.4,num
2001,石川,1.5,num,positive_only,0.0,zero_dash,448.0,num,209.5,num,804.0,num,46.6,num,349.9,num
2001,神奈川,0.0,zero_dash,positive_only,0.0,zero_dash,89.2,num,36.5,num,298.6,num,1.1,num,0.0,num
2001,福井,0.6,num,positive_only,0.1,num,19.4,num,123.8,num,406.1,num,8.2,num,375.0,num
2001,福岡,0.1,num,positive_only,0.0,zero_dash,8199.0,num,56.7,num,930.2,num,25.3,num,5100.2,num
2001,福島,2.7,num,positive_only,0.3,num,56.1,num,1760.1,num,3309.2,num,120.1,num,79.1,num
2001,秋田,0.8,num,positive_only,0.6,num,0.0,num,392.4,num,1823.3,num,3.5,num,174.7,num
2001,群馬,0.0,zero_dash,positive_only,0.5,num,3.9,num,2288.4,num,5086.6,num,35.2,num,1008.8,num
2001,茨城,0.1,num,positive_only,0.3,num,620.0,num,424.0,num,3810.0,num,125.0,num,0.0,zero_dash
2001,長崎,0.0,num,positive_only,0.0,zero_dash,125.1,num,173.7,num,1624.1,num,166.1,num,1938.6,num
2001,長野,9.7,num,positive_only,180.3,num,18.6,num,4621.9,num,756.5,num,33.6,num,65545.4,num
2001,青森,0.0,zero_dash,positive_only,5.3,num,0.0,num,900.4,num,702.1,num,4.5,num,325.3,num
2001,静岡,0.0,zero_dash,positive_only,0.0,zero_dash,1838.5,num,189.3,num,2959.6,num,265.3,num,77.9,num
2001,香川,1.1,num,positive_only,0.0,zero_dash,499.2,num,24.1,num,465.0,num,5.3,num,237.0,num
2001,高知,0.4,num,positive_only,0.0,zero_dash,909.4,num,0.1,num,334.1,num,63.0,num,542.6,num
2001,鳥取,0.7,num,positive_only,0.0,zero_dash,22.2,num,160.5,num,202.9,num,52.2,num,307.0,num
2001,鹿児島,0.0,zero_dash,positive_only,0.0,zero_dash,8434.1,num,0.0,num,1182.3,num,68.5,num,1170.0,num
2002,三重,0.0,zero_dash,positive_only,0.0,zero_dash,425.0,num,870.4,num,885.6,num,28.4,num,45.6,num
2002,京都,5.6,num,positive_only,0.0,zero_dash,791.3,num,1.4,num,447.5,num,15.3,num,26.0,num
2002,佐賀,0.0,zero_dash,positive_only,0.0,zero_dash,126.5,num,0.0,zero_dash,218.7,num,2.9,num,379.2,num
2002,兵庫,1.6,num,positive_only,0.0,zero_dash,95.6,num,464.7,num,1070.9,num,10.9,num,234.1,num
2002,北海道,0.0,zero_dash,positive_only,0.0,num,0.0,zero_dash,1603.6,num,4407.3,num,2.1,num,4472.6,num
2002,千葉,0.0,zero_dash,positive_only,0.0,zero_dash,610.7,num,138.2,num,1349.4,num,12.2,num,0.0,zero_dash
2002,和歌山,0.8,num,positive_only,0.0,zero_dash,0.0,zero_dash,108.9,num,1267.5,num,15.0,num,207.1,num
2002,埼玉,0.0,zero_dash,positive_only,0.1,num,0.0,zero_dash,157.9,num,1725.4,num,13.6,num,950.0,num
2002,大分,0.0,zero_dash,positive_only,0.0,zero_dash,157.5,num,432.2,num,1737.2,num,1362.4,num,1574.1,num
2002,大阪,0.1,num,positive_only,0.0,zero_dash,174.0,num,0.0,zero_dash,316.3,num,4.8,num,0.0,zero_dash
2002,奈良,1.1,num,positive_only,0.0,zero_dash,48.6,num,129.7,num,812.6,num,12.4,num,20.0,num
2002,宮城,0.0,zero_dash,positive_only,13.7,num,110.2,num,959.8,num,568.3,num,30.9,num,1338.0,num
2002,宮崎,0.0,zero_dash,positive_only,0.0,zero_dash,1325.0,num,105.8,num,1454.1,num,632.7,num,549.9,num
2002,富山,0.0,zero_dash,positive_only,0.0,zero_dash,68.1,num,338.6,num,911.1,num,1.2,num,308.0,num
2002,山口,5.9,num,positive_only,0.0,zero_dash,158.3,num,2.5,num,490.5,num,36.6,num,220.0,num
2002,山形,1.1,num,positive_only,0.9,num,99.7,num,3129.3,num,775.2,num,0.0,zero_dash,1465.3,num
2002,山梨,0.0,zero_dash,positive_only,0.0,zero_dash,199.8,num,55.2,num,482.0,num,31.0,num,68.9,num
2002,岐阜,0.4,num,positive_only,0.0,zero_dash,49.4,num,1046.8,num,1719.2,num,11.2,num,0.5,num
2002,岡山,3.1,num,positive_only,0.0,zero_dash,244.1,num,9.9,num,692.0,num,119.4,num,1670.0,num
2002,岩手,3.0,num,positive_only,4.4,num,1.2,num,307.5,num,4717.5,num,383.6,num,596.2,num
2002,島根,0.0,zero_dash,positive_only,0.0,zero_dash,132.9,num,76.3,num,1428.3,num,68.5,num,0.0,zero_dash
2002,広島,10.7,num,positive_only,0.0,zero_dash,34.6,num,1.0,num,727.2,num,29.9,num,248.2,num
2002,徳島,0.1,num,positive_only,0.0,zero_dash,3291.0,num,1.4,num,4753.6,num,4.3,num,0.0,zero_dash
2002,愛媛,0.0,zero_dash,positive_only,0.0,zero_dash,1016.5,num,0.4,num,323.3,num,240.9,num,747.8,num
2002,愛知,0.0,zero_dash,positive_only,0.0,zero_dash,78.6,num,3.8,num,920.6,num,21.7,num,0.0,zero_dash
2002,新潟,0.0,zero_dash,positive_only,5.6,num,87.0,num,2738.5,num,1941.3,num,87.3,num,17027.7,num
2002,東京,0.0,zero_dash,positive_only,0.0,zero_dash,0.0,zero_dash,0.0,zero_dash,348.0,num,0.4,num,0.0,zero_dash
2002,栃木,0.0,zero_dash,positive_only,0.0,zero_dash,422.0,num,323.0,num,3177.0,num,224.2,num,0.0,zero_dash
2002,沖縄,0.0,zero_dash,positive_only,0.0,zero_dash,3.3,num,0.0,zero_dash,14.9,num,0.0,zero_dash,95.6,num
2002,滋賀,0.2,num,positive_only,0.0,zero_dash,9.2,num,0.0,zero_dash,466.7,num,8.0,num,0.0,zero_dash
2002,熊本,0.0,zero_dash,positive_only,0.0,zero_dash,2316.6,num,0.6,num,1235.9,num,213.5,num,2490.0,num
2002,石川,1.8,num,positive_only,0.0,zero_dash,1230.8,num,188.3,num,831.0,num,40.1,num,363.9,num
2002,神奈川,0.0,zero_dash,positive_only,0.0,zero_dash,165.7,num,32.0,num,290.0,num,1.1,num,0.0,zero_dash
2002,福井,0.5,num,positive_only,0.0,zero_dash,11.7,num,122.2,num,368.2,num,7.3,num,384.0,num
2002,福岡,0.2,num,positive_only,0.0,zero_dash,10726.2,num,95.8,num,869.7,num,20.4,num,5830.6,num
2002,福島,2.8,num,positive_only,0.3,num,42.5,num,1773.5,num,3154.6,num,95.4,num,73.8,num
2002,秋田,0.8,num,positive_only,0.3,num,0.0,zero_dash,442.8,num,1712.2,num,3.6,num,100.0,num
2002,群馬,0.0,zero_dash,positive_only,0.5,num,2.7,num,2349.5,num,5034.2,num,27.1,num,885.3,num
2002,茨城,0.1,num,positive_only,0.2,num,560.0,num,430.0,num,3612.0,num,118.0,num,0.0,zero_dash
2002,長崎,0.0,num,positive_only,0.0,zero_dash,80.7,num,185.6,num,1713.6,num,145.8,num,2176.9,num
2002,長野,11.3,num,positive_only,165.0,num,16.1,num,5036.6,num,658.1,num,13.3,num,63000.0,num
2002,青森,0.0,zero_dash,positive_only,5.9,num,0.0,zero_dash,895.6,num,675.6,num,2.5,num,297.4,num
2002,静岡,0.0,zero_dash,positive_only,0.0,zero_dash,1496.0,num,104.1,num,2259.7,num,190.7,num,136.9,num
2002,香川,0.1,num,positive_only,0.0,zero_dash,548.1,num,2.6,num,343.8,num,4.9,num,171.2,num
2002,高知,0.3,num,positive_only,0.0,zero_dash,889.0,num,0.1,num,349.8,num,55.5,num,628.7,num
2002,鳥取,0.7,num,positive_only,0.0,zero_dash,15.9,num,151.6,num,179.7,num,36.0,num,305.1,num
2002,鹿児島,0.0,zero_dash,positive_only,0.0,zero_dash,7315.6,num,0.0,zero_dash,1005.2,num,62.4,num,1355.5,num
2003,三重,0.5,num,positive_only,0.0,zero_dash,501.2,num,878.5,num,1132.9,num,29.4,num,0.0,zero_dash
2003,京都,6.9,num,positive_only,0.0,zero_dash,1001.6,num,1.6,num,479.8,num,10.7,num,26.0,num
2003,佐賀,0.0,zero_dash,positive_only,0.0,zero_dash,172.5,num,0.0,zero_dash,207.5,num,3.6,num,356.6,num
2003,兵庫,2.7,num,positive_only,0.0,zero_dash,72.0,num,393.6,num,1077.5,num,9.9,num,172.3,num
2003,北海道,0.0,zero_dash,positive_only,0.0,zero_dash,0.0,zero_dash,1398.6,num,4258.5,num,2.7,num,4351.9,num
2003,千葉,0.0,zero_dash,positive_only,0.0,zero_dash,575.4,num,134.3,num,1416.5,num,12.3,num,0.0,zero_dash
2003,和歌山,1.5,num,positive_only,0.0,zero_dash,0.2,num,108.9,num,1300.2,num,11.1,num,194.7,num
2003,埼玉,0.0,zero_dash,positive_only,0.0,zero_dash,0.0,zero_dash,170.2,num,1639.4,num,12.2,num,950.0,num
2003,大分,0.0,zero_dash,positive_only,0.0,zero_dash,163.0,num,609.8,num,1512.4,num,1315.7,num,2426.0,num
2003,大阪,0.0,zero_dash,positive_only,0.0,zero_dash,44.0,num,0.0,zero_dash,317.8,num,3.4,num,0.0,zero_dash
2003,奈良,1.2,num,positive_only,0.0,zero_dash,32.3,num,119.6,num,632.4,num,10.3,num,21.0,num
2003,宮城,0.1,num,positive_only,0.3,num,63.1,num,1000.3,num,595.5,num,24.6,num,1262.1,num
2003,宮崎,0.0,zero_dash,positive_only,0.0,zero_dash,1439.0,num,109.9,num,1390.0,num,593.7,num,542.0,num
2003,富山,0.0,zero_dash,positive_only,0.0,zero_dash,51.6,num,337.4,num,929.1,num,1.0,num,308.7,num
2003,山口,11.2,num,positive_only,0.0,zero_dash,134.3,num,3.6,num,409.9,num,30.2,num,200.0,num
2003,山形,1.3,num,positive_only,1.0,num,92.4,num,3194.5,num,766.2,num,0.0,zero_dash,1429.7,num
2003,山梨,0.0,zero_dash,positive_only,0.0,zero_dash,94.5,num,58.0,num,458.2,num,14.8,num,34.9,num
2003,岐阜,0.4,num,positive_only,0.0,zero_dash,66.6,num,1411.0,num,1662.0,num,7.3,num,0.4,num
2003,岡山,12.1,num,positive_only,0.0,zero_dash,93.2,num,8.5,num,646.4,num,105.9,num,1438.3,num
2003,岩手,1.9,num,positive_only,4.3,num,1.0,num,305.5,num,4796.6,num,315.2,num,412.4,num
2003,島根,0.0,zero_dash,positive_only,0.0,zero_dash,106.9,num,78.2,num,1532.5,num,50.1,num,0.0,zero_dash
2003,広島,20.9,num,positive_only,0.0,zero_dash,17.5,num,0.4,num,723.9,num,23.5,num,320.3,num
2003,徳島,0.0,zero_dash,positive_only,0.0,zero_dash,2727.0,num,0.7,num,4991.5,num,4.4,num,0.0,zero_dash
2003,愛媛,0.0,zero_dash,positive_only,0.0,zero_dash,826.6,num,0.4,num,445.4,num,211.1,num,714.3,num
2003,愛知,0.0,zero_dash,positive_only,0.0,zero_dash,45.2,num,3.3,num,902.0,num,14.9,num,0.0,zero_dash
2003,新潟,0.0,zero_dash,positive_only,5.1,num,41.3,num,2864.3,num,2072.3,num,60.1,num,18079.2,num
2003,東京,0.0,zero_dash,positive_only,0.0,zero_dash,0.0,zero_dash,0.0,zero_dash,316.8,num,0.3,num,0.0,zero_dash
2003,栃木,0.0,zero_dash,positive_only,0.0,zero_dash,423.0,num,334.5,num,3383.6,num,247.7,num,0.0,zero_dash
2003,沖縄,0.0,zero_dash,positive_only,0.0,zero_dash,2.6,num,0.0,zero_dash,16.2,num,0.0,zero_dash,377.0,num
2003,滋賀,0.4,num,positive_only,0.0,zero_dash,6.0,num,0.0,zero_dash,617.3,num,7.1,num,0.0,zero_dash
2003,熊本,0.0,zero_dash,positive_only,0.0,zero_dash,2836.7,num,3.4,num,1174.9,num,218.2,num,1780.0,num
2003,石川,3.3,num,positive_only,1.0,num,445.1,num,240.6,num,786.7,num,36.0,num,345.1,num
2003,神奈川,0.0,zero_dash,positive_only,0.0,zero_dash,128.7,num,18.0,num,269.9,num,0.8,num,0.0,zero_dash
2003,福井,0.4,num,positive_only,0.0,zero_dash,73.7,num,117.8,num,383.8,num,5.9,num,445.4,num
2003,福岡,0.1,num,positive_only,0.0,zero_dash,8998.9,num,91.0,num,809.5,num,19.1,num,4989.6,num
2003,福島,1.9,num,positive_only,0.3,num,36.8,num,1810.0,num,3263.5,num,75.3,num,64.5,num
2003,秋田,0.6,num,positive_only,0.3,num,0.0,zero_dash,419.0,num,1964.5,num,3.0,num,98.5,num
2003,群馬,0.0,zero_dash,positive_only,0.2,num,1.1,num,2067.2,num,5178.9,num,28.3,num,993.0,num
2003,茨城,0.1,num,positive_only,0.1,num,550.0,num,433.8,num,3597.8,num,112.2,num,0.0,zero_dash
2003,長崎,0.0,zero_dash,positive_only,0.0,zero_dash,87.9,num,206.6,num,1860.6,num,112.9,num,2132.4,num
2003,長野,11.5,num,positive_only,99.4,num,16.9,num,5018.2,num,652.5,num,14.2,num,62800.0,num
2003,青森,0.0,zero_dash,positive_only,4.0,num,0.0,zero_dash,908.4,num,649.7,num,2.2,num,330.0,num
2003,静岡,0.0,zero_dash,positive_only,0.0,zero_dash,1115.9,num,64.1,num,2384.6,num,210.1,num,138.0,num
2003,香川,1.0,num,positive_only,0.0,zero_dash,477.5,num,1.6,num,360.1,num,5.9,num,158.2,num
2003,高知,0.3,num,positive_only,0.0,zero_dash,757.5,num,1.1,num,339.4,num,49.0,num,587.5,num
2003,鳥取,0.0,zero_dash,positive_only,0.0,zero_dash,16.3,num,141.8,num,183.2,num,28.5,num,321.7,num
2003,鹿児島,0.0,zero_dash,positive_only,0.0,zero_dash,7375.3,num,0.0,zero_dash,872.8,num,53.3,num,1383.4,num
2004,三重,0.5,num,positive_only,0.0,zero_dash,764.7,num,841.3,num,954.2,num,26.1,num,0.0,zero_dash
2004,京都,8.1,num,positive_only,0.0,zero_dash,87.9,num,1.7,num,435.0,num,10.3,num,0.0,zero_dash
2004,佐賀,0.0,zero_dash,positive_only,0.0,zero_dash,103.5,num,0.0,zero_dash,185.5,num,4.3,num,370.1,num
2004,兵庫,3.2,num,positive_only,0.0,zero_dash,104.4,num,358.9,num,1012.7,num,8.4,num,108.8,num
2004,北海道,0.0,zero_dash,positive_only,0.0,zero_dash,0.0,zero_dash,1629.2,num,4186.7,num,3.4,num,4394.1,num
2004,千葉,0.0,zero_dash,positive_only,0.0,zero_dash,382.8,num,129.1,num,1242.1,num,7.7,num,0.0,zero_dash
2004,和歌山,0.0,zero_dash,positive_only,0.0,zero_dash,0.2,num,108.9,num,1223.5,num,34.6,num,186.1,num
2004,埼玉,0.0,zero_dash,positive_only,0.0,zero_dash,0.0,zero_dash,172.8,num,1524.1,num,12.0,num,950.0,num
2004,大分,0.0,zero_dash,positive_only,0.0,zero_dash,145.9,num,708.5,num,1447.5,num,1410.2,num,2374.3,num
2004,大阪,0.0,zero_dash,positive_only,0.0,zero_dash,129.0,num,0.0,zero_dash,353.6,num,2.0,num,26.0,num
2004,奈良,1.2,num,positive_only,0.0,zero_dash,50.8,num,127.1,num,624.0,num,7.7,num,5.0,num
2004,宮城,0.0,zero_dash,positive_only,0.8,num,51.1,num,1035.4,num,610.9,num,13.6,num,1191.8,num
2004,宮崎,0.0,zero_dash,positive_only,0.0,zero_dash,866.0,num,127.8,num,1320.5,num,631.4,num,961.9,num
2004,富山,0.0,zero_dash,positive_only,0.0,zero_dash,70.9,num,366.8,num,1113.9,num,0.5,num,18372.0,num
2004,山口,13.3,num,positive_only,0.0,zero_dash,87.7,num,5.1,num,375.8,num,27.7,num,200.0,num
2004,山形,1.7,num,positive_only,0.3,num,92.4,num,3106.9,num,874.8,num,0.0,zero_dash,1255.3,num
2004,山梨,0.0,zero_dash,positive_only,0.0,zero_dash,168.1,num,57.5,num,361.9,num,14.2,num,433.0,num
2004,岐阜,0.4,num,positive_only,0.0,zero_dash,39.2,num,1332.1,num,1556.8,num,9.6,num,63500.0,num
2004,岡山,19.4,num,positive_only,0.0,zero_dash,88.3,num,8.3,num,583.5,num,102.3,num,1491.2,num
2004,岩手,3.0,num,positive_only,3.6,num,1.0,num,296.0,num,4575.1,num,202.8,num,325.9,num
2004,島根,0.8,num,positive_only,0.0,zero_dash,107.0,num,73.9,num,1740.4,num,52.4,num,0.0,zero_dash
2004,広島,38.2,num,positive_only,0.0,zero_dash,29.8,num,0.2,num,753.8,num,24.6,num,200.9,num
2004,徳島,0.7,num,positive_only,0.0,zero_dash,1620.6,num,0.5,num,5525.5,num,5.6,num,0.0,zero_dash
2004,愛媛,0.0,zero_dash,positive_only,0.0,zero_dash,971.5,num,0.6,num,460.5,num,223.8,num,833.2,num
2004,愛知,0.0,zero_dash,positive_only,0.0,zero_dash,59.5,num,3.2,num,906.9,num,14.6,num,135.8,num
2004,新潟,0.0,zero_dash,positive_only,2.6,num,64.0,num,2816.2,num,2233.0,num,54.7,num,0.0,zero_dash
2004,東京,0.0,zero_dash,positive_only,0.0,zero_dash,0.0,zero_dash,0.8,num,312.2,num,0.3,num,0.0,zero_dash
2004,栃木,0.0,zero_dash,positive_only,0.0,zero_dash,424.0,num,322.7,num,3727.5,num,221.4,num,0.0,zero_dash
2004,沖縄,0.0,zero_dash,positive_only,0.0,zero_dash,1.8,num,0.0,zero_dash,8.3,num,0.0,zero_dash,344.5,num
2004,滋賀,0.4,num,positive_only,0.0,zero_dash,6.2,num,0.0,zero_dash,709.4,num,9.0,num,0.0,zero_dash
2004,熊本,0.0,zero_dash,positive_only,0.0,zero_dash,2467.5,num,1.3,num,1000.7,num,222.4,num,1814.7,num
2004,石川,3.5,num,positive_only,0.0,zero_dash,1242.8,num,267.6,num,756.3,num,30.5,num,263.6,num
2004,神奈川,0.0,zero_dash,positive_only,0.0,zero_dash,130.1,num,20.4,num,261.6,num,0.9,num,0.0,zero_dash
2004,福井,0.3,num,positive_only,0.0,zero_dash,194.5,num,108.0,num,326.3,num,6.0,num,273.9,num
2004,福岡,0.0,zero_dash,positive_only,0.0,zero_dash,10216.8,num,132.6,num,785.5,num,22.1,num,6570.7,num
2004,福島,2.2,num,positive_only,0.2,num,30.7,num,1880.8,num,3155.9,num,57.3,num,56.1,num
2004,秋田,0.6,num,positive_only,0.3,num,0.0,zero_dash,381.3,num,2290.1,num,2.8,num,95.6,num
2004,群馬,0.0,zero_dash,positive_only,0.2,num,1.6,num,2115.2,num,5202.3,num,32.6,num,1039.8,num
2004,茨城,0.1,num,positive_only,0.1,num,523.0,num,336.4,num,3417.7,num,104.6,num,0.0,zero_dash
2004,長崎,0.0,zero_dash,positive_only,0.0,zero_dash,50.3,num,206.4,num,2270.9,num,92.5,num,2155.3,num
2004,長野,50.6,num,positive_only,74.0,num,24.9,num,5652.7,num,704.6,num,13.6,num,26.8,num
2004,青森,0.0,zero_dash,positive_only,2.6,num,0.0,zero_dash,879.9,num,465.2,num,2.4,num,243.8,num
2004,静岡,0.0,zero_dash,positive_only,0.0,zero_dash,1343.8,num,43.1,num,2376.7,num,223.0,num,0.0,zero_dash
2004,香川,0.6,num,positive_only,0.0,zero_dash,524.5,num,2.1,num,404.4,num,3.7,num,168.5,num
2004,高知,0.6,num,positive_only,0.0,zero_dash,730.7,num,1.2,num,565.9,num,42.1,num,549.1,num
2004,鳥取,0.0,zero_dash,positive_only,0.0,zero_dash,18.0,num,154.8,num,169.8,num,30.5,num,280.0,num
2004,鹿児島,0.0,zero_dash,positive_only,0.0,zero_dash,6782.9,num,0.0,zero_dash,1110.3,num,66.2,num,1798.9,num
2005,三重,0.4,num,positive_only,0.0,zero_dash,477.5,num,858.4,num,1138.8,num,31.5,num,65.0,num
2005,京都,1.3,num,positive_only,0.0,zero_dash,53.0,num,2.7,num,422.7,num,11.3,num,15.0,num
2005,佐賀,0.0,zero_dash,positive_only,0.0,zero_dash,99.0,num,0.0,zero_dash,130.4,num,4.0,num,360.0,num
2005,兵庫,0.8,num,positive_only,0.0,zero_dash,45.7,num,277.4,num,862.0,num,12.0,num,88.8,num
2005,北海道,0.0,zero_dash,positive_only,0.0,zero_dash,0.0,zero_dash,1565.8,num,4038.7,num,1.6,num,4611.0,num
2005,千葉,0.0,zero_dash,positive_only,0.0,zero_dash,472.7,num,119.5,num,1185.1,num,9.7,num,0.0,zero_dash
2005,和歌山,2.0,num,positive_only,0.0,zero_dash,0.0,zero_dash,108.9,num,1295.1,num,17.6,num,18.7,num
2005,埼玉,0.0,zero_dash,positive_only,0.0,zero_dash,0.0,zero_dash,176.7,num,1412.2,num,13.7,num,1100.0,num
2005,大分,0.0,zero_dash,positive_only,0.0,zero_dash,150.3,num,684.9,num,1428.8,num,1395.1,num,2388.7,num
2005,大阪,0.0,zero_dash,positive_only,0.0,zero_dash,130.0,num,0.0,zero_dash,280.9,num,2.0,num,0.0,zero_dash
2005,奈良,1.0,num,positive_only,0.0,zero_dash,31.5,num,112.8,num,651.8,num,6.9,num,0.0,zero_dash
2005,宮城,0.2,num,positive_only,0.7,num,122.0,num,938.4,num,895.1,num,21.1,num,1159.5,num
2005,宮崎,0.0,zero_dash,positive_only,0.0,zero_dash,891.8,num,122.8,num,1229.4,num,618.7,num,911.5,num
2005,富山,0.0,zero_dash,positive_only,0.0,zero_dash,76.3,num,359.3,num,1201.0,num,0.2,num,248.7,num
2005,山口,2.6,num,positive_only,0.0,zero_dash,62.7,num,5.2,num,331.3,num,28.1,num,200.0,num
2005,山形,2.3,num,positive_only,6.6,num,108.1,num,2792.9,num,985.9,num,0.0,zero_dash,1131.7,num
2005,山梨,0.0,zero_dash,positive_only,0.0,zero_dash,84.3,num,60.3,num,337.2,num,13.9,num,24.9,num
2005,岐阜,0.1,num,positive_only,0.0,zero_dash,77.2,num,1568.1,num,1609.7,num,11.4,num,0.0,zero_dash
2005,岡山,2.5,num,positive_only,0.0,zero_dash,129.2,num,6.7,num,561.9,num,88.6,num,1441.2,num
2005,岩手,6.6,num,positive_only,5.6,num,0.0,zero_dash,157.3,num,4700.6,num,299.3,num,588.0,num
2005,島根,0.3,num,positive_only,0.0,zero_dash,67.3,num,69.1,num,1642.4,num,41.1,num,0.0,zero_dash
2005,広島,9.2,num,positive_only,0.0,zero_dash,19.6,num,0.5,num,797.9,num,21.5,num,142.1,num
2005,徳島,0.0,zero_dash,positive_only,0.0,zero_dash,1193.5,num,4.4,num,5600.0,num,5.0,num,0.0,zero_dash
2005,愛媛,0.0,zero_dash,positive_only,0.0,zero_dash,635.3,num,0.5,num,410.0,num,251.9,num,859.3,num
2005,愛知,0.0,zero_dash,positive_only,0.0,zero_dash,46.4,num,3.2,num,777.0,num,7.4,num,0.0,zero_dash
2005,新潟,0.0,zero_dash,positive_only,7.1,num,40.8,num,2762.4,num,2416.5,num,50.5,num,20520.0,num
2005,東京,0.0,zero_dash,positive_only,0.0,zero_dash,0.0,zero_dash,0.5,num,294.3,num,0.5,num,0.0,zero_dash
2005,栃木,0.0,zero_dash,positive_only,0.0,zero_dash,408.0,num,326.7,num,3864.7,num,220.3,num,0.0,zero_dash
2005,沖縄,0.0,zero_dash,positive_only,0.0,zero_dash,3.2,num,0.0,zero_dash,8.4,num,0.0,zero_dash,381.0,num
2005,滋賀,0.0,zero_dash,positive_only,0.0,zero_dash,6.0,num,0.0,zero_dash,591.7,num,7.0,num,0.0,zero_dash
2005,熊本,0.0,zero_dash,positive_only,0.0,zero_dash,2409.5,num,2.1,num,1001.0,num,227.4,num,1812.1,num
2005,石川,1.7,num,positive_only,0.0,zero_dash,563.7,num,198.0,num,766.2,num,24.9,num,237.5,num
2005,神奈川,0.0,zero_dash,positive_only,0.0,zero_dash,51.0,num,19.8,num,214.5,num,2.1,num,0.0,zero_dash
2005,福井,0.0,zero_dash,positive_only,0.1,num,76.5,num,105.2,num,332.0,num,4.6,num,426.4,num
2005,福岡,0.0,zero_dash,positive_only,0.0,zero_dash,7369.4,num,39.1,num,575.6,num,22.0,num,5775.6,num
2005,福島,2.1,num,positive_only,0.1,num,28.0,num,2170.6,num,2824.8,num,74.0,num,60.0,num
2005,秋田,0.0,zero_dash,positive_only,0.0,zero_dash,0.0,zero_dash,313.6,num,2360.0,num,2.8,num,86.1,num
2005,群馬,0.0,zero_dash,positive_only,0.0,zero_dash,1.4,num,2057.4,num,5129.7,num,25.8,num,1026.6,num
2005,茨城,0.1,num,positive_only,0.1,num,366.0,num,337.8,num,3100.0,num,104.5,num,0.0,zero_dash
2005,長崎,0.0,zero_dash,positive_only,0.0,zero_dash,44.1,num,264.2,num,2423.2,num,75.1,num,2206.9,num
2005,長野,5.0,num,positive_only,56.0,num,17.8,num,5242.2,num,811.6,num,14.6,num,63600.0,num
2005,青森,0.0,zero_dash,positive_only,6.1,num,0.0,zero_dash,778.4,num,403.2,num,2.1,num,225.9,num
2005,静岡,0.0,zero_dash,positive_only,0.3,num,1046.3,num,36.1,num,2059.1,num,198.7,num,2.5,num
2005,香川,0.8,num,positive_only,0.0,zero_dash,815.9,num,2.8,num,413.0,num,5.6,num,171.6,num
2005,高知,0.1,num,positive_only,0.0,zero_dash,654.3,num,2.1,num,412.6,num,33.1,num,553.0,num
2005,鳥取,0.0,zero_dash,positive_only,0.0,zero_dash,10.4,num,145.9,num,165.3,num,28.8,num,289.4,num
2005,鹿児島,0.0,zero_dash,positive_only,0.0,zero_dash,4315.3,num,0.0,zero_dash,1093.0,num,53.2,num,1812.9,num
2006,三重,0.3,num,positive_only,0.0,zero_dash,444.0,num,892.9,num,967.2,num,21.2,num,55.0,num
2006,京都,3.8,num,positive_only,0.0,zero_dash,32.1,num,2.5,num,415.4,num,6.0,num,15.0,num
2006,佐賀,0.0,zero_dash,positive_only,0.0,zero_dash,95.9,num,0.0,zero_dash,187.7,num,3.4,num,375.0,num
2006,兵庫,1.5,num,positive_only,0.0,zero_dash,23.3,num,67.1,num,973.7,num,9.0,num,45.0,num
2006,北海道,0.0,zero_dash,positive_only,0.0,zero_dash,0.0,zero_dash,1629.2,num,3998.0,num,1.8,num,4371.5,num
2006,千葉,0.0,zero_dash,positive_only,0.0,zero_dash,419.9,num,115.2,num,1243.1,num,11.4,num,0.0,zero_dash
2006,和歌山,1.8,num,positive_only,0.0,zero_dash,0.0,zero_dash,121.0,num,1355.1,num,13.3,num,0.0,zero_dash
2006,埼玉,0.0,zero_dash,positive_only,0.0,zero_dash,0.0,zero_dash,181.4,num,1221.7,num,13.0,num,1100.0,num
2006,大分,0.0,zero_dash,positive_only,0.0,zero_dash,140.3,num,692.0,num,1338.3,num,1348.0,num,2724.4,num
2006,大阪,0.0,zero_dash,positive_only,0.0,zero_dash,133.0,num,0.0,zero_dash,284.8,num,3.2,num,0.0,zero_dash
2006,奈良,0.7,num,positive_only,0.0,zero_dash,33.7,num,117.1,num,571.8,num,8.8,num,0.7,num
2006,宮城,0.5,num,positive_only,0.4,num,54.5,num,911.3,num,965.8,num,21.6,num,1767.5,num
2006,宮崎,0.0,zero_dash,positive_only,0.0,zero_dash,753.7,num,122.8,num,1621.5,num,602.6,num,985.4,num
2006,富山,0.0,zero_dash,positive_only,0.0,zero_dash,72.9,num,365.9,num,1255.6,num,0.4,num,262.2,num
2006,山口,2.6,num,positive_only,0.0,zero_dash,64.0,num,1.5,num,315.7,num,29.8,num,70.0,num
2006,山形,1.8,num,positive_only,3.1,num,74.0,num,3168.2,num,1167.5,num,0.0,zero_dash,1789.3,num
2006,山梨,0.0,zero_dash,positive_only,0.0,zero_dash,120.2,num,51.1,num,328.2,num,13.6,num,24.3,num
2006,岐阜,0.1,num,positive_only,0.0,zero_dash,28.6,num,1482.4,num,1628.0,num,9.7,num,0.0,zero_dash
2006,岡山,10.7,num,positive_only,0.0,zero_dash,103.0,num,6.6,num,572.0,num,78.2,num,1383.6,num
2006,岩手,4.0,num,positive_only,2.6,num,0.0,zero_dash,155.9,num,4065.5,num,251.0,num,247.6,num
2006,島根,0.0,zero_dash,positive_only,0.0,zero_dash,60.8,num,77.3,num,1863.6,num,38.4,num,0.0,zero_dash
2006,広島,7.5,num,positive_only,0.0,zero_dash,21.9,num,0.7,num,810.2,num,22.5,num,216.9,num
2006,徳島,0.1,num,positive_only,0.0,zero_dash,1214.1,num,3.8,num,6015.4,num,5.0,num,0.0,zero_dash
2006,愛媛,0.0,zero_dash,positive_only,0.0,zero_dash,775.8,num,0.2,num,497.5,num,227.5,num,859.7,num
2006,愛知,0.0,zero_dash,positive_only,0.0,zero_dash,61.6,num,2.9,num,765.6,num,7.0,num,0.0,zero_dash
2006,新潟,0.0,zero_dash,positive_only,4.4,num,45.2,num,3712.5,num,2544.2,num,45.9,num,20194.6,num
2006,東京,0.0,zero_dash,positive_only,0.0,zero_dash,0.0,zero_dash,0.5,num,290.8,num,0.5,num,0.0,zero_dash
2006,栃木,0.0,zero_dash,positive_only,0.0,zero_dash,403.0,num,314.9,num,4190.1,num,191.9,num,0.0,zero_dash
2006,沖縄,0.0,zero_dash,positive_only,0.0,zero_dash,2.9,num,0.0,zero_dash,7.2,num,0.0,zero_dash,455.2,num
2006,滋賀,0.0,zero_dash,positive_only,0.0,zero_dash,6.0,num,0.1,num,568.8,num,4.7,num,0.0,zero_dash
2006,熊本,0.0,zero_dash,positive_only,0.0,zero_dash,1928.6,num,2.1,num,1031.0,num,212.0,num,1762.9,num
2006,石川,0.6,num,positive_only,0.0,zero_dash,847.3,num,171.4,num,819.0,num,21.0,num,230.9,num
2006,神奈川,0.0,zero_dash,positive_only,0.0,zero_dash,60.8,num,11.6,num,205.2,num,1.6,num,0.0,zero_dash
2006,福井,0.0,zero_dash,positive_only,0.0,zero_dash,116.3,num,91.1,num,302.4,num,2.5,num,417.1,num
2006,福岡,0.0,zero_dash,positive_only,0.0,zero_dash,8856.6,num,34.8,num,593.8,num,21.0,num,6031.1,num
2006,福島,1.5,num,positive_only,0.3,num,0.7,num,2128.4,num,2783.8,num,62.3,num,61.2,num
2006,秋田,0.0,zero_dash,positive_only,0.0,zero_dash,0.0,zero_dash,350.9,num,2320.3,num,1.4,num,77.4,num
2006,群馬,0.0,zero_dash,positive_only,0.0,zero_dash,6.1,num,2005.5,num,5231.6,num,30.5,num,996.7,num
2006,茨城,0.1,num,positive_only,0.1,num,296.5,num,319.8,num,2780.9,num,98.0,num,0.0,zero_dash
2006,長崎,0.0,zero_dash,positive_only,0.0,zero_dash,41.5,num,329.1,num,2608.6,num,81.2,num,2412.7,num
2006,長野,26.9,num,positive_only,45.0,num,19.9,num,4963.9,num,877.5,num,16.5,num,62600.0,num
2006,青森,0.0,zero_dash,positive_only,20.7,num,0.0,zero_dash,815.7,num,383.5,num,4.0,num,228.6,num
2006,静岡,0.0,zero_dash,positive_only,0.0,zero_dash,1192.5,num,37.4,num,2177.7,num,201.0,num,0.1,num
2006,香川,0.3,num,positive_only,0.0,zero_dash,1142.3,num,6.9,num,477.1,num,3.3,num,187.2,num
2006,高知,0.0,zero_dash,positive_only,0.0,zero_dash,348.3,num,1.2,num,379.6,num,25.2,num,567.6,num
2006,鳥取,0.0,zero_dash,positive_only,0.0,zero_dash,10.0,num,148.2,num,169.7,num,24.5,num,280.8,num
2006,鹿児島,0.0,zero_dash,positive_only,0.0,zero_dash,6848.4,num,0.0,zero_dash,1176.8,num,65.5,num,1832.6,num
2007,三重,0.3,num,all_listed,0.0,num,409.3,num,883.4,num,904.6,num,12.9,num,55.0,num
2007,京都,3.3,num,all_listed,0.0,num,29.8,num,0.8,num,384.2,num,4.2,num,15.0,num
2007,佐賀,0.0,num,all_listed,0.0,num,75.6,num,0.0,num,151.1,num,3.6,num,349.0,num
2007,兵庫,1.3,num,all_listed,0.0,num,265.2,num,51.7,num,884.8,num,7.0,num,30.0,num
2007,北海道,0.0,num,all_listed,0.0,num,0.0,num,1638.9,num,4405.0,num,2.2,num,3951.4,num
2007,千葉,0.0,num,all_listed,0.0,num,372.5,num,105.2,num,1233.0,num,8.7,num,0.0,num
2007,和歌山,1.7,num,all_listed,0.0,num,0.0,num,121.0,num,961.4,num,7.9,num,0.0,num
2007,埼玉,0.0,num,all_listed,0.0,num,0.0,num,175.4,num,1269.7,num,9.5,num,1100.0,num
2007,大分,0.0,num,all_listed,0.0,num,149.6,num,618.9,num,1289.3,num,1309.4,num,2306.0,num
2007,大阪,0.0,num,all_listed,0.0,num,144.0,num,0.0,num,294.8,num,4.1,num,0.0,num
2007,奈良,0.4,num,all_listed,0.0,num,28.3,num,128.6,num,617.0,num,7.8,num,0.1,num
2007,宮城,0.4,num,all_listed,0.3,num,49.3,num,870.8,num,994.0,num,15.4,num,1835.8,num
2007,宮崎,0.0,num,all_listed,0.0,num,887.0,num,122.8,num,1584.2,num,600.9,num,904.8,num
2007,富山,0.0,num,all_listed,0.0,num,86.6,num,396.2,num,1266.3,num,0.5,num,253.2,num
2007,山口,0.9,num,all_listed,0.0,num,77.1,num,0.4,num,301.0,num,25.2,num,30.1,num
2007,山形,0.8,num,all_listed,3.3,num,91.6,num,3126.1,num,1188.7,num,0.0,num,1783.8,num
2007,山梨,0.0,num,all_listed,0.0,num,89.1,num,50.7,num,307.9,num,13.7,num,25.0,num
2007,岐阜,0.2,num,all_listed,0.0,num,37.6,num,1602.8,num,1810.8,num,9.8,num,0.0,num
2007,岡山,2.5,num,all_listed,0.0,num,144.4,num,5.6,num,642.7,num,75.9,num,1409.1,num
2007,岩手,4.8,num,all_listed,2.7,num,1.0,num,148.8,num,4643.4,num,243.9,num,329.3,num
2007,島根,0.0,num,all_listed,0.0,num,52.7,num,69.6,num,1844.1,num,28.5,num,0.0,num
2007,広島,6.2,num,all_listed,0.0,num,51.0,num,0.7,num,832.9,num,16.9,num,257.1,num
2007,徳島,0.0,num,all_listed,0.0,num,1029.4,num,4.0,num,6632.0,num,2.5,num,0.0,num
2007,愛媛,0.0,num,all_listed,0.0,num,521.2,num,0.2,num,514.3,num,186.2,num,972.0,num
2007,愛知,0.0,num,all_listed,0.0,num,69.7,num,3.3,num,738.1,num,6.4,num,0.0,num
2007,新潟,0.0,num,all_listed,3.7,num,36.7,num,4084.7,num,2583.6,num,35.1,num,20748.1,num
2007,東京,0.0,num,all_listed,0.0,num,0.0,num,0.9,num,280.6,num,0.5,num,0.0,num
2007,栃木,0.0,num,all_listed,0.0,num,399.0,num,275.1,num,4134.0,num,151.8,num,0.0,num
2007,沖縄,0.0,num,all_listed,0.0,num,1.9,num,0.0,num,7.0,num,0.0,num,574.9,num
2007,滋賀,0.0,num,all_listed,0.0,num,5.5,num,1.3,num,508.1,num,4.2,num,0.0,num
2007,熊本,0.0,num,all_listed,0.0,num,2402.8,num,1.2,num,936.2,num,248.3,num,1743.7,num
2007,石川,0.6,num,all_listed,0.1,num,491.2,num,176.7,num,877.9,num,15.7,num,197.5,num
2007,神奈川,0.0,num,all_listed,0.0,num,49.0,num,14.0,num,214.8,num,0.5,num,0.0,num
2007,福井,0.0,num,all_listed,0.0,num,75.7,num,87.3,num,335.9,num,1.9,num,407.5,num
2007,福岡,0.0,num,all_listed,0.0,num,6810.6,num,31.3,num,623.5,num,21.0,num,6501.3,num
2007,福島,0.9,num,all_listed,0.3,num,8.1,num,2149.4,num,2847.3,num,51.5,num,63.2,num
2007,秋田,0.0,num,all_listed,0.0,num,0.0,num,358.8,num,2668.6,num,1.6,num,74.2,num
2007,群馬,0.0,num,all_listed,0.2,num,2.4,num,1894.7,num,5039.8,num,23.5,num,989.7,num
2007,茨城,0.0,num,all_listed,0.1,num,190.0,num,288.4,num,2449.3,num,68.5,num,0.0,num
2007,長崎,0.0,num,all_listed,0.0,num,32.1,num,319.2,num,2866.9,num,90.7,num,2455.8,num
2007,長野,26.1,num,all_listed,36.8,num,19.4,num,5033.5,num,906.3,num,10.1,num,77400.0,num
2007,青森,0.0,num,all_listed,6.8,num,0.0,num,789.3,num,319.8,num,0.8,num,179.6,num
2007,静岡,0.0,num,all_listed,0.0,num,1202.7,num,36.8,num,1773.6,num,138.5,num,25.7,num
2007,香川,0.0,num,all_listed,0.0,num,817.5,num,2.9,num,442.9,num,2.4,num,214.0,num
2007,高知,0.1,num,all_listed,0.0,num,369.1,num,1.8,num,409.1,num,22.7,num,496.4,num
2007,鳥取,0.6,num,all_listed,0.0,num,15.0,num,144.6,num,142.2,num,17.7,num,269.9,num
2007,鹿児島,0.0,num,all_listed,0.0,num,4748.0,num,0.0,num,1092.1,num,55.8,num,1821.8,num
2008,三重,0.0,num,all_listed,0.0,num,709.1,num,852.3,num,874.7,num,13.7,num,65.0,num
2008,京都,5.5,num,all_listed,0.0,num,57.0,num,1.1,num,386.8,num,7.5,num,15.0,num
2008,佐賀,0.0,num,all_listed,0.0,num,86.7,num,0.0,num,160.4,num,5.8,num,348.0,num
2008,兵庫,1.4,num,all_listed,0.0,num,190.2,num,36.4,num,1101.9,num,8.4,num,45.5,num
2008,北海道,0.0,num,all_listed,0.0,num,0.0,num,1295.3,num,5012.6,num,2.6,num,4026.2,num
2008,千葉,0.0,num,all_listed,0.0,num,346.3,num,31.6,num,1176.6,num,14.4,num,0.0,num
2008,和歌山,2.7,num,all_listed,0.0,num,301.0,num,121.1,num,1055.2,num,6.5,num,0.0,num
2008,埼玉,0.0,num,all_listed,0.0,num,0.0,num,175.4,num,987.1,num,11.4,num,1100.0,num
2008,大分,0.0,num,all_listed,0.0,num,458.0,num,602.2,num,1342.6,num,1489.0,num,2379.3,num
2008,大阪,0.1,num,all_listed,0.0,num,145.0,num,0.1,num,252.4,num,4.4,num,0.0,num
2008,奈良,0.6,num,all_listed,0.0,num,34.0,num,95.9,num,546.0,num,7.9,num,0.0,num
2008,宮城,0.0,num,all_listed,0.7,num,55.9,num,709.7,num,1095.3,num,13.3,num,1818.8,num
2008,宮崎,0.0,num,all_listed,0.0,num,662.1,num,122.8,num,1682.2,num,645.5,num,883.8,num
2008,富山,0.0,num,all_listed,0.0,num,109.0,num,394.0,num,1199.0,num,0.7,num,244.0,num
2008,山口,0.9,num,all_listed,0.0,num,97.8,num,0.5,num,303.0,num,31.0,num,20.0,num
2008,山形,1.3,num,all_listed,1.2,num,72.4,num,3867.0,num,1288.6,num,0.0,num,2625.0,num
2008,山梨,0.0,num,all_listed,0.0,num,103.2,num,44.8,num,296.2,num,13.6,num,24.2,num
2008,岐阜,0.1,num,all_listed,0.0,num,36.2,num,1790.7,num,1869.6,num,13.9,num,0.0,num
2008,岡山,10.4,num,all_listed,0.0,num,80.5,num,5.5,num,758.3,num,71.9,num,1388.8,num
2008,岩手,4.2,num,all_listed,4.5,num,0.4,num,114.2,num,4656.7,num,190.0,num,248.7,num
2008,島根,0.0,num,all_listed,0.0,num,55.7,num,69.6,num,2133.3,num,35.1,num,0.0,num
2008,広島,6.0,num,all_listed,0.0,num,40.5,num,0.7,num,933.3,num,16.6,num,212.2,num
2008,徳島,0.1,num,all_listed,0.0,num,1034.0,num,3.6,num,7573.6,num,6.1,num,0.0,num
2008,愛媛,0.0,num,all_listed,0.0,num,696.0,num,0.2,num,698.6,num,226.3,num,864.1,num
2008,愛知,0.0,num,all_listed,0.0,num,59.6,num,2.2,num,795.3,num,7.9,num,0.0,num
2008,新潟,0.0,num,all_listed,2.2,num,21.8,num,4004.0,num,2801.8,num,36.7,num,21343.6,num
2008,東京,0.0,num,all_listed,0.0,num,0.0,num,0.5,num,263.7,num,0.5,num,0.0,num
2008,栃木,0.0,num,all_listed,0.0,num,407.0,num,253.6,num,4258.8,num,161.9,num,0.0,num
2008,沖縄,0.0,num,all_listed,0.0,num,3.0,num,0.0,num,4.8,num,0.0,num,656.2,num
2008,滋賀,0.0,num,all_listed,0.0,num,0.0,num,0.0,num,517.6,num,2.2,num,0.0,num
2008,熊本,0.0,num,all_listed,0.0,num,2164.2,num,1.0,num,979.9,num,283.2,num,1407.0,num
2008,石川,0.5,num,all_listed,0.0,num,1026.0,num,173.7,num,817.3,num,21.2,num,218.8,num
2008,神奈川,0.0,num,all_listed,0.0,num,21.8,num,4.6,num,287.9,num,2.4,num,0.0,num
2008,福井,0.0,num,all_listed,0.0,num,132.5,num,90.9,num,320.7,num,1.8,num,373.4,num
2008,福岡,0.0,num,all_listed,0.0,num,10723.3,num,19.8,num,820.1,num,27.2,num,6395.7,num
2008,福島,0.3,num,all_listed,0.3,num,26.5,num,1892.6,num,2864.1,num,47.1,num,63.2,num
2008,秋田,0.5,num,all_listed,0.0,num,0.0,num,330.1,num,2909.0,num,2.3,num,56.9,num
2008,群馬,0.0,num,all_listed,0.1,num,1.6,num,1822.0,num,5248.2,num,21.8,num,933.3,num
2008,茨城,0.0,num,all_listed,0.1,num,177.0,num,288.2,num,2120.0,num,63.5,num,0.0,num
2008,長崎,0.0,num,all_listed,0.0,num,71.3,num,430.0,num,3023.0,num,91.6,num,2542.0,num
2008,長野,34.5,num,all_listed,36.3,num,25.1,num,5334.8,num,998.1,num,7.1,num,78100.0,num
2008,青森,0.0,num,all_listed,10.3,num,0.0,num,785.2,num,299.1,num,0.7,num,177.1,num
2008,静岡,0.0,num,all_listed,3.9,num,1192.5,num,32.7,num,1680.1,num,152.4,num,0.0,num
2008,香川,0.6,num,all_listed,0.0,num,1122.0,num,1.5,num,396.4,num,3.7,num,172.3,num
2008,高知,0.4,num,all_listed,0.0,num,433.6,num,2.3,num,452.9,num,23.9,num,442.4,num
2008,鳥取,0.5,num,all_listed,0.0,num,14.3,num,140.4,num,183.1,num,24.7,num,234.6,num
2008,鹿児島,0.0,num,all_listed,0.0,num,6932.0,num,0.0,num,916.0,num,47.9,num,1681.6,num
2009,三重,0.0,num,all_listed,0.0,num,528.3,num,862.6,num,938.3,num,13.1,num,65.0,num
2009,京都,2.4,num,all_listed,0.1,num,1710.0,num,0.6,num,380.7,num,5.1,num,15.0,num
2009,佐賀,0.0,num,all_listed,0.0,num,121.5,num,0.0,num,144.5,num,4.5,num,316.0,num
2009,兵庫,1.0,num,all_listed,0.0,num,204.1,num,25.8,num,1168.4,num,10.8,num,21.5,num
2009,北海道,0.0,num,all_listed,0.0,num,0.0,num,1284.8,num,6395.3,num,4.1,num,4288.1,num
2009,千葉,0.0,num,all_listed,0.0,num,326.4,num,106.9,num,1068.2,num,17.4,num,0.0,num
2009,和歌山,2.2,num,all_listed,0.0,num,163.7,num,127.1,num,1214.8,num,11.3,num,0.0,num
2009,埼玉,0.0,num,all_listed,0.0,num,1.7,num,178.7,num,972.0,num,12.0,num,1200.0,num
2009,大分,0.0,num,all_listed,0.3,num,408.9,num,503.5,num,1398.1,num,1374.6,num,2577.4,num
2009,大阪,0.0,num,all_listed,0.0,num,76.9,num,0.0,num,237.2,num,4.7,num,0.0,num
2009,奈良,0.2,num,all_listed,0.0,num,136.4,num,115.0,num,438.1,num,7.0,num,0.0,num
2009,宮城,0.2,num,all_listed,0.9,num,73.7,num,629.8,num,1424.6,num,17.2,num,1847.6,num
2009,宮崎,0.0,num,all_listed,0.0,num,934.6,num,90.7,num,1869.0,num,614.3,num,1222.4,num
2009,富山,0.0,num,all_listed,0.0,num,143.3,num,394.5,num,1276.4,num,0.9,num,216.4,num
2009,山口,0.2,num,all_listed,0.0,num,93.9,num,0.5,num,276.6,num,30.7,num,11.2,num
2009,山形,0.4,num,all_listed,2.3,num,91.1,num,4126.0,num,1346.3,num,0.0,num,2693.7,num
2009,山梨,0.0,num,all_listed,0.0,num,67.2,num,41.4,num,277.5,num,12.9,num,23.3,num
2009,岐阜,0.0,num,all_listed,0.0,num,88.8,num,1844.4,num,2120.3,num,15.2,num,0.0,num
2009,岡山,2.3,num,all_listed,0.0,num,65.0,num,5.4,num,666.6,num,64.6,num,1126.3,num
2009,岩手,4.3,num,all_listed,2.6,num,2.5,num,110.5,num,5351.0,num,175.6,num,340.6,num
2009,島根,0.0,num,all_listed,0.0,num,85.8,num,72.0,num,2154.8,num,29.2,num,0.0,num
2009,広島,1.4,num,all_listed,0.0,num,46.1,num,1.7,num,1033.2,num,7.6,num,300.6,num
2009,徳島,0.0,num,all_listed,0.0,num,1072.1,num,3.7,num,7877.1,num,3.0,num,0.0,num
2009,愛媛,0.0,num,all_listed,0.0,num,297.5,num,0.5,num,781.4,num,183.3,num,826.3,num
2009,愛知,0.0,num,all_listed,0.0,num,75.5,num,2.4,num,815.8,num,7.7,num,0.0,num
2009,新潟,0.0,num,all_listed,2.4,num,50.2,num,4109.2,num,2979.0,num,40.3,num,21811.0,num
2009,東京,0.0,num,all_listed,0.0,num,0.0,num,0.8,num,255.4,num,0.5,num,0.0,num
2009,栃木,0.0,num,all_listed,0.0,num,401.0,num,241.2,num,4229.8,num,160.7,num,0.0,num
2009,沖縄,0.0,num,all_listed,0.0,num,2.6,num,0.0,num,5.1,num,0.0,num,627.0,num
2009,滋賀,0.0,num,all_listed,0.0,num,0.3,num,0.0,num,548.7,num,2.6,num,0.0,num
2009,熊本,0.0,num,all_listed,0.0,num,3437.7,num,1.1,num,1081.5,num,242.4,num,1688.3,num
2009,石川,1.4,num,all_listed,0.1,num,680.5,num,169.3,num,852.6,num,19.0,num,208.4,num
2009,神奈川,0.0,num,all_listed,0.0,num,24.5,num,1.9,num,334.6,num,1.8,num,0.0,num
2009,福井,0.0,num,all_listed,0.0,num,71.7,num,28.6,num,320.8,num,1.5,num,373.6,num
2009,福岡,0.0,num,all_listed,0.0,num,8050.9,num,19.0,num,803.3,num,24.5,num,6649.0,num
2009,福島,0.1,num,all_listed,20.6,num,10.3,num,2136.3,num,3119.3,num,39.6,num,38.1,num
2009,秋田,0.3,num,all_listed,0.0,num,0.0,num,313.4,num,3679.7,num,1.6,num,50.7,num
2009,群馬,0.0,num,all_listed,0.1,num,2.1,num,1669.1,num,4947.4,num,23.3,num,936.2,num
2009,茨城,0.0,num,all_listed,0.1,num,32.5,num,272.1,num,1573.7,num,68.1,num,0.0,num
2009,長崎,0.0,num,all_listed,0.0,num,61.4,num,500.0,num,3228.3,num,102.6,num,2600.0,num
2009,長野,7.1,num,all_listed,132.0,num,30.4,num,5209.4,num,1086.0,num,8.0,num,83890.4,num
2009,青森,0.0,num,all_listed,6.3,num,0.0,num,783.6,num,299.6,num,0.3,num,173.9,num
2009,静岡,0.0,num,all_listed,0.0,num,879.5,num,21.9,num,1857.9,num,133.3,num,0.0,num
2009,香川,0.1,num,all_listed,0.0,num,931.3,num,3.4,num,403.7,num,2.3,num,172.6,num
2009,高知,0.1,num,all_listed,0.0,num,378.6,num,1.8,num,469.4,num,23.2,num,299.4,num
2009,鳥取,0.5,num,all_listed,0.0,num,16.8,num,127.6,num,189.7,num,22.7,num,325.0,num
2009,鹿児島,0.0,num,all_listed,0.0,num,8934.8,num,0.0,num,1124.0,num,51.4,num,1566.0,num
2010,三重,0.0,num,all_listed,0.0,num,725.3,num,858.5,num,971.3,num,9.7,num,46.0,num
2010,京都,3.5,num,all_listed,0.0,num,2121.9,num,0.3,num,211.6,num,2.7,num,15.0,num
2010,佐賀,0.0,num,all_listed,0.0,num,109.3,num,0.0,num,101.8,num,6.4,num,277.0,num
2010,兵庫,2.0,num,all_listed,0.0,num,289.1,num,0.9,num,1096.0,num,8.0,num,13.7,num
2010,北海道,0.0,num,all_listed,0.0,num,0.0,num,1481.6,num,6743.5,num,6.9,num,4050.8,num
2010,千葉,0.0,num,all_listed,0.0,num,279.7,num,102.0,num,915.1,num,11.9,num,0.0,num
2010,和歌山,3.4,num,all_listed,0.0,num,97.1,num,129.0,num,1171.6,num,6.3,num,0.0,num
2010,埼玉,0.0,num,all_listed,0.0,num,0.4,num,184.1,num,961.9,num,8.8,num,1200.0,num
2010,大分,0.0,num,all_listed,0.0,num,637.7,num,511.8,num,1515.2,num,1400.5,num,2762.4,num
2010,大阪,0.0,num,all_listed,0.0,num,140.0,num,0.0,num,152.8,num,6.2,num,0.0,num
2010,奈良,1.5,num,all_listed,0.0,num,117.8,num,120.2,num,381.3,num,8.0,num,0.0,num
2010,宮城,0.0,num,all_listed,0.0,num,117.8,num,658.4,num,1205.4,num,23.1,num,1758.2,num
2010,宮崎,0.0,num,all_listed,0.0,num,718.8,num,99.6,num,1974.1,num,590.6,num,1015.9,num
2010,富山,0.0,num,all_listed,0.0,num,125.2,num,362.9,num,1091.5,num,1.0,num,253.1,num
2010,山口,0.2,num,all_listed,0.0,num,167.8,num,1.8,num,217.1,num,23.3,num,16.2,num
2010,山形,1.5,num,all_listed,3.0,num,102.2,num,4854.6,num,1427.3,num,0.0,num,2691.3,num
2010,山梨,0.0,num,all_listed,0.0,num,87.0,num,41.8,num,299.3,num,10.8,num,23.2,num
2010,岐阜,0.1,num,all_listed,1.0,num,25.1,num,1917.5,num,2269.3,num,12.6,num,0.0,num
2010,岡山,2.1,num,all_listed,0.0,num,160.9,num,2.9,num,590.6,num,33.0,num,855.9,num
2010,岩手,27.7,num,all_listed,0.0,num,0.1,num,115.2,num,6934.7,num,201.1,num,348.0,num
2010,島根,0.0,num,all_listed,0.0,num,118.7,num,71.3,num,1864.9,num,24.6,num,0.0,num
2010,広島,2.7,num,all_listed,0.0,num,41.4,num,18.9,num,975.6,num,7.4,num,319.1,num
2010,徳島,0.0,num,all_listed,0.0,num,1043.5,num,3.3,num,8789.4,num,3.0,num,0.0,num
2010,愛媛,0.0,num,all_listed,0.0,num,917.3,num,0.7,num,802.0,num,212.6,num,920.7,num
2010,愛知,0.0,num,all_listed,0.0,num,52.4,num,2.2,num,828.2,num,7.1,num,0.0,num
2010,新潟,0.0,num,all_listed,0.0,num,54.0,num,3899.8,num,2705.1,num,38.1,num,22203.0,num
2010,東京,0.0,num,all_listed,0.0,num,0.0,num,0.6,num,286.9,num,0.5,num,0.0,num
2010,栃木,0.0,num,all_listed,0.0,num,394.3,num,224.8,num,4145.5,num,161.5,num,0.0,num
2010,沖縄,0.0,num,all_listed,0.0,num,2.4,num,0.0,num,5.6,num,0.0,num,686.2,num
2010,滋賀,0.0,num,all_listed,0.0,num,0.3,num,0.3,num,671.0,num,7.2,num,0.0,num
2010,熊本,0.0,num,all_listed,0.0,num,2952.9,num,9.0,num,1119.7,num,232.7,num,1503.5,num
2010,石川,6.5,num,all_listed,0.0,num,1208.0,num,174.0,num,990.1,num,17.0,num,149.8,num
2010,神奈川,0.0,num,all_listed,0.0,num,30.0,num,0.9,num,382.8,num,3.3,num,0.0,num
2010,福井,0.0,num,all_listed,0.0,num,120.3,num,36.2,num,330.4,num,1.7,num,364.9,num
2010,福岡,0.0,num,all_listed,0.0,num,13225.8,num,18.0,num,813.2,num,26.1,num,7182.0,num
2010,福島,1.9,num,all_listed,0.0,num,80.9,num,2195.4,num,3664.8,num,36.8,num,38.1,num
2010,秋田,0.9,num,all_listed,0.0,num,5.4,num,353.7,num,3753.1,num,1.7,num,34.2,num
2010,群馬,0.0,num,all_listed,0.0,num,1.4,num,1511.7,num,4821.1,num,25.0,num,876.6,num
2010,茨城,0.0,num,all_listed,0.0,num,14.0,num,181.6,num,1385.0,num,50.4,num,0.0,num
2010,長崎,0.0,num,all_listed,0.0,num,119.3,num,530.0,num,3496.0,num,80.9,num,2590.0,num
2010,長野,85.1,num,all_listed,158.0,num,19.1,num,5636.2,num,1239.2,num,8.4,num,86069.8,num
2010,青森,0.0,num,all_listed,37.5,num,0.0,num,796.9,num,259.9,num,0.2,num,184.3,num
2010,静岡,0.0,num,all_listed,0.0,num,1109.2,num,35.8,num,1450.7,num,107.9,num,0.0,num
2010,香川,0.3,num,all_listed,0.0,num,1021.7,num,2.8,num,339.7,num,1.9,num,201.9,num
2010,高知,0.2,num,all_listed,0.0,num,363.9,num,0.4,num,466.7,num,22.6,num,396.5,num
2010,鳥取,0.2,num,all_listed,0.0,num,35.3,num,113.4,num,213.7,num,19.3,num,325.7,num
2010,鹿児島,0.0,num,all_listed,0.0,num,10791.3,num,0.0,num,1047.3,num,47.5,num,1578.0,num
2011,三重,0.0,num,all_listed,0.0,num,305.7,num,803.6,num,843.0,num,10.3,num,46.0,num
2011,京都,1.6,num,all_listed,0.0,num,1941.5,num,0.3,num,197.8,num,3.0,num,15.0,num
2011,佐賀,0.0,num,all_listed,0.0,num,108.5,num,0.0,num,100.4,num,7.3,num,284.0,num
2011,兵庫,1.8,num,all_listed,0.0,num,113.6,num,0.6,num,1173.1,num,11.4,num,14.0,num
2011,北海道,0.0,num,all_listed,0.0,num,0.0,num,1469.1,num,7365.3,num,18.9,num,4149.0,num
2011,千葉,0.0,num,all_listed,0.0,num,230.0,num,83.8,num,775.2,num,14.5,num,0.0,num
2011,和歌山,2.9,num,all_listed,0.0,num,144.3,num,130.1,num,1100.3,num,4.9,num,0.0,num
2011,埼玉,0.0,num,all_listed,0.0,num,0.4,num,179.6,num,931.6,num,8.6,num,1200.0,num
2011,大分,0.0,num,all_listed,0.0,num,505.2,num,531.2,num,1506.8,num,1533.5,num,2651.6,num
2011,大阪,0.0,num,all_listed,0.0,num,102.3,num,0.0,num,139.8,num,1.2,num,0.0,num
2011,奈良,1.3,num,all_listed,0.0,num,113.9,num,110.0,num,377.5,num,10.2,num,0.0,num
2011,宮城,0.1,num,all_listed,0.0,num,61.5,num,612.5,num,981.9,num,17.3,num,1309.9,num
2011,宮崎,0.0,num,all_listed,0.0,num,861.9,num,99.2,num,1885.0,num,605.6,num,938.4,num
2011,富山,0.0,num,all_listed,0.0,num,92.0,num,365.2,num,1303.6,num,1.8,num,225.6,num
2011,山口,0.2,num,all_listed,0.0,num,94.5,num,1.7,num,169.9,num,21.9,num,5.5,num
2011,山形,0.1,num,all_listed,2.0,num,85.4,num,4211.5,num,1284.2,num,0.0,num,2171.0,num
2011,山梨,0.0,num,all_listed,0.0,num,47.2,num,36.0,num,265.6,num,10.1,num,8.5,num
2011,岐阜,0.0,num,all_listed,0.0,num,67.3,num,1709.3,num,2186.4,num,13.3,num,0.2,num
2011,岡山,2.7,num,all_listed,0.0,num,111.1,num,4.6,num,1007.7,num,35.8,num,381.1,num
2011,岩手,5.4,num,all_listed,0.0,num,0.2,num,128.2,num,5977.8,num,215.6,num,373.1,num
2011,島根,0.0,num,all_listed,0.0,num,145.9,num,77.0,num,1995.6,num,25.2,num,0.0,num
2011,広島,1.6,num,all_listed,0.0,num,25.0,num,10.7,num,975.2,num,16.7,num,357.0,num
2011,徳島,0.6,num,all_listed,0.0,num,729.1,num,2.8,num,8790.7,num,5.7,num,0.0,num
2011,愛媛,0.0,num,all_listed,0.0,num,300.3,num,0.9,num,705.6,num,263.6,num,890.5,num
2011,愛知,0.0,num,all_listed,0.0,num,35.8,num,1.1,num,764.7,num,7.0,num,0.0,num
2011,新潟,0.0,num,all_listed,2.0,num,42.7,num,4833.0,num,2284.7,num,33.5,num,21389.2,num
2011,東京,0.0,num,all_listed,0.0,num,0.0,num,0.8,num,289.2,num,0.5,num,0.0,num
2011,栃木,0.0,num,all_listed,0.0,num,241.5,num,184.4,num,3395.0,num,10.4,num,0.0,num
2011,沖縄,0.0,num,all_listed,0.0,num,0.4,num,0.0,num,5.4,num,0.0,num,674.1,num
2011,滋賀,0.0,num,all_listed,0.0,num,0.9,num,0.3,num,592.7,num,5.4,num,0.0,num
2011,熊本,0.0,num,all_listed,0.0,num,4083.7,num,21.5,num,1032.6,num,291.5,num,1556.6,num
2011,石川,1.4,num,all_listed,0.0,num,386.0,num,184.2,num,828.4,num,19.6,num,95.1,num
2011,神奈川,0.0,num,all_listed,0.0,num,18.1,num,1.6,num,311.6,num,3.2,num,0.0,num
2011,福井,0.0,num,all_listed,0.0,num,39.9,num,36.1,num,351.2,num,2.1,num,294.5,num
2011,福岡,0.0,num,all_listed,0.0,num,10034.5,num,14.1,num,658.3,num,29.2,num,7866.3,num
2011,福島,0.0,num,all_listed,0.0,num,37.5,num,1342.7,num,1894.4,num,11.6,num,25.9,num
2011,秋田,0.5,num,all_listed,0.0,num,1.1,num,424.0,num,3312.9,num,5.4,num,27.1,num
2011,群馬,0.0,num,all_listed,0.0,num,1.0,num,1401.1,num,4243.5,num,27.5,num,815.1,num
2011,茨城,0.0,num,all_listed,0.0,num,16.8,num,283.4,num,1138.3,num,61.4,num,0.0,num
2011,長崎,0.0,num,all_listed,0.0,num,46.2,num,600.2,num,3547.8,num,85.5,num,2700.0,num
2011,長野,13.9,num,all_listed,132.0,num,19.4,num,4595.4,num,905.4,num,8.5,num,89522.0,num
2011,青森,0.0,num,all_listed,38.4,num,0.0,num,801.3,num,279.9,num,0.3,num,174.6,num
2011,静岡,0.0,num,all_listed,0.0,num,765.3,num,16.0,num,1486.0,num,124.6,num,0.0,num
2011,香川,0.3,num,all_listed,0.0,num,652.1,num,0.5,num,227.4,num,8.6,num,243.8,num
2011,高知,1.5,num,all_listed,0.0,num,453.9,num,0.7,num,458.8,num,28.3,num,400.8,num
2011,鳥取,0.2,num,all_listed,0.0,num,26.0,num,115.4,num,220.0,num,23.4,num,373.6,num
2011,鹿児島,0.0,num,all_listed,0.0,num,9127.4,num,0.0,num,985.3,num,52.0,num,2009.9,num
2012,三重,0.0,zero_dash,positive_only,0.0,zero_dash,581.7,num,815.7,num,895.0,num,21.6,num,49.5,num
2012,京都,1.2,num,positive_only,0.0,zero_dash,2664.2,num,0.7,num,229.2,num,4.7,num,13.5,num
2012,佐賀,0.0,zero_dash,positive_only,0.0,zero_dash,118.1,num,0.0,zero_dash,95.3,num,5.8,num,235.0,num
2012,兵庫,1.6,num,positive_only,0.0,zero_dash,251.8,num,1.0,num,1093.8,num,11.3,num,12.0,num
2012,北海道,0.0,zero_dash,positive_only,0.0,zero_dash,0.0,zero_dash,1618.9,num,7963.3,num,15.6,num,4106.1,num
2012,千葉,0.0,zero_dash,positive_only,0.0,zero_dash,123.0,num,83.1,num,532.7,num,6.0,num,0.0,zero_dash
2012,和歌山,0.8,num,positive_only,0.0,zero_dash,64.4,num,130.2,num,1083.9,num,4.6,num,0.0,zero_dash
2012,埼玉,0.0,zero_dash,positive_only,0.0,zero_dash,0.0,zero_dash,179.8,num,932.7,num,11.7,num,1200.0,num
2012,大分,0.0,zero_dash,positive_only,0.0,zero_dash,917.1,num,432.6,num,1480.8,num,1783.2,num,2403.2,num
2012,大阪,0.0,zero_dash,positive_only,0.0,zero_dash,46.2,num,0.0,zero_dash,142.3,num,3.2,num,0.0,zero_dash
2012,奈良,1.2,num,positive_only,0.0,zero_dash,92.5,num,102.0,num,401.8,num,8.1,num,0.0,zero_dash
2012,宮城,0.1,num,positive_only,0.0,zero_dash,32.2,num,537.9,num,752.2,num,4.1,num,1330.3,num
2012,宮崎,0.0,zero_dash,positive_only,0.0,zero_dash,440.6,num,87.8,num,1870.6,num,652.11,num,1088.1,num
2012,富山,0.0,zero_dash,positive_only,0.0,zero_dash,86.5,num,344.5,num,1207.4,num,7.1,num,213.5,num
2012,山口,0.0,zero_dash,positive_only,0.0,zero_dash,162.5,num,1.5,num,147.9,num,19.2,num,6.3,num
2012,山形,0.1,num,positive_only,2.0,num,126.3,num,4206.5,num,1254.8,num,0.2,num,1538.0,num
2012,山梨,0.0,zero_dash,positive_only,0.0,zero_dash,67.4,num,36.2,num,179.6,num,9.8,num,11.1,num
2012,岐阜,0.0,zero_dash,positive_only,0.0,zero_dash,28.1,num,1606.8,num,1875.0,num,14.5,num,0.0,zero_dash
2012,岡山,0.4,num,positive_only,0.0,zero_dash,189.4,num,4.9,num,1081.5,num,29.3,num,386.6,num
2012,岩手,3.7,num,positive_only,0.0,zero_dash,0.1,num,126.5,num,5093.1,num,100.5,num,336.2,num
2012,島根,0.0,zero_dash,positive_only,0.0,zero_dash,131.1,num,73.0,num,1918.0,num,22.3,num,0.0,zero_dash
2012,広島,0.3,num,positive_only,0.0,zero_dash,29.1,num,12.8,num,948.8,num,7.9,num,350.7,num
2012,徳島,0.3,num,positive_only,0.0,zero_dash,1339.8,num,5.6,num,8154.2,num,4.4,num,0.0,zero_dash
2012,愛媛,0.0,zero_dash,positive_only,0.0,zero_dash,751.2,num,0.8,num,584.7,num,228.1,num,908.7,num
2012,愛知,0.0,zero_dash,positive_only,0.0,zero_dash,33.8,num,5.0,num,731.0,num,5.9,num,0.3,num
2012,新潟,0.0,zero_dash,positive_only,0.2,num,71.0,num,4999.0,num,2284.7,num,32.5,num,19902.2,num
2012,東京,0.0,zero_dash,positive_only,0.0,zero_dash,0.0,zero_dash,0.7,num,244.6,num,0.3,num,0.0,zero_dash
2012,栃木,0.0,zero_dash,positive_only,0.0,zero_dash,219.0,num,178.6,num,2439.2,num,3.3,num,0.0,zero_dash
2012,沖縄,0.0,zero_dash,positive_only,0.0,zero_dash,1.0,num,0.0,zero_dash,10.9,num,0.0,zero_dash,690.0,num
2012,滋賀,0.0,zero_dash,positive_only,0.0,zero_dash,0.2,num,0.7,num,484.7,num,4.3,num,0.0,zero_dash
2012,熊本,0.0,zero_dash,positive_only,0.0,zero_dash,3703.1,num,19.6,num,1100.0,num,290.8,num,1620.6,num
2012,石川,0.3,num,positive_only,0.0,zero_dash,908.6,num,183.5,num,911.2,num,19.4,num,112.2,num
2012,神奈川,0.0,zero_dash,positive_only,0.0,zero_dash,21.8,num,1.2,num,271.1,num,0.3,num,0.0,zero_dash
2012,福井,0.0,zero_dash,positive_only,0.0,zero_dash,116.8,num,36.1,num,257.2,num,2.3,num,360.3,num
2012,福岡,0.0,zero_dash,positive_only,0.0,zero_dash,13517.8,num,2.4,num,681.6,num,28.2,num,5051.5,num
2012,福島,0.1,num,positive_only,0.0,zero_dash,4.0,num,1685.4,num,1285.3,num,2.8,num,30.0,num
2012,秋田,0.2,num,positive_only,0.0,zero_dash,200.9,num,418.0,num,3112.2,num,4.0,num,163.0,num
2012,群馬,0.0,zero_dash,positive_only,0.0,zero_dash,30.2,num,1343.5,num,3965.5,num,9.0,num,618.5,num
2012,茨城,0.0,zero_dash,positive_only,0.0,zero_dash,12.1,num,278.8,num,686.8,num,5.0,num,0.0,zero_dash
2012,長崎,0.0,zero_dash,positive_only,0.0,zero_dash,160.9,num,600.0,num,3399.3,num,95.6,num,3000.0,num
2012,長野,4.9,num,positive_only,154.0,num,20.6,num,4967.3,num,879.3,num,10.0,num,85690.1,num
2012,青森,0.0,zero_dash,positive_only,38.4,num,0.0,zero_dash,557.2,num,283.7,num,0.2,num,183.1,num
2012,静岡,0.0,zero_dash,positive_only,0.0,zero_dash,497.3,num,13.7,num,1516.9,num,109.0,num,0.0,zero_dash
2012,香川,0.1,num,positive_only,0.0,zero_dash,1308.4,num,0.8,num,343.1,num,2.3,num,281.9,num
2012,高知,0.1,num,positive_only,0.0,zero_dash,512.6,num,0.4,num,431.7,num,25.1,num,390.9,num
2012,鳥取,0.3,num,positive_only,0.0,zero_dash,56.5,num,115.2,num,189.2,num,19.0,num,160.4,num
2012,鹿児島,0.0,zero_dash,positive_only,0.0,zero_dash,9604.2,num,0.1,num,1048.4,num,60.8,num,1653.5,num
2013,三重,0.0,num,all_listed,0.0,num,323.0,num,800.7,num,910.2,num,22.2,num,50.2,num
2013,京都,0.4,num,all_listed,0.0,num,2476.5,num,0.4,num,226.8,num,2.2,num,10.0,num
2013,佐賀,0.0,num,all_listed,0.0,num,109.8,num,0.1,num,100.3,num,6.9,num,230.0,num
2013,兵庫,0.3,num,all_listed,0.0,num,161.6,num,0.3,num,1179.8,num,9.6,num,11.0,num
2013,北海道,0.0,num,all_listed,0.0,num,0.0,num,1469.3,num,8149.9,num,25.3,num,4059.2,num
2013,千葉,0.0,num,all_listed,0.0,num,191.5,num,82.8,num,909.6,num,5.1,num,0.0,num
2013,和歌山,0.7,num,all_listed,0.0,num,76.9,num,125.2,num,1058.7,num,7.4,num,0.0,num
2013,埼玉,0.0,num,all_listed,0.0,num,0.0,num,180.9,num,932.9,num,8.4,num,1200.0,num
2013,大分,0.0,num,all_listed,0.0,num,620.7,num,578.8,num,1497.3,num,1599.3,num,2487.1,num
2013,大阪,0.0,num,all_listed,0.0,num,58.4,num,0.0,num,122.7,num,3.4,num,0.0,num
2013,奈良,0.3,num,all_listed,0.0,num,5.5,num,96.3,num,506.5,num,7.2,num,0.0,num
2013,宮城,0.2,num,all_listed,0.0,num,39.7,num,506.5,num,922.1,num,8.2,num,1740.5,num
2013,宮崎,0.0,num,all_listed,0.0,num,897.8,num,87.7,num,2188.9,num,615.8,num,830.7,num
2013,富山,0.0,num,all_listed,0.0,num,52.4,num,330.7,num,1319.9,num,3.4,num,204.0,num
2013,山口,0.0,num,all_listed,0.0,num,114.0,num,1.8,num,148.9,num,19.3,num,5.6,num
2013,山形,0.1,num,all_listed,2.0,num,98.0,num,3755.1,num,1530.1,num,0.2,num,1557.6,num
2013,山梨,0.0,num,all_listed,0.0,num,48.0,num,49.0,num,178.0,num,5.9,num,11.1,num
2013,岐阜,0.0,num,all_listed,0.0,num,65.9,num,1190.4,num,1894.4,num,11.1,num,0.1,num
2013,岡山,1.8,num,all_listed,0.0,num,90.0,num,7.8,num,933.4,num,26.1,num,417.0,num
2013,岩手,4.0,num,all_listed,0.0,num,0.0,num,181.7,num,5032.9,num,95.8,num,179.9,num
2013,島根,0.0,num,all_listed,0.0,num,133.0,num,71.2,num,1634.2,num,21.6,num,0.0,num
2013,広島,0.1,num,all_listed,0.0,num,7.6,num,20.6,num,872.4,num,7.8,num,356.0,num
2013,徳島,0.0,num,all_listed,0.0,num,1010.0,num,4.6,num,8541.6,num,4.9,num,0.0,num
2013,愛媛,0.0,num,all_listed,0.0,num,366.1,num,0.4,num,586.5,num,266.9,num,863.9,num
2013,愛知,0.0,num,all_listed,0.0,num,47.2,num,1.7,num,583.8,num,5.8,num,0.0,num
2013,新潟,0.0,num,all_listed,0.2,num,18.8,num,4609.7,num,2430.9,num,22.8,num,20629.2,num
2013,東京,0.0,num,all_listed,0.0,num,0.0,num,0.7,num,221.2,num,0.3,num,0.0,num
2013,栃木,0.0,num,all_listed,0.0,num,170.6,num,123.0,num,2173.8,num,2.9,num,0.0,num
2013,沖縄,0.0,num,all_listed,0.0,num,0.5,num,0.0,num,25.1,num,0.0,num,616.7,num
2013,滋賀,0.0,num,all_listed,0.0,num,0.9,num,0.8,num,448.7,num,2.5,num,0.0,num
2013,熊本,0.0,num,all_listed,0.0,num,3751.7,num,11.2,num,1076.7,num,255.1,num,1898.9,num
2013,石川,0.4,num,all_listed,0.0,num,267.5,num,213.3,num,709.7,num,13.7,num,113.9,num
2013,神奈川,0.0,num,all_listed,0.0,num,16.9,num,0.4,num,274.1,num,0.5,num,0.0,num
2013,福井,0.0,num,all_listed,0.0,num,15.7,num,30.0,num,245.5,num,2.8,num,401.9,num
2013,福岡,0.0,num,all_listed,0.0,num,5613.0,num,1.4,num,746.2,num,32.9,num,5054.6,num
2013,福島,0.0,num,all_listed,0.0,num,4.4,num,1755.0,num,1667.8,num,2.0,num,37.0,num
2013,秋田,0.1,num,all_listed,0.0,num,0.9,num,308.9,num,3065.0,num,3.5,num,175.4,num
2013,群馬,0.0,num,all_listed,0.0,num,17.4,num,1182.7,num,3610.3,num,6.0,num,578.6,num
2013,茨城,0.0,num,all_listed,0.0,num,27.0,num,104.0,num,619.4,num,1.2,num,0.0,num
2013,長崎,0.0,num,all_listed,0.0,num,80.2,num,500.0,num,3453.7,num,116.2,num,3200.0,num
2013,長野,29.0,num,all_listed,142.0,num,16.9,num,4318.5,num,1428.1,num,8.3,num,83903.4,num
2013,青森,0.0,num,all_listed,22.6,num,0.0,num,550.5,num,282.9,num,0.9,num,177.7,num
2013,静岡,0.0,num,all_listed,0.0,num,603.4,num,12.1,num,1642.3,num,111.5,num,0.0,num
2013,香川,0.2,num,all_listed,0.0,num,1088.7,num,1.0,num,293.6,num,2.8,num,291.5,num
2013,高知,0.0,num,all_listed,0.0,num,190.5,num,0.4,num,410.2,num,30.0,num,428.8,num
2013,鳥取,0.2,num,all_listed,0.0,num,54.1,num,115.7,num,189.4,num,20.9,num,249.3,num
2013,鹿児島,0.0,num,all_listed,0.0,num,5270.0,num,0.0,num,969.8,num,72.1,num,1676.2,num
2014,三重,0.0,num,all_listed,0.0,num,536.3,num,801.5,num,867.2,num,21.2,num,50.4,num
2014,京都,0.4,num,all_listed,0.0,num,2745.7,num,2.2,num,176.4,num,1.8,num,9.0,num
2014,佐賀,0.0,num,all_listed,0.0,num,96.3,num,0.1,num,119.1,num,7.2,num,211.6,num
2014,兵庫,0.1,num,all_listed,0.0,num,207.4,num,0.4,num,1081.2,num,9.6,num,11.0,num
2014,北海道,0.0,num,all_listed,0.2,num,0.0,num,1449.0,num,7556.6,num,21.8,num,4335.9,num
2014,千葉,0.0,num,all_listed,0.0,num,254.3,num,62.1,num,872.4,num,5.1,num,0.0,num
2014,和歌山,0.7,num,all_listed,0.0,num,63.6,num,130.1,num,1068.4,num,5.6,num,0.0,num
2014,埼玉,0.0,num,all_listed,0.0,num,8.1,num,199.0,num,870.8,num,6.7,num,1200.0,num
2014,大分,0.0,num,all_listed,0.0,num,465.8,num,633.3,num,1501.9,num,1513.5,num,2269.3,num
2014,大阪,0.0,num,all_listed,0.0,num,102.8,num,0.0,num,95.5,num,3.3,num,0.0,num
2014,奈良,0.2,num,all_listed,0.0,num,6.3,num,96.7,num,377.4,num,7.8,num,0.0,num
2014,宮城,0.1,num,all_listed,0.0,num,97.7,num,454.7,num,939.9,num,3.3,num,1508.0,num
2014,宮崎,0.0,num,all_listed,0.0,num,499.6,num,87.9,num,2090.9,num,553.9,num,756.7,num
2014,富山,0.0,num,all_listed,0.0,num,71.7,num,327.2,num,1375.1,num,0.9,num,242.7,num
2014,山口,0.0,num,all_listed,0.0,num,174.5,num,1.5,num,150.8,num,18.5,num,5.0,num
2014,山形,0.0,num,all_listed,2.0,num,86.2,num,3786.3,num,1541.1,num,0.1,num,1606.5,num
2014,山梨,0.0,num,all_listed,0.0,num,60.6,num,48.6,num,158.0,num,4.1,num,11.1,num
2014,岐阜,0.0,num,all_listed,0.0,num,17.4,num,392.6,num,1762.3,num,8.8,num,0.0,num
2014,岡山,1.5,num,all_listed,0.0,num,181.5,num,6.3,num,812.6,num,16.3,num,418.0,num
2014,岩手,3.5,num,all_listed,0.0,num,0.0,num,253.9,num,5155.0,num,96.6,num,138.0,num
2014,島根,0.0,num,all_listed,0.0,num,100.7,num,73.5,num,1737.1,num,19.8,num,0.0,num
2014,広島,0.1,num,all_listed,0.0,num,18.0,num,4.5,num,808.7,num,6.6,num,350.1,num
2014,徳島,0.0,num,all_listed,0.0,num,827.3,num,4.9,num,8619.4,num,5.7,num,0.0,num
2014,愛媛,0.0,num,all_listed,0.0,num,325.8,num,1.1,num,614.2,num,220.3,num,881.0,num
2014,愛知,0.0,num,all_listed,0.0,num,31.2,num,5.2,num,643.6,num,4.8,num,0.0,num
2014,新潟,0.0,num,all_listed,0.1,num,52.0,num,3868.8,num,2516.9,num,19.5,num,22059.3,num
2014,東京,0.0,num,all_listed,0.0,num,0.0,num,0.7,num,210.2,num,0.3,num,0.0,num
2014,栃木,0.0,num,all_listed,0.0,num,170.6,num,120.8,num,2170.1,num,2.8,num,0.0,num
2014,沖縄,0.0,num,all_listed,0.0,num,0.5,num,0.0,num,33.0,num,0.0,num,636.3,num
2014,滋賀,0.0,num,all_listed,0.0,num,0.2,num,0.8,num,441.1,num,3.2,num,0.0,num
2014,熊本,0.0,num,all_listed,0.0,num,4118.6,num,1.2,num,1081.0,num,221.0,num,1932.8,num
2014,石川,0.4,num,all_listed,0.0,num,802.7,num,191.9,num,631.8,num,13.6,num,124.4,num
2014,神奈川,0.0,num,all_listed,0.0,num,17.8,num,1.1,num,270.6,num,0.8,num,0.0,num
2014,福井,0.0,num,all_listed,0.0,num,98.9,num,32.1,num,237.5,num,2.8,num,452.5,num
2014,福岡,0.0,num,all_listed,0.0,num,14022.0,num,1.6,num,704.6,num,26.2,num,6246.0,num
2014,福島,0.0,num,all_listed,0.0,num,6.1,num,2229.9,num,1753.7,num,2.2,num,30.0,num
2014,秋田,0.0,num,all_listed,0.0,num,5.7,num,362.7,num,3532.1,num,4.2,num,216.4,num
2014,群馬,0.0,num,all_listed,0.0,num,30.4,num,1208.0,num,3608.3,num,4.6,num,594.7,num
2014,茨城,0.0,num,all_listed,0.0,num,29.8,num,103.2,num,667.4,num,0.4,num,0.0,num
2014,長崎,0.0,num,all_listed,0.0,num,143.2,num,452.0,num,3530.2,num,76.6,num,3310.0,num
2014,長野,34.9,num,all_listed,142.0,num,20.6,num,4066.1,num,1544.6,num,8.2,num,83470.0,num
2014,青森,0.0,num,all_listed,38.4,num,0.0,num,233.7,num,361.4,num,0.8,num,154.6,num
2014,静岡,0.0,num,all_listed,0.0,num,724.6,num,1.7,num,1321.6,num,107.9,num,0.0,num
2014,香川,0.1,num,all_listed,0.0,num,157.4,num,0.9,num,307.8,num,1.9,num,221.1,num
2014,高知,0.0,num,all_listed,0.0,num,282.8,num,0.0,num,305.4,num,23.4,num,401.3,num
2014,鳥取,0.1,num,all_listed,0.0,num,52.2,num,95.7,num,188.6,num,16.5,num,231.5,num
2014,鹿児島,0.0,num,all_listed,0.0,num,7405.5,num,0.0,num,1096.5,num,74.3,num,1833.9,num
2015,三重,0.0,num,all_listed,0.0,num,378.5,num,847.6,num,710.0,num,20.4,num,50.4,num
2015,京都,0.5,num,all_listed,0.0,num,2678.7,num,0.2,num,198.3,num,2.0,num,8.0,num
2015,佐賀,0.0,num,all_listed,0.0,num,100.2,num,0.5,num,116.8,num,5.6,num,280.0,num
2015,兵庫,0.3,num,all_listed,0.0,num,260.2,num,8.4,num,1246.9,num,10.4,num,26.7,num
2015,北海道,0.0,num,all_listed,0.2,num,0.0,num,1483.8,num,7214.2,num,32.6,num,3876.6,num
2015,千葉,0.0,num,all_listed,0.0,num,286.9,num,88.1,num,879.2,num,4.7,num,0.0,num
2015,和歌山,2.9,num,all_listed,0.0,num,83.1,num,130.1,num,1039.7,num,4.6,num,0.0,num
2015,埼玉,0.0,num,all_listed,0.0,num,7.5,num,198.9,num,899.8,num,8.4,num,1200.0,num
2015,大分,0.0,num,all_listed,0.0,num,655.5,num,718.1,num,1476.7,num,1115.3,num,2166.3,num
2015,大阪,0.0,num,all_listed,0.0,num,111.0,num,0.0,num,100.3,num,4.2,num,0.0,num
2015,奈良,0.4,num,all_listed,0.0,num,3.5,num,101.1,num,394.2,num,7.4,num,0.0,num
2015,宮城,0.4,num,all_listed,0.0,num,77.1,num,502.1,num,1037.0,num,2.9,num,1770.0,num
2015,宮崎,0.0,num,all_listed,0.0,num,928.5,num,87.9,num,2173.5,num,486.7,num,714.7,num
2015,富山,0.0,num,all_listed,0.0,num,64.6,num,331.1,num,1182.9,num,1.2,num,229.4,num
2015,山口,0.0,num,all_listed,0.0,num,187.9,num,0.2,num,151.1,num,13.9,num,4.3,num
2015,山形,0.2,num,all_listed,2.0,num,162.8,num,3894.4,num,1544.0,num,0.3,num,1530.9,num
2015,山梨,0.0,num,all_listed,0.0,num,27.8,num,48.7,num,134.5,num,3.1,num,11.1,num
2015,岐阜,0.0,num,all_listed,0.0,num,59.2,num,388.8,num,1775.2,num,9.0,num,0.0,num
2015,岡山,1.7,num,all_listed,0.0,num,171.2,num,11.9,num,791.6,num,11.9,num,354.0,num
2015,岩手,14.0,num,all_listed,0.0,num,0.0,num,281.6,num,4773.8,num,83.0,num,284.4,num
2015,島根,0.1,num,all_listed,0.0,num,112.0,num,73.5,num,1570.4,num,20.1,num,0.0,num
2015,広島,0.1,num,all_listed,0.0,num,12.4,num,10.7,num,752.1,num,4.7,num,324.0,num
2015,徳島,0.1,num,all_listed,0.0,num,1131.1,num,4.2,num,8417.5,num,6.0,num,0.0,num
2015,愛媛,0.0,num,all_listed,0.0,num,953.0,num,1.2,num,641.0,num,163.1,num,885.5,num
2015,愛知,0.0,num,all_listed,0.0,num,32.1,num,2.8,num,839.6,num,2.2,num,0.0,num
2015,新潟,0.0,num,all_listed,0.4,num,19.2,num,4784.1,num,2562.1,num,22.2,num,21001.0,num
2015,東京,0.0,num,all_listed,0.0,num,0.0,num,0.7,num,202.8,num,0.6,num,0.0,num
2015,栃木,0.0,num,all_listed,0.0,num,182.0,num,54.0,num,2485.6,num,6.5,num,0.0,num
2015,沖縄,0.0,num,all_listed,0.0,num,0.5,num,0.0,num,26.1,num,0.0,num,624.7,num
2015,滋賀,0.0,num,all_listed,0.0,num,1.0,num,0.5,num,491.3,num,4.4,num,0.0,num
2015,熊本,0.0,num,all_listed,0.0,num,4181.4,num,1.1,num,985.1,num,202.5,num,1953.4,num
2015,石川,0.6,num,all_listed,0.0,num,304.2,num,161.6,num,577.5,num,15.1,num,136.3,num
2015,神奈川,0.0,num,all_listed,0.0,num,16.9,num,0.5,num,303.5,num,1.4,num,0.0,num
2015,福井,0.0,num,all_listed,0.0,num,34.7,num,32.0,num,260.0,num,3.4,num,443.7,num
2015,福岡,0.0,num,all_listed,0.0,num,7388.2,num,6.9,num,709.4,num,19.7,num,5344.0,num
2015,福島,0.2,num,all_listed,0.0,num,8.7,num,2159.5,num,2004.0,num,3.3,num,30.3,num
2015,秋田,0.1,num,all_listed,0.0,num,3.7,num,378.5,num,3878.2,num,2.7,num,174.8,num
2015,群馬,0.0,num,all_listed,0.0,num,37.7,num,1120.5,num,3779.7,num,4.8,num,523.6,num
2015,茨城,0.0,num,all_listed,0.0,num,27.7,num,182.8,num,771.4,num,0.4,num,0.0,num
2015,長崎,0.0,num,all_listed,0.0,num,82.2,num,507.1,num,3655.8,num,82.2,num,3613.0,num
2015,長野,48.9,num,all_listed,130.0,num,19.6,num,3979.6,num,1359.6,num,5.8,num,81212.5,num
2015,青森,0.0,num,all_listed,38.4,num,0.0,num,241.5,num,319.4,num,0.5,num,139.8,num
2015,静岡,0.0,num,all_listed,0.0,num,550.9,num,1.2,num,1700.8,num,104.1,num,0.0,num
2015,香川,0.1,num,all_listed,0.0,num,1473.1,num,1.0,num,414.7,num,1.2,num,302.9,num
2015,高知,0.1,num,all_listed,0.0,num,321.9,num,0.0,num,307.3,num,29.2,num,396.3,num
2015,鳥取,0.2,num,all_listed,0.0,num,59.6,num,67.5,num,225.9,num,16.5,num,250.1,num
2015,鹿児島,0.0,num,all_listed,0.0,num,5781.9,num,0.0,num,1204.3,num,80.5,num,1820.1,num
2016,三重,0.0,zero_dash,positive_only,0.0,zero_dash,704.0,num,823.2,num,676.4,num,18.6,num,50.4,num
2016,京都,0.2,num,positive_only,0.0,zero_dash,2713.2,num,0.6,num,167.6,num,1.5,num,6.5,num
2016,佐賀,0.0,zero_dash,positive_only,0.0,zero_dash,109.8,num,0.7,num,101.8,num,6.9,num,250.0,num
2016,兵庫,0.2,num,positive_only,0.0,zero_dash,253.6,num,8.1,num,1342.3,num,12.2,num,31.3,num
2016,北海道,0.0,zero_dash,positive_only,1.4,num,0.0,zero_dash,1515.4,num,7613.5,num,38.9,num,3681.8,num
2016,千葉,0.0,zero_dash,positive_only,0.0,zero_dash,316.2,num,88.7,num,1109.8,num,5.7,num,0.0,num
2016,和歌山,0.8,num,positive_only,0.0,zero_dash,79.3,num,130.4,num,966.7,num,5.5,num,0.0,num
2016,埼玉,0.0,zero_dash,positive_only,0.0,zero_dash,7.4,num,233.4,num,915.1,num,8.5,num,1200.0,num
2016,大分,0.0,zero_dash,positive_only,0.0,zero_dash,525.5,num,752.5,num,1536.9,num,1143.6,num,2718.0,num
2016,大阪,0.0,zero_dash,positive_only,0.0,zero_dash,51.6,num,0.0,zero_dash,107.4,num,4.4,num,0.0,num
2016,奈良,0.4,num,positive_only,0.0,zero_dash,6.0,num,96.0,num,417.7,num,6.6,num,0.0,num
2016,宮城,0.6,num,positive_only,0.0,zero_dash,92.5,num,433.6,num,970.8,num,5.5,num,2684.9,num
2016,宮崎,0.0,num,positive_only,0.0,zero_dash,749.0,num,87.8,num,2384.5,num,523.3,num,772.5,num
2016,富山,0.0,zero_dash,positive_only,0.0,zero_dash,91.9,num,332.1,num,1015.7,num,0.7,num,179.8,num
2016,山口,0.0,zero_dash,positive_only,0.0,zero_dash,144.8,num,3.2,num,220.1,num,15.8,num,3.1,num
2016,山形,0.6,num,positive_only,0.0,zero_dash,220.3,num,4402.2,num,1531.8,num,0.8,num,1641.3,num
2016,山梨,0.0,zero_dash,positive_only,0.0,zero_dash,52.0,num,46.1,num,156.8,num,3.4,num,11.1,num
2016,岐阜,0.0,zero_dash,positive_only,0.0,zero_dash,1.0,num,410.4,num,2067.6,num,4.9,num,0.0,num
2016,岡山,1.9,num,positive_only,0.0,zero_dash,176.6,num,4.2,num,937.4,num,14.7,num,301.0,num
2016,岩手,20.7,num,positive_only,0.0,zero_dash,1.1,num,200.1,num,4826.6,num,85.6,num,59.7,num
2016,島根,0.1,num,positive_only,0.0,zero_dash,76.8,num,9.8,num,1687.1,num,21.1,num,0.0,num
2016,広島,0.1,num,positive_only,0.0,zero_dash,24.4,num,4.0,num,749.6,num,7.0,num,249.3,num
2016,徳島,0.0,num,positive_only,0.0,zero_dash,697.6,num,3.4,num,8289.0,num,5.9,num,0.0,num
2016,愛媛,0.0,num,positive_only,0.0,zero_dash,733.4,num,1.1,num,609.7,num,179.7,num,865.4,num
2016,愛知,0.0,zero_dash,positive_only,0.0,zero_dash,29.4,num,1.8,num,947.8,num,3.8,num,0.0,num
2016,新潟,0.0,num,positive_only,0.7,num,47.1,num,4805.9,num,2437.7,num,20.8,num,20764.6,num
2016,東京,0.0,zero_dash,positive_only,0.0,zero_dash,0.0,zero_dash,0.7,num,202.3,num,0.3,num,0.0,num
2016,栃木,0.0,zero_dash,positive_only,0.0,zero_dash,194.1,num,59.1,num,2451.1,num,16.7,num,0.0,num
2016,沖縄,0.0,zero_dash,positive_only,0.0,zero_dash,1.8,num,0.0,zero_dash,26.1,num,0.0,zero_dash,625.2,num
2016,滋賀,0.0,zero_dash,positive_only,0.0,zero_dash,0.1,num,0.1,num,430.4,num,1.6,num,0.0,num
2016,熊本,0.0,zero_dash,positive_only,0.0,zero_dash,3429.4,num,2.7,num,899.4,num,204.6,num,1918.8,num
2016,石川,0.8,num,positive_only,0.0,zero_dash,860.8,num,144.3,num,483.8,num,14.2,num,99.2,num
2016,神奈川,0.0,zero_dash,positive_only,0.0,zero_dash,17.7,num,0.6,num,294.8,num,0.7,num,0.0,num
2016,福井,0.0,zero_dash,positive_only,0.0,zero_dash,120.5,num,29.1,num,213.8,num,3.8,num,340.5,num
2016,福岡,0.0,zero_dash,positive_only,0.0,zero_dash,12383.0,num,7.3,num,684.6,num,21.8,num,5107.6,num
2016,福島,0.1,num,positive_only,0.0,zero_dash,0.1,num,1994.8,num,2444.4,num,6.7,num,30.2,num
2016,秋田,0.0,num,positive_only,0.0,zero_dash,6.0,num,383.2,num,4223.6,num,2.4,num,25.1,num
2016,群馬,0.0,zero_dash,positive_only,0.0,zero_dash,38.2,num,1015.7,num,3990.8,num,8.0,num,591.9,num
2016,茨城,0.0,zero_dash,positive_only,0.0,zero_dash,68.1,num,154.8,num,854.6,num,3.8,num,0.0,num
2016,長崎,0.0,zero_dash,positive_only,0.0,zero_dash,124.8,num,467.1,num,3432.6,num,78.1,num,3812.0,num
2016,長野,42.5,num,positive_only,134.0,num,18.9,num,3984.0,num,1492.8,num,7.0,num,82325.0,num
2016,青森,0.0,zero_dash,positive_only,38.4,num,0.0,zero_dash,221.1,num,239.9,num,0.5,num,139.8,num
2016,静岡,0.0,zero_dash,positive_only,0.0,zero_dash,1538.8,num,1.8,num,1544.0,num,103.8,num,0.0,num
2016,香川,0.1,num,positive_only,0.0,zero_dash,1472.5,num,0.9,num,368.1,num,0.9,num,294.9,num
2016,高知,0.1,num,positive_only,0.0,zero_dash,428.9,num,0.1,num,323.2,num,24.2,num,396.0,num
2016,鳥取,0.2,num,positive_only,0.0,zero_dash,60.2,num,72.6,num,232.1,num,18.2,num,355.2,num
2016,鹿児島,0.0,zero_dash,positive_only,0.0,zero_dash,6923.6,num,0.0,zero_dash,1086.8,num,71.7,num,1765.3,num
2017,三重,0.0,zero_dash,positive_only,0.0,zero_dash,227.1,num,827.7,num,732.9,num,16.4,num,45.0,num
2017,京都,0.7,num,positive_only,0.0,zero_dash,2202.4,num,0.9,num,173.7,num,2.1,num,6.6,num
2017,佐賀,0.0,zero_dash,positive_only,0.0,zero_dash,68.1,num,0.2,num,103.8,num,6.9,num,220.0,num
2017,兵庫,0.0,num,positive_only,0.0,zero_dash,227.3,num,9.8,num,1202.8,num,9.4,num,30.2,num
2017,北海道,0.0,zero_dash,positive_only,0.5,num,0.0,zero_dash,1400.1,num,7640.3,num,65.6,num,3891.6,num
2017,千葉,0.0,zero_dash,positive_only,0.0,zero_dash,347.9,num,87.9,num,1139.0,num,7.7,num,0.0,zero_dash
2017,和歌山,0.7,num,positive_only,0.0,zero_dash,80.3,num,143.3,num,1036.3,num,6.8,num,0.0,zero_dash
2017,埼玉,0.0,zero_dash,positive_only,0.0,zero_dash,8.4,num,233.4,num,869.0,num,8.3,num,1200.0,num
2017,大分,0.0,zero_dash,positive_only,0.0,zero_dash,427.7,num,540.4,num,1488.0,num,1044.2,num,2973.4,num
2017,大阪,0.1,num,positive_only,0.0,zero_dash,71.1,num,0.1,num,108.6,num,4.6,num,0.0,zero_dash
2017,奈良,0.3,num,positive_only,0.0,zero_dash,3.8,num,102.1,num,395.4,num,5.4,num,0.0,zero_dash
2017,宮城,0.3,num,positive_only,0.0,zero_dash,85.4,num,442.0,num,1067.2,num,7.2,num,1761.6,num
2017,宮崎,0.0,num,positive_only,0.0,zero_dash,555.8,num,87.9,num,2822.2,num,417.2,num,721.3,num
2017,富山,0.0,zero_dash,positive_only,0.0,zero_dash,40.0,num,334.6,num,1132.0,num,0.7,num,235.1,num
2017,山口,0.0,num,positive_only,0.0,zero_dash,150.4,num,0.2,num,212.9,num,23.6,num,3.5,num
2017,山形,0.1,num,positive_only,0.0,zero_dash,171.1,num,4843.3,num,1494.3,num,1.5,num,1708.0,num
2017,山梨,0.0,zero_dash,positive_only,0.0,zero_dash,22.5,num,43.8,num,176.4,num,3.2,num,11.1,num
2017,岐阜,0.0,zero_dash,positive_only,0.0,zero_dash,59.6,num,424.1,num,2162.5,num,5.4,num,0.0,zero_dash
2017,岡山,1.1,num,positive_only,0.0,zero_dash,163.5,num,2.9,num,1052.9,num,15.6,num,250.8,num
2017,岩手,8.7,num,positive_only,0.0,zero_dash,1.1,num,229.6,num,4452.4,num,89.2,num,7.8,num
2017,島根,0.0,num,positive_only,0.0,zero_dash,91.3,num,6.7,num,1712.8,num,17.9,num,0.0,zero_dash
2017,広島,0.2,num,positive_only,0.0,zero_dash,11.9,num,11.4,num,706.1,num,6.7,num,403.2,num
2017,徳島,0.0,zero_dash,positive_only,0.0,zero_dash,649.6,num,0.0,zero_dash,8150.4,num,5.4,num,0.0,zero_dash
2017,愛媛,0.0,num,positive_only,0.0,zero_dash,292.6,num,1.2,num,631.0,num,153.4,num,883.2,num
2017,愛知,0.0,zero_dash,positive_only,0.0,zero_dash,35.4,num,1.9,num,879.1,num,6.9,num,0.0,zero_dash
2017,新潟,0.0,zero_dash,positive_only,1.0,num,20.6,num,4845.3,num,2662.3,num,19.2,num,20025.2,num
2017,東京,0.0,zero_dash,positive_only,0.0,zero_dash,0.0,zero_dash,0.7,num,202.5,num,0.3,num,0.0,zero_dash
2017,栃木,0.0,zero_dash,positive_only,0.0,zero_dash,192.5,num,71.6,num,2666.0,num,22.3,num,0.0,zero_dash
2017,沖縄,0.0,zero_dash,positive_only,0.0,zero_dash,2.2,num,0.0,zero_dash,32.2,num,0.0,zero_dash,610.4,num
2017,滋賀,0.0,zero_dash,positive_only,0.0,zero_dash,2.2,num,0.4,num,127.7,num,1.6,num,0.0,zero_dash
2017,熊本,0.1,num,positive_only,0.0,zero_dash,3738.4,num,3.3,num,784.1,num,202.5,num,2057.6,num
2017,石川,0.4,num,positive_only,0.0,zero_dash,264.0,num,130.0,num,630.1,num,9.9,num,86.3,num
2017,神奈川,0.0,zero_dash,positive_only,0.0,zero_dash,15.2,num,0.2,num,264.1,num,0.8,num,0.0,zero_dash
2017,福井,0.0,zero_dash,positive_only,0.0,zero_dash,38.0,num,29.0,num,215.6,num,3.7,num,299.3,num
2017,福岡,0.0,zero_dash,positive_only,0.0,zero_dash,5563.4,num,6.4,num,653.2,num,21.6,num,4716.2,num
2017,福島,0.1,num,positive_only,0.0,zero_dash,10.8,num,1924.0,num,2675.4,num,3.6,num,14.5,num
2017,秋田,0.0,zero_dash,positive_only,0.0,zero_dash,3.4,num,364.6,num,4108.5,num,4.1,num,0.0,zero_dash
2017,群馬,0.0,zero_dash,positive_only,0.0,zero_dash,31.9,num,1089.5,num,4024.5,num,19.6,num,526.6,num
2017,茨城,0.0,zero_dash,positive_only,0.0,zero_dash,72.2,num,158.1,num,858.2,num,3.0,num,0.0,zero_dash
2017,長崎,0.0,zero_dash,positive_only,0.0,zero_dash,42.7,num,455.1,num,3404.0,num,69.8,num,3801.0,num
2017,長野,5.1,num,positive_only,111.3,num,25.1,num,4341.4,num,1284.4,num,4.8,num,86711.9,num
2017,青森,0.0,zero_dash,positive_only,38.4,num,0.0,num,233.9,num,267.8,num,0.5,num,143.9,num
2017,静岡,0.0,zero_dash,positive_only,0.0,zero_dash,596.8,num,3.8,num,1436.9,num,101.6,num,1.0,num
2017,香川,0.1,num,positive_only,0.0,zero_dash,1129.0,num,0.5,num,361.6,num,1.2,num,138.1,num
2017,高知,0.1,num,positive_only,0.0,zero_dash,353.2,num,0.2,num,292.8,num,26.1,num,462.4,num
2017,鳥取,0.1,num,positive_only,0.0,zero_dash,59.5,num,70.7,num,225.5,num,23.2,num,353.0,num
2017,鹿児島,0.0,zero_dash,positive_only,0.0,zero_dash,5426.5,num,0.0,zero_dash,919.3,num,73.1,num,1445.5,num
2018,三重,0.0,zero_dash,positive_only,,,578.7,num,834.9,gap_w_suppression,730.5,num,14.8,num,0.0,zero_dash
2018,京都,1.3,num,positive_only,,,2281.2,num,1.5,gap_w_suppression,209.4,num,2.3,num,,suppressed_x
2018,佐賀,0.0,zero_dash,positive_only,,,86.1,num,,suppressed_x,94.8,num,6.9,num,,suppressed_x
2018,兵庫,0.1,num,positive_only,,,126.4,num,18.2,gap_w_suppression,853.0,num,9.4,num,,suppressed_x
2018,北海道,0.0,zero_dash,positive_only,,,0.0,zero_dash,1362.1,gap_w_suppression,7239.7,num,59.0,num,3493.8,gap_w_suppression
2018,千葉,0.0,zero_dash,positive_only,,,332.7,num,75.7,gap_w_suppression,1786.2,num,7.1,num,0.0,zero_dash
2018,和歌山,0.8,num,positive_only,,,67.9,num,150.9,gap_w_suppression,1097.1,num,3.6,num,0.0,zero_dash
2018,埼玉,0.0,zero_dash,positive_only,,,16.0,num,280.5,gap_w_suppression,694.2,num,10.9,num,,suppressed_x
2018,大分,0.0,zero_dash,positive_only,,,424.2,num,705.4,gap_w_suppression,1752.1,num,1038.3,num,2615.5,gap_w_suppression
2018,大阪,,suppressed_x,positive_only,,,68.5,num,,suppressed_x,101.2,num,7.7,num,0.0,zero_dash
2018,奈良,,suppressed_x,positive_only,,,4.7,num,,suppressed_x,390.3,num,5.9,num,0.0,zero_dash
2018,宮城,0.1,num,positive_only,,,151.7,num,902.1,gap_w_suppression,917.3,num,9.3,num,1605.0,gap_w_suppression
2018,宮崎,,suppressed_x,positive_only,,,182.5,num,,suppressed_x,2935.5,num,476.9,num,5705.9,gap_w_suppression
2018,富山,0.0,zero_dash,positive_only,,,57.1,num,327.5,gap_w_suppression,1165.2,num,0.9,num,227.5,gap_w_suppression
2018,山口,,suppressed_x,positive_only,,,140.1,num,0.2,gap_w_suppression,285.0,num,22.2,num,,suppressed_x
2018,山形,0.1,num,positive_only,,,228.0,num,4932.1,gap_w_suppression,1348.9,num,8.1,num,1561.6,gap_w_suppression
2018,山梨,0.0,zero_dash,positive_only,,,37.9,num,37.5,gap_w_suppression,159.9,num,3.0,num,,suppressed_x
2018,岐阜,0.0,zero_dash,positive_only,,,11.9,num,427.4,gap_w_suppression,2695.8,num,3.9,num,0.0,zero_dash
2018,岡山,1.2,num,positive_only,,,186.5,num,3.4,gap_w_suppression,1035.9,num,14.2,num,,suppressed_x
2018,岩手,9.0,num,positive_only,,,0.8,num,219.6,gap_w_suppression,4194.7,num,118.6,num,122.0,gap_w_suppression
2018,島根,0.0,num,positive_only,,,78.5,num,3.2,gap_w_suppression,1706.6,num,17.4,num,0.0,zero_dash
2018,広島,0.3,num,positive_only,,,25.3,num,13.4,gap_w_suppression,735.6,num,5.4,num,,suppressed_x
2018,徳島,,suppressed_x,positive_only,,,715.2,num,0.1,gap_w_suppression,8110.7,num,4.5,num,0.0,zero_dash
2018,愛媛,7.0,num,positive_only,,,508.4,num,4.2,gap_w_suppression,642.3,num,163.3,num,890.6,gap_w_suppression
2018,愛知,0.0,zero_dash,positive_only,,,33.0,num,0.8,gap_w_suppression,829.1,num,15.7,num,0.0,zero_dash
2018,新潟,0.0,zero_dash,positive_only,,,44.1,num,4969.3,gap_w_suppression,2626.0,num,17.1,num,19704.8,gap_w_suppression
2018,東京,0.0,zero_dash,positive_only,,,0.0,zero_dash,0.6,gap_w_suppression,201.7,num,0.3,num,0.0,zero_dash
2018,栃木,0.0,zero_dash,positive_only,,,189.7,num,47.8,gap_w_suppression,3057.7,num,27.9,num,0.0,zero_dash
2018,沖縄,0.0,zero_dash,positive_only,,,1.7,num,0.0,zero_dash,24.9,num,0.0,zero_dash,,suppressed_x
2018,滋賀,0.0,zero_dash,positive_only,,,0.9,num,0.5,gap_w_suppression,369.4,num,1.0,num,0.0,zero_dash
2018,熊本,0.0,zero_dash,positive_only,,,3089.3,num,5.3,gap_w_suppression,743.7,num,208.8,num,1976.6,gap_w_suppression
2018,石川,0.6,num,positive_only,,,694.7,num,140.2,gap_w_suppression,553.6,num,10.4,num,,suppressed_x
2018,神奈川,0.0,zero_dash,positive_only,,,18.0,num,0.1,gap_w_suppression,196.8,num,1.4,num,0.0,zero_dash
2018,福井,0.0,zero_dash,positive_only,,,100.5,num,29.0,gap_w_suppression,214.6,num,2.4,num,296.0,gap_w_suppression
2018,福岡,0.0,zero_dash,positive_only,,,6199.1,num,1.1,gap_w_suppression,528.3,num,12.5,num,5196.4,gap_w_suppression
2018,福島,0.0,num,positive_only,,,20.2,num,1464.2,gap_w_suppression,2744.4,num,4.9,num,0.0,zero_dash
2018,秋田,0.0,zero_dash,positive_only,,,5.8,num,353.3,gap_w_suppression,4135.0,num,2.9,num,0.0,zero_dash
2018,群馬,0.0,zero_dash,positive_only,,,56.7,num,1109.7,gap_w_suppression,3988.8,num,18.9,num,404.8,gap_w_suppression
2018,茨城,0.0,zero_dash,positive_only,,,78.5,num,163.7,gap_w_suppression,853.5,num,3.6,num,0.0,zero_dash
2018,長崎,0.0,zero_dash,positive_only,,,35.3,num,,suppressed_x,3388.2,num,62.3,num,,suppressed_x
2018,長野,42.1,num,positive_only,,,40.5,num,3880.7,gap_w_suppression,1639.5,num,7.0,num,87940.6,gap_w_suppression
2018,青森,0.0,zero_dash,positive_only,,,0.0,zero_dash,164.4,gap_w_suppression,256.2,num,0.0,zero_dash,,suppressed_x
2018,静岡,0.0,zero_dash,positive_only,,,790.1,num,6.9,gap_w_suppression,1437.6,num,102.3,num,0.0,zero_dash
2018,香川,0.1,num,positive_only,,,1104.2,num,0.4,gap_w_suppression,244.4,num,1.2,num,,suppressed_x
2018,高知,0.1,num,positive_only,,,398.7,num,0.5,gap_w_suppression,378.7,num,26.9,num,472.4,gap_w_suppression
2018,鳥取,0.1,num,positive_only,,,65.1,num,70.3,gap_w_suppression,234.5,num,22.5,num,385.9,gap_w_suppression
2018,鹿児島,0.0,zero_dash,positive_only,,,6087.5,num,0.0,zero_dash,861.5,num,71.0,num,1243.0,gap_w_suppression
2019,三重,0.0,zero_dash,positive_only,,item_unobserved,210.6,num,842.8,num,652.2,num,15.4,num,0.0,num
2019,京都,0.8,num,positive_only,,item_unobserved,2510.8,num,1.4,num,209.9,num,2.9,num,0.0,num
2019,佐賀,0.0,zero_dash,positive_only,,item_unobserved,71.3,num,0.1,num,79.9,num,6.4,num,178.2,num
2019,兵庫,0.1,num,positive_only,,item_unobserved,184.1,num,16.7,num,839.9,num,8.5,num,28.7,num
2019,北海道,0.0,zero_dash,positive_only,,item_unobserved,0.0,zero_dash,1345.3,num,6719.4,num,30.4,num,3350.2,num
2019,千葉,0.0,zero_dash,positive_only,,item_unobserved,310.9,num,58.4,num,2082.2,num,7.9,num,0.0,num
2019,和歌山,0.4,num,positive_only,,item_unobserved,82.7,num,150.2,num,1162.2,num,4.4,num,0.0,num
2019,埼玉,0.0,zero_dash,positive_only,,item_unobserved,11.5,num,286.6,num,670.3,num,10.0,num,1165.0,num
2019,大分,0.0,zero_dash,positive_only,,item_unobserved,340.0,num,700.7,num,1793.8,num,948.0,num,2598.9,num
2019,大阪,0.0,zero_dash,positive_only,,item_unobserved,39.2,num,0.1,num,97.7,num,7.6,num,0.0,num
2019,奈良,,suppressed_x,positive_only,,item_unobserved,3.9,num,102.8,num,365.8,num,4.0,num,0.0,num
2019,宮城,0.1,num,positive_only,,item_unobserved,101.8,num,942.9,num,1075.9,num,4.5,num,1534.8,num
2019,宮崎,,suppressed_x,positive_only,,item_unobserved,861.9,num,87.9,num,3101.2,num,421.5,num,5645.9,num
2019,富山,0.0,zero_dash,positive_only,,item_unobserved,31.6,num,1.2,num,1402.4,num,12.6,num,168.6,num
2019,山口,,suppressed_x,positive_only,,item_unobserved,132.4,num,0.4,num,339.1,num,27.2,num,2.3,num
2019,山形,0.0,num,positive_only,,item_unobserved,193.7,num,5084.9,num,1281.6,num,2.2,num,1488.1,num
2019,山梨,0.0,zero_dash,positive_only,,item_unobserved,17.9,num,48.7,num,162.4,num,1.7,num,12.0,num
2019,岐阜,0.0,zero_dash,positive_only,,item_unobserved,44.9,num,527.7,num,2424.6,num,3.6,num,0.0,num
2019,岡山,1.1,num,positive_only,,item_unobserved,178.3,num,6.7,num,1167.9,num,21.9,num,253.0,num
2019,岩手,3.1,num,positive_only,,item_unobserved,1.1,num,189.3,num,4253.8,num,111.3,num,72.0,num
2019,島根,0.1,num,positive_only,,item_unobserved,74.0,num,2.7,num,1685.2,num,16.7,num,1.0,num
2019,広島,0.2,num,positive_only,,item_unobserved,6.4,num,15.3,num,760.7,num,8.3,num,240.0,num
2019,徳島,0.0,num,positive_only,,item_unobserved,516.7,num,0.0,num,8209.4,num,3.4,num,0.0,num
2019,愛媛,,suppressed_x,positive_only,,item_unobserved,232.7,num,0.8,num,630.3,num,127.1,num,834.0,num
2019,愛知,0.0,zero_dash,positive_only,,item_unobserved,32.3,num,0.6,num,721.0,num,6.0,num,0.0,num
2019,新潟,0.0,zero_dash,positive_only,,item_unobserved,33.1,num,5148.9,num,2558.0,num,17.2,num,20100.1,num
2019,東京,0.0,zero_dash,positive_only,,item_unobserved,0.0,zero_dash,0.5,num,162.9,num,1.0,num,0.0,num
2019,栃木,0.0,zero_dash,positive_only,,item_unobserved,156.0,num,56.0,num,3157.3,num,33.4,num,0.0,num
2019,沖縄,0.0,zero_dash,positive_only,,item_unobserved,1.1,num,0.0,num,54.3,num,0.0,num,649.2,num
2019,滋賀,0.0,zero_dash,positive_only,,item_unobserved,0.0,zero_dash,0.4,num,291.3,num,0.8,num,0.0,num
2019,熊本,0.0,zero_dash,positive_only,,item_unobserved,2863.2,num,4.1,num,654.4,num,181.6,num,1927.8,num
2019,石川,0.8,num,positive_only,,item_unobserved,335.1,num,149.1,num,446.8,num,7.5,num,107.1,num
2019,神奈川,0.0,zero_dash,positive_only,,item_unobserved,24.9,num,2.2,num,178.6,num,0.8,num,0.0,num
2019,福井,0.0,zero_dash,positive_only,,item_unobserved,101.4,num,29.1,num,201.7,num,1.8,num,150.3,num
2019,福岡,0.0,zero_dash,positive_only,,item_unobserved,5652.8,num,7.6,num,594.8,num,18.1,num,4119.0,num
2019,福島,0.1,num,positive_only,,item_unobserved,18.0,num,1554.3,num,2853.2,num,7.7,num,0.0,num
2019,秋田,0.0,num,positive_only,,item_unobserved,3.4,num,273.1,num,3624.5,num,6.6,num,0.0,num
2019,群馬,0.0,zero_dash,positive_only,,item_unobserved,31.9,num,1030.5,num,3966.6,num,24.7,num,331.2,num
2019,茨城,0.0,zero_dash,positive_only,,item_unobserved,101.3,num,162.1,num,802.8,num,4.1,num,0.0,num
2019,長崎,0.0,zero_dash,positive_only,,item_unobserved,10.7,num,484.0,num,3041.5,num,59.6,num,3645.0,num
2019,長野,6.9,num,positive_only,,item_unobserved,13.9,num,4266.7,num,3019.8,num,7.1,num,78110.5,num
2019,青森,0.0,zero_dash,positive_only,,item_unobserved,0.1,num,162.8,num,237.1,num,0.0,num,137.0,num
2019,静岡,0.0,zero_dash,positive_only,,item_unobserved,573.6,num,7.7,num,1425.4,num,105.4,num,0.0,num
2019,香川,0.0,num,positive_only,,item_unobserved,974.6,num,0.2,num,281.8,num,0.8,num,135.7,num
2019,高知,0.1,num,positive_only,,item_unobserved,323.4,num,1.3,num,422.9,num,22.5,num,463.8,num
2019,鳥取,0.1,num,positive_only,,item_unobserved,46.1,num,102.5,num,280.1,num,17.6,num,355.4,num
2019,鹿児島,0.0,zero_dash,positive_only,,item_unobserved,4829.6,num,0.0,num,967.3,num,82.6,num,1299.3,num
