year,pref,計,針葉樹_計,針葉樹_あかまつ・くろまつ,針葉樹_すぎ,針葉樹_ひのき,針葉樹_もみ・つが,針葉樹_からまつ,針葉樹_えぞまつ・とどまつ,針葉樹_その他,広葉樹_計,広葉樹_なら,広葉樹_ぶな,広葉樹_その他
1960,三重県,1061.0,1040.0,228.0,508.0,280.0,20.0,,2.0,2.0,21.0,2.0,3.0,16.0
1960,京都府,835.0,771.0,347.0,271.0,131.0,19.0,,0.0,3.0,64.0,2.0,6.0,56.0
1960,佐賀県,322.0,261.0,101.0,114.0,46.0,0.0,,,0.0,61.0,0.0,0.0,61.0
1960,全国,48515.0,37070.0,11136.0,13797.0,4515.0,1397.0,,5386.0,839.0,11445.0,964.0,1808.0,8673.0
1960,兵庫県,900.0,839.0,398.0,289.0,132.0,14.0,,0.0,6.0,61.0,5.0,13.0,43.0
1960,北海道,8752.0,4712.0,10.0,40.0,1.0,4.0,,4618.0,39.0,4040.0,615.0,307.0,3118.0
1960,千葉県,377.0,363.0,173.0,162.0,22.0,6.0,,0.0,0.0,14.0,0.0,0.0,14.0
1960,和歌山県,980.0,938.0,190.0,440.0,243.0,59.0,,0.0,6.0,42.0,1.0,1.0,40.0
1960,埼玉県,324.0,275.0,26.0,147.0,48.0,50.0,,2.0,2.0,49.0,2.0,13.0,34.0
1960,大分県,1076.0,953.0,333.0,480.0,108.0,29.0,,0.0,3.0,123.0,5.0,2.0,116.0
1960,大阪府,130.0,112.0,65.0,31.0,13.0,2.0,,0.0,1.0,18.0,1.0,0.0,17.0
1960,奈良県,1004.0,968.0,155.0,546.0,231.0,34.0,,0.0,2.0,36.0,1.0,6.0,29.0
1960,宮城県,641.0,495.0,136.0,316.0,29.0,7.0,,4.0,3.0,146.0,5.0,35.0,106.0
1960,宮崎県,1421.0,1058.0,330.0,511.0,102.0,108.0,,,7.0,363.0,5.0,7.0,351.0
1960,富山県,202.0,144.0,40.0,96.0,2.0,1.0,,1.0,4.0,58.0,2.0,40.0,16.0
1960,山口県,1165.0,865.0,590.0,202.0,69.0,2.0,,0.0,2.0,300.0,3.0,1.0,296.0
1960,山形県,565.0,388.0,84.0,287.0,3.0,0.0,,9.0,5.0,177.0,5.0,113.0,59.0
1960,山梨県,720.0,516.0,170.0,85.0,67.0,134.0,,41.0,19.0,204.0,8.0,18.0,178.0
1960,岐阜県,1577.0,1088.0,367.0,251.0,276.0,96.0,,6.0,92.0,489.0,45.0,164.0,280.0
1960,岡山県,696.0,602.0,351.0,140.0,104.0,4.0,,1.0,2.0,94.0,12.0,23.0,59.0
1960,岩手県,1583.0,965.0,497.0,391.0,21.0,0.0,,47.0,9.0,618.0,53.0,146.0,419.0
1960,島根県,986.0,687.0,487.0,152.0,40.0,3.0,,3.0,2.0,299.0,11.0,19.0,269.0
1960,広島県,1568.0,1279.0,929.0,243.0,91.0,11.0,,2.0,3.0,289.0,5.0,13.0,271.0
1960,徳島県,620.0,560.0,122.0,341.0,75.0,21.0,,0.0,1.0,60.0,4.0,4.0,52.0
1960,愛媛県,1322.0,1125.0,476.0,394.0,217.0,34.0,,1.0,3.0,197.0,7.0,13.0,177.0
1960,愛知県,856.0,826.0,213.0,346.0,235.0,21.0,,1.0,10.0,30.0,3.0,5.0,22.0
1960,新潟県,741.0,616.0,142.0,464.0,1.0,1.0,,5.0,3.0,125.0,3.0,64.0,58.0
1960,東京都,157.0,139.0,12.0,85.0,30.0,10.0,,2.0,0.0,18.0,2.0,1.0,15.0
1960,栃木県,781.0,686.0,95.0,393.0,131.0,39.0,,9.0,19.0,95.0,13.0,36.0,46.0
1960,沖縄県,,,,,,,,,,,,,
1960,滋賀県,423.0,387.0,177.0,144.0,59.0,6.0,,0.0,1.0,36.0,1.0,11.0,24.0
1960,熊本県,1460.0,1136.0,332.0,540.0,221.0,38.0,,1.0,4.0,324.0,11.0,8.0,305.0
1960,石川県,450.0,427.0,148.0,216.0,10.0,7.0,,2.0,44.0,23.0,0.0,6.0,17.0
1960,神奈川県,159.0,143.0,44.0,69.0,23.0,5.0,,1.0,1.0,16.0,0.0,2.0,14.0
1960,福井県,413.0,317.0,103.0,193.0,17.0,1.0,,1.0,2.0,96.0,6.0,42.0,48.0
1960,福岡県,812.0,688.0,264.0,315.0,103.0,4.0,,0.0,2.0,124.0,0.0,0.0,124.0
1960,福島県,1255.0,819.0,272.0,447.0,48.0,26.0,,12.0,14.0,436.0,33.0,151.0,252.0
1960,秋田県,1724.0,1339.0,91.0,1190.0,8.0,1.0,,13.0,36.0,385.0,13.0,241.0,131.0
1960,群馬県,753.0,581.0,118.0,257.0,50.0,48.0,,94.0,14.0,172.0,15.0,48.0,109.0
1960,茨城県,527.0,489.0,179.0,231.0,74.0,2.0,,1.0,2.0,38.0,2.0,1.0,35.0
1960,長崎県,438.0,341.0,203.0,90.0,45.0,2.0,,,1.0,97.0,0.0,,97.0
1960,長野県,2145.0,1668.0,439.0,233.0,162.0,188.0,,466.0,180.0,477.0,32.0,108.0,337.0
1960,青森県,1139.0,946.0,215.0,420.0,25.0,2.0,,18.0,266.0,193.0,7.0,74.0,112.0
1960,静岡県,1552.0,1486.0,229.0,717.0,427.0,103.0,,3.0,7.0,66.0,4.0,13.0,49.0
1960,香川県,139.0,127.0,102.0,12.0,11.0,1.0,,,1.0,12.0,0.0,0.0,12.0
1960,高知県,1331.0,1105.0,295.0,362.0,229.0,209.0,,0.0,10.0,226.0,4.0,11.0,211.0
1960,鳥取県,544.0,426.0,199.0,176.0,44.0,1.0,,4.0,2.0,118.0,7.0,28.0,83.0
1960,鹿児島県,1475.0,1065.0,504.0,379.0,161.0,18.0,,,3.0,410.0,0.0,0.0,410.0
1961,三重県,1102.0,1071.0,254.0,519.0,266.0,28.0,,0.0,4.0,31.0,1.0,8.0,22.0
1961,京都府,801.0,721.0,317.0,253.0,135.0,15.0,,0.0,1.0,80.0,4.0,4.0,72.0
1961,佐賀県,330.0,247.0,91.0,105.0,51.0,0.0,,,0.0,83.0,0.0,0.0,83.0
1961,全国,49893.0,37071.0,10742.0,13779.0,4631.0,1423.0,,5566.0,930.0,12822.0,1060.0,2060.0,9702.0
1961,兵庫県,876.0,809.0,372.0,295.0,122.0,16.0,,0.0,4.0,67.0,9.0,18.0,40.0
1961,北海道,9207.0,4865.0,5.0,40.0,1.0,8.0,,4727.0,84.0,4342.0,629.0,325.0,3388.0
1961,千葉県,438.0,422.0,220.0,168.0,27.0,4.0,,1.0,2.0,16.0,0.0,,16.0
1961,和歌山県,922.0,856.0,171.0,394.0,226.0,60.0,,0.0,5.0,66.0,1.0,2.0,63.0
1961,埼玉県,337.0,283.0,24.0,152.0,55.0,43.0,,3.0,6.0,54.0,2.0,13.0,39.0
1961,大分県,1064.0,892.0,294.0,475.0,100.0,20.0,,0.0,3.0,172.0,4.0,3.0,165.0
1961,大阪府,110.0,105.0,60.0,28.0,15.0,2.0,,,0.0,5.0,0.0,0.0,5.0
1961,奈良県,1096.0,1025.0,169.0,519.0,282.0,48.0,,0.0,7.0,71.0,3.0,8.0,60.0
1961,宮城県,692.0,551.0,176.0,330.0,31.0,7.0,,3.0,4.0,141.0,4.0,35.0,102.0
1961,宮崎県,1571.0,968.0,283.0,486.0,88.0,103.0,,2.0,6.0,603.0,18.0,7.0,578.0
1961,富山県,232.0,160.0,35.0,114.0,2.0,3.0,,1.0,5.0,72.0,4.0,31.0,37.0
1961,山口県,1144.0,886.0,624.0,180.0,79.0,2.0,,0.0,1.0,258.0,3.0,1.0,254.0
1961,山形県,600.0,395.0,79.0,292.0,6.0,0.0,,12.0,6.0,205.0,9.0,142.0,54.0
1961,山梨県,689.0,536.0,175.0,80.0,68.0,148.0,,46.0,19.0,153.0,9.0,15.0,129.0
1961,岐阜県,1591.0,1054.0,306.0,270.0,288.0,91.0,,10.0,89.0,537.0,53.0,159.0,325.0
1961,岡山県,712.0,615.0,362.0,141.0,110.0,2.0,,0.0,0.0,97.0,8.0,25.0,64.0
1961,岩手県,1680.0,997.0,501.0,412.0,22.0,1.0,,49.0,12.0,683.0,85.0,157.0,441.0
1961,島根県,995.0,596.0,403.0,147.0,39.0,3.0,,2.0,1.0,400.0,20.0,78.0,302.0
1961,広島県,1636.0,1350.0,993.0,239.0,105.0,11.0,,1.0,1.0,286.0,10.0,41.0,235.0
1961,徳島県,643.0,525.0,108.0,328.0,65.0,21.0,,0.0,3.0,118.0,4.0,14.0,100.0
1961,愛媛県,1214.0,1027.0,449.0,344.0,195.0,29.0,,2.0,8.0,187.0,6.0,11.0,170.0
1961,愛知県,799.0,769.0,185.0,337.0,220.0,20.0,,2.0,5.0,30.0,1.0,3.0,26.0
1961,新潟県,823.0,702.0,182.0,507.0,5.0,0.0,,6.0,2.0,121.0,6.0,49.0,66.0
1961,東京都,167.0,147.0,15.0,91.0,32.0,8.0,,1.0,0.0,20.0,1.0,2.0,17.0
1961,栃木県,765.0,663.0,100.0,382.0,114.0,40.0,,11.0,16.0,102.0,13.0,37.0,52.0
1961,沖縄県,,,,,,,,,,,,,
1961,滋賀県,378.0,351.0,161.0,136.0,51.0,3.0,,0.0,0.0,27.0,2.0,4.0,21.0
1961,熊本県,1458.0,1087.0,295.0,507.0,230.0,39.0,,0.0,16.0,371.0,6.0,8.0,357.0
1961,石川県,495.0,476.0,155.0,246.0,13.0,7.0,,1.0,54.0,19.0,0.0,6.0,13.0
1961,神奈川県,154.0,142.0,41.0,68.0,26.0,6.0,,0.0,1.0,12.0,0.0,1.0,11.0
1961,福井県,384.0,298.0,98.0,180.0,17.0,1.0,,1.0,1.0,86.0,5.0,31.0,50.0
1961,福岡県,786.0,627.0,209.0,311.0,102.0,3.0,,,2.0,159.0,2.0,0.0,157.0
1961,福島県,1334.0,918.0,304.0,485.0,63.0,28.0,,22.0,16.0,416.0,31.0,161.0,224.0
1961,秋田県,1834.0,1406.0,110.0,1240.0,8.0,1.0,,14.0,33.0,428.0,17.0,306.0,105.0
1961,群馬県,787.0,591.0,102.0,267.0,63.0,38.0,,106.0,15.0,196.0,22.0,65.0,109.0
1961,茨城県,602.0,536.0,200.0,242.0,90.0,1.0,,2.0,1.0,66.0,4.0,1.0,61.0
1961,長崎県,461.0,332.0,185.0,87.0,55.0,2.0,,0.0,3.0,129.0,0.0,0.0,129.0
1961,長野県,2186.0,1726.0,419.0,245.0,171.0,210.0,,510.0,171.0,460.0,33.0,95.0,332.0
1961,青森県,1239.0,1026.0,230.0,475.0,13.0,1.0,,18.0,289.0,213.0,6.0,100.0,107.0
1961,静岡県,1708.0,1601.0,278.0,725.0,459.0,121.0,,6.0,12.0,107.0,5.0,15.0,87.0
1961,香川県,133.0,126.0,99.0,9.0,17.0,1.0,,,0.0,7.0,0.0,0.0,7.0
1961,高知県,1288.0,967.0,250.0,304.0,212.0,194.0,,0.0,7.0,321.0,8.0,15.0,298.0
1961,鳥取県,524.0,404.0,175.0,176.0,48.0,1.0,,3.0,1.0,120.0,6.0,51.0,63.0
1961,鹿児島県,1524.0,929.0,413.0,342.0,156.0,17.0,,,1.0,595.0,1.0,0.0,594.0
1962,三重県,1091.0,1047.0,207.0,545.0,253.0,33.0,,1.0,8.0,44.0,3.0,8.0,33.0
1962,京都府,684.0,626.0,254.0,238.0,121.0,11.0,,1.0,1.0,58.0,5.0,5.0,48.0
1962,佐賀県,283.0,215.0,72.0,95.0,47.0,1.0,,0.0,0.0,68.0,0.0,,68.0
1962,全国,48078.0,35437.0,9383.0,13394.0,4595.0,1445.0,,5659.0,961.0,12641.0,942.0,2092.0,9607.0
1962,兵庫県,823.0,767.0,332.0,297.0,116.0,19.0,,1.0,2.0,56.0,5.0,14.0,37.0
1962,北海道,9737.0,5027.0,2.0,35.0,0.0,0.0,,4861.0,129.0,4710.0,568.0,306.0,3836.0
1962,千葉県,363.0,352.0,169.0,159.0,18.0,3.0,,1.0,2.0,11.0,0.0,1.0,10.0
1962,和歌山県,849.0,782.0,134.0,376.0,208.0,62.0,,0.0,2.0,67.0,1.0,9.0,57.0
1962,埼玉県,306.0,251.0,25.0,126.0,51.0,45.0,,1.0,3.0,55.0,2.0,13.0,40.0
1962,大分県,1005.0,859.0,252.0,480.0,104.0,21.0,,0.0,2.0,146.0,3.0,2.0,141.0
1962,大阪府,90.0,88.0,49.0,23.0,13.0,1.0,,1.0,1.0,2.0,,0.0,2.0
1962,奈良県,1191.0,1113.0,165.0,554.0,321.0,68.0,,1.0,4.0,78.0,2.0,12.0,64.0
1962,宮城県,713.0,566.0,178.0,336.0,36.0,7.0,,6.0,3.0,147.0,4.0,34.0,109.0
1962,宮崎県,1451.0,938.0,273.0,460.0,88.0,112.0,,1.0,4.0,513.0,4.0,4.0,505.0
1962,富山県,242.0,169.0,38.0,122.0,3.0,1.0,,0.0,5.0,73.0,2.0,39.0,32.0
1962,山口県,951.0,726.0,508.0,149.0,67.0,1.0,,,1.0,225.0,3.0,1.0,221.0
1962,山形県,660.0,432.0,85.0,322.0,4.0,0.0,,14.0,7.0,228.0,5.0,152.0,71.0
1962,山梨県,595.0,459.0,114.0,62.0,62.0,152.0,,45.0,24.0,136.0,12.0,16.0,108.0
1962,岐阜県,1555.0,989.0,258.0,250.0,293.0,95.0,,5.0,88.0,566.0,48.0,219.0,299.0
1962,岡山県,666.0,589.0,322.0,145.0,117.0,2.0,,3.0,0.0,77.0,8.0,11.0,58.0
1962,岩手県,1769.0,1021.0,530.0,404.0,23.0,0.0,,55.0,9.0,748.0,56.0,171.0,521.0
1962,島根県,824.0,556.0,387.0,130.0,35.0,1.0,,1.0,2.0,268.0,8.0,14.0,246.0
1962,広島県,1322.0,1121.0,811.0,199.0,100.0,7.0,,1.0,3.0,201.0,6.0,12.0,183.0
1962,徳島県,643.0,502.0,96.0,297.0,72.0,29.0,,0.0,8.0,141.0,4.0,30.0,107.0
1962,愛媛県,971.0,814.0,304.0,294.0,184.0,26.0,,3.0,3.0,157.0,6.0,15.0,136.0
1962,愛知県,793.0,767.0,151.0,322.0,252.0,24.0,,10.0,8.0,26.0,2.0,4.0,20.0
1962,新潟県,844.0,705.0,188.0,505.0,3.0,0.0,,5.0,4.0,139.0,7.0,68.0,64.0
1962,東京都,161.0,144.0,11.0,87.0,32.0,11.0,,1.0,2.0,17.0,1.0,2.0,14.0
1962,栃木県,727.0,626.0,107.0,324.0,128.0,36.0,,18.0,13.0,101.0,17.0,32.0,52.0
1962,沖縄県,,,,,,,,,,,,,
1962,滋賀県,381.0,360.0,170.0,138.0,47.0,4.0,,0.0,1.0,21.0,0.0,6.0,15.0
1962,熊本県,1314.0,981.0,234.0,468.0,223.0,49.0,,2.0,5.0,333.0,5.0,8.0,320.0
1962,石川県,484.0,460.0,133.0,249.0,15.0,9.0,,2.0,52.0,24.0,0.0,5.0,19.0
1962,神奈川県,125.0,120.0,33.0,54.0,27.0,4.0,,0.0,2.0,5.0,0.0,1.0,4.0
1962,福井県,419.0,322.0,90.0,211.0,16.0,2.0,,2.0,1.0,97.0,9.0,45.0,43.0
1962,福岡県,752.0,627.0,185.0,331.0,108.0,2.0,,1.0,0.0,125.0,1.0,0.0,124.0
1962,福島県,1413.0,959.0,317.0,500.0,78.0,25.0,,27.0,12.0,454.0,38.0,197.0,219.0
1962,秋田県,1851.0,1416.0,89.0,1267.0,11.0,0.0,,16.0,33.0,435.0,20.0,277.0,138.0
1962,群馬県,751.0,537.0,67.0,251.0,69.0,24.0,,107.0,19.0,214.0,19.0,77.0,118.0
1962,茨城県,649.0,594.0,218.0,272.0,102.0,1.0,,0.0,1.0,55.0,3.0,4.0,48.0
1962,長崎県,388.0,298.0,168.0,78.0,50.0,1.0,,,1.0,90.0,0.0,0.0,90.0
1962,長野県,1938.0,1514.0,349.0,134.0,161.0,218.0,,435.0,217.0,424.0,38.0,92.0,294.0
1962,青森県,1253.0,1012.0,247.0,480.0,7.0,0.0,,17.0,261.0,241.0,10.0,104.0,127.0
1962,静岡県,1604.0,1447.0,199.0,697.0,428.0,113.0,,6.0,4.0,157.0,5.0,24.0,128.0
1962,香川県,127.0,124.0,97.0,8.0,19.0,0.0,,,0.0,3.0,,,3.0
1962,高知県,1172.0,903.0,206.0,276.0,214.0,198.0,,1.0,8.0,269.0,3.0,29.0,237.0
1962,鳥取県,469.0,362.0,151.0,164.0,43.0,1.0,,3.0,0.0,107.0,6.0,24.0,77.0
1962,鹿児島県,1352.0,897.0,354.0,354.0,164.0,22.0,,0.0,3.0,455.0,0.0,0.0,455.0
1963,三重県,1138.0,1052.0,201.0,527.0,284.0,34.0,,1.0,5.0,86.0,3.0,3.0,90.0
1963,京都府,707.0,621.0,247.0,240.0,118.0,12.0,,2.0,2.0,86.0,3.0,6.0,77.0
1963,佐賀県,314.0,227.0,76.0,92.0,59.0,0.0,,,0.0,87.0,0.0,0.0,87.0
1963,全国,50193.0,35622.0,8963.0,13138.0,4878.0,1535.0,,5991.0,1117.0,14571.0,1012.0,2206.0,11353.0
1963,兵庫県,851.0,777.0,332.0,313.0,116.0,14.0,,,2.0,74.0,3.0,11.0,60.0
1963,北海道,10119.0,5335.0,4.0,36.0,0.0,3.0,,5121.0,171.0,4784.0,614.0,295.0,3875.0
1963,千葉県,363.0,347.0,165.0,153.0,20.0,4.0,,3.0,2.0,16.0,0.0,0.0,16.0
1963,和歌山県,808.0,728.0,119.0,353.0,198.0,54.0,,0.0,4.0,80.0,0.0,4.0,76.0
1963,埼玉県,355.0,285.0,27.0,131.0,54.0,55.0,,12.0,6.0,70.0,4.0,10.0,56.0
1963,大分県,1041.0,855.0,218.0,502.0,102.0,31.0,,1.0,1.0,186.0,3.0,4.0,179.0
1963,大阪府,91.0,86.0,45.0,23.0,14.0,4.0,,,0.0,5.0,0.0,,5.0
1963,奈良県,1118.0,1026.0,158.0,492.0,301.0,68.0,,1.0,6.0,92.0,7.0,14.0,71.0
1963,宮城県,775.0,587.0,204.0,322.0,43.0,10.0,,4.0,4.0,188.0,2.0,45.0,141.0
1963,宮崎県,1687.0,1010.0,297.0,484.0,105.0,122.0,,0.0,2.0,677.0,9.0,7.0,661.0
1963,富山県,259.0,179.0,38.0,128.0,3.0,1.0,,3.0,6.0,80.0,1.0,45.0,34.0
1963,山口県,917.0,652.0,432.0,154.0,62.0,1.0,,2.0,1.0,265.0,7.0,1.0,257.0
1963,山形県,638.0,386.0,71.0,293.0,5.0,0.0,,13.0,4.0,252.0,12.0,163.0,77.0
1963,山梨県,667.0,471.0,116.0,64.0,62.0,167.0,,48.0,14.0,196.0,12.0,15.0,169.0
1963,岐阜県,1792.0,1064.0,253.0,291.0,307.0,105.0,,10.0,98.0,728.0,54.0,244.0,430.0
1963,岡山県,678.0,598.0,328.0,145.0,121.0,1.0,,2.0,1.0,80.0,6.0,11.0,63.0
1963,岩手県,1886.0,1019.0,518.0,391.0,38.0,1.0,,58.0,13.0,867.0,45.0,213.0,609.0
1963,島根県,955.0,547.0,351.0,149.0,45.0,2.0,,,0.0,408.0,12.0,11.0,385.0
1963,広島県,1473.0,1102.0,791.0,206.0,96.0,6.0,,0.0,3.0,371.0,8.0,9.0,354.0
1963,徳島県,682.0,522.0,96.0,303.0,78.0,38.0,,,7.0,160.0,3.0,21.0,136.0
1963,愛媛県,960.0,780.0,285.0,272.0,188.0,34.0,,0.0,1.0,180.0,5.0,13.0,162.0
1963,愛知県,795.0,763.0,149.0,325.0,254.0,25.0,,4.0,6.0,32.0,1.0,1.0,30.0
1963,新潟県,782.0,634.0,155.0,466.0,4.0,0.0,,5.0,4.0,148.0,6.0,60.0,82.0
1963,東京都,164.0,147.0,12.0,83.0,35.0,13.0,,3.0,1.0,17.0,1.0,1.0,15.0
1963,栃木県,782.0,647.0,108.0,323.0,146.0,45.0,,13.0,12.0,135.0,17.0,29.0,89.0
1963,沖縄県,,,,,,,,,,,,,
1963,滋賀県,379.0,341.0,157.0,130.0,51.0,2.0,,0.0,1.0,38.0,0.0,6.0,32.0
1963,熊本県,1351.0,1008.0,235.0,487.0,235.0,43.0,,2.0,6.0,343.0,6.0,9.0,328.0
1963,石川県,467.0,443.0,127.0,248.0,15.0,7.0,,0.0,46.0,24.0,0.0,5.0,19.0
1963,神奈川県,126.0,105.0,24.0,51.0,24.0,3.0,,2.0,1.0,21.0,0.0,3.0,18.0
1963,福井県,450.0,311.0,87.0,204.0,16.0,1.0,,2.0,1.0,139.0,8.0,35.0,96.0
1963,福岡県,722.0,608.0,181.0,314.0,110.0,2.0,,0.0,1.0,114.0,2.0,2.0,110.0
1963,福島県,1538.0,968.0,334.0,446.0,102.0,27.0,,38.0,21.0,570.0,39.0,201.0,330.0
1963,秋田県,1905.0,1441.0,97.0,1282.0,3.0,0.0,,20.0,29.0,464.0,29.0,301.0,134.0
1963,群馬県,751.0,512.0,52.0,230.0,68.0,22.0,,119.0,21.0,239.0,18.0,76.0,145.0
1963,茨城県,616.0,559.0,198.0,246.0,112.0,1.0,,1.0,1.0,57.0,6.0,7.0,44.0
1963,長崎県,348.0,256.0,125.0,68.0,60.0,2.0,,0.0,1.0,92.0,0.0,1.0,91.0
1963,長野県,2120.0,1616.0,308.0,120.0,237.0,239.0,,451.0,261.0,504.0,34.0,96.0,374.0
1963,青森県,1291.0,1014.0,229.0,445.0,4.0,0.0,,24.0,312.0,277.0,11.0,130.0,136.0
1963,静岡県,1615.0,1404.0,181.0,659.0,417.0,127.0,,6.0,14.0,211.0,6.0,21.0,184.0
1963,香川県,145.0,134.0,104.0,10.0,19.0,1.0,,,0.0,11.0,0.0,0.0,11.0
1963,高知県,1164.0,900.0,192.0,316.0,220.0,165.0,,1.0,6.0,264.0,3.0,23.0,238.0
1963,鳥取県,517.0,382.0,129.0,194.0,54.0,1.0,,4.0,0.0,135.0,5.0,27.0,103.0
1963,鹿児島県,1530.0,938.0,364.0,444.0,210.0,14.0,,0.0,6.0,592.0,1.0,2.0,589.0
1964,三重県,1065.0,984.0,181.0,493.0,260.0,32.0,,1.0,17.0,81.0,2.0,3.0,76.0
1964,京都府,734.0,631.0,249.0,248.0,121.0,11.0,,1.0,1.0,103.0,1.0,11.0,91.0
1964,佐賀県,321.0,256.0,73.0,114.0,69.0,0.0,,,0.0,65.0,0.0,1.0,64.0
1964,全国,50678.0,35605.0,8707.0,13141.0,5203.0,1548.0,,5817.0,1189.0,15073.0,969.0,2406.0,11698.0
1964,兵庫県,878.0,799.0,338.0,311.0,130.0,20.0,,,0.0,79.0,1.0,18.0,60.0
1964,北海道,10347.0,5279.0,6.0,33.0,,2.0,,5003.0,235.0,5068.0,559.0,318.0,4191.0
1964,千葉県,339.0,329.0,159.0,143.0,22.0,3.0,,0.0,2.0,10.0,0.0,,10.0
1964,和歌山県,788.0,695.0,121.0,328.0,197.0,46.0,,1.0,2.0,93.0,0.0,4.0,89.0
1964,埼玉県,342.0,253.0,23.0,113.0,55.0,55.0,,2.0,5.0,89.0,4.0,14.0,71.0
1964,大分県,1107.0,905.0,247.0,508.0,124.0,25.0,,0.0,1.0,202.0,3.0,4.0,195.0
1964,大阪府,81.0,81.0,40.0,25.0,15.0,1.0,,,0.0,0.0,0.0,,0.0
1964,奈良県,1110.0,1003.0,120.0,500.0,308.0,73.0,,0.0,2.0,107.0,8.0,18.0,81.0
1964,宮城県,761.0,536.0,187.0,291.0,39.0,9.0,,4.0,6.0,225.0,9.0,51.0,165.0
1964,宮崎県,1904.0,1174.0,354.0,536.0,151.0,128.0,,1.0,4.0,730.0,6.0,7.0,717.0
1964,富山県,261.0,171.0,33.0,122.0,3.0,1.0,,8.0,4.0,90.0,4.0,49.0,37.0
1964,山口県,912.0,650.0,428.0,160.0,61.0,1.0,,,0.0,262.0,7.0,3.0,252.0
1964,山形県,656.0,392.0,63.0,307.0,6.0,,,11.0,5.0,264.0,10.0,175.0,79.0
1964,山梨県,662.0,460.0,103.0,57.0,54.0,178.0,,48.0,20.0,202.0,11.0,15.0,176.0
1964,岐阜県,1729.0,964.0,214.0,236.0,319.0,96.0,,8.0,91.0,765.0,43.0,273.0,449.0
1964,岡山県,726.0,613.0,323.0,139.0,149.0,1.0,,1.0,0.0,113.0,8.0,15.0,90.0
1964,岩手県,1942.0,1021.0,507.0,387.0,41.0,1.0,,70.0,15.0,921.0,38.0,265.0,618.0
1964,島根県,1007.0,583.0,373.0,156.0,51.0,2.0,,,1.0,424.0,12.0,14.0,398.0
1964,広島県,1382.0,1100.0,738.0,215.0,136.0,9.0,,1.0,1.0,282.0,11.0,8.0,263.0
1964,徳島県,748.0,570.0,97.0,353.0,78.0,39.0,,,3.0,178.0,2.0,13.0,163.0
1964,愛媛県,1035.0,844.0,315.0,295.0,202.0,31.0,,0.0,1.0,191.0,7.0,14.0,170.0
1964,愛知県,785.0,747.0,138.0,312.0,256.0,21.0,,13.0,7.0,38.0,4.0,2.0,32.0
1964,新潟県,739.0,609.0,155.0,442.0,3.0,1.0,,4.0,4.0,130.0,11.0,57.0,62.0
1964,東京都,152.0,135.0,9.0,80.0,35.0,10.0,,1.0,0.0,17.0,0.0,2.0,15.0
1964,栃木県,788.0,650.0,100.0,318.0,166.0,37.0,,13.0,16.0,138.0,16.0,36.0,86.0
1964,沖縄県,,,,,,,,,,,,,
1964,滋賀県,360.0,308.0,144.0,110.0,51.0,2.0,,,1.0,52.0,0.0,17.0,35.0
1964,熊本県,1347.0,1031.0,219.0,509.0,246.0,50.0,,1.0,6.0,316.0,9.0,12.0,295.0
1964,石川県,456.0,428.0,125.0,239.0,15.0,7.0,,2.0,40.0,28.0,0.0,9.0,19.0
1964,神奈川県,115.0,95.0,26.0,44.0,21.0,2.0,,1.0,1.0,20.0,0.0,1.0,19.0
1964,福井県,451.0,304.0,88.0,200.0,15.0,0.0,,0.0,1.0,147.0,8.0,51.0,88.0
1964,福岡県,741.0,648.0,168.0,333.0,142.0,3.0,,1.0,1.0,93.0,1.0,2.0,90.0
1964,福島県,1507.0,975.0,329.0,431.0,130.0,31.0,,31.0,23.0,532.0,40.0,216.0,276.0
1964,秋田県,1959.0,1461.0,93.0,1313.0,6.0,,,18.0,31.0,498.0,39.0,305.0,154.0
1964,群馬県,778.0,519.0,53.0,252.0,79.0,25.0,,94.0,16.0,259.0,22.0,61.0,176.0
1964,茨城県,605.0,529.0,163.0,241.0,122.0,1.0,,2.0,0.0,76.0,13.0,17.0,46.0
1964,長崎県,342.0,250.0,91.0,82.0,76.0,1.0,,,0.0,92.0,,1.0,91.0
1964,長野県,2073.0,1577.0,279.0,126.0,249.0,246.0,,447.0,230.0,495.0,26.0,103.0,367.0
1964,青森県,1317.0,1035.0,216.0,459.0,4.0,,,15.0,341.0,282.0,10.0,131.0,141.0
1964,静岡県,1559.0,1361.0,158.0,659.0,392.0,132.0,,7.0,13.0,198.0,4.0,25.0,169.0
1964,香川県,137.0,124.0,92.0,10.0,20.0,1.0,,0.0,1.0,13.0,0.0,,13.0
1964,高知県,1196.0,931.0,203.0,285.0,259.0,175.0,,,9.0,265.0,2.0,17.0,246.0
1964,鳥取県,510.0,369.0,140.0,179.0,49.0,0.0,,1.0,0.0,141.0,5.0,24.0,112.0
1964,鹿児島県,1589.0,976.0,394.0,361.0,207.0,11.0,,,3.0,613.0,,3.0,609.0
1965,三重県,1001.0,946.0,151.0,467.0,297.0,25.0,,1.0,5.0,55.0,3.0,6.0,46.0
1965,京都府,669.0,588.0,229.0,223.0,124.0,11.0,,0.0,1.0,81.0,1.0,13.0,67.0
1965,佐賀県,294.0,234.0,67.0,103.0,64.0,0.0,,,0.0,60.0,1.0,1.0,58.0
1965,全国,49534.0,34954.0,8313.0,12984.0,5373.0,1453.0,,5647.0,1184.0,14580.0,959.0,2259.0,11362.0
1965,兵庫県,893.0,815.0,358.0,316.0,125.0,15.0,,0.0,1.0,78.0,5.0,13.0,60.0
1965,北海道,10166.0,5133.0,5.0,32.0,0.0,1.0,,4850.0,245.0,5033.0,537.0,298.0,4198.0
1965,千葉県,353.0,342.0,171.0,139.0,26.0,4.0,,1.0,1.0,11.0,0.0,0.0,11.0
1965,和歌山県,670.0,593.0,92.0,284.0,179.0,36.0,,0.0,2.0,77.0,1.0,4.0,72.0
1965,埼玉県,322.0,244.0,21.0,104.0,55.0,57.0,,1.0,6.0,78.0,2.0,8.0,68.0
1965,大分県,1044.0,869.0,232.0,478.0,139.0,19.0,,0.0,1.0,175.0,2.0,5.0,168.0
1965,大阪府,87.0,82.0,38.0,23.0,19.0,1.0,,1.0,0.0,5.0,0.0,0.0,5.0
1965,奈良県,1088.0,975.0,101.0,491.0,312.0,64.0,,3.0,4.0,113.0,4.0,18.0,91.0
1965,宮城県,737.0,534.0,192.0,284.0,39.0,9.0,,5.0,5.0,203.0,4.0,55.0,144.0
1965,宮崎県,1931.0,1190.0,327.0,561.0,178.0,120.0,,0.0,4.0,741.0,5.0,6.0,730.0
1965,富山県,231.0,159.0,32.0,112.0,2.0,0.0,,7.0,6.0,72.0,3.0,41.0,28.0
1965,山口県,881.0,651.0,413.0,152.0,83.0,0.0,,,3.0,230.0,7.0,3.0,220.0
1965,山形県,634.0,363.0,53.0,285.0,5.0,1.0,,14.0,5.0,271.0,15.0,164.0,92.0
1965,山梨県,632.0,448.0,94.0,54.0,54.0,158.0,,63.0,25.0,184.0,10.0,10.0,164.0
1965,岐阜県,1691.0,951.0,200.0,246.0,312.0,91.0,,10.0,92.0,740.0,50.0,232.0,458.0
1965,岡山県,717.0,628.0,328.0,157.0,138.0,1.0,,3.0,1.0,89.0,5.0,11.0,73.0
1965,岩手県,1829.0,968.0,462.0,367.0,52.0,0.0,,72.0,15.0,861.0,39.0,242.0,580.0
1965,島根県,939.0,552.0,340.0,156.0,55.0,1.0,,0.0,0.0,387.0,11.0,11.0,365.0
1965,広島県,1306.0,1037.0,671.0,207.0,147.0,10.0,,0.0,2.0,269.0,10.0,15.0,244.0
1965,徳島県,750.0,560.0,85.0,351.0,83.0,39.0,,,2.0,190.0,4.0,11.0,175.0
1965,愛媛県,1047.0,871.0,323.0,298.0,210.0,36.0,,1.0,3.0,176.0,8.0,15.0,153.0
1965,愛知県,730.0,690.0,116.0,302.0,238.0,22.0,,5.0,7.0,40.0,1.0,1.0,38.0
1965,新潟県,687.0,563.0,139.0,412.0,2.0,1.0,,5.0,4.0,124.0,5.0,58.0,61.0
1965,東京都,138.0,123.0,13.0,71.0,29.0,9.0,,0.0,1.0,15.0,0.0,2.0,13.0
1965,栃木県,796.0,662.0,95.0,316.0,187.0,36.0,,16.0,12.0,134.0,17.0,36.0,81.0
1965,沖縄県,,,,,,,,,,,,,
1965,滋賀県,309.0,270.0,121.0,104.0,43.0,2.0,,0.0,0.0,39.0,0.0,10.0,29.0
1965,熊本県,1377.0,1080.0,224.0,547.0,265.0,37.0,,2.0,5.0,297.0,5.0,8.0,284.0
1965,石川県,421.0,394.0,121.0,208.0,14.0,7.0,,0.0,44.0,27.0,0.0,10.0,17.0
1965,神奈川県,116.0,95.0,24.0,39.0,28.0,3.0,,1.0,0.0,21.0,0.0,1.0,20.0
1965,福井県,444.0,320.0,93.0,215.0,12.0,0.0,,0.0,0.0,124.0,5.0,38.0,81.0
1965,福岡県,741.0,647.0,176.0,323.0,143.0,2.0,,1.0,2.0,94.0,2.0,5.0,87.0
1965,福島県,1568.0,1009.0,350.0,439.0,142.0,29.0,,24.0,25.0,559.0,42.0,205.0,312.0
1965,秋田県,2015.0,1516.0,91.0,1356.0,12.0,0.0,,16.0,41.0,499.0,40.0,303.0,156.0
1965,群馬県,827.0,547.0,60.0,245.0,115.0,22.0,,88.0,17.0,280.0,23.0,67.0,190.0
1965,茨城県,652.0,560.0,168.0,256.0,130.0,3.0,,3.0,0.0,92.0,14.0,19.0,59.0
1965,長崎県,323.0,235.0,84.0,81.0,68.0,1.0,,0.0,1.0,88.0,1.0,1.0,86.0
1965,長野県,1983.0,1511.0,262.0,156.0,246.0,234.0,,428.0,185.0,472.0,35.0,100.0,337.0
1965,青森県,1328.0,1032.0,203.0,425.0,1.0,,,17.0,386.0,296.0,19.0,141.0,136.0
1965,静岡県,1540.0,1338.0,156.0,641.0,385.0,141.0,,6.0,9.0,202.0,8.0,27.0,167.0
1965,香川県,141.0,133.0,101.0,10.0,20.0,2.0,,,0.0,8.0,0.0,,8.0
1965,高知県,1230.0,995.0,212.0,325.0,288.0,165.0,,1.0,4.0,235.0,4.0,13.0,218.0
1965,鳥取県,482.0,346.0,122.0,170.0,54.0,0.0,,0.0,10.0,136.0,6.0,23.0,107.0
1965,鹿児島県,1518.0,968.0,350.0,394.0,208.0,13.0,,0.0,3.0,550.0,1.0,3.0,546.0
1966,三重県,997.0,944.0,144.0,457.0,307.0,25.0,,2.0,9.0,53.0,4.0,4.0,45.0
1966,京都府,695.0,598.0,227.0,240.0,120.0,9.0,,1.0,1.0,97.0,2.0,12.0,83.0
1966,佐賀県,311.0,241.0,66.0,109.0,66.0,0.0,,0.0,0.0,70.0,1.0,1.0,68.0
1966,全国,51023.0,34918.0,8052.0,13149.0,5422.0,1451.0,,5606.0,1238.0,16105.0,973.0,2407.0,12725.0
1966,兵庫県,893.0,819.0,395.0,295.0,114.0,13.0,,1.0,1.0,74.0,2.0,10.0,62.0
1966,北海道,10686.0,5166.0,4.0,26.0,0.0,1.0,,4870.0,265.0,5520.0,590.0,304.0,4626.0
1966,千葉県,359.0,348.0,163.0,153.0,28.0,3.0,,0.0,1.0,11.0,,0.0,11.0
1966,和歌山県,742.0,624.0,80.0,294.0,196.0,48.0,,0.0,6.0,118.0,2.0,12.0,104.0
1966,埼玉県,339.0,254.0,22.0,114.0,60.0,52.0,,2.0,4.0,85.0,2.0,18.0,65.0
1966,大分県,1035.0,859.0,233.0,465.0,134.0,25.0,,1.0,1.0,176.0,1.0,2.0,173.0
1966,大阪府,75.0,70.0,32.0,26.0,11.0,0.0,,0.0,1.0,5.0,0.0,1.0,4.0
1966,奈良県,1090.0,981.0,98.0,505.0,319.0,55.0,,2.0,2.0,109.0,7.0,20.0,82.0
1966,宮城県,777.0,511.0,178.0,280.0,39.0,6.0,,5.0,3.0,266.0,4.0,61.0,201.0
1966,宮崎県,1901.0,1118.0,282.0,533.0,186.0,114.0,,0.0,3.0,783.0,6.0,9.0,768.0
1966,富山県,239.0,158.0,35.0,113.0,2.0,0.0,,3.0,5.0,81.0,1.0,49.0,31.0
1966,山口県,884.0,629.0,422.0,138.0,60.0,2.0,,,7.0,255.0,4.0,0.0,251.0
1966,山形県,676.0,341.0,51.0,265.0,5.0,1.0,,12.0,7.0,335.0,10.0,179.0,146.0
1966,山梨県,669.0,461.0,86.0,55.0,58.0,188.0,,45.0,29.0,208.0,12.0,13.0,183.0
1966,岐阜県,1738.0,931.0,176.0,234.0,323.0,95.0,,10.0,93.0,807.0,48.0,245.0,514.0
1966,岡山県,689.0,599.0,300.0,154.0,142.0,1.0,,1.0,1.0,90.0,4.0,10.0,76.0
1966,岩手県,1927.0,968.0,460.0,366.0,44.0,0.0,,80.0,18.0,959.0,42.0,218.0,699.0
1966,島根県,1001.0,547.0,345.0,147.0,53.0,1.0,,,1.0,454.0,13.0,13.0,428.0
1966,広島県,1236.0,929.0,594.0,193.0,134.0,6.0,,,2.0,307.0,5.0,17.0,285.0
1966,徳島県,808.0,614.0,103.0,382.0,88.0,39.0,,0.0,2.0,194.0,3.0,13.0,178.0
1966,愛媛県,1039.0,861.0,315.0,286.0,219.0,41.0,,0.0,0.0,178.0,4.0,10.0,164.0
1966,愛知県,733.0,685.0,100.0,306.0,246.0,20.0,,1.0,12.0,48.0,1.0,2.0,45.0
1966,新潟県,673.0,538.0,126.0,401.0,3.0,1.0,,3.0,4.0,135.0,6.0,59.0,70.0
1966,東京都,148.0,126.0,15.0,74.0,26.0,10.0,,0.0,1.0,22.0,1.0,2.0,19.0
1966,栃木県,873.0,704.0,110.0,332.0,197.0,39.0,,10.0,16.0,169.0,15.0,40.0,114.0
1966,沖縄県,,,,,,,,,,,,,
1966,滋賀県,301.0,257.0,102.0,106.0,45.0,3.0,,,1.0,44.0,1.0,13.0,30.0
1966,熊本県,1455.0,1130.0,220.0,589.0,269.0,44.0,,2.0,6.0,325.0,6.0,12.0,307.0
1966,石川県,394.0,365.0,107.0,203.0,10.0,7.0,,1.0,37.0,29.0,0.0,11.0,18.0
1966,神奈川県,130.0,107.0,32.0,43.0,28.0,2.0,,1.0,1.0,23.0,0.0,3.0,20.0
1966,福井県,484.0,345.0,102.0,225.0,15.0,1.0,,0.0,2.0,139.0,5.0,38.0,96.0
1966,福岡県,762.0,662.0,178.0,334.0,146.0,2.0,,1.0,1.0,100.0,2.0,5.0,93.0
1966,福島県,1674.0,1036.0,347.0,473.0,135.0,25.0,,30.0,26.0,638.0,50.0,233.0,355.0
1966,秋田県,2068.0,1532.0,91.0,1382.0,3.0,0.0,,17.0,39.0,536.0,31.0,343.0,162.0
1966,群馬県,800.0,531.0,63.0,256.0,98.0,17.0,,78.0,19.0,269.0,18.0,68.0,183.0
1966,茨城県,632.0,556.0,158.0,255.0,138.0,2.0,,2.0,1.0,76.0,8.0,11.0,57.0
1966,長崎県,309.0,220.0,73.0,75.0,68.0,2.0,,0.0,2.0,89.0,1.0,1.0,87.0
1966,長野県,2025.0,1506.0,296.0,173.0,249.0,228.0,,397.0,163.0,519.0,31.0,125.0,363.0
1966,青森県,1361.0,1042.0,190.0,425.0,4.0,3.0,,19.0,401.0,319.0,11.0,155.0,153.0
1966,静岡県,1560.0,1345.0,141.0,657.0,381.0,136.0,,9.0,21.0,215.0,5.0,23.0,187.0
1966,香川県,142.0,135.0,94.0,15.0,25.0,1.0,,,0.0,7.0,,,7.0
1966,高知県,1266.0,991.0,207.0,333.0,294.0,152.0,,0.0,5.0,275.0,3.0,9.0,263.0
1966,鳥取県,514.0,359.0,119.0,185.0,54.0,1.0,,0.0,0.0,155.0,6.0,25.0,124.0
1966,鹿児島県,1612.0,935.0,326.0,387.0,205.0,10.0,,,7.0,677.0,1.0,2.0,674.0
1967,三重県,1068.0,996.0,157.0,462.0,343.0,26.0,,2.0,6.0,72.0,2.0,4.0,66.0
1967,京都府,628.0,530.0,210.0,191.0,113.0,12.0,,1.0,3.0,98.0,1.0,7.0,90.0
1967,佐賀県,308.0,228.0,54.0,111.0,61.0,1.0,,1.0,0.0,80.0,1.0,1.0,78.0
1967,全国,51813.0,33316.0,7586.0,12346.0,5141.0,1391.0,,5707.0,1145.0,18497.0,1065.0,2518.0,14914.0
1967,兵庫県,818.0,728.0,334.0,276.0,106.0,11.0,,0.0,1.0,90.0,3.0,12.0,75.0
1967,北海道,11875.0,5268.0,6.0,30.0,0.0,0.0,,5030.0,202.0,6607.0,622.0,334.0,5651.0
1967,千葉県,361.0,349.0,156.0,158.0,30.0,3.0,,0.0,2.0,12.0,,0.0,12.0
1967,和歌山県,743.0,604.0,82.0,281.0,186.0,47.0,,1.0,7.0,139.0,9.0,7.0,123.0
1967,埼玉県,346.0,250.0,26.0,115.0,59.0,45.0,,1.0,4.0,96.0,2.0,11.0,83.0
1967,大分県,1067.0,884.0,206.0,522.0,138.0,12.0,,0.0,6.0,183.0,1.0,7.0,175.0
1967,大阪府,64.0,58.0,28.0,18.0,11.0,1.0,,,0.0,6.0,0.0,2.0,4.0
1967,奈良県,1082.0,941.0,89.0,488.0,293.0,67.0,,0.0,4.0,141.0,5.0,16.0,120.0
1967,宮城県,784.0,492.0,182.0,254.0,39.0,7.0,,5.0,5.0,292.0,6.0,76.0,210.0
1967,宮崎県,1920.0,1024.0,251.0,478.0,187.0,104.0,,0.0,4.0,896.0,5.0,6.0,885.0
1967,富山県,252.0,156.0,30.0,112.0,2.0,,,4.0,8.0,96.0,5.0,39.0,52.0
1967,山口県,836.0,533.0,361.0,116.0,54.0,1.0,,0.0,1.0,303.0,5.0,2.0,296.0
1967,山形県,643.0,324.0,52.0,247.0,5.0,0.0,,13.0,7.0,319.0,18.0,183.0,118.0
1967,山梨県,631.0,439.0,89.0,56.0,47.0,191.0,,37.0,19.0,192.0,13.0,10.0,169.0
1967,岐阜県,1734.0,855.0,153.0,193.0,322.0,94.0,,13.0,80.0,879.0,57.0,217.0,605.0
1967,岡山県,689.0,585.0,288.0,147.0,146.0,0.0,,3.0,1.0,104.0,9.0,11.0,84.0
1967,岩手県,2128.0,946.0,452.0,360.0,41.0,1.0,,75.0,17.0,1182.0,51.0,265.0,866.0
1967,島根県,984.0,493.0,316.0,126.0,48.0,1.0,,1.0,1.0,491.0,17.0,17.0,457.0
1967,広島県,1215.0,888.0,600.0,154.0,117.0,15.0,,1.0,1.0,327.0,6.0,19.0,302.0
1967,徳島県,785.0,578.0,86.0,394.0,68.0,28.0,,0.0,2.0,207.0,3.0,14.0,190.0
1967,愛媛県,1018.0,838.0,304.0,288.0,212.0,31.0,,1.0,2.0,180.0,3.0,9.0,168.0
1967,愛知県,629.0,590.0,88.0,250.0,219.0,24.0,,1.0,8.0,39.0,1.0,5.0,33.0
1967,新潟県,629.0,478.0,115.0,348.0,2.0,1.0,,6.0,6.0,151.0,6.0,83.0,62.0
1967,東京都,155.0,138.0,13.0,81.0,27.0,15.0,,1.0,1.0,17.0,0.0,1.0,16.0
1967,栃木県,900.0,693.0,99.0,338.0,191.0,36.0,,10.0,19.0,207.0,20.0,59.0,128.0
1967,沖縄県,,,,,,,,,,,,,
1967,滋賀県,257.0,211.0,85.0,88.0,37.0,1.0,,0.0,0.0,46.0,0.0,8.0,38.0
1967,熊本県,1420.0,1070.0,243.0,524.0,252.0,43.0,,2.0,6.0,350.0,6.0,11.0,333.0
1967,石川県,359.0,328.0,91.0,179.0,8.0,7.0,,2.0,41.0,31.0,0.0,12.0,19.0
1967,神奈川県,121.0,96.0,27.0,46.0,22.0,1.0,,0.0,0.0,25.0,0.0,0.0,25.0
1967,福井県,497.0,327.0,89.0,217.0,17.0,0.0,,1.0,3.0,170.0,7.0,55.0,108.0
1967,福岡県,694.0,591.0,163.0,295.0,128.0,2.0,,0.0,3.0,103.0,2.0,2.0,99.0
1967,福島県,1646.0,958.0,331.0,408.0,130.0,32.0,,27.0,30.0,688.0,43.0,239.0,406.0
1967,秋田県,2175.0,1533.0,102.0,1371.0,0.0,1.0,,14.0,45.0,642.0,40.0,355.0,247.0
1967,群馬県,745.0,475.0,51.0,225.0,97.0,19.0,,69.0,14.0,270.0,17.0,63.0,190.0
1967,茨城県,622.0,534.0,152.0,255.0,122.0,2.0,,2.0,1.0,88.0,11.0,8.0,69.0
1967,長崎県,316.0,220.0,76.0,82.0,60.0,2.0,,0.0,0.0,96.0,1.0,1.0,94.0
1967,長野県,1935.0,1372.0,260.0,151.0,228.0,212.0,,356.0,165.0,563.0,37.0,110.0,416.0
1967,青森県,1436.0,998.0,202.0,397.0,1.0,,,14.0,384.0,438.0,13.0,174.0,251.0
1967,静岡県,1466.0,1234.0,140.0,612.0,353.0,112.0,,6.0,11.0,232.0,6.0,21.0,205.0
1967,香川県,120.0,109.0,88.0,9.0,12.0,0.0,,,0.0,11.0,,,11.0
1967,高知県,1322.0,950.0,185.0,310.0,299.0,150.0,,0.0,6.0,372.0,2.0,10.0,360.0
1967,鳥取県,465.0,313.0,111.0,147.0,55.0,0.0,,0.0,0.0,152.0,5.0,27.0,120.0
1967,鹿児島県,1635.0,859.0,331.0,335.0,180.0,9.0,,,4.0,776.0,2.0,2.0,772.0
1968,三重県,1026.0,930.0,115.0,451.0,332.0,28.0,,1.0,3.0,96.0,0.0,3.0,93.0
1968,京都府,548.0,455.0,176.0,151.0,110.0,10.0,,3.0,5.0,93.0,1.0,4.0,88.0
1968,佐賀県,275.0,211.0,43.0,106.0,62.0,0.0,,,0.0,64.0,0.0,1.0,63.0
1968,全国,48169.0,30119.0,6587.0,11291.0,4709.0,1335.0,,5116.0,1081.0,18050.0,997.0,2267.0,14786.0
1968,兵庫県,737.0,633.0,284.0,238.0,93.0,11.0,,3.0,4.0,104.0,2.0,11.0,91.0
1968,北海道,11018.0,4746.0,0.0,37.0,0.0,0.0,,4518.0,191.0,6272.0,563.0,289.0,5420.0
1968,千葉県,368.0,356.0,146.0,174.0,29.0,5.0,,0.0,2.0,12.0,0.0,0.0,12.0
1968,和歌山県,660.0,536.0,66.0,253.0,157.0,50.0,,0.0,10.0,124.0,9.0,6.0,109.0
1968,埼玉県,332.0,251.0,23.0,123.0,60.0,39.0,,1.0,5.0,81.0,1.0,9.0,71.0
1968,大分県,957.0,793.0,170.0,486.0,122.0,12.0,,0.0,3.0,164.0,1.0,3.0,160.0
1968,大阪府,66.0,61.0,26.0,22.0,12.0,1.0,,0.0,0.0,5.0,0.0,2.0,3.0
1968,奈良県,1048.0,908.0,82.0,466.0,283.0,69.0,,0.0,8.0,140.0,6.0,12.0,122.0
1968,宮城県,826.0,483.0,185.0,247.0,35.0,4.0,,7.0,5.0,343.0,9.0,75.0,259.0
1968,宮崎県,1750.0,872.0,196.0,410.0,147.0,115.0,,0.0,4.0,878.0,3.0,4.0,871.0
1968,富山県,226.0,137.0,26.0,95.0,2.0,2.0,,2.0,10.0,89.0,4.0,32.0,53.0
1968,山口県,745.0,458.0,305.0,106.0,44.0,1.0,,0.0,2.0,287.0,3.0,1.0,283.0
1968,山形県,596.0,311.0,43.0,247.0,3.0,0.0,,14.0,4.0,285.0,12.0,155.0,118.0
1968,山梨県,569.0,387.0,75.0,45.0,44.0,155.0,,44.0,24.0,182.0,13.0,11.0,158.0
1968,岐阜県,1525.0,781.0,129.0,155.0,304.0,86.0,,15.0,92.0,744.0,50.0,148.0,546.0
1968,岡山県,657.0,496.0,238.0,135.0,121.0,1.0,,0.0,1.0,161.0,3.0,3.0,155.0
1968,岩手県,2123.0,891.0,447.0,314.0,47.0,0.0,,68.0,15.0,1232.0,63.0,267.0,902.0
1968,島根県,942.0,454.0,299.0,111.0,35.0,2.0,,1.0,6.0,488.0,11.0,10.0,467.0
1968,広島県,1063.0,757.0,512.0,130.0,106.0,8.0,,0.0,1.0,306.0,7.0,9.0,290.0
1968,徳島県,756.0,527.0,87.0,358.0,55.0,25.0,,0.0,2.0,229.0,5.0,10.0,214.0
1968,愛媛県,997.0,835.0,306.0,288.0,208.0,31.0,,0.0,2.0,162.0,3.0,11.0,148.0
1968,愛知県,543.0,504.0,61.0,232.0,182.0,19.0,,1.0,9.0,39.0,0.0,5.0,34.0
1968,新潟県,582.0,424.0,97.0,311.0,2.0,0.0,,5.0,9.0,158.0,6.0,71.0,81.0
1968,東京都,171.0,153.0,14.0,81.0,33.0,21.0,,2.0,2.0,18.0,0.0,1.0,17.0
1968,栃木県,833.0,625.0,78.0,311.0,179.0,35.0,,8.0,14.0,208.0,15.0,53.0,140.0
1968,沖縄県,,,,,,,,,,,,,
1968,滋賀県,262.0,217.0,91.0,78.0,44.0,2.0,,0.0,2.0,45.0,1.0,9.0,35.0
1968,熊本県,1185.0,853.0,169.0,444.0,197.0,40.0,,1.0,2.0,332.0,6.0,6.0,320.0
1968,石川県,311.0,285.0,81.0,157.0,7.0,7.0,,1.0,32.0,26.0,0.0,6.0,20.0
1968,神奈川県,125.0,98.0,24.0,47.0,21.0,5.0,,0.0,1.0,27.0,0.0,0.0,27.0
1968,福井県,437.0,292.0,75.0,199.0,13.0,1.0,,0.0,4.0,145.0,6.0,56.0,83.0
1968,福岡県,629.0,523.0,110.0,292.0,114.0,3.0,,1.0,3.0,106.0,1.0,3.0,102.0
1968,福島県,1553.0,861.0,282.0,382.0,105.0,33.0,,27.0,32.0,692.0,46.0,235.0,411.0
1968,秋田県,2099.0,1446.0,80.0,1309.0,1.0,0.0,,11.0,45.0,653.0,39.0,346.0,268.0
1968,群馬県,759.0,471.0,47.0,224.0,103.0,22.0,,59.0,16.0,288.0,22.0,62.0,204.0
1968,茨城県,563.0,464.0,124.0,217.0,119.0,2.0,,0.0,2.0,99.0,11.0,11.0,77.0
1968,長崎県,297.0,202.0,61.0,78.0,60.0,2.0,,0.0,1.0,95.0,1.0,1.0,93.0
1968,長野県,1770.0,1216.0,227.0,116.0,248.0,205.0,,289.0,131.0,554.0,39.0,102.0,413.0
1968,青森県,1418.0,918.0,196.0,362.0,2.0,0.0,,19.0,339.0,500.0,15.0,169.0,316.0
1968,静岡県,1253.0,1068.0,119.0,529.0,312.0,91.0,,5.0,12.0,185.0,4.0,14.0,167.0
1968,香川県,152.0,140.0,115.0,9.0,16.0,0.0,,,,12.0,0.0,0.0,12.0
1968,高知県,1171.0,870.0,162.0,289.0,259.0,148.0,,0.0,12.0,301.0,3.0,10.0,288.0
1968,鳥取県,454.0,274.0,97.0,121.0,54.0,0.0,,0.0,2.0,180.0,7.0,22.0,151.0
1968,鹿児島県,1492.0,711.0,265.0,269.0,162.0,12.0,,0.0,3.0,781.0,2.0,2.0,777.0
1969,三重県,913.0,855.0,80.0,396.0,348.0,26.0,,1.0,4.0,58.0,1.0,3.0,54.0
1969,京都府,476.0,386.0,141.0,122.0,112.0,8.0,,1.0,2.0,90.0,2.0,4.0,84.0
1969,佐賀県,254.0,196.0,46.0,99.0,50.0,0.0,,,1.0,58.0,,,58.0
1969,全国,46062.0,27839.0,5919.0,10458.0,4536.0,1252.0,,4633.0,1041.0,18223.0,884.0,2089.0,15250.0
1969,兵庫県,656.0,549.0,233.0,225.0,84.0,6.0,,,1.0,107.0,4.0,9.0,94.0
1969,北海道,10490.0,4297.0,11.0,32.0,1.0,,,4094.0,159.0,6193.0,497.0,267.0,5429.0
1969,千葉県,354.0,343.0,133.0,173.0,29.0,4.0,,,4.0,11.0,,,11.0
1969,和歌山県,638.0,489.0,57.0,231.0,155.0,44.0,,1.0,1.0,149.0,7.0,5.0,137.0
1969,埼玉県,336.0,247.0,28.0,125.0,56.0,34.0,,1.0,3.0,89.0,1.0,10.0,78.0
1969,大分県,878.0,722.0,158.0,447.0,106.0,10.0,,,1.0,156.0,0.0,3.0,153.0
1969,大阪府,60.0,55.0,23.0,18.0,14.0,,,,,5.0,,,5.0
1969,奈良県,983.0,860.0,72.0,425.0,304.0,56.0,,,3.0,123.0,4.0,9.0,106.0
1969,宮城県,801.0,430.0,162.0,230.0,26.0,5.0,,4.0,3.0,371.0,14.0,80.0,277.0
1969,宮崎県,1804.0,797.0,167.0,391.0,121.0,113.0,,1.0,4.0,1007.0,3.0,15.0,989.0
1969,富山県,226.0,127.0,24.0,93.0,1.0,0.0,,3.0,6.0,99.0,3.0,41.0,55.0
1969,山口県,714.0,424.0,276.0,102.0,41.0,1.0,,0.0,4.0,290.0,3.0,1.0,286.0
1969,山形県,634.0,312.0,43.0,251.0,3.0,0.0,,12.0,3.0,322.0,13.0,155.0,154.0
1969,山梨県,551.0,373.0,73.0,42.0,44.0,159.0,,39.0,16.0,178.0,14.0,8.0,156.0
1969,岐阜県,1467.0,744.0,119.0,146.0,310.0,75.0,,9.0,85.0,723.0,42.0,123.0,558.0
1969,岡山県,629.0,459.0,216.0,127.0,115.0,1.0,,0.0,,170.0,3.0,8.0,159.0
1969,岩手県,2095.0,868.0,431.0,306.0,37.0,5.0,,66.0,23.0,1227.0,53.0,234.0,940.0
1969,島根県,914.0,415.0,269.0,102.0,41.0,1.0,,0.0,2.0,499.0,12.0,11.0,476.0
1969,広島県,957.0,656.0,426.0,120.0,102.0,4.0,,0.0,4.0,301.0,3.0,7.0,291.0
1969,徳島県,672.0,439.0,73.0,282.0,49.0,34.0,,,1.0,233.0,2.0,10.0,221.0
1969,愛媛県,880.0,727.0,272.0,246.0,185.0,21.0,,,3.0,153.0,2.0,7.0,144.0
1969,愛知県,552.0,515.0,62.0,215.0,217.0,12.0,,0.0,9.0,37.0,2.0,1.0,34.0
1969,新潟県,549.0,391.0,94.0,289.0,1.0,0.0,,4.0,3.0,158.0,2.0,65.0,91.0
1969,東京都,144.0,125.0,7.0,74.0,32.0,11.0,,1.0,0.0,19.0,0.0,2.0,17.0
1969,栃木県,814.0,609.0,76.0,304.0,168.0,35.0,,10.0,16.0,205.0,17.0,57.0,131.0
1969,沖縄県,,,,,,,,,,,,,
1969,滋賀県,243.0,198.0,81.0,70.0,43.0,2.0,,,2.0,45.0,1.0,7.0,37.0
1969,熊本県,1203.0,793.0,156.0,401.0,183.0,47.0,,1.0,5.0,410.0,5.0,8.0,397.0
1969,石川県,288.0,251.0,63.0,142.0,9.0,9.0,,,28.0,37.0,0.0,12.0,25.0
1969,神奈川県,107.0,88.0,22.0,42.0,19.0,3.0,,1.0,1.0,19.0,0.0,1.0,18.0
1969,福井県,452.0,285.0,68.0,200.0,14.0,1.0,,1.0,1.0,167.0,6.0,46.0,115.0
1969,福岡県,579.0,478.0,98.0,262.0,114.0,3.0,,0.0,1.0,101.0,1.0,2.0,98.0
1969,福島県,1495.0,775.0,242.0,333.0,113.0,27.0,,28.0,32.0,720.0,39.0,222.0,459.0
1969,秋田県,2061.0,1401.0,91.0,1238.0,2.0,0.0,,7.0,63.0,660.0,37.0,318.0,305.0
1969,群馬県,754.0,460.0,47.0,212.0,97.0,28.0,,64.0,12.0,294.0,23.0,58.0,213.0
1969,茨城県,526.0,441.0,119.0,221.0,96.0,2.0,,2.0,1.0,85.0,15.0,9.0,61.0
1969,長崎県,275.0,173.0,49.0,68.0,53.0,1.0,,,2.0,102.0,,,102.0
1969,長野県,1632.0,1157.0,206.0,98.0,246.0,200.0,,265.0,142.0,475.0,30.0,79.0,366.0
1969,青森県,1394.0,919.0,184.0,368.0,2.0,,,11.0,354.0,475.0,9.0,143.0,323.0
1969,静岡県,1173.0,995.0,101.0,475.0,300.0,105.0,,3.0,11.0,178.0,5.0,12.0,161.0
1969,香川県,131.0,122.0,94.0,8.0,17.0,1.0,,,2.0,9.0,,,9.0
1969,高知県,1186.0,802.0,132.0,266.0,248.0,144.0,,,12.0,384.0,2.0,6.0,376.0
1969,鳥取県,424.0,276.0,101.0,127.0,48.0,0.0,,,,148.0,4.0,18.0,126.0
1969,鹿児島県,1506.0,688.0,259.0,271.0,147.0,9.0,,,2.0,818.0,2.0,2.0,814.0
1970,三重県,922.0,873.0,91.0,406.0,353.0,19.0,,1.0,3.0,49.0,1.0,1.0,47.0
1970,京都府,395.0,326.0,128.0,103.0,84.0,8.0,,,3.0,69.0,1.0,1.0,67.0
1970,佐賀県,248.0,182.0,38.0,87.0,55.0,1.0,,1.0,,66.0,,1.0,65.0
1970,全国,45351.0,26791.0,5676.0,9860.0,4539.0,1197.0,,4433.0,1086.0,18560.0,877.0,1868.0,15815.0
1970,兵庫県,583.0,481.0,207.0,175.0,85.0,9.0,,1.0,4.0,102.0,4.0,6.0,92.0
1970,北海道,10612.0,4197.0,44.0,37.0,,,,3925.0,191.0,6415.0,499.0,219.0,5697.0
1970,千葉県,319.0,310.0,113.0,159.0,29.0,4.0,,,5.0,9.0,,,9.0
1970,和歌山県,593.0,440.0,61.0,185.0,148.0,43.0,,,3.0,153.0,5.0,5.0,143.0
1970,埼玉県,327.0,244.0,29.0,121.0,55.0,32.0,,1.0,6.0,83.0,2.0,8.0,73.0
1970,大分県,888.0,751.0,155.0,456.0,120.0,10.0,,8.0,2.0,137.0,1.0,3.0,133.0
1970,大阪府,64.0,55.0,21.0,18.0,10.0,,,,6.0,9.0,,,9.0
1970,奈良県,950.0,788.0,55.0,386.0,285.0,55.0,,,7.0,162.0,4.0,12.0,146.0
1970,宮城県,807.0,438.0,163.0,237.0,25.0,7.0,,4.0,2.0,369.0,5.0,64.0,300.0
1970,宮崎県,1797.0,829.0,152.0,409.0,147.0,106.0,,,15.0,968.0,11.0,15.0,942.0
1970,富山県,189.0,114.0,23.0,76.0,3.0,,,,12.0,75.0,1.0,21.0,53.0
1970,山口県,718.0,416.0,276.0,99.0,39.0,,,,2.0,302.0,3.0,2.0,297.0
1970,山形県,653.0,277.0,33.0,230.0,3.0,,,6.0,5.0,376.0,19.0,145.0,212.0
1970,山梨県,502.0,346.0,61.0,39.0,38.0,148.0,,38.0,22.0,156.0,17.0,18.0,121.0
1970,岐阜県,1501.0,782.0,116.0,161.0,328.0,84.0,,11.0,82.0,719.0,38.0,117.0,564.0
1970,岡山県,630.0,460.0,199.0,137.0,122.0,1.0,,,1.0,170.0,2.0,3.0,165.0
1970,岩手県,2222.0,939.0,488.0,322.0,42.0,,,67.0,20.0,1283.0,54.0,222.0,1007.0
1970,島根県,884.0,401.0,256.0,100.0,40.0,2.0,,,3.0,483.0,5.0,5.0,473.0
1970,広島県,912.0,626.0,383.0,132.0,102.0,5.0,,2.0,2.0,285.0,5.0,7.0,274.0
1970,徳島県,617.0,410.0,67.0,263.0,43.0,31.0,,1.0,5.0,207.0,1.0,15.0,191.0
1970,愛媛県,873.0,711.0,278.0,225.0,182.0,24.0,,1.0,1.0,162.0,2.0,11.0,149.0
1970,愛知県,481.0,451.0,58.0,187.0,193.0,11.0,,,2.0,30.0,,6.0,24.0
1970,新潟県,544.0,365.0,72.0,283.0,3.0,,,3.0,4.0,179.0,3.0,68.0,108.0
1970,東京都,143.0,122.0,3.0,71.0,30.0,12.0,,6.0,,21.0,,2.0,19.0
1970,栃木県,793.0,583.0,72.0,274.0,181.0,32.0,,10.0,14.0,210.0,14.0,40.0,156.0
1970,沖縄県,,,,,,,,,,,,,
1970,滋賀県,243.0,211.0,87.0,74.0,45.0,4.0,,,1.0,32.0,1.0,4.0,27.0
1970,熊本県,1193.0,795.0,162.0,372.0,205.0,50.0,,2.0,4.0,398.0,7.0,12.0,379.0
1970,石川県,273.0,237.0,64.0,129.0,6.0,5.0,,,33.0,36.0,,8.0,28.0
1970,神奈川県,117.0,97.0,24.0,41.0,28.0,2.0,,1.0,1.0,20.0,,3.0,17.0
1970,福井県,394.0,255.0,58.0,181.0,13.0,1.0,,,2.0,139.0,4.0,28.0,107.0
1970,福岡県,574.0,480.0,107.0,254.0,115.0,3.0,,,1.0,94.0,1.0,2.0,91.0
1970,福島県,1436.0,732.0,233.0,320.0,97.0,26.0,,21.0,35.0,704.0,39.0,164.0,501.0
1970,秋田県,1888.0,1319.0,84.0,1180.0,5.0,,,8.0,42.0,679.0,40.0,300.0,339.0
1970,群馬県,783.0,440.0,43.0,204.0,94.0,28.0,,62.0,9.0,343.0,28.0,50.0,265.0
1970,茨城県,513.0,427.0,109.0,198.0,115.0,2.0,,1.0,2.0,86.0,5.0,6.0,75.0
1970,長崎県,297.0,179.0,57.0,60.0,59.0,3.0,,,,118.0,1.0,,117.0
1970,長野県,1668.0,1100.0,206.0,107.0,250.0,176.0,,235.0,126.0,568.0,28.0,67.0,473.0
1970,青森県,1448.0,944.0,181.0,374.0,6.0,,,14.0,369.0,504.0,13.0,172.0,319.0
1970,静岡県,1097.0,898.0,91.0,410.0,279.0,99.0,,3.0,16.0,199.0,3.0,10.0,186.0
1970,香川県,106.0,98.0,80.0,3.0,14.0,,,,1.0,8.0,,,8.0
1970,高知県,1161.0,775.0,119.0,229.0,268.0,144.0,,,15.0,386.0,2.0,7.0,377.0
1970,鳥取県,362.0,228.0,76.0,108.0,43.0,,,,1.0,134.0,4.0,16.0,114.0
1970,鹿児島県,1521.0,659.0,253.0,238.0,152.0,10.0,,,6.0,862.0,4.0,2.0,856.0
1971,三重県,825.0,785.0,81.0,391.0,286.0,22.0,,1.0,4.0,40.0,1.0,1.0,38.0
1971,京都府,373.0,303.0,117.0,92.0,79.0,7.0,,,8.0,70.0,1.0,2.0,67.0
1971,佐賀県,248.0,184.0,36.0,90.0,57.0,0.0,,0.0,1.0,64.0,,,64.0
1971,全国,45253.0,26025.0,5474.0,9564.0,4199.0,1082.0,,4524.0,1182.0,19228.0,887.0,1778.0,16563.0
1971,兵庫県,505.0,417.0,191.0,161.0,55.0,9.0,,0.0,1.0,88.0,4.0,8.0,76.0
1971,北海道,10911.0,4316.0,16.0,31.0,1.0,1.0,,4007.0,260.0,6595.0,538.0,211.0,5846.0
1971,千葉県,308.0,302.0,118.0,159.0,19.0,2.0,,0.0,4.0,6.0,,,6.0
1971,和歌山県,495.0,361.0,48.0,165.0,105.0,40.0,,0.0,3.0,134.0,1.0,6.0,127.0
1971,埼玉県,297.0,229.0,22.0,116.0,60.0,25.0,,2.0,4.0,68.0,1.0,5.0,62.0
1971,大分県,834.0,710.0,152.0,440.0,100.0,14.0,,0.0,4.0,124.0,0.0,1.0,123.0
1971,大阪府,83.0,60.0,29.0,9.0,9.0,0.0,,0.0,13.0,23.0,0.0,,23.0
1971,奈良県,1012.0,814.0,36.0,420.0,311.0,40.0,,1.0,6.0,198.0,5.0,14.0,179.0
1971,宮城県,835.0,427.0,169.0,218.0,25.0,7.0,,4.0,4.0,408.0,7.0,62.0,339.0
1971,宮崎県,1800.0,803.0,138.0,421.0,130.0,102.0,,,12.0,997.0,6.0,42.0,949.0
1971,富山県,175.0,101.0,21.0,73.0,3.0,0.0,,0.0,4.0,74.0,1.0,22.0,51.0
1971,山口県,728.0,415.0,266.0,105.0,36.0,0.0,,0.0,8.0,313.0,1.0,1.0,311.0
1971,山形県,667.0,271.0,36.0,218.0,6.0,0.0,,6.0,5.0,396.0,21.0,146.0,229.0
1971,山梨県,392.0,294.0,56.0,32.0,29.0,119.0,,36.0,22.0,98.0,13.0,15.0,70.0
1971,岐阜県,1478.0,715.0,91.0,161.0,302.0,73.0,,12.0,76.0,763.0,32.0,99.0,632.0
1971,岡山県,714.0,519.0,277.0,120.0,115.0,0.0,,0.0,7.0,195.0,5.0,5.0,185.0
1971,岩手県,2312.0,893.0,450.0,324.0,29.0,1.0,,67.0,22.0,1419.0,56.0,214.0,1149.0
1971,島根県,835.0,380.0,240.0,86.0,46.0,2.0,,2.0,4.0,455.0,4.0,4.0,447.0
1971,広島県,906.0,643.0,418.0,115.0,93.0,10.0,,0.0,7.0,263.0,7.0,9.0,247.0
1971,徳島県,646.0,402.0,57.0,264.0,40.0,32.0,,,9.0,244.0,3.0,11.0,230.0
1971,愛媛県,835.0,678.0,254.0,239.0,157.0,17.0,,1.0,10.0,157.0,2.0,6.0,149.0
1971,愛知県,439.0,414.0,51.0,173.0,170.0,11.0,,0.0,9.0,25.0,1.0,1.0,23.0
1971,新潟県,555.0,324.0,62.0,252.0,2.0,0.0,,2.0,6.0,231.0,6.0,58.0,167.0
1971,東京都,124.0,104.0,5.0,59.0,30.0,7.0,,2.0,1.0,20.0,1.0,1.0,18.0
1971,栃木県,773.0,553.0,77.0,255.0,173.0,25.0,,12.0,11.0,220.0,16.0,22.0,182.0
1971,沖縄県,,,,,,,,,,,,,
1971,滋賀県,253.0,215.0,97.0,65.0,51.0,1.0,,0.0,1.0,38.0,1.0,5.0,32.0
1971,熊本県,1145.0,767.0,158.0,364.0,197.0,38.0,,1.0,9.0,378.0,7.0,12.0,359.0
1971,石川県,264.0,218.0,62.0,110.0,3.0,5.0,,1.0,37.0,46.0,0.0,7.0,39.0
1971,神奈川県,90.0,70.0,21.0,28.0,18.0,2.0,,0.0,1.0,20.0,0.0,2.0,18.0
1971,福井県,377.0,220.0,48.0,160.0,10.0,1.0,,0.0,1.0,157.0,5.0,27.0,125.0
1971,福岡県,529.0,435.0,98.0,232.0,95.0,4.0,,1.0,5.0,94.0,1.0,2.0,91.0
1971,福島県,1437.0,758.0,227.0,330.0,110.0,29.0,,29.0,33.0,679.0,32.0,130.0,517.0
1971,秋田県,1971.0,1265.0,67.0,1135.0,1.0,0.0,,8.0,54.0,706.0,35.0,307.0,364.0
1971,群馬県,729.0,424.0,46.0,185.0,98.0,19.0,,67.0,9.0,305.0,20.0,49.0,236.0
1971,茨城県,500.0,441.0,113.0,213.0,114.0,1.0,,0.0,0.0,59.0,4.0,2.0,53.0
1971,長崎県,304.0,174.0,61.0,59.0,51.0,2.0,,,1.0,130.0,0.0,,130.0
1971,長野県,1639.0,1044.0,168.0,97.0,230.0,175.0,,247.0,127.0,595.0,23.0,53.0,519.0
1971,青森県,1503.0,880.0,169.0,351.0,11.0,0.0,,11.0,338.0,623.0,14.0,176.0,433.0
1971,静岡県,1053.0,858.0,73.0,409.0,255.0,105.0,,4.0,12.0,195.0,3.0,21.0,171.0
1971,香川県,103.0,94.0,77.0,6.0,8.0,1.0,,0.0,2.0,9.0,0.0,,9.0
1971,高知県,1231.0,799.0,124.0,270.0,271.0,119.0,,0.0,15.0,432.0,2.0,5.0,425.0
1971,鳥取県,364.0,229.0,73.0,111.0,45.0,0.0,,0.0,0.0,135.0,5.0,12.0,118.0
1971,鹿児島県,1656.0,717.0,278.0,250.0,163.0,14.0,,0.0,12.0,939.0,2.0,2.0,935.0
1972,三重県,881.0,804.0,78.0,360.0,334.0,27.0,,0.0,5.0,77.0,1.0,1.0,75.0
1972,京都府,355.0,296.0,112.0,92.0,82.0,8.0,,0.0,2.0,59.0,0.0,0.0,59.0
1972,佐賀県,224.0,175.0,33.0,88.0,54.0,0.0,,,0.0,49.0,0.0,0.0,49.0
1972,全国,43114.0,25646.0,5005.0,9624.0,4360.0,943.0,,4542.0,1172.0,17468.0,846.0,1577.0,15045.0
1972,兵庫県,481.0,394.0,171.0,153.0,56.0,13.0,,0.0,1.0,87.0,4.0,6.0,77.0
1972,北海道,10374.0,4253.0,10.0,22.0,,,,4076.0,145.0,6121.0,522.0,193.0,5406.0
1972,千葉県,298.0,292.0,102.0,168.0,18.0,2.0,,,2.0,6.0,,,6.0
1972,和歌山県,493.0,402.0,43.0,201.0,117.0,39.0,,1.0,1.0,91.0,2.0,3.0,86.0
1972,埼玉県,266.0,204.0,20.0,106.0,51.0,21.0,,1.0,5.0,62.0,1.0,7.0,54.0
1972,大分県,876.0,769.0,152.0,492.0,108.0,12.0,,0.0,5.0,107.0,1.0,0.0,106.0
1972,大阪府,43.0,43.0,26.0,10.0,7.0,0.0,,,0.0,0.0,0.0,0.0,0.0
1972,奈良県,902.0,745.0,40.0,355.0,291.0,54.0,,4.0,1.0,157.0,4.0,18.0,135.0
1972,宮城県,877.0,495.0,185.0,268.0,27.0,4.0,,5.0,6.0,382.0,5.0,67.0,310.0
1972,宮崎県,1676.0,788.0,119.0,443.0,122.0,91.0,,0.0,13.0,888.0,4.0,6.0,878.0
1972,富山県,135.0,74.0,13.0,57.0,2.0,0.0,,0.0,2.0,61.0,2.0,6.0,53.0
1972,山口県,637.0,426.0,257.0,116.0,48.0,3.0,,0.0,2.0,211.0,2.0,1.0,208.0
1972,山形県,603.0,262.0,20.0,229.0,2.0,0.0,,6.0,5.0,341.0,17.0,109.0,215.0
1972,山梨県,344.0,244.0,46.0,32.0,31.0,90.0,,30.0,15.0,100.0,16.0,16.0,68.0
1972,岐阜県,1381.0,684.0,97.0,158.0,291.0,68.0,,8.0,62.0,697.0,27.0,95.0,575.0
1972,岡山県,633.0,499.0,221.0,137.0,140.0,0.0,,0.0,1.0,134.0,2.0,3.0,129.0
1972,岩手県,2228.0,930.0,446.0,344.0,42.0,0.0,,60.0,38.0,1298.0,51.0,218.0,1029.0
1972,島根県,743.0,357.0,223.0,84.0,41.0,1.0,,1.0,7.0,386.0,6.0,3.0,377.0
1972,広島県,826.0,591.0,356.0,107.0,123.0,4.0,,0.0,1.0,235.0,5.0,7.0,223.0
1972,徳島県,573.0,359.0,41.0,246.0,44.0,26.0,,0.0,2.0,214.0,1.0,6.0,207.0
1972,愛媛県,780.0,673.0,211.0,260.0,185.0,14.0,,1.0,2.0,107.0,3.0,5.0,99.0
1972,愛知県,432.0,416.0,47.0,170.0,176.0,9.0,,3.0,11.0,16.0,0.0,0.0,16.0
1972,新潟県,511.0,322.0,64.0,254.0,1.0,0.0,,1.0,2.0,189.0,5.0,43.0,141.0
1972,東京都,121.0,116.0,6.0,68.0,33.0,7.0,,1.0,1.0,5.0,0.0,0.0,5.0
1972,栃木県,745.0,551.0,77.0,259.0,169.0,27.0,,8.0,11.0,194.0,14.0,28.0,152.0
1972,沖縄県,17.0,2.0,,0.0,,,,,2.0,15.0,,,15.0
1972,滋賀県,242.0,200.0,87.0,68.0,43.0,0.0,,0.0,2.0,42.0,1.0,2.0,39.0
1972,熊本県,1111.0,756.0,145.0,374.0,202.0,29.0,,1.0,5.0,355.0,5.0,9.0,341.0
1972,石川県,226.0,179.0,47.0,97.0,17.0,6.0,,0.0,12.0,47.0,0.0,7.0,40.0
1972,神奈川県,76.0,60.0,16.0,25.0,17.0,2.0,,,0.0,16.0,0.0,0.0,16.0
1972,福井県,372.0,196.0,40.0,141.0,11.0,1.0,,1.0,2.0,176.0,6.0,27.0,143.0
1972,福岡県,487.0,408.0,82.0,225.0,95.0,4.0,,0.0,2.0,79.0,1.0,1.0,77.0
1972,福島県,1425.0,738.0,244.0,317.0,99.0,26.0,,23.0,29.0,687.0,31.0,111.0,545.0
1972,秋田県,1895.0,1266.0,86.0,1121.0,1.0,0.0,,12.0,46.0,629.0,41.0,269.0,319.0
1972,群馬県,720.0,397.0,37.0,176.0,93.0,20.0,,59.0,12.0,323.0,22.0,52.0,249.0
1972,茨城県,485.0,419.0,86.0,208.0,120.0,1.0,,0.0,4.0,66.0,2.0,4.0,60.0
1972,長崎県,292.0,167.0,47.0,59.0,60.0,0.0,,,1.0,125.0,0.0,0.0,125.0
1972,長野県,1485.0,1000.0,137.0,75.0,203.0,140.0,,219.0,226.0,485.0,19.0,46.0,420.0
1972,青森県,1613.0,1043.0,180.0,407.0,3.0,2.0,,19.0,432.0,570.0,15.0,175.0,380.0
1972,静岡県,948.0,812.0,67.0,403.0,257.0,76.0,,1.0,8.0,136.0,1.0,12.0,123.0
1972,香川県,77.0,69.0,54.0,2.0,12.0,0.0,,,1.0,8.0,,,8.0
1972,高知県,1134.0,808.0,115.0,277.0,299.0,103.0,,0.0,14.0,326.0,1.0,6.0,319.0
1972,鳥取県,474.0,239.0,70.0,118.0,50.0,0.0,,0.0,1.0,235.0,4.0,13.0,218.0
1972,鹿児島県,1597.0,723.0,249.0,252.0,183.0,13.0,,1.0,25.0,874.0,2.0,2.0,870.0
1973,三重県,929.0,868.0,70.0,399.0,384.0,13.0,,1.0,1.0,61.0,0.0,0.0,61.0
1973,京都府,337.0,285.0,118.0,83.0,75.0,8.0,,1.0,0.0,52.0,1.0,1.0,50.0
1973,佐賀県,215.0,164.0,27.0,89.0,46.0,1.0,,,1.0,51.0,,,51.0
1973,全国,41584.0,24949.0,4821.0,9786.0,4315.0,833.0,,4316.0,878.0,16635.0,759.0,1486.0,14390.0
1973,兵庫県,449.0,369.0,152.0,149.0,48.0,16.0,,0.0,4.0,80.0,3.0,2.0,75.0
1973,北海道,10056.0,3968.0,9.0,29.0,,,,3813.0,117.0,6088.0,456.0,176.0,5456.0
1973,千葉県,249.0,245.0,91.0,133.0,18.0,2.0,,,1.0,4.0,0.0,0.0,4.0
1973,和歌山県,461.0,387.0,46.0,194.0,102.0,42.0,,1.0,2.0,74.0,2.0,6.0,66.0
1973,埼玉県,246.0,202.0,28.0,104.0,53.0,11.0,,1.0,5.0,44.0,1.0,5.0,38.0
1973,大分県,905.0,815.0,170.0,532.0,103.0,9.0,,0.0,1.0,90.0,1.0,1.0,88.0
1973,大阪府,42.0,40.0,22.0,10.0,8.0,0.0,,,,2.0,0.0,0.0,2.0
1973,奈良県,929.0,812.0,29.0,425.0,319.0,36.0,,0.0,3.0,117.0,2.0,12.0,103.0
1973,宮城県,801.0,455.0,144.0,263.0,29.0,5.0,,8.0,6.0,346.0,5.0,65.0,276.0
1973,宮崎県,1606.0,822.0,109.0,478.0,145.0,73.0,,3.0,14.0,784.0,3.0,4.0,777.0
1973,富山県,123.0,74.0,10.0,60.0,2.0,0.0,,0.0,2.0,49.0,1.0,6.0,42.0
1973,山口県,560.0,364.0,244.0,85.0,34.0,1.0,,0.0,0.0,196.0,2.0,1.0,193.0
1973,山形県,590.0,265.0,37.0,216.0,3.0,0.0,,6.0,3.0,325.0,10.0,107.0,208.0
1973,山梨県,350.0,228.0,41.0,26.0,31.0,87.0,,30.0,13.0,122.0,12.0,15.0,95.0
1973,岐阜県,1259.0,678.0,96.0,146.0,296.0,62.0,,12.0,66.0,581.0,28.0,85.0,468.0
1973,岡山県,648.0,518.0,234.0,148.0,135.0,0.0,,0.0,1.0,130.0,2.0,4.0,124.0
1973,岩手県,2079.0,893.0,409.0,351.0,36.0,1.0,,67.0,29.0,1186.0,62.0,209.0,915.0
1973,島根県,739.0,351.0,229.0,74.0,45.0,1.0,,1.0,1.0,388.0,3.0,4.0,381.0
1973,広島県,798.0,585.0,379.0,96.0,101.0,3.0,,,6.0,213.0,3.0,8.0,202.0
1973,徳島県,599.0,419.0,49.0,290.0,42.0,29.0,,1.0,8.0,180.0,1.0,6.0,173.0
1973,愛媛県,711.0,630.0,196.0,252.0,170.0,11.0,,0.0,1.0,81.0,3.0,3.0,75.0
1973,愛知県,447.0,416.0,49.0,172.0,173.0,8.0,,2.0,12.0,31.0,2.0,0.0,29.0
1973,新潟県,514.0,314.0,58.0,252.0,2.0,0.0,,0.0,2.0,200.0,3.0,41.0,156.0
1973,東京都,121.0,115.0,5.0,65.0,30.0,14.0,,1.0,0.0,6.0,0.0,0.0,6.0
1973,栃木県,726.0,537.0,74.0,257.0,178.0,17.0,,7.0,4.0,189.0,11.0,18.0,160.0
1973,沖縄県,5.0,0.0,0.0,0.0,,,,0.0,0.0,5.0,,,5.0
1973,滋賀県,205.0,174.0,68.0,57.0,47.0,1.0,,0.0,1.0,31.0,1.0,2.0,28.0
1973,熊本県,1123.0,768.0,137.0,388.0,202.0,38.0,,0.0,3.0,355.0,4.0,5.0,346.0
1973,石川県,193.0,161.0,40.0,97.0,3.0,3.0,,0.0,18.0,32.0,0.0,6.0,26.0
1973,神奈川県,59.0,53.0,15.0,24.0,14.0,0.0,,0.0,0.0,6.0,0.0,0.0,6.0
1973,福井県,332.0,200.0,38.0,149.0,9.0,1.0,,1.0,2.0,132.0,6.0,23.0,103.0
1973,福岡県,520.0,432.0,109.0,226.0,92.0,3.0,,0.0,2.0,88.0,1.0,1.0,86.0
1973,福島県,1467.0,769.0,239.0,346.0,107.0,25.0,,28.0,24.0,698.0,37.0,116.0,545.0
1973,秋田県,1838.0,1180.0,55.0,1089.0,1.0,0.0,,10.0,25.0,658.0,27.0,261.0,370.0
1973,群馬県,696.0,368.0,38.0,167.0,87.0,14.0,,54.0,8.0,328.0,27.0,30.0,271.0
1973,茨城県,501.0,424.0,99.0,210.0,107.0,0.0,,0.0,8.0,77.0,0.0,5.0,72.0
1973,長崎県,282.0,159.0,43.0,62.0,53.0,1.0,,,0.0,123.0,0.0,,123.0
1973,長野県,1342.0,938.0,162.0,85.0,205.0,122.0,,251.0,113.0,404.0,20.0,43.0,341.0
1973,青森県,1522.0,921.0,173.0,403.0,1.0,0.0,,16.0,328.0,601.0,13.0,191.0,397.0
1973,静岡県,936.0,789.0,60.0,404.0,248.0,69.0,,1.0,7.0,147.0,1.0,8.0,138.0
1973,香川県,77.0,69.0,59.0,2.0,7.0,0.0,,,1.0,8.0,0.0,0.0,8.0
1973,高知県,1062.0,763.0,92.0,266.0,301.0,94.0,,,10.0,299.0,1.0,4.0,294.0
1973,鳥取県,392.0,256.0,78.0,130.0,46.0,0.0,,0.0,2.0,136.0,3.0,11.0,122.0
1973,鹿児島県,1543.0,706.0,191.0,303.0,177.0,12.0,,,23.0,837.0,1.0,1.0,835.0
1974,三重県,853.0,816.0,63.0,390.0,344.0,13.0,,0.0,6.0,37.0,0.0,1.0,36.0
1974,京都府,332.0,283.0,114.0,82.0,79.0,,,,1.0,49.0,0.0,0.0,49.0
1974,佐賀県,214.0,155.0,28.0,78.0,47.0,2.0,,,0.0,59.0,0.0,,59.0
1974,全国,38874.0,22242.0,4417.0,8553.0,3759.0,654.0,,4019.0,840.0,16632.0,641.0,1272.0,14719.0
1974,兵庫県,450.0,342.0,134.0,144.0,51.0,9.0,,2.0,2.0,108.0,3.0,2.0,103.0
1974,北海道,9895.0,3741.0,14.0,25.0,0.0,,,3587.0,115.0,6154.0,406.0,179.0,5569.0
1974,千葉県,211.0,201.0,73.0,108.0,18.0,1.0,,,1.0,10.0,0.0,0.0,10.0
1974,和歌山県,422.0,329.0,31.0,168.0,103.0,27.0,,0.0,0.0,93.0,2.0,6.0,85.0
1974,埼玉県,226.0,181.0,25.0,94.0,50.0,8.0,,2.0,2.0,45.0,0.0,5.0,40.0
1974,大分県,801.0,728.0,152.0,464.0,99.0,3.0,,8.0,2.0,73.0,1.0,1.0,71.0
1974,大阪府,46.0,44.0,25.0,8.0,11.0,0.0,,,0.0,2.0,0.0,0.0,2.0
1974,奈良県,794.0,662.0,25.0,373.0,230.0,32.0,,0.0,2.0,132.0,2.0,11.0,119.0
1974,宮城県,713.0,395.0,133.0,229.0,17.0,4.0,,4.0,8.0,318.0,3.0,41.0,274.0
1974,宮崎県,1592.0,753.0,113.0,428.0,125.0,72.0,,1.0,14.0,839.0,3.0,7.0,829.0
1974,富山県,117.0,74.0,12.0,53.0,2.0,0.0,,5.0,2.0,43.0,1.0,4.0,38.0
1974,山口県,552.0,348.0,236.0,81.0,28.0,1.0,,0.0,2.0,204.0,2.0,1.0,201.0
1974,山形県,686.0,253.0,31.0,196.0,3.0,0.0,,6.0,17.0,433.0,10.0,87.0,336.0
1974,山梨県,311.0,191.0,19.0,27.0,24.0,48.0,,20.0,53.0,120.0,12.0,13.0,95.0
1974,岐阜県,1104.0,582.0,96.0,111.0,266.0,51.0,,6.0,52.0,522.0,23.0,66.0,433.0
1974,岡山県,585.0,458.0,226.0,110.0,108.0,0.0,,2.0,12.0,127.0,1.0,2.0,124.0
1974,岩手県,1963.0,745.0,359.0,283.0,29.0,0.0,,58.0,16.0,1218.0,46.0,173.0,999.0
1974,島根県,725.0,341.0,221.0,76.0,38.0,1.0,,1.0,4.0,384.0,3.0,2.0,379.0
1974,広島県,791.0,566.0,355.0,81.0,117.0,9.0,,0.0,4.0,225.0,3.0,8.0,214.0
1974,徳島県,497.0,340.0,50.0,222.0,40.0,18.0,,0.0,10.0,157.0,0.0,3.0,154.0
1974,愛媛県,717.0,630.0,228.0,235.0,154.0,10.0,,0.0,3.0,87.0,1.0,3.0,83.0
1974,愛知県,357.0,339.0,36.0,142.0,145.0,5.0,,1.0,10.0,18.0,0.0,0.0,18.0
1974,新潟県,530.0,297.0,52.0,239.0,1.0,1.0,,1.0,3.0,233.0,2.0,37.0,194.0
1974,東京都,112.0,105.0,4.0,60.0,31.0,9.0,,0.0,1.0,7.0,0.0,0.0,7.0
1974,栃木県,632.0,478.0,63.0,232.0,162.0,8.0,,7.0,6.0,154.0,6.0,15.0,133.0
1974,沖縄県,13.0,2.0,,,,,,,2.0,11.0,,,11.0
1974,滋賀県,193.0,156.0,60.0,59.0,37.0,0.0,,0.0,0.0,37.0,1.0,2.0,34.0
1974,熊本県,1069.0,728.0,134.0,372.0,175.0,38.0,,0.0,9.0,341.0,4.0,6.0,331.0
1974,石川県,194.0,153.0,39.0,88.0,4.0,3.0,,2.0,17.0,41.0,0.0,7.0,34.0
1974,神奈川県,52.0,45.0,11.0,17.0,12.0,4.0,,0.0,1.0,7.0,0.0,0.0,7.0
1974,福井県,346.0,194.0,38.0,132.0,8.0,0.0,,14.0,2.0,152.0,7.0,24.0,121.0
1974,福岡県,458.0,363.0,86.0,202.0,68.0,2.0,,1.0,4.0,95.0,1.0,1.0,93.0
1974,福島県,1381.0,703.0,201.0,335.0,100.0,22.0,,21.0,24.0,678.0,33.0,97.0,548.0
1974,秋田県,1590.0,1000.0,57.0,915.0,2.0,0.0,,10.0,16.0,590.0,23.0,214.0,353.0
1974,群馬県,624.0,318.0,42.0,144.0,73.0,10.0,,44.0,5.0,306.0,13.0,31.0,262.0
1974,茨城県,414.0,353.0,86.0,175.0,87.0,1.0,,2.0,2.0,61.0,1.0,4.0,56.0
1974,長崎県,291.0,130.0,38.0,49.0,43.0,0.0,,,0.0,161.0,,,161.0
1974,長野県,1164.0,786.0,115.0,85.0,184.0,106.0,,202.0,94.0,378.0,10.0,34.0,334.0
1974,青森県,1332.0,779.0,147.0,335.0,5.0,,,10.0,282.0,553.0,9.0,168.0,376.0
1974,静岡県,788.0,686.0,52.0,359.0,210.0,55.0,,2.0,8.0,102.0,1.0,7.0,94.0
1974,香川県,75.0,64.0,53.0,3.0,7.0,0.0,,,1.0,11.0,0.0,0.0,11.0
1974,高知県,954.0,616.0,103.0,193.0,244.0,68.0,,,8.0,338.0,2.0,3.0,333.0
1974,鳥取県,347.0,230.0,73.0,116.0,40.0,0.0,,0.0,1.0,117.0,5.0,6.0,106.0
1974,鹿児島県,1361.0,559.0,164.0,235.0,138.0,6.0,,,16.0,802.0,1.0,1.0,800.0
1975,三重県,761.0,721.0,63.0,350.0,295.0,10.0,,0.0,3.0,40.0,1.0,0.0,39.0
1975,京都府,285.0,244.0,96.0,72.0,67.0,4.0,,1.0,4.0,41.0,0.0,0.0,41.0
1975,佐賀県,186.0,151.0,27.0,75.0,49.0,0.0,,0.0,0.0,35.0,0.0,0.0,35.0
1975,全国,34155.0,20858.0,3895.0,8043.0,3548.0,551.0,,3964.0,857.0,13297.0,713.0,1059.0,11525.0
1975,兵庫県,392.0,309.0,115.0,125.0,56.0,8.0,,5.0,0.0,83.0,3.0,4.0,76.0
1975,北海道,8770.0,3765.0,0.0,17.0,,0.0,,3566.0,182.0,5005.0,445.0,142.0,4418.0
1975,千葉県,212.0,207.0,71.0,119.0,15.0,1.0,,,1.0,5.0,0.0,0.0,5.0
1975,和歌山県,367.0,299.0,32.0,155.0,82.0,29.0,,0.0,1.0,68.0,2.0,6.0,60.0
1975,埼玉県,197.0,165.0,19.0,85.0,49.0,10.0,,1.0,1.0,32.0,0.0,4.0,28.0
1975,大分県,725.0,674.0,132.0,436.0,101.0,3.0,,0.0,2.0,51.0,1.0,0.0,50.0
1975,大阪府,40.0,37.0,25.0,7.0,4.0,1.0,,,,3.0,0.0,,3.0
1975,奈良県,724.0,614.0,21.0,341.0,227.0,24.0,,0.0,1.0,110.0,2.0,8.0,100.0
1975,宮城県,589.0,363.0,117.0,221.0,13.0,4.0,,4.0,4.0,226.0,3.0,42.0,181.0
1975,宮崎県,1349.0,696.0,115.0,411.0,103.0,49.0,,3.0,15.0,653.0,5.0,10.0,638.0
1975,富山県,81.0,56.0,9.0,44.0,1.0,0.0,,1.0,1.0,25.0,0.0,3.0,22.0
1975,山口県,497.0,329.0,221.0,74.0,29.0,1.0,,1.0,3.0,168.0,2.0,6.0,160.0
1975,山形県,570.0,231.0,32.0,188.0,3.0,0.0,,6.0,2.0,339.0,15.0,59.0,265.0
1975,山梨県,252.0,172.0,30.0,28.0,25.0,52.0,,24.0,13.0,80.0,9.0,12.0,59.0
1975,岐阜県,970.0,552.0,80.0,108.0,267.0,41.0,,7.0,49.0,418.0,22.0,56.0,340.0
1975,岡山県,509.0,431.0,202.0,114.0,105.0,2.0,,2.0,6.0,78.0,2.0,1.0,75.0
1975,岩手県,1687.0,708.0,334.0,278.0,24.0,1.0,,54.0,17.0,979.0,51.0,150.0,778.0
1975,島根県,600.0,308.0,200.0,70.0,35.0,1.0,,0.0,2.0,292.0,2.0,0.0,290.0
1975,広島県,624.0,453.0,301.0,72.0,71.0,6.0,,,3.0,171.0,1.0,3.0,167.0
1975,徳島県,454.0,326.0,44.0,208.0,50.0,17.0,,0.0,7.0,128.0,1.0,2.0,125.0
1975,愛媛県,570.0,500.0,149.0,199.0,144.0,7.0,,0.0,1.0,70.0,2.0,3.0,65.0
1975,愛知県,342.0,329.0,33.0,141.0,140.0,5.0,,2.0,8.0,13.0,1.0,1.0,11.0
1975,新潟県,495.0,279.0,45.0,224.0,3.0,0.0,,2.0,5.0,216.0,7.0,46.0,163.0
1975,東京都,95.0,85.0,3.0,48.0,26.0,6.0,,1.0,1.0,10.0,0.0,0.0,10.0
1975,栃木県,623.0,448.0,59.0,220.0,146.0,9.0,,6.0,8.0,175.0,17.0,14.0,144.0
1975,沖縄県,3.0,0.0,0.0,,,,,,0.0,3.0,,,3.0
1975,滋賀県,179.0,146.0,55.0,51.0,38.0,1.0,,0.0,1.0,33.0,1.0,2.0,30.0
1975,熊本県,966.0,670.0,110.0,330.0,187.0,29.0,,1.0,13.0,296.0,3.0,4.0,289.0
1975,石川県,174.0,140.0,34.0,80.0,2.0,2.0,,0.0,22.0,34.0,0.0,4.0,30.0
1975,神奈川県,51.0,45.0,9.0,23.0,12.0,0.0,,0.0,1.0,6.0,,0.0,6.0
1975,福井県,264.0,158.0,31.0,113.0,12.0,0.0,,0.0,2.0,106.0,6.0,12.0,88.0
1975,福岡県,390.0,323.0,80.0,171.0,70.0,1.0,,0.0,1.0,67.0,2.0,2.0,63.0
1975,福島県,1247.0,677.0,207.0,317.0,101.0,21.0,,21.0,10.0,570.0,32.0,86.0,452.0
1975,秋田県,1507.0,979.0,50.0,883.0,1.0,0.0,,5.0,40.0,528.0,22.0,172.0,334.0
1975,群馬県,550.0,296.0,31.0,116.0,65.0,10.0,,62.0,12.0,254.0,19.0,28.0,207.0
1975,茨城県,427.0,385.0,106.0,188.0,88.0,1.0,,0.0,2.0,42.0,0.0,0.0,42.0
1975,長崎県,231.0,123.0,34.0,43.0,44.0,1.0,,,1.0,108.0,0.0,,108.0
1975,長野県,999.0,703.0,101.0,71.0,179.0,77.0,,177.0,98.0,296.0,9.0,27.0,260.0
1975,青森県,1149.0,722.0,122.0,308.0,5.0,0.0,,9.0,278.0,427.0,16.0,135.0,276.0
1975,静岡県,719.0,639.0,44.0,340.0,198.0,49.0,,3.0,5.0,80.0,1.0,5.0,74.0
1975,香川県,54.0,50.0,29.0,16.0,5.0,,,,0.0,4.0,0.0,0.0,4.0
1975,高知県,862.0,582.0,79.0,197.0,238.0,58.0,,0.0,10.0,280.0,1.0,3.0,276.0
1975,鳥取県,309.0,220.0,66.0,110.0,43.0,0.0,,0.0,1.0,89.0,6.0,6.0,77.0
1975,鹿児島県,1108.0,548.0,132.0,256.0,130.0,10.0,,,20.0,560.0,1.0,1.0,558.0
1976,三重県,788.0,759.0,68.0,383.0,293.0,13.0,,0.0,2.0,29.0,1.0,1.0,27.0
1976,京都府,254.0,211.0,83.0,63.0,58.0,5.0,,0.0,2.0,43.0,0.0,0.0,43.0
1976,佐賀県,183.0,147.0,28.0,78.0,40.0,0.0,,,1.0,36.0,0.0,1.0,35.0
1976,全国,35271.0,21388.0,3856.0,8425.0,3572.0,566.0,,4050.0,919.0,13883.0,646.0,1122.0,12115.0
1976,兵庫県,409.0,316.0,110.0,136.0,57.0,11.0,,0.0,2.0,93.0,1.0,3.0,89.0
1976,北海道,8952.0,3878.0,4.0,17.0,0.0,0.0,,3637.0,220.0,5074.0,412.0,152.0,4510.0
1976,千葉県,201.0,196.0,62.0,116.0,13.0,3.0,,0.0,2.0,5.0,0.0,,5.0
1976,和歌山県,382.0,306.0,39.0,149.0,92.0,25.0,,0.0,1.0,76.0,2.0,6.0,68.0
1976,埼玉県,201.0,169.0,20.0,93.0,47.0,6.0,,1.0,2.0,32.0,0.0,3.0,29.0
1976,大分県,719.0,665.0,111.0,448.0,101.0,3.0,,0.0,2.0,54.0,1.0,1.0,52.0
1976,大阪府,38.0,37.0,25.0,6.0,6.0,0.0,,,0.0,1.0,0.0,,1.0
1976,奈良県,680.0,578.0,24.0,317.0,207.0,26.0,,3.0,1.0,102.0,2.0,1.0,99.0
1976,宮城県,659.0,395.0,117.0,236.0,19.0,10.0,,9.0,4.0,264.0,4.0,54.0,206.0
1976,宮崎県,1454.0,776.0,108.0,469.0,132.0,52.0,,1.0,14.0,678.0,4.0,5.0,669.0
1976,富山県,82.0,54.0,8.0,43.0,1.0,0.0,,1.0,1.0,28.0,0.0,3.0,25.0
1976,山口県,501.0,334.0,223.0,79.0,26.0,2.0,,1.0,3.0,167.0,2.0,6.0,159.0
1976,山形県,526.0,255.0,34.0,209.0,4.0,0.0,,7.0,1.0,271.0,14.0,74.0,183.0
1976,山梨県,235.0,153.0,32.0,22.0,23.0,48.0,,19.0,9.0,82.0,9.0,12.0,61.0
1976,岐阜県,979.0,567.0,83.0,127.0,258.0,48.0,,8.0,43.0,412.0,19.0,53.0,340.0
1976,岡山県,523.0,436.0,201.0,113.0,112.0,3.0,,1.0,6.0,87.0,1.0,1.0,85.0
1976,岩手県,1750.0,712.0,319.0,276.0,25.0,1.0,,63.0,28.0,1038.0,56.0,151.0,831.0
1976,島根県,629.0,292.0,186.0,69.0,35.0,1.0,,0.0,1.0,337.0,3.0,1.0,333.0
1976,広島県,637.0,446.0,294.0,69.0,75.0,6.0,,,2.0,191.0,2.0,5.0,184.0
1976,徳島県,441.0,311.0,48.0,206.0,38.0,13.0,,1.0,5.0,130.0,2.0,3.0,125.0
1976,愛媛県,584.0,510.0,158.0,204.0,138.0,9.0,,,1.0,74.0,1.0,4.0,69.0
1976,愛知県,345.0,328.0,39.0,145.0,129.0,6.0,,1.0,8.0,17.0,0.0,,17.0
1976,新潟県,503.0,294.0,43.0,243.0,1.0,1.0,,2.0,4.0,209.0,2.0,29.0,178.0
1976,東京都,91.0,82.0,4.0,47.0,26.0,2.0,,1.0,2.0,9.0,0.0,1.0,8.0
1976,栃木県,681.0,525.0,68.0,281.0,156.0,10.0,,4.0,6.0,156.0,8.0,14.0,134.0
1976,沖縄県,9.0,3.0,2.0,,,,,,1.0,6.0,,,6.0
1976,滋賀県,188.0,155.0,58.0,55.0,41.0,0.0,,0.0,1.0,33.0,1.0,2.0,30.0
1976,熊本県,975.0,678.0,112.0,348.0,187.0,23.0,,0.0,8.0,297.0,3.0,5.0,289.0
1976,石川県,164.0,131.0,36.0,71.0,2.0,2.0,,1.0,19.0,33.0,0.0,5.0,28.0
1976,神奈川県,42.0,38.0,8.0,15.0,15.0,0.0,,0.0,0.0,4.0,0.0,0.0,4.0
1976,福井県,245.0,146.0,27.0,113.0,5.0,0.0,,0.0,1.0,99.0,2.0,16.0,81.0
1976,福岡県,408.0,334.0,77.0,182.0,72.0,2.0,,0.0,1.0,74.0,2.0,1.0,71.0
1976,福島県,1379.0,694.0,191.0,329.0,104.0,18.0,,19.0,33.0,685.0,19.0,86.0,580.0
1976,秋田県,1552.0,995.0,61.0,904.0,9.0,0.0,,6.0,15.0,557.0,22.0,193.0,342.0
1976,群馬県,559.0,300.0,35.0,134.0,61.0,11.0,,49.0,10.0,259.0,16.0,24.0,219.0
1976,茨城県,449.0,394.0,99.0,194.0,96.0,1.0,,2.0,2.0,55.0,1.0,0.0,54.0
1976,長崎県,227.0,120.0,28.0,46.0,44.0,1.0,,,1.0,107.0,0.0,,107.0
1976,長野県,1008.0,705.0,90.0,73.0,160.0,85.0,,198.0,99.0,303.0,10.0,29.0,264.0
1976,青森県,1336.0,790.0,124.0,321.0,5.0,1.0,,11.0,328.0,546.0,17.0,162.0,367.0
1976,静岡県,725.0,644.0,51.0,339.0,198.0,45.0,,2.0,9.0,81.0,2.0,4.0,75.0
1976,香川県,56.0,49.0,36.0,4.0,9.0,0.0,,,,7.0,0.0,,7.0
1976,高知県,894.0,616.0,69.0,214.0,261.0,64.0,,0.0,8.0,278.0,1.0,4.0,273.0
1976,鳥取県,321.0,219.0,62.0,115.0,40.0,0.0,,2.0,0.0,102.0,4.0,6.0,92.0
1976,鹿児島県,1307.0,645.0,151.0,324.0,151.0,9.0,,0.0,10.0,662.0,0.0,1.0,661.0
1977,三重県,576.0,551.0,51.0,300.0,188.0,8.0,,0.0,4.0,25.0,1.0,1.0,23.0
1977,京都府,246.0,200.0,83.0,62.0,51.0,4.0,,0.0,0.0,46.0,0.0,1.0,45.0
1977,佐賀県,173.0,149.0,25.0,81.0,43.0,0.0,,0.0,0.0,24.0,,,24.0
1977,全国,33793.0,20464.0,3697.0,8177.0,3398.0,505.0,,3862.0,825.0,13329.0,610.0,1034.0,11685.0
1977,兵庫県,367.0,296.0,111.0,128.0,48.0,8.0,,0.0,1.0,71.0,1.0,2.0,68.0
1977,北海道,8444.0,3631.0,2.0,15.0,0.0,,,3514.0,100.0,4813.0,369.0,140.0,4304.0
1977,千葉県,176.0,171.0,51.0,105.0,13.0,0.0,,0.0,2.0,5.0,0.0,1.0,4.0
1977,和歌山県,397.0,325.0,35.0,147.0,118.0,24.0,,0.0,1.0,72.0,2.0,10.0,60.0
1977,埼玉県,175.0,146.0,18.0,77.0,45.0,4.0,,1.0,1.0,29.0,0.0,1.0,28.0
1977,大分県,689.0,624.0,108.0,425.0,83.0,6.0,,0.0,2.0,65.0,1.0,1.0,63.0
1977,大阪府,31.0,31.0,21.0,4.0,6.0,0.0,,,0.0,0.0,0.0,,0.0
1977,奈良県,664.0,598.0,24.0,332.0,214.0,20.0,,,8.0,66.0,1.0,4.0,61.0
1977,宮城県,641.0,348.0,102.0,218.0,16.0,4.0,,3.0,5.0,293.0,5.0,66.0,222.0
1977,宮崎県,1445.0,754.0,100.0,479.0,116.0,44.0,,1.0,14.0,691.0,6.0,5.0,680.0
1977,富山県,80.0,54.0,7.0,44.0,1.0,0.0,,1.0,1.0,26.0,1.0,5.0,20.0
1977,山口県,506.0,328.0,219.0,78.0,28.0,1.0,,1.0,1.0,178.0,3.0,1.0,174.0
1977,山形県,512.0,248.0,24.0,212.0,4.0,0.0,,5.0,3.0,264.0,20.0,72.0,172.0
1977,山梨県,229.0,152.0,28.0,26.0,25.0,40.0,,19.0,14.0,77.0,10.0,12.0,55.0
1977,岐阜県,1023.0,584.0,79.0,132.0,255.0,48.0,,6.0,64.0,439.0,19.0,52.0,368.0
1977,岡山県,528.0,441.0,183.0,128.0,124.0,0.0,,1.0,5.0,87.0,1.0,1.0,85.0
1977,岩手県,1709.0,682.0,312.0,275.0,20.0,1.0,,50.0,24.0,1027.0,54.0,155.0,818.0
1977,島根県,632.0,295.0,183.0,73.0,34.0,1.0,,1.0,3.0,337.0,2.0,1.0,334.0
1977,広島県,622.0,403.0,257.0,70.0,71.0,2.0,,0.0,3.0,219.0,2.0,7.0,210.0
1977,徳島県,424.0,313.0,48.0,207.0,40.0,13.0,,,5.0,111.0,1.0,2.0,108.0
1977,愛媛県,602.0,531.0,184.0,197.0,141.0,7.0,,0.0,2.0,71.0,3.0,3.0,65.0
1977,愛知県,321.0,297.0,35.0,139.0,111.0,4.0,,1.0,7.0,24.0,0.0,0.0,24.0
1977,新潟県,445.0,265.0,43.0,214.0,3.0,0.0,,1.0,4.0,180.0,3.0,30.0,147.0
1977,東京都,99.0,88.0,4.0,47.0,27.0,7.0,,1.0,2.0,11.0,1.0,0.0,10.0
1977,栃木県,656.0,506.0,67.0,261.0,159.0,8.0,,3.0,8.0,150.0,6.0,15.0,129.0
1977,沖縄県,26.0,1.0,1.0,0.0,0.0,,,,,25.0,,,25.0
1977,滋賀県,204.0,176.0,72.0,55.0,46.0,1.0,,0.0,2.0,28.0,1.0,1.0,26.0
1977,熊本県,935.0,681.0,102.0,366.0,181.0,27.0,,0.0,5.0,254.0,3.0,4.0,247.0
1977,石川県,170.0,140.0,36.0,77.0,5.0,4.0,,,18.0,30.0,0.0,3.0,27.0
1977,神奈川県,41.0,38.0,8.0,12.0,18.0,0.0,,0.0,0.0,3.0,,,3.0
1977,福井県,249.0,145.0,30.0,103.0,10.0,0.0,,0.0,2.0,104.0,3.0,12.0,89.0
1977,福岡県,411.0,345.0,75.0,185.0,77.0,4.0,,0.0,4.0,66.0,1.0,2.0,63.0
1977,福島県,1288.0,689.0,218.0,305.0,93.0,16.0,,19.0,38.0,599.0,24.0,63.0,512.0
1977,秋田県,1520.0,954.0,58.0,867.0,2.0,0.0,,6.0,21.0,566.0,28.0,160.0,378.0
1977,群馬県,523.0,291.0,34.0,129.0,57.0,9.0,,50.0,12.0,232.0,7.0,18.0,207.0
1977,茨城県,439.0,392.0,94.0,210.0,84.0,1.0,,1.0,2.0,47.0,0.0,0.0,47.0
1977,長崎県,235.0,121.0,32.0,45.0,43.0,0.0,,,1.0,114.0,0.0,,114.0
1977,長野県,934.0,682.0,92.0,75.0,179.0,76.0,,166.0,94.0,252.0,9.0,17.0,226.0
1977,青森県,1247.0,746.0,120.0,304.0,6.0,0.0,,10.0,306.0,561.0,17.0,150.0,334.0
1977,静岡県,719.0,645.0,43.0,362.0,187.0,46.0,,1.0,6.0,74.0,1.0,5.0,68.0
1977,香川県,58.0,52.0,42.0,2.0,8.0,,,,0.0,6.0,0.0,,6.0
1977,高知県,896.0,597.0,57.0,216.0,255.0,59.0,,0.0,10.0,299.0,0.0,5.0,294.0
1977,鳥取県,327.0,229.0,61.0,128.0,40.0,0.0,,0.0,0.0,98.0,4.0,5.0,89.0
1977,鹿児島県,1159.0,529.0,118.0,260.0,123.0,8.0,,0.0,20.0,630.0,0.0,1.0,629.0
1978,三重県,603.0,575.0,72.0,286.0,208.0,8.0,,0.0,1.0,28.0,0.0,1.0,27.0
1978,京都府,215.0,172.0,69.0,59.0,41.0,3.0,,0.0,0.0,43.0,0.0,0.0,43.0
1978,佐賀県,170.0,143.0,23.0,75.0,44.0,0.0,,0.0,1.0,27.0,0.0,0.0,27.0
1978,全国,32145.0,20228.0,3635.0,8100.0,3380.0,488.0,,3815.0,810.0,11917.0,606.0,960.0,10351.0
1978,兵庫県,382.0,329.0,137.0,136.0,48.0,7.0,,0.0,1.0,53.0,0.0,2.0,51.0
1978,北海道,8131.0,3586.0,7.0,12.0,,0.0,,3436.0,131.0,4545.0,381.0,135.0,4029.0
1978,千葉県,174.0,168.0,49.0,105.0,13.0,1.0,,0.0,0.0,6.0,0.0,,6.0
1978,和歌山県,411.0,350.0,27.0,175.0,120.0,23.0,,1.0,4.0,61.0,0.0,10.0,51.0
1978,埼玉県,154.0,133.0,20.0,68.0,37.0,5.0,,2.0,1.0,21.0,0.0,1.0,20.0
1978,大分県,655.0,612.0,108.0,422.0,75.0,4.0,,0.0,3.0,43.0,1.0,1.0,41.0
1978,大阪府,31.0,29.0,20.0,6.0,3.0,0.0,,,0.0,2.0,0.0,,2.0
1978,奈良県,617.0,553.0,21.0,311.0,204.0,15.0,,0.0,2.0,64.0,1.0,2.0,61.0
1978,宮城県,590.0,352.0,98.0,220.0,16.0,5.0,,3.0,10.0,238.0,12.0,39.0,187.0
1978,宮崎県,1280.0,741.0,73.0,466.0,133.0,46.0,,3.0,20.0,539.0,3.0,4.0,532.0
1978,富山県,90.0,55.0,4.0,47.0,1.0,0.0,,1.0,2.0,35.0,0.0,3.0,32.0
1978,山口県,443.0,285.0,188.0,65.0,30.0,1.0,,0.0,1.0,158.0,6.0,0.0,152.0
1978,山形県,499.0,255.0,27.0,218.0,3.0,0.0,,5.0,2.0,244.0,31.0,71.0,142.0
1978,山梨県,196.0,127.0,19.0,18.0,28.0,35.0,,18.0,9.0,69.0,6.0,7.0,56.0
1978,岐阜県,1018.0,624.0,104.0,158.0,255.0,40.0,,4.0,63.0,394.0,11.0,50.0,333.0
1978,岡山県,505.0,428.0,175.0,123.0,128.0,0.0,,1.0,1.0,77.0,1.0,1.0,75.0
1978,岩手県,1628.0,664.0,283.0,268.0,24.0,0.0,,65.0,24.0,964.0,58.0,135.0,771.0
1978,島根県,607.0,299.0,193.0,71.0,32.0,1.0,,1.0,1.0,308.0,4.0,1.0,303.0
1978,広島県,593.0,390.0,250.0,64.0,73.0,2.0,,0.0,1.0,203.0,1.0,4.0,198.0
1978,徳島県,378.0,271.0,35.0,183.0,36.0,15.0,,,2.0,107.0,1.0,2.0,104.0
1978,愛媛県,644.0,578.0,236.0,191.0,141.0,9.0,,0.0,1.0,66.0,2.0,5.0,59.0
1978,愛知県,316.0,301.0,27.0,142.0,118.0,5.0,,2.0,7.0,15.0,0.0,0.0,15.0
1978,新潟県,441.0,269.0,49.0,214.0,2.0,0.0,,1.0,3.0,172.0,1.0,36.0,135.0
1978,東京都,91.0,85.0,5.0,53.0,22.0,4.0,,1.0,0.0,6.0,0.0,0.0,6.0
1978,栃木県,590.0,469.0,53.0,248.0,146.0,8.0,,4.0,10.0,121.0,7.0,15.0,99.0
1978,沖縄県,18.0,0.0,0.0,,,,,,,18.0,,,18.0
1978,滋賀県,200.0,177.0,67.0,59.0,48.0,2.0,,0.0,1.0,23.0,0.0,0.0,23.0
1978,熊本県,886.0,713.0,92.0,402.0,192.0,24.0,,1.0,2.0,173.0,1.0,5.0,167.0
1978,石川県,167.0,130.0,32.0,71.0,5.0,2.0,,0.0,20.0,37.0,0.0,4.0,33.0
1978,神奈川県,39.0,35.0,7.0,14.0,14.0,0.0,,0.0,0.0,4.0,,0.0,4.0
1978,福井県,207.0,133.0,33.0,91.0,8.0,1.0,,0.0,0.0,74.0,3.0,8.0,63.0
1978,福岡県,367.0,326.0,63.0,188.0,70.0,3.0,,1.0,1.0,41.0,0.0,0.0,41.0
1978,福島県,1276.0,720.0,218.0,337.0,101.0,16.0,,23.0,25.0,556.0,26.0,67.0,463.0
1978,秋田県,1474.0,1001.0,44.0,928.0,2.0,0.0,,6.0,21.0,473.0,23.0,157.0,293.0
1978,群馬県,496.0,278.0,27.0,111.0,63.0,9.0,,57.0,11.0,218.0,4.0,17.0,197.0
1978,茨城県,436.0,397.0,106.0,192.0,96.0,1.0,,0.0,2.0,39.0,0.0,1.0,38.0
1978,長崎県,188.0,116.0,37.0,40.0,38.0,0.0,,0.0,1.0,72.0,0.0,0.0,72.0
1978,長野県,873.0,663.0,92.0,67.0,174.0,72.0,,166.0,92.0,210.0,6.0,22.0,182.0
1978,青森県,1168.0,720.0,119.0,269.0,9.0,3.0,,11.0,309.0,448.0,13.0,139.0,296.0
1978,静岡県,680.0,625.0,46.0,332.0,189.0,49.0,,2.0,7.0,55.0,0.0,5.0,50.0
1978,香川県,71.0,66.0,55.0,1.0,9.0,0.0,,,1.0,5.0,0.0,,5.0
1978,高知県,815.0,588.0,75.0,221.0,227.0,59.0,,0.0,6.0,227.0,0.0,5.0,222.0
1978,鳥取県,302.0,225.0,64.0,124.0,37.0,0.0,,0.0,0.0,77.0,3.0,3.0,71.0
1978,鹿児島県,1030.0,472.0,86.0,249.0,117.0,10.0,,0.0,10.0,558.0,0.0,2.0,556.0
1979,三重県,578.0,553.0,42.0,280.0,219.0,9.0,0.0,1.0,2.0,25.0,0.0,1.0,24.0
1979,京都府,252.0,226.0,124.0,54.0,46.0,2.0,,,0.0,26.0,0.0,1.0,25.0
1979,佐賀県,160.0,131.0,18.0,70.0,43.0,0.0,,,0.0,29.0,0.0,,29.0
1979,全国,33270.0,21219.0,3731.0,8485.0,3657.0,482.0,773.0,3259.0,832.0,12051.0,590.0,938.0,10523.0
1979,兵庫県,419.0,356.0,136.0,153.0,59.0,8.0,0.0,,0.0,63.0,1.0,3.0,59.0
1979,北海道,8299.0,3743.0,6.0,14.0,,,400.0,3209.0,114.0,4556.0,372.0,115.0,4069.0
1979,千葉県,167.0,160.0,44.0,101.0,12.0,1.0,1.0,,1.0,7.0,0.0,,7.0
1979,和歌山県,413.0,357.0,28.0,180.0,124.0,22.0,1.0,,2.0,56.0,3.0,10.0,43.0
1979,埼玉県,134.0,112.0,13.0,63.0,30.0,5.0,0.0,,1.0,22.0,0.0,0.0,22.0
1979,大分県,668.0,621.0,82.0,444.0,87.0,3.0,0.0,,5.0,47.0,1.0,1.0,45.0
1979,大阪府,35.0,32.0,18.0,9.0,5.0,0.0,,,0.0,3.0,0.0,0.0,3.0
1979,奈良県,698.0,626.0,26.0,324.0,258.0,15.0,1.0,,2.0,72.0,2.0,4.0,66.0
1979,宮城県,603.0,357.0,92.0,226.0,20.0,6.0,5.0,1.0,7.0,246.0,6.0,48.0,192.0
1979,宮崎県,1294.0,759.0,84.0,475.0,138.0,45.0,0.0,,17.0,535.0,2.0,5.0,528.0
1979,富山県,87.0,61.0,13.0,46.0,0.0,0.0,1.0,0.0,1.0,26.0,0.0,4.0,22.0
1979,山口県,493.0,311.0,203.0,74.0,32.0,0.0,0.0,,2.0,182.0,2.0,0.0,180.0
1979,山形県,498.0,269.0,23.0,231.0,2.0,0.0,8.0,0.0,5.0,229.0,18.0,75.0,136.0
1979,山梨県,204.0,139.0,25.0,25.0,28.0,33.0,16.0,2.0,10.0,65.0,7.0,11.0,47.0
1979,岐阜県,1050.0,662.0,76.0,165.0,318.0,38.0,7.0,1.0,57.0,388.0,21.0,39.0,328.0
1979,岡山県,568.0,477.0,190.0,133.0,152.0,0.0,0.0,,2.0,91.0,1.0,1.0,89.0
1979,岩手県,1732.0,703.0,290.0,291.0,23.0,0.0,70.0,5.0,24.0,1029.0,47.0,136.0,846.0
1979,島根県,604.0,318.0,210.0,65.0,39.0,1.0,1.0,,2.0,286.0,2.0,1.0,283.0
1979,広島県,616.0,397.0,238.0,73.0,81.0,5.0,,,0.0,219.0,2.0,4.0,213.0
1979,徳島県,368.0,273.0,40.0,172.0,40.0,15.0,0.0,,6.0,95.0,0.0,1.0,94.0
1979,愛媛県,728.0,663.0,269.0,226.0,150.0,9.0,0.0,,9.0,65.0,3.0,4.0,58.0
1979,愛知県,324.0,310.0,27.0,139.0,128.0,6.0,1.0,1.0,8.0,14.0,0.0,0.0,14.0
1979,新潟県,408.0,262.0,50.0,207.0,2.0,0.0,1.0,0.0,2.0,146.0,2.0,31.0,113.0
1979,東京都,97.0,93.0,4.0,49.0,30.0,8.0,2.0,,0.0,4.0,0.0,0.0,4.0
1979,栃木県,602.0,483.0,57.0,248.0,152.0,8.0,3.0,2.0,13.0,119.0,6.0,12.0,101.0
1979,沖縄県,19.0,1.0,1.0,,,,,,,0.0,18.0,,
1979,滋賀県,168.0,154.0,60.0,55.0,36.0,2.0,,,1.0,14.0,1.0,1.0,12.0
1979,熊本県,908.0,706.0,92.0,402.0,186.0,21.0,1.0,,4.0,202.0,5.0,5.0,192.0
1979,石川県,172.0,135.0,34.0,72.0,8.0,2.0,0.0,,19.0,37.0,0.0,6.0,31.0
1979,神奈川県,44.0,41.0,8.0,15.0,18.0,0.0,0.0,,0.0,3.0,0.0,,3.0
1979,福井県,217.0,142.0,28.0,107.0,7.0,0.0,0.0,0.0,0.0,75.0,2.0,7.0,66.0
1979,福岡県,386.0,343.0,52.0,207.0,80.0,3.0,0.0,,1.0,43.0,1.0,6.0,36.0
1979,福島県,1303.0,752.0,227.0,350.0,113.0,17.0,18.0,3.0,24.0,551.0,22.0,66.0,463.0
1979,秋田県,1524.0,1036.0,39.0,958.0,6.0,0.0,6.0,1.0,26.0,488.0,22.0,153.0,313.0
1979,群馬県,484.0,290.0,18.0,129.0,65.0,10.0,56.0,3.0,9.0,194.0,8.0,15.0,171.0
1979,茨城県,505.0,468.0,144.0,216.0,104.0,0.0,1.0,,3.0,37.0,0.0,0.0,37.0
1979,長崎県,180.0,98.0,27.0,41.0,30.0,0.0,0.0,,0.0,82.0,0.0,,82.0
1979,長野県,896.0,695.0,95.0,72.0,169.0,70.0,157.0,26.0,106.0,201.0,7.0,19.0,175.0
1979,青森県,1305.0,842.0,157.0,345.0,1.0,3.0,14.0,3.0,319.0,463.0,19.0,142.0,302.0
1979,静岡県,705.0,659.0,45.0,365.0,192.0,46.0,2.0,1.0,8.0,46.0,2.0,4.0,40.0
1979,香川県,83.0,74.0,62.0,2.0,9.0,0.0,,,1.0,9.0,0.0,,9.0
1979,高知県,807.0,580.0,47.0,204.0,261.0,60.0,,,8.0,227.0,1.0,3.0,223.0
1979,鳥取県,298.0,228.0,71.0,116.0,41.0,0.0,0.0,,0.0,70.0,2.0,3.0,65.0
1979,鹿児島県,1167.0,521.0,96.0,292.0,113.0,9.0,0.0,,11.0,646.0,0.0,1.0,645.0
1980,三重県,570.0,549.0,41.0,303.0,198.0,5.0,0.0,0.0,2.0,21.0,0.0,0.0,21.0
1980,京都府,271.0,230.0,79.0,76.0,69.0,3.0,0.0,,3.0,41.0,0.0,0.0,41.0
1980,佐賀県,155.0,121.0,14.0,74.0,32.0,0.0,0.0,,1.0,34.0,0.0,,34.0
1980,全国,34051.0,21427.0,4210.0,8446.0,3567.0,429.0,1187.0,2917.0,671.0,12624.0,540.0,854.0,11230.0
1980,兵庫県,452.0,381.0,153.0,157.0,61.0,9.0,0.0,,1.0,71.0,0.0,2.0,69.0
1980,北海道,8480.0,3779.0,9.0,18.0,2.0,0.0,748.0,2906.0,96.0,4701.0,369.0,106.0,4226.0
1980,千葉県,204.0,192.0,61.0,114.0,14.0,1.0,1.0,,1.0,12.0,,0.0,12.0
1980,和歌山県,460.0,396.0,22.0,204.0,140.0,26.0,1.0,,3.0,64.0,3.0,10.0,51.0
1980,埼玉県,111.0,85.0,9.0,53.0,20.0,2.0,0.0,,1.0,26.0,0.0,1.0,25.0
1980,大分県,686.0,642.0,107.0,444.0,90.0,1.0,0.0,,0.0,44.0,0.0,0.0,44.0
1980,大阪府,39.0,36.0,19.0,9.0,7.0,1.0,0.0,,0.0,3.0,0.0,0.0,3.0
1980,奈良県,615.0,544.0,28.0,282.0,216.0,16.0,0.0,,2.0,71.0,0.0,3.0,68.0
1980,宮城県,652.0,350.0,89.0,231.0,16.0,3.0,6.0,0.0,5.0,302.0,3.0,41.0,258.0
1980,宮崎県,1354.0,767.0,81.0,507.0,119.0,49.0,0.0,,11.0,587.0,1.0,1.0,585.0
1980,富山県,100.0,68.0,14.0,47.0,4.0,0.0,0.0,0.0,3.0,32.0,0.0,3.0,29.0
1980,山口県,449.0,328.0,224.0,67.0,33.0,0.0,0.0,,4.0,121.0,0.0,0.0,121.0
1980,山形県,554.0,278.0,31.0,228.0,2.0,0.0,7.0,0.0,10.0,276.0,15.0,68.0,193.0
1980,山梨県,211.0,127.0,26.0,31.0,32.0,24.0,9.0,1.0,4.0,84.0,2.0,2.0,80.0
1980,岐阜県,995.0,618.0,75.0,144.0,299.0,37.0,13.0,0.0,50.0,377.0,19.0,37.0,321.0
1980,岡山県,639.0,534.0,232.0,152.0,148.0,0.0,,,2.0,105.0,1.0,1.0,103.0
1980,岩手県,1884.0,743.0,313.0,309.0,16.0,0.0,90.0,1.0,14.0,1141.0,42.0,142.0,957.0
1980,島根県,688.0,385.0,251.0,88.0,42.0,0.0,1.0,,3.0,303.0,1.0,1.0,301.0
1980,広島県,619.0,377.0,232.0,76.0,66.0,2.0,0.0,,1.0,242.0,2.0,3.0,237.0
1980,徳島県,416.0,314.0,51.0,205.0,40.0,13.0,0.0,1.0,4.0,102.0,0.0,1.0,101.0
1980,愛媛県,805.0,739.0,352.0,221.0,160.0,4.0,,,2.0,66.0,4.0,4.0,58.0
1980,愛知県,334.0,317.0,32.0,141.0,128.0,5.0,1.0,,10.0,17.0,0.0,0.0,17.0
1980,新潟県,425.0,274.0,48.0,219.0,2.0,0.0,2.0,0.0,3.0,151.0,2.0,21.0,128.0
1980,東京都,85.0,81.0,3.0,50.0,24.0,4.0,0.0,,0.0,4.0,0.0,,4.0
1980,栃木県,680.0,525.0,93.0,242.0,172.0,9.0,2.0,0.0,7.0,155.0,5.0,13.0,137.0
1980,沖縄県,18.0,1.0,,0.0,,,,,,1.0,17.0,,
1980,滋賀県,199.0,185.0,64.0,65.0,52.0,2.0,,0.0,2.0,14.0,1.0,0.0,13.0
1980,熊本県,838.0,651.0,70.0,391.0,172.0,14.0,0.0,0.0,4.0,187.0,0.0,1.0,186.0
1980,石川県,180.0,144.0,35.0,80.0,11.0,3.0,0.0,,15.0,36.0,0.0,6.0,30.0
1980,神奈川県,41.0,40.0,6.0,20.0,13.0,1.0,0.0,,0.0,1.0,0.0,0.0,1.0
1980,福井県,257.0,160.0,41.0,105.0,11.0,1.0,0.0,,2.0,97.0,2.0,7.0,88.0
1980,福岡県,419.0,354.0,82.0,193.0,75.0,3.0,0.0,0.0,1.0,65.0,2.0,3.0,60.0
1980,福島県,1293.0,736.0,241.0,342.0,109.0,14.0,22.0,3.0,5.0,557.0,18.0,68.0,471.0
1980,秋田県,1409.0,962.0,54.0,881.0,5.0,,6.0,1.0,15.0,447.0,20.0,140.0,287.0
1980,群馬県,521.0,305.0,25.0,136.0,63.0,9.0,64.0,1.0,7.0,216.0,7.0,17.0,192.0
1980,茨城県,551.0,519.0,214.0,203.0,99.0,1.0,0.0,0.0,2.0,32.0,0.0,1.0,31.0
1980,長崎県,229.0,95.0,22.0,38.0,34.0,,,,1.0,134.0,3.0,1.0,130.0
1980,長野県,888.0,660.0,102.0,65.0,163.0,65.0,193.0,0.0,72.0,228.0,6.0,21.0,201.0
1980,青森県,1201.0,760.0,149.0,311.0,2.0,0.0,20.0,1.0,277.0,441.0,8.0,120.0,313.0
1980,静岡県,684.0,646.0,53.0,339.0,202.0,40.0,1.0,2.0,9.0,38.0,2.0,1.0,35.0
1980,香川県,114.0,105.0,93.0,6.0,5.0,0.0,,,1.0,9.0,,,9.0
1980,高知県,828.0,575.0,63.0,204.0,246.0,55.0,0.0,0.0,7.0,253.0,1.0,5.0,247.0
1980,鳥取県,308.0,240.0,90.0,109.0,41.0,0.0,0.0,,0.0,68.0,1.0,3.0,64.0
1980,鹿児島県,1140.0,509.0,117.0,266.0,112.0,7.0,0.0,,7.0,631.0,0.0,0.0,631.0
1981,三重県,581.0,549.0,51.0,292.0,194.0,10.0,0.0,,2.0,32.0,0.0,1.0,31.0
1981,京都府,244.0,210.0,64.0,67.0,72.0,2.0,1.0,0.0,4.0,34.0,0.0,0.0,34.0
1981,佐賀県,177.0,112.0,11.0,68.0,32.0,0.0,0.0,,1.0,65.0,0.0,,65.0
1981,全国,31370.0,20145.0,3750.0,7969.0,3375.0,409.0,1231.0,2668.0,743.0,11225.0,502.0,767.0,9956.0
1981,兵庫県,480.0,398.0,156.0,162.0,69.0,8.0,0.0,,3.0,82.0,2.0,3.0,77.0
1981,北海道,7582.0,3616.0,1.0,14.0,6.0,0.0,836.0,2657.0,102.0,3966.0,327.0,120.0,3519.0
1981,千葉県,211.0,207.0,68.0,122.0,14.0,1.0,,,2.0,4.0,0.0,0.0,4.0
1981,和歌山県,399.0,333.0,16.0,180.0,118.0,17.0,,,2.0,66.0,3.0,10.0,53.0
1981,埼玉県,130.0,102.0,10.0,59.0,29.0,2.0,1.0,,1.0,28.0,0.0,0.0,28.0
1981,大分県,677.0,624.0,94.0,443.0,80.0,5.0,0.0,,2.0,53.0,0.0,1.0,52.0
1981,大阪府,37.0,33.0,21.0,7.0,5.0,,,,0.0,4.0,,1.0,3.0
1981,奈良県,588.0,503.0,25.0,257.0,202.0,19.0,,0.0,0.0,85.0,1.0,4.0,80.0
1981,宮城県,570.0,345.0,72.0,236.0,20.0,4.0,5.0,1.0,7.0,225.0,6.0,41.0,178.0
1981,宮崎県,1282.0,712.0,65.0,464.0,120.0,47.0,1.0,,15.0,570.0,1.0,4.0,565.0
1981,富山県,75.0,53.0,6.0,42.0,2.0,0.0,1.0,1.0,1.0,22.0,0.0,2.0,20.0
1981,山口県,367.0,266.0,182.0,57.0,27.0,0.0,0.0,,0.0,101.0,0.0,0.0,101.0
1981,山形県,492.0,253.0,22.0,223.0,2.0,0.0,4.0,0.0,2.0,239.0,10.0,46.0,183.0
1981,山梨県,182.0,106.0,20.0,24.0,24.0,24.0,9.0,1.0,4.0,76.0,7.0,5.0,64.0
1981,岐阜県,939.0,608.0,85.0,147.0,278.0,36.0,11.0,0.0,51.0,331.0,17.0,37.0,277.0
1981,岡山県,608.0,491.0,198.0,150.0,141.0,0.0,0.0,,2.0,117.0,1.0,1.0,115.0
1981,岩手県,1679.0,691.0,269.0,289.0,14.0,0.0,99.0,0.0,20.0,988.0,34.0,122.0,832.0
1981,島根県,635.0,340.0,228.0,68.0,39.0,0.0,1.0,,4.0,295.0,4.0,1.0,290.0
1981,広島県,615.0,368.0,239.0,64.0,61.0,3.0,,,1.0,247.0,2.0,2.0,243.0
1981,徳島県,405.0,308.0,68.0,196.0,32.0,8.0,,,4.0,97.0,0.0,2.0,95.0
1981,愛媛県,719.0,658.0,287.0,196.0,164.0,6.0,,,5.0,61.0,1.0,2.0,58.0
1981,愛知県,322.0,303.0,28.0,140.0,117.0,4.0,2.0,,12.0,19.0,0.0,2.0,17.0
1981,新潟県,387.0,235.0,37.0,188.0,4.0,0.0,2.0,0.0,4.0,152.0,2.0,20.0,130.0
1981,東京都,80.0,79.0,8.0,39.0,23.0,6.0,3.0,,0.0,1.0,,,1.0
1981,栃木県,618.0,468.0,79.0,217.0,139.0,9.0,6.0,1.0,17.0,150.0,5.0,11.0,134.0
1981,沖縄県,17.0,1.0,,,,,,,,1.0,16.0,,
1981,滋賀県,204.0,186.0,68.0,66.0,47.0,3.0,0.0,,2.0,18.0,1.0,0.0,17.0
1981,熊本県,847.0,674.0,90.0,380.0,184.0,15.0,0.0,0.0,5.0,173.0,4.0,3.0,166.0
1981,石川県,163.0,126.0,27.0,71.0,5.0,3.0,1.0,0.0,19.0,37.0,0.0,3.0,34.0
1981,神奈川県,41.0,38.0,5.0,19.0,14.0,0.0,0.0,,0.0,3.0,0.0,,3.0
1981,福井県,259.0,172.0,36.0,117.0,15.0,1.0,0.0,0.0,3.0,87.0,3.0,7.0,77.0
1981,福岡県,335.0,304.0,62.0,168.0,72.0,2.0,0.0,,0.0,31.0,1.0,2.0,28.0
1981,福島県,1195.0,703.0,206.0,337.0,89.0,16.0,13.0,3.0,39.0,492.0,19.0,55.0,418.0
1981,秋田県,1379.0,931.0,39.0,869.0,2.0,0.0,7.0,1.0,13.0,448.0,23.0,124.0,301.0
1981,群馬県,465.0,269.0,24.0,122.0,54.0,7.0,53.0,1.0,8.0,196.0,6.0,11.0,179.0
1981,茨城県,526.0,481.0,170.0,205.0,100.0,0.0,1.0,0.0,5.0,45.0,0.0,,45.0
1981,長崎県,162.0,93.0,26.0,37.0,29.0,1.0,0.0,,0.0,69.0,0.0,,69.0
1981,長野県,816.0,612.0,90.0,67.0,156.0,58.0,155.0,1.0,85.0,204.0,6.0,17.0,181.0
1981,青森県,1036.0,695.0,136.0,274.0,0.0,0.0,16.0,1.0,268.0,341.0,13.0,97.0,231.0
1981,静岡県,618.0,574.0,53.0,290.0,187.0,34.0,2.0,0.0,8.0,44.0,1.0,3.0,40.0
1981,香川県,80.0,72.0,62.0,0.0,10.0,0.0,,,,8.0,0.0,,8.0
1981,高知県,757.0,529.0,49.0,176.0,242.0,51.0,0.0,,11.0,228.0,1.0,4.0,223.0
1981,鳥取県,301.0,236.0,107.0,92.0,35.0,0.0,1.0,,1.0,65.0,1.0,3.0,61.0
1981,鹿児島県,1088.0,478.0,90.0,268.0,106.0,7.0,0.0,,7.0,610.0,,0.0,610.0
1982,三重県,582.0,555.0,47.0,298.0,198.0,10.0,0.0,,2.0,27.0,0.0,1.0,26.0
1982,京都府,287.0,251.0,96.0,71.0,76.0,3.0,1.0,0.0,4.0,36.0,0.0,0.0,36.0
1982,佐賀県,149.0,117.0,18.0,68.0,31.0,0.0,0.0,,0.0,32.0,0.0,0.0,32.0
1982,全国,31904.0,20860.0,3839.0,8083.0,3295.0,404.0,1429.0,3021.0,789.0,11044.0,547.0,805.0,9692.0
1982,兵庫県,445.0,378.0,139.0,153.0,64.0,13.0,4.0,,5.0,67.0,2.0,4.0,61.0
1982,北海道,7754.0,4101.0,2.0,17.0,,0.0,957.0,3010.0,115.0,3653.0,347.0,120.0,3186.0
1982,千葉県,181.0,172.0,47.0,110.0,12.0,1.0,,,2.0,9.0,0.0,,9.0
1982,和歌山県,372.0,308.0,14.0,159.0,117.0,17.0,0.0,,1.0,64.0,2.0,10.0,52.0
1982,埼玉県,139.0,115.0,14.0,62.0,36.0,2.0,1.0,,0.0,24.0,0.0,0.0,24.0
1982,大分県,750.0,694.0,99.0,501.0,85.0,5.0,,,4.0,56.0,1.0,1.0,54.0
1982,大阪府,35.0,31.0,16.0,7.0,7.0,0.0,0.0,,1.0,4.0,0.0,,4.0
1982,奈良県,548.0,468.0,19.0,260.0,173.0,16.0,0.0,0.0,0.0,80.0,3.0,4.0,73.0
1982,宮城県,572.0,320.0,68.0,222.0,17.0,2.0,6.0,0.0,5.0,252.0,6.0,51.0,195.0
1982,宮崎県,1260.0,747.0,55.0,493.0,126.0,49.0,,,24.0,513.0,2.0,2.0,509.0
1982,富山県,83.0,50.0,7.0,40.0,0.0,,0.0,0.0,3.0,33.0,0.0,4.0,29.0
1982,山口県,398.0,265.0,171.0,66.0,28.0,0.0,0.0,,0.0,133.0,2.0,1.0,131.0
1982,山形県,482.0,265.0,21.0,235.0,2.0,0.0,5.0,1.0,1.0,217.0,10.0,53.0,154.0
1982,山梨県,198.0,106.0,23.0,20.0,22.0,20.0,16.0,,5.0,92.0,10.0,7.0,75.0
1982,岐阜県,999.0,637.0,78.0,156.0,290.0,34.0,11.0,1.0,67.0,362.0,13.0,36.0,313.0
1982,岡山県,627.0,507.0,225.0,139.0,142.0,1.0,0.0,,0.0,120.0,2.0,1.0,117.0
1982,岩手県,1702.0,697.0,265.0,286.0,13.0,2.0,108.0,1.0,22.0,1005.0,40.0,132.0,833.0
1982,島根県,672.0,362.0,257.0,69.0,32.0,0.0,1.0,,3.0,310.0,7.0,2.0,301.0
1982,広島県,671.0,385.0,271.0,53.0,57.0,3.0,0.0,,1.0,286.0,3.0,2.0,281.0
1982,徳島県,414.0,324.0,71.0,212.0,33.0,7.0,,,1.0,90.0,1.0,1.0,88.0
1982,愛媛県,732.0,674.0,310.0,201.0,153.0,7.0,,,3.0,58.0,0.0,1.0,57.0
1982,愛知県,333.0,310.0,52.0,131.0,112.0,4.0,1.0,,10.0,23.0,1.0,1.0,21.0
1982,新潟県,381.0,228.0,42.0,179.0,4.0,0.0,1.0,0.0,2.0,153.0,6.0,25.0,122.0
1982,東京都,75.0,72.0,6.0,37.0,27.0,2.0,0.0,,0.0,3.0,0.0,,3.0
1982,栃木県,582.0,451.0,72.0,229.0,120.0,10.0,6.0,1.0,13.0,131.0,5.0,11.0,115.0
1982,沖縄県,13.0,0.0,,,,,,,,0.0,13.0,,
1982,滋賀県,199.0,179.0,67.0,63.0,46.0,2.0,0.0,,1.0,20.0,1.0,1.0,18.0
1982,熊本県,827.0,670.0,75.0,400.0,172.0,17.0,0.0,,6.0,157.0,1.0,4.0,152.0
1982,石川県,167.0,130.0,30.0,73.0,2.0,4.0,2.0,0.0,19.0,37.0,0.0,1.0,36.0
1982,神奈川県,36.0,34.0,4.0,15.0,15.0,0.0,0.0,,0.0,2.0,0.0,,2.0
1982,福井県,250.0,156.0,39.0,105.0,9.0,0.0,0.0,0.0,3.0,94.0,3.0,6.0,85.0
1982,福岡県,336.0,277.0,45.0,164.0,65.0,3.0,0.0,,0.0,59.0,2.0,3.0,54.0
1982,福島県,1290.0,721.0,193.0,364.0,84.0,19.0,22.0,2.0,37.0,569.0,20.0,56.0,493.0
1982,秋田県,1363.0,919.0,42.0,852.0,2.0,0.0,7.0,1.0,15.0,444.0,22.0,117.0,305.0
1982,群馬県,473.0,285.0,20.0,119.0,58.0,7.0,66.0,1.0,14.0,188.0,6.0,13.0,169.0
1982,茨城県,494.0,454.0,151.0,201.0,100.0,0.0,0.0,0.0,2.0,40.0,0.0,2.0,38.0
1982,長崎県,163.0,84.0,25.0,31.0,27.0,1.0,,,0.0,79.0,0.0,,79.0
1982,長野県,882.0,669.0,95.0,76.0,152.0,61.0,191.0,1.0,93.0,213.0,5.0,17.0,191.0
1982,青森県,1036.0,695.0,123.0,271.0,1.0,0.0,20.0,0.0,280.0,341.0,19.0,104.0,218.0
1982,静岡県,617.0,576.0,49.0,298.0,189.0,31.0,2.0,2.0,5.0,41.0,2.0,3.0,36.0
1982,香川県,117.0,110.0,91.0,5.0,14.0,0.0,,,0.0,7.0,0.0,,7.0
1982,高知県,803.0,555.0,68.0,196.0,237.0,44.0,0.0,,10.0,248.0,1.0,5.0,242.0
1982,鳥取県,342.0,261.0,124.0,102.0,34.0,0.0,0.0,,1.0,81.0,2.0,4.0,75.0
1982,鹿児島県,1073.0,495.0,93.0,274.0,111.0,7.0,1.0,,9.0,578.0,0.0,0.0,578.0
1983,三重県,574.0,550.0,45.0,261.0,234.0,8.0,,,2.0,24.0,1.0,1.0,22.0
1983,京都府,245.0,202.0,77.0,59.0,62.0,2.0,,0.0,2.0,43.0,0.0,1.0,42.0
1983,佐賀県,146.0,105.0,14.0,65.0,26.0,0.0,,,0.0,41.0,0.0,0.0,41.0
1983,全国,31990.0,20648.0,3777.0,7844.0,3259.0,376.0,1509.0,3092.0,791.0,11342.0,548.0,811.0,9983.0
1983,兵庫県,449.0,346.0,133.0,146.0,56.0,8.0,1.0,,2.0,103.0,1.0,1.0,101.0
1983,北海道,8058.0,4169.0,1.0,20.0,0.0,0.0,973.0,3081.0,94.0,3889.0,333.0,137.0,3419.0
1983,千葉県,171.0,159.0,37.0,107.0,14.0,0.0,,,1.0,12.0,0.0,,12.0
1983,和歌山県,382.0,312.0,24.0,162.0,111.0,14.0,,,1.0,70.0,3.0,11.0,56.0
1983,埼玉県,137.0,110.0,10.0,61.0,32.0,3.0,4.0,0.0,0.0,27.0,0.0,0.0,27.0
1983,大分県,749.0,700.0,89.0,497.0,96.0,3.0,0.0,,15.0,49.0,1.0,0.0,48.0
1983,大阪府,29.0,24.0,12.0,4.0,6.0,0.0,,,2.0,5.0,0.0,,5.0
1983,奈良県,545.0,451.0,15.0,242.0,178.0,13.0,,,3.0,94.0,1.0,3.0,90.0
1983,宮城県,537.0,294.0,62.0,202.0,13.0,3.0,5.0,0.0,9.0,243.0,6.0,47.0,190.0
1983,宮崎県,1263.0,749.0,82.0,498.0,109.0,46.0,,,14.0,514.0,4.0,2.0,508.0
1983,富山県,83.0,52.0,4.0,38.0,2.0,0.0,0.0,0.0,8.0,31.0,0.0,3.0,28.0
1983,山口県,433.0,274.0,178.0,65.0,31.0,0.0,,,0.0,159.0,3.0,0.0,156.0
1983,山形県,471.0,254.0,19.0,227.0,1.0,0.0,4.0,0.0,3.0,217.0,9.0,55.0,153.0
1983,山梨県,196.0,103.0,28.0,16.0,15.0,18.0,22.0,0.0,4.0,93.0,9.0,6.0,78.0
1983,岐阜県,1028.0,638.0,74.0,151.0,305.0,31.0,14.0,1.0,62.0,390.0,21.0,49.0,320.0
1983,岡山県,581.0,466.0,195.0,132.0,138.0,1.0,0.0,,0.0,115.0,2.0,0.0,113.0
1983,岩手県,1639.0,656.0,237.0,259.0,11.0,1.0,109.0,0.0,39.0,983.0,45.0,133.0,805.0
1983,島根県,644.0,360.0,255.0,68.0,34.0,0.0,1.0,,2.0,284.0,6.0,1.0,277.0
1983,広島県,660.0,415.0,261.0,57.0,67.0,3.0,1.0,,26.0,245.0,8.0,3.0,234.0
1983,徳島県,463.0,370.0,122.0,210.0,31.0,7.0,,,0.0,93.0,1.0,2.0,90.0
1983,愛媛県,669.0,602.0,256.0,199.0,139.0,6.0,1.0,,1.0,67.0,0.0,1.0,66.0
1983,愛知県,315.0,295.0,42.0,128.0,106.0,4.0,1.0,0.0,14.0,20.0,2.0,1.0,17.0
1983,新潟県,381.0,224.0,43.0,174.0,2.0,0.0,1.0,0.0,4.0,157.0,7.0,26.0,124.0
1983,東京都,69.0,66.0,4.0,36.0,22.0,3.0,,0.0,1.0,3.0,0.0,0.0,3.0
1983,栃木県,588.0,462.0,92.0,229.0,119.0,8.0,5.0,1.0,8.0,126.0,5.0,12.0,109.0
1983,沖縄県,15.0,2.0,,0.0,,,,,,2.0,13.0,,
1983,滋賀県,181.0,163.0,63.0,54.0,43.0,2.0,0.0,0.0,1.0,18.0,1.0,0.0,17.0
1983,熊本県,844.0,656.0,75.0,388.0,165.0,16.0,1.0,,11.0,188.0,1.0,3.0,184.0
1983,石川県,172.0,123.0,27.0,69.0,3.0,2.0,1.0,0.0,21.0,49.0,0.0,1.0,48.0
1983,神奈川県,41.0,39.0,5.0,15.0,19.0,0.0,0.0,,0.0,2.0,0.0,0.0,2.0
1983,福井県,256.0,148.0,33.0,103.0,11.0,0.0,0.0,0.0,1.0,108.0,2.0,6.0,100.0
1983,福岡県,302.0,256.0,48.0,148.0,56.0,3.0,,,1.0,46.0,2.0,2.0,42.0
1983,福島県,1271.0,714.0,188.0,370.0,82.0,23.0,21.0,1.0,29.0,557.0,25.0,56.0,476.0
1983,秋田県,1269.0,851.0,43.0,784.0,2.0,0.0,9.0,1.0,12.0,418.0,20.0,108.0,290.0
1983,群馬県,502.0,293.0,23.0,122.0,46.0,8.0,77.0,3.0,14.0,209.0,7.0,15.0,187.0
1983,茨城県,504.0,471.0,182.0,199.0,87.0,0.0,0.0,0.0,3.0,33.0,1.0,0.0,32.0
1983,長崎県,198.0,91.0,25.0,34.0,32.0,0.0,0.0,,0.0,107.0,0.0,,107.0
1983,長野県,891.0,692.0,83.0,67.0,154.0,62.0,236.0,1.0,89.0,199.0,6.0,20.0,173.0
1983,青森県,1044.0,710.0,133.0,293.0,3.0,0.0,19.0,1.0,261.0,334.0,13.0,97.0,224.0
1983,静岡県,642.0,607.0,56.0,303.0,203.0,33.0,3.0,2.0,7.0,35.0,0.0,2.0,33.0
1983,香川県,117.0,110.0,96.0,2.0,12.0,0.0,,,0.0,7.0,0.0,0.0,7.0
1983,高知県,793.0,562.0,71.0,198.0,244.0,37.0,0.0,,12.0,231.0,0.0,3.0,228.0
1983,鳥取県,336.0,248.0,120.0,97.0,29.0,0.0,0.0,,2.0,88.0,2.0,3.0,83.0
1983,鹿児島県,1107.0,504.0,95.0,285.0,108.0,8.0,,,8.0,603.0,,,603.0
1984,三重県,629.0,572.0,56.0,269.0,234.0,12.0,0.0,,1.0,57.0,0.0,0.0,57.0
1984,京都府,276.0,192.0,66.0,56.0,53.0,3.0,5.0,3.0,6.0,84.0,2.0,0.0,82.0
1984,佐賀県,145.0,103.0,14.0,64.0,25.0,0.0,0.0,0.0,0.0,42.0,0.0,,42.0
1984,全国,32511.0,20418.0,3673.0,7692.0,3203.0,366.0,1825.0,2905.0,754.0,12093.0,594.0,780.0,10719.0
1984,兵庫県,464.0,357.0,139.0,128.0,66.0,7.0,3.0,1.0,13.0,107.0,3.0,7.0,97.0
1984,北海道,8303.0,4250.0,3.0,17.0,,0.0,1253.0,2873.0,104.0,4053.0,325.0,148.0,3580.0
1984,千葉県,154.0,139.0,23.0,103.0,12.0,0.0,,,1.0,15.0,0.0,,15.0
1984,和歌山県,343.0,295.0,12.0,149.0,119.0,12.0,,0.0,3.0,48.0,0.0,1.0,47.0
1984,埼玉県,131.0,107.0,11.0,61.0,31.0,2.0,1.0,,1.0,24.0,0.0,0.0,24.0
1984,大分県,728.0,673.0,73.0,505.0,89.0,3.0,0.0,0.0,3.0,55.0,0.0,0.0,55.0
1984,大阪府,27.0,23.0,12.0,4.0,6.0,0.0,,,1.0,4.0,0.0,0.0,4.0
1984,奈良県,520.0,446.0,11.0,243.0,176.0,15.0,,,1.0,74.0,1.0,4.0,69.0
1984,宮城県,573.0,305.0,75.0,200.0,13.0,4.0,5.0,0.0,8.0,268.0,7.0,45.0,216.0
1984,宮崎県,1353.0,751.0,94.0,487.0,113.0,44.0,,2.0,11.0,602.0,2.0,3.0,597.0
1984,富山県,77.0,49.0,4.0,36.0,2.0,0.0,0.0,0.0,7.0,28.0,1.0,3.0,24.0
1984,山口県,436.0,272.0,182.0,57.0,32.0,0.0,,1.0,0.0,164.0,0.0,0.0,164.0
1984,山形県,484.0,258.0,16.0,234.0,2.0,0.0,4.0,1.0,1.0,226.0,9.0,46.0,171.0
1984,山梨県,210.0,102.0,27.0,19.0,20.0,16.0,17.0,0.0,3.0,108.0,7.0,6.0,95.0
1984,岐阜県,1019.0,613.0,78.0,159.0,282.0,30.0,11.0,1.0,52.0,406.0,25.0,46.0,335.0
1984,岡山県,548.0,425.0,173.0,117.0,135.0,0.0,0.0,0.0,0.0,123.0,3.0,0.0,120.0
1984,岩手県,1739.0,677.0,245.0,268.0,13.0,1.0,118.0,0.0,32.0,1062.0,54.0,117.0,891.0
1984,島根県,643.0,364.0,266.0,59.0,37.0,0.0,1.0,,1.0,279.0,13.0,1.0,265.0
1984,広島県,667.0,407.0,272.0,63.0,66.0,2.0,0.0,0.0,4.0,260.0,13.0,3.0,244.0
1984,徳島県,470.0,367.0,137.0,195.0,27.0,7.0,,1.0,0.0,103.0,0.0,2.0,101.0
1984,愛媛県,672.0,603.0,231.0,207.0,157.0,4.0,0.0,0.0,4.0,69.0,0.0,1.0,68.0
1984,愛知県,319.0,294.0,46.0,122.0,105.0,4.0,1.0,0.0,16.0,25.0,1.0,2.0,22.0
1984,新潟県,384.0,223.0,42.0,172.0,2.0,0.0,2.0,0.0,5.0,161.0,6.0,22.0,133.0
1984,東京都,67.0,63.0,3.0,33.0,22.0,3.0,0.0,,2.0,4.0,0.0,,4.0
1984,栃木県,583.0,463.0,101.0,216.0,121.0,11.0,4.0,2.0,8.0,120.0,7.0,12.0,101.0
1984,沖縄県,19.0,2.0,,,,,,,,2.0,17.0,,
1984,滋賀県,180.0,153.0,56.0,51.0,41.0,3.0,,,2.0,27.0,1.0,2.0,24.0
1984,熊本県,845.0,643.0,65.0,397.0,155.0,17.0,0.0,3.0,6.0,202.0,1.0,2.0,199.0
1984,石川県,173.0,118.0,30.0,63.0,5.0,2.0,0.0,0.0,18.0,55.0,3.0,3.0,49.0
1984,神奈川県,35.0,31.0,3.0,14.0,14.0,0.0,0.0,0.0,0.0,4.0,0.0,,4.0
1984,福井県,246.0,141.0,35.0,92.0,11.0,0.0,1.0,0.0,2.0,105.0,3.0,8.0,94.0
1984,福岡県,318.0,266.0,46.0,160.0,55.0,3.0,0.0,1.0,1.0,52.0,2.0,2.0,48.0
1984,福島県,1333.0,695.0,191.0,371.0,77.0,18.0,16.0,1.0,21.0,638.0,43.0,60.0,535.0
1984,秋田県,1288.0,879.0,50.0,798.0,3.0,0.0,12.0,1.0,15.0,409.0,27.0,84.0,298.0
1984,群馬県,487.0,275.0,23.0,113.0,41.0,7.0,72.0,8.0,11.0,212.0,12.0,13.0,187.0
1984,茨城県,475.0,433.0,142.0,198.0,84.0,1.0,0.0,0.0,8.0,42.0,1.0,0.0,41.0
1984,長崎県,224.0,85.0,26.0,29.0,30.0,0.0,,0.0,0.0,139.0,0.0,0.0,139.0
1984,長野県,948.0,743.0,80.0,68.0,148.0,64.0,275.0,2.0,106.0,205.0,10.0,19.0,176.0
1984,青森県,1012.0,669.0,122.0,279.0,1.0,0.0,22.0,2.0,243.0,343.0,10.0,108.0,225.0
1984,静岡県,616.0,577.0,56.0,286.0,200.0,22.0,2.0,0.0,11.0,39.0,1.0,5.0,33.0
1984,香川県,111.0,93.0,82.0,2.0,8.0,0.0,,0.0,1.0,18.0,0.0,,18.0
1984,高知県,845.0,548.0,72.0,175.0,256.0,41.0,0.0,0.0,4.0,297.0,0.0,3.0,294.0
1984,鳥取県,311.0,229.0,113.0,88.0,26.0,0.0,0.0,,2.0,82.0,1.0,2.0,79.0
1984,鹿児島県,1081.0,445.0,69.0,265.0,88.0,8.0,0.0,2.0,13.0,636.0,,,636.0
1985,三重県,616.0,576.0,42.0,263.0,263.0,4.0,0.0,0.0,4.0,40.0,0.0,2.0,38.0
1985,京都府,256.0,188.0,86.0,59.0,41.0,2.0,,,0.0,68.0,3.0,1.0,64.0
1985,佐賀県,148.0,104.0,12.0,66.0,26.0,0.0,0.0,0.0,0.0,44.0,1.0,7.0,36.0
1985,全国,32944.0,20558.0,3841.0,7812.0,3256.0,347.0,1805.0,2777.0,720.0,12386.0,650.0,822.0,10914.0
1985,兵庫県,464.0,330.0,127.0,145.0,66.0,7.0,0.0,,5.0,114.0,4.0,3.0,107.0
1985,北海道,8338.0,4207.0,7.0,24.0,,,1289.0,2771.0,116.0,4131.0,326.0,127.0,3678.0
1985,千葉県,140.0,129.0,20.0,97.0,11.0,0.0,0.0,,1.0,11.0,1.0,0.0,10.0
1985,和歌山県,328.0,272.0,10.0,146.0,105.0,11.0,,0.0,0.0,56.0,0.0,0.0,56.0
1985,埼玉県,138.0,113.0,17.0,55.0,36.0,2.0,2.0,,1.0,25.0,1.0,0.0,24.0
1985,大分県,772.0,705.0,78.0,533.0,90.0,2.0,0.0,,2.0,67.0,1.0,0.0,66.0
1985,大阪府,24.0,20.0,11.0,4.0,4.0,0.0,,,1.0,4.0,1.0,0.0,3.0
1985,奈良県,528.0,435.0,12.0,230.0,177.0,16.0,0.0,0.0,0.0,93.0,1.0,3.0,89.0
1985,宮城県,614.0,328.0,82.0,213.0,14.0,6.0,5.0,0.0,8.0,286.0,13.0,48.0,225.0
1985,宮崎県,1367.0,789.0,103.0,526.0,109.0,44.0,,,7.0,578.0,3.0,4.0,571.0
1985,富山県,72.0,43.0,3.0,35.0,2.0,0.0,1.0,0.0,2.0,29.0,1.0,2.0,26.0
1985,山口県,426.0,269.0,184.0,55.0,29.0,0.0,0.0,,1.0,157.0,1.0,0.0,156.0
1985,山形県,522.0,270.0,19.0,240.0,1.0,,7.0,0.0,3.0,252.0,10.0,49.0,193.0
1985,山梨県,208.0,99.0,26.0,19.0,19.0,10.0,17.0,0.0,8.0,109.0,7.0,3.0,99.0
1985,岐阜県,1061.0,623.0,81.0,148.0,296.0,35.0,10.0,0.0,53.0,438.0,35.0,52.0,351.0
1985,岡山県,564.0,424.0,152.0,126.0,146.0,0.0,0.0,,0.0,140.0,5.0,0.0,135.0
1985,岩手県,1768.0,694.0,251.0,272.0,14.0,0.0,133.0,0.0,24.0,1074.0,66.0,147.0,861.0
1985,島根県,674.0,376.0,287.0,56.0,31.0,0.0,1.0,,1.0,298.0,13.0,2.0,283.0
1985,広島県,665.0,417.0,286.0,56.0,72.0,1.0,0.0,,2.0,248.0,13.0,2.0,233.0
1985,徳島県,539.0,433.0,182.0,205.0,36.0,8.0,0.0,,2.0,106.0,1.0,2.0,103.0
1985,愛媛県,706.0,606.0,215.0,213.0,173.0,4.0,,,1.0,100.0,1.0,1.0,98.0
1985,愛知県,343.0,319.0,48.0,138.0,116.0,7.0,3.0,0.0,7.0,24.0,2.0,3.0,19.0
1985,新潟県,388.0,235.0,50.0,177.0,1.0,0.0,1.0,,6.0,153.0,10.0,23.0,120.0
1985,東京都,52.0,49.0,3.0,29.0,16.0,1.0,0.0,,0.0,3.0,2.0,,1.0
1985,栃木県,600.0,467.0,97.0,228.0,118.0,9.0,6.0,,9.0,133.0,6.0,19.0,108.0
1985,沖縄県,15.0,2.0,,,,,,,,2.0,13.0,,
1985,滋賀県,164.0,145.0,58.0,47.0,38.0,1.0,0.0,,1.0,19.0,2.0,2.0,15.0
1985,熊本県,868.0,651.0,74.0,403.0,160.0,11.0,,,3.0,217.0,2.0,2.0,213.0
1985,石川県,163.0,119.0,30.0,64.0,3.0,1.0,0.0,1.0,20.0,44.0,0.0,2.0,42.0
1985,神奈川県,38.0,29.0,2.0,16.0,11.0,0.0,,,0.0,9.0,1.0,0.0,8.0
1985,福井県,243.0,139.0,36.0,89.0,10.0,1.0,1.0,0.0,2.0,104.0,4.0,6.0,94.0
1985,福岡県,304.0,259.0,46.0,152.0,57.0,3.0,,,1.0,45.0,5.0,3.0,37.0
1985,福島県,1323.0,691.0,207.0,361.0,72.0,17.0,13.0,2.0,19.0,632.0,39.0,65.0,528.0
1985,秋田県,1289.0,884.0,44.0,799.0,2.0,,14.0,0.0,25.0,405.0,20.0,84.0,301.0
1985,群馬県,441.0,242.0,28.0,106.0,38.0,7.0,52.0,1.0,10.0,199.0,13.0,14.0,172.0
1985,茨城県,439.0,390.0,121.0,189.0,76.0,0.0,0.0,1.0,3.0,49.0,3.0,0.0,46.0
1985,長崎県,226.0,74.0,19.0,27.0,27.0,0.0,,,1.0,152.0,1.0,1.0,150.0
1985,長野県,912.0,693.0,92.0,58.0,154.0,66.0,227.0,1.0,95.0,219.0,12.0,19.0,188.0
1985,青森県,1087.0,724.0,166.0,297.0,2.0,0.0,21.0,0.0,238.0,363.0,12.0,114.0,237.0
1985,静岡県,607.0,565.0,53.0,275.0,202.0,24.0,2.0,,9.0,42.0,1.0,4.0,37.0
1985,香川県,120.0,98.0,90.0,1.0,6.0,0.0,,,1.0,22.0,0.0,,22.0
1985,高知県,920.0,603.0,105.0,194.0,258.0,40.0,0.0,,6.0,317.0,2.0,4.0,311.0
1985,鳥取県,321.0,226.0,106.0,91.0,28.0,0.0,0.0,0.0,1.0,95.0,5.0,2.0,88.0
1985,鹿児島県,1143.0,484.0,73.0,285.0,100.0,7.0,0.0,,19.0,659.0,0.0,,659.0
1986,三重県,624.0,585.0,55.0,304.0,218.0,5.0,0.0,,3.0,39.0,0.0,2.0,37.0
1986,京都府,248.0,167.0,69.0,50.0,41.0,6.0,,,1.0,81.0,4.0,1.0,76.0
1986,佐賀県,144.0,103.0,12.0,62.0,28.0,0.0,,0.0,1.0,41.0,1.0,,40.0
1986,全国,31520.0,20244.0,3571.0,7986.0,3273.0,324.0,1661.0,2661.0,768.0,11276.0,627.0,738.0,9911.0
1986,兵庫県,425.0,315.0,104.0,139.0,59.0,10.0,2.0,,1.0,110.0,3.0,3.0,104.0
1986,北海道,7633.0,4030.0,3.0,25.0,0.0,1.0,1187.0,2655.0,159.0,3603.0,327.0,116.0,3160.0
1986,千葉県,129.0,119.0,21.0,89.0,9.0,0.0,0.0,,0.0,10.0,1.0,,9.0
1986,和歌山県,310.0,262.0,7.0,141.0,105.0,9.0,,,0.0,48.0,0.0,0.0,48.0
1986,埼玉県,145.0,125.0,13.0,68.0,41.0,1.0,1.0,,1.0,20.0,1.0,0.0,19.0
1986,大分県,778.0,724.0,77.0,532.0,113.0,0.0,0.0,,2.0,54.0,0.0,0.0,54.0
1986,大阪府,23.0,21.0,11.0,5.0,5.0,0.0,,0.0,,2.0,0.0,,2.0
1986,奈良県,497.0,414.0,7.0,226.0,166.0,15.0,,,0.0,83.0,1.0,2.0,80.0
1986,宮城県,606.0,326.0,75.0,215.0,14.0,5.0,6.0,0.0,11.0,280.0,13.0,45.0,222.0
1986,宮崎県,1345.0,849.0,102.0,586.0,103.0,43.0,,,15.0,496.0,3.0,3.0,490.0
1986,富山県,70.0,45.0,4.0,33.0,4.0,0.0,1.0,1.0,2.0,25.0,2.0,3.0,20.0
1986,山口県,417.0,270.0,183.0,56.0,30.0,0.0,,,1.0,147.0,4.0,1.0,142.0
1986,山形県,507.0,269.0,22.0,236.0,2.0,0.0,7.0,0.0,2.0,238.0,13.0,37.0,188.0
1986,山梨県,185.0,81.0,23.0,19.0,13.0,8.0,10.0,1.0,7.0,104.0,5.0,4.0,95.0
1986,岐阜県,1037.0,611.0,80.0,146.0,286.0,30.0,11.0,1.0,57.0,426.0,29.0,44.0,353.0
1986,岡山県,647.0,481.0,165.0,142.0,173.0,1.0,0.0,,0.0,166.0,6.0,0.0,160.0
1986,岩手県,1691.0,687.0,240.0,283.0,10.0,2.0,128.0,0.0,24.0,1004.0,61.0,133.0,810.0
1986,島根県,661.0,385.0,294.0,55.0,35.0,0.0,0.0,,1.0,276.0,11.0,3.0,262.0
1986,広島県,617.0,394.0,268.0,56.0,67.0,2.0,0.0,,1.0,223.0,13.0,3.0,207.0
1986,徳島県,536.0,417.0,170.0,203.0,37.0,5.0,,,2.0,119.0,1.0,1.0,117.0
1986,愛媛県,646.0,561.0,174.0,209.0,172.0,5.0,,,1.0,85.0,1.0,1.0,83.0
1986,愛知県,312.0,285.0,36.0,122.0,117.0,4.0,1.0,0.0,5.0,27.0,2.0,2.0,23.0
1986,新潟県,386.0,238.0,52.0,181.0,1.0,0.0,1.0,,3.0,148.0,9.0,24.0,115.0
1986,東京都,51.0,48.0,4.0,28.0,15.0,1.0,0.0,,0.0,3.0,0.0,1.0,2.0
1986,栃木県,544.0,450.0,85.0,229.0,115.0,7.0,6.0,0.0,8.0,94.0,5.0,16.0,73.0
1986,沖縄県,12.0,2.0,,,,,,,,2.0,10.0,,
1986,滋賀県,157.0,140.0,56.0,45.0,36.0,1.0,0.0,0.0,2.0,17.0,1.0,2.0,14.0
1986,熊本県,883.0,674.0,70.0,415.0,174.0,11.0,0.0,,4.0,209.0,1.0,2.0,206.0
1986,石川県,161.0,120.0,36.0,59.0,5.0,1.0,0.0,0.0,19.0,41.0,3.0,1.0,37.0
1986,神奈川県,30.0,23.0,1.0,4.0,18.0,0.0,0.0,,0.0,7.0,1.0,0.0,6.0
1986,福井県,241.0,139.0,36.0,86.0,13.0,1.0,1.0,0.0,2.0,102.0,4.0,5.0,93.0
1986,福岡県,310.0,282.0,42.0,172.0,60.0,1.0,,,7.0,28.0,2.0,1.0,25.0
1986,福島県,1276.0,653.0,185.0,344.0,72.0,17.0,16.0,1.0,18.0,623.0,37.0,58.0,528.0
1986,秋田県,1247.0,946.0,43.0,875.0,1.0,1.0,13.0,0.0,13.0,301.0,19.0,78.0,204.0
1986,群馬県,426.0,235.0,28.0,107.0,38.0,3.0,51.0,0.0,8.0,191.0,11.0,13.0,167.0
1986,茨城県,432.0,393.0,104.0,205.0,79.0,0.0,2.0,,3.0,39.0,3.0,0.0,36.0
1986,長崎県,205.0,76.0,19.0,31.0,26.0,0.0,0.0,,0.0,129.0,1.0,0.0,128.0
1986,長野県,846.0,631.0,68.0,57.0,150.0,57.0,198.0,1.0,100.0,215.0,14.0,18.0,183.0
1986,青森県,1000.0,676.0,134.0,273.0,2.0,0.0,18.0,1.0,248.0,324.0,10.0,105.0,209.0
1986,静岡県,607.0,568.0,43.0,281.0,210.0,25.0,1.0,0.0,8.0,39.0,0.0,5.0,34.0
1986,香川県,147.0,107.0,96.0,1.0,10.0,0.0,,,,40.0,0.0,,40.0
1986,高知県,919.0,613.0,109.0,199.0,264.0,34.0,0.0,,7.0,306.0,1.0,3.0,302.0
1986,鳥取県,288.0,200.0,81.0,91.0,26.0,0.0,0.0,,2.0,88.0,3.0,2.0,83.0
1986,鹿児島県,1119.0,504.0,64.0,301.0,110.0,12.0,,,17.0,615.0,,,615.0
1987,三重県,638.0,604.0,52.0,293.0,250.0,7.0,0.0,0.0,2.0,34.0,0.0,0.0,34.0
1987,京都府,243.0,165.0,65.0,64.0,31.0,4.0,0.0,0.0,1.0,78.0,7.0,1.0,70.0
1987,佐賀県,150.0,105.0,9.0,66.0,30.0,0.0,,0.0,0.0,45.0,0.0,,45.0
1987,全国,30893.0,20292.0,3260.0,8377.0,3356.0,302.0,1594.0,2675.0,728.0,10601.0,647.0,725.0,9229.0
1987,兵庫県,417.0,318.0,103.0,145.0,66.0,3.0,0.0,,1.0,99.0,5.0,2.0,92.0
1987,北海道,7295.0,4003.0,8.0,29.0,0.0,0.0,1179.0,2668.0,119.0,3292.0,327.0,129.0,2836.0
1987,千葉県,131.0,120.0,14.0,93.0,12.0,0.0,0.0,,1.0,11.0,0.0,0.0,11.0
1987,和歌山県,335.0,287.0,5.0,155.0,120.0,7.0,,,0.0,48.0,0.0,0.0,48.0
1987,埼玉県,154.0,135.0,9.0,81.0,39.0,1.0,0.0,,5.0,19.0,2.0,0.0,17.0
1987,大分県,839.0,791.0,69.0,620.0,99.0,1.0,0.0,,2.0,48.0,0.0,1.0,47.0
1987,大阪府,20.0,18.0,9.0,4.0,5.0,0.0,,,0.0,2.0,0.0,,2.0
1987,奈良県,496.0,420.0,9.0,220.0,177.0,13.0,,,1.0,76.0,3.0,4.0,69.0
1987,宮城県,600.0,327.0,70.0,217.0,15.0,8.0,8.0,0.0,9.0,273.0,11.0,43.0,219.0
1987,宮崎県,1379.0,891.0,87.0,653.0,105.0,41.0,,,5.0,488.0,4.0,3.0,481.0
1987,富山県,63.0,43.0,3.0,34.0,3.0,0.0,0.0,1.0,2.0,20.0,2.0,1.0,17.0
1987,山口県,392.0,247.0,152.0,63.0,32.0,0.0,0.0,,0.0,145.0,4.0,1.0,140.0
1987,山形県,529.0,292.0,18.0,258.0,1.0,3.0,5.0,0.0,7.0,237.0,15.0,39.0,183.0
1987,山梨県,155.0,69.0,17.0,14.0,13.0,8.0,12.0,0.0,5.0,86.0,5.0,4.0,77.0
1987,岐阜県,987.0,612.0,74.0,157.0,290.0,33.0,9.0,2.0,47.0,375.0,26.0,41.0,308.0
1987,岡山県,579.0,445.0,128.0,155.0,162.0,0.0,0.0,,0.0,134.0,11.0,0.0,123.0
1987,岩手県,1702.0,686.0,238.0,299.0,12.0,0.0,107.0,1.0,29.0,1016.0,62.0,136.0,818.0
1987,島根県,683.0,390.0,291.0,60.0,38.0,0.0,,,1.0,293.0,20.0,2.0,271.0
1987,広島県,598.0,380.0,260.0,56.0,61.0,2.0,0.0,,1.0,218.0,16.0,2.0,200.0
1987,徳島県,489.0,380.0,148.0,198.0,27.0,7.0,0.0,0.0,0.0,109.0,0.0,1.0,108.0
1987,愛媛県,621.0,562.0,158.0,240.0,160.0,4.0,0.0,,0.0,59.0,0.0,0.0,59.0
1987,愛知県,311.0,282.0,38.0,118.0,120.0,1.0,0.0,0.0,5.0,29.0,3.0,1.0,25.0
1987,新潟県,385.0,231.0,45.0,180.0,1.0,0.0,2.0,,3.0,154.0,9.0,22.0,123.0
1987,東京都,51.0,48.0,5.0,30.0,13.0,0.0,0.0,,0.0,3.0,1.0,0.0,2.0
1987,栃木県,534.0,445.0,69.0,237.0,122.0,7.0,6.0,0.0,4.0,89.0,6.0,14.0,69.0
1987,沖縄県,11.0,3.0,,,,,,,,3.0,8.0,,
1987,滋賀県,158.0,137.0,52.0,43.0,38.0,1.0,1.0,0.0,2.0,21.0,2.0,3.0,16.0
1987,熊本県,886.0,687.0,62.0,426.0,188.0,9.0,0.0,0.0,2.0,199.0,0.0,1.0,198.0
1987,石川県,170.0,134.0,33.0,70.0,3.0,1.0,0.0,0.0,27.0,36.0,3.0,1.0,32.0
1987,神奈川県,36.0,28.0,2.0,7.0,16.0,0.0,2.0,,1.0,8.0,1.0,1.0,6.0
1987,福井県,223.0,134.0,34.0,89.0,8.0,0.0,1.0,0.0,2.0,89.0,4.0,6.0,79.0
1987,福岡県,296.0,273.0,34.0,165.0,62.0,1.0,,,11.0,23.0,2.0,1.0,20.0
1987,福島県,1264.0,716.0,207.0,389.0,66.0,22.0,15.0,0.0,17.0,548.0,38.0,50.0,460.0
1987,秋田県,1213.0,933.0,40.0,868.0,1.0,,10.0,0.0,14.0,280.0,16.0,70.0,194.0
1987,群馬県,392.0,221.0,22.0,115.0,36.0,3.0,37.0,0.0,8.0,171.0,8.0,11.0,152.0
1987,茨城県,436.0,380.0,86.0,199.0,88.0,0.0,0.0,,7.0,56.0,4.0,0.0,52.0
1987,長崎県,215.0,80.0,18.0,33.0,29.0,0.0,,0.0,0.0,135.0,1.0,0.0,134.0
1987,長野県,795.0,611.0,54.0,58.0,167.0,56.0,183.0,3.0,90.0,184.0,11.0,17.0,156.0
1987,青森県,1049.0,691.0,115.0,294.0,2.0,1.0,16.0,0.0,263.0,358.0,12.0,108.0,238.0
1987,静岡県,597.0,571.0,39.0,286.0,217.0,21.0,1.0,0.0,7.0,26.0,1.0,2.0,23.0
1987,香川県,108.0,88.0,77.0,2.0,9.0,0.0,,,,20.0,0.0,,20.0
1987,高知県,917.0,630.0,91.0,209.0,299.0,26.0,,,5.0,287.0,2.0,4.0,281.0
1987,鳥取県,290.0,215.0,93.0,93.0,28.0,0.0,0.0,0.0,1.0,75.0,3.0,3.0,69.0
1987,鹿児島県,1061.0,464.0,48.0,292.0,95.0,11.0,0.0,,18.0,597.0,0.0,,597.0
1988,三重県,716.0,689.0,46.0,318.0,318.0,5.0,0.0,0.0,2.0,27.0,0.0,0.0,27.0
1988,京都府,226.0,161.0,59.0,51.0,40.0,2.0,0.0,0.0,9.0,65.0,4.0,0.0,61.0
1988,佐賀県,150.0,110.0,8.0,72.0,29.0,0.0,1.0,0.0,0.0,40.0,0.0,,40.0
1988,全国,30930.0,20287.0,3120.0,8567.0,3398.0,277.0,1571.0,2676.0,678.0,10643.0,641.0,628.0,9374.0
1988,兵庫県,402.0,297.0,98.0,135.0,57.0,4.0,0.0,,3.0,105.0,4.0,1.0,100.0
1988,北海道,7232.0,3975.0,17.0,30.0,0.0,1.0,1155.0,2667.0,105.0,3257.0,346.0,115.0,2796.0
1988,千葉県,156.0,130.0,16.0,100.0,12.0,0.0,,,2.0,26.0,0.0,0.0,26.0
1988,和歌山県,351.0,303.0,7.0,161.0,125.0,10.0,,,0.0,48.0,0.0,0.0,48.0
1988,埼玉県,141.0,124.0,12.0,72.0,37.0,1.0,1.0,,1.0,17.0,1.0,0.0,16.0
1988,大分県,859.0,811.0,60.0,647.0,102.0,1.0,,,1.0,48.0,0.0,1.0,47.0
1988,大阪府,22.0,19.0,9.0,4.0,6.0,,,,0.0,3.0,0.0,,3.0
1988,奈良県,500.0,414.0,6.0,218.0,168.0,21.0,,,1.0,86.0,2.0,4.0,80.0
1988,宮城県,582.0,335.0,81.0,222.0,11.0,5.0,7.0,1.0,8.0,247.0,11.0,33.0,203.0
1988,宮崎県,1380.0,909.0,98.0,683.0,92.0,32.0,,,4.0,471.0,4.0,3.0,464.0
1988,富山県,58.0,32.0,3.0,26.0,0.0,0.0,0.0,0.0,3.0,26.0,2.0,3.0,21.0
1988,山口県,415.0,253.0,141.0,67.0,38.0,0.0,,,7.0,162.0,5.0,0.0,157.0
1988,山形県,544.0,293.0,28.0,256.0,3.0,1.0,3.0,0.0,2.0,251.0,10.0,40.0,201.0
1988,山梨県,145.0,70.0,16.0,15.0,15.0,6.0,15.0,0.0,3.0,75.0,5.0,4.0,66.0
1988,岐阜県,922.0,597.0,77.0,131.0,299.0,30.0,9.0,3.0,48.0,325.0,24.0,35.0,266.0
1988,岡山県,553.0,422.0,117.0,148.0,157.0,0.0,0.0,,0.0,131.0,9.0,1.0,121.0
1988,岩手県,1755.0,730.0,257.0,322.0,6.0,1.0,117.0,0.0,27.0,1025.0,56.0,122.0,847.0
1988,島根県,690.0,376.0,283.0,61.0,31.0,0.0,0.0,,1.0,314.0,20.0,1.0,293.0
1988,広島県,588.0,375.0,255.0,57.0,61.0,2.0,0.0,0.0,0.0,213.0,13.0,3.0,197.0
1988,徳島県,544.0,433.0,112.0,285.0,34.0,2.0,0.0,,0.0,111.0,0.0,1.0,110.0
1988,愛媛県,652.0,574.0,127.0,259.0,184.0,3.0,0.0,,1.0,78.0,0.0,0.0,78.0
1988,愛知県,313.0,282.0,41.0,120.0,116.0,1.0,0.0,0.0,4.0,31.0,4.0,2.0,25.0
1988,新潟県,382.0,233.0,49.0,179.0,1.0,0.0,1.0,,3.0,149.0,9.0,17.0,123.0
1988,東京都,57.0,52.0,4.0,31.0,16.0,1.0,,,0.0,5.0,0.0,0.0,5.0
1988,栃木県,497.0,418.0,62.0,229.0,107.0,9.0,5.0,0.0,6.0,79.0,9.0,7.0,63.0
1988,沖縄県,17.0,3.0,,,,,,,,3.0,14.0,,
1988,滋賀県,145.0,126.0,45.0,42.0,38.0,1.0,0.0,,0.0,19.0,1.0,3.0,15.0
1988,熊本県,947.0,714.0,63.0,451.0,188.0,8.0,0.0,0.0,4.0,233.0,1.0,1.0,231.0
1988,石川県,183.0,131.0,30.0,71.0,2.0,1.0,0.0,0.0,27.0,52.0,2.0,2.0,48.0
1988,神奈川県,38.0,30.0,0.0,6.0,21.0,0.0,0.0,,3.0,8.0,1.0,0.0,7.0
1988,福井県,212.0,132.0,33.0,89.0,9.0,0.0,0.0,0.0,1.0,80.0,3.0,4.0,73.0
1988,福岡県,298.0,261.0,32.0,162.0,65.0,1.0,,0.0,1.0,37.0,1.0,0.0,36.0
1988,福島県,1308.0,716.0,230.0,376.0,63.0,19.0,12.0,0.0,16.0,592.0,40.0,36.0,516.0
1988,秋田県,1205.0,941.0,41.0,882.0,1.0,0.0,9.0,0.0,8.0,264.0,16.0,51.0,197.0
1988,群馬県,384.0,228.0,22.0,121.0,43.0,4.0,31.0,1.0,6.0,156.0,5.0,10.0,141.0
1988,茨城県,407.0,358.0,65.0,203.0,84.0,1.0,0.0,,5.0,49.0,3.0,0.0,46.0
1988,長崎県,220.0,82.0,14.0,39.0,29.0,0.0,,,0.0,138.0,1.0,0.0,137.0
1988,長野県,761.0,575.0,57.0,56.0,154.0,47.0,186.0,4.0,71.0,186.0,10.0,15.0,161.0
1988,青森県,1030.0,685.0,115.0,278.0,3.0,0.0,18.0,0.0,271.0,345.0,9.0,107.0,229.0
1988,静岡県,558.0,535.0,30.0,273.0,201.0,22.0,1.0,0.0,8.0,23.0,0.0,2.0,21.0
1988,香川県,106.0,61.0,49.0,1.0,11.0,0.0,,,0.0,45.0,0.0,,45.0
1988,高知県,936.0,647.0,83.0,228.0,303.0,28.0,0.0,,5.0,289.0,4.0,2.0,283.0
1988,鳥取県,277.0,191.0,76.0,88.0,27.0,0.0,0.0,0.0,0.0,86.0,6.0,2.0,78.0
1988,鹿児島県,1066.0,454.0,46.0,302.0,91.0,7.0,,,8.0,612.0,0.0,,612.0
1989,三重県,703.0,674.0,51.0,311.0,309.0,1.0,0.0,0.0,2.0,29.0,0.0,,29.0
1989,京都府,221.0,130.0,38.0,49.0,41.0,2.0,0.0,0.0,0.0,91.0,4.0,2.0,85.0
1989,佐賀県,148.0,107.0,9.0,66.0,30.0,1.0,1.0,0.0,0.0,41.0,0.0,0.0,41.0
1989,全国,30515.0,20078.0,2993.0,8536.0,3328.0,246.0,1641.0,2659.0,675.0,10437.0,586.0,572.0,9279.0
1989,兵庫県,380.0,281.0,85.0,130.0,61.0,2.0,,0.0,3.0,99.0,4.0,1.0,94.0
1989,北海道,7154.0,4020.0,12.0,35.0,0.0,2.0,1212.0,2645.0,114.0,3134.0,309.0,102.0,2723.0
1989,千葉県,140.0,115.0,14.0,89.0,11.0,0.0,0.0,,1.0,25.0,0.0,0.0,25.0
1989,和歌山県,346.0,295.0,6.0,149.0,129.0,10.0,,,1.0,51.0,0.0,0.0,51.0
1989,埼玉県,135.0,115.0,9.0,64.0,37.0,3.0,1.0,0.0,1.0,20.0,1.0,0.0,19.0
1989,大分県,851.0,817.0,57.0,648.0,110.0,1.0,0.0,0.0,1.0,34.0,0.0,1.0,33.0
1989,大阪府,19.0,16.0,8.0,3.0,5.0,,,,0.0,3.0,0.0,,3.0
1989,奈良県,504.0,424.0,9.0,226.0,173.0,15.0,1.0,,0.0,80.0,2.0,3.0,75.0
1989,宮城県,573.0,333.0,78.0,229.0,8.0,3.0,6.0,2.0,7.0,240.0,11.0,23.0,206.0
1989,宮崎県,1442.0,991.0,77.0,772.0,101.0,33.0,0.0,0.0,8.0,451.0,4.0,4.0,443.0
1989,富山県,69.0,36.0,3.0,31.0,0.0,0.0,0.0,0.0,2.0,33.0,1.0,2.0,30.0
1989,山口県,434.0,268.0,155.0,66.0,40.0,0.0,,,7.0,166.0,5.0,0.0,161.0
1989,山形県,543.0,296.0,34.0,256.0,0.0,,3.0,1.0,2.0,247.0,7.0,40.0,200.0
1989,山梨県,125.0,68.0,23.0,6.0,14.0,6.0,14.0,,5.0,57.0,4.0,3.0,50.0
1989,岐阜県,907.0,607.0,84.0,142.0,293.0,25.0,10.0,4.0,49.0,300.0,22.0,35.0,243.0
1989,岡山県,540.0,398.0,101.0,141.0,156.0,0.0,0.0,,0.0,142.0,6.0,1.0,135.0
1989,岩手県,1752.0,781.0,256.0,339.0,11.0,1.0,141.0,2.0,31.0,971.0,49.0,97.0,825.0
1989,島根県,686.0,360.0,265.0,62.0,33.0,0.0,0.0,,0.0,326.0,22.0,4.0,300.0
1989,広島県,628.0,372.0,255.0,57.0,55.0,3.0,0.0,,2.0,256.0,11.0,4.0,241.0
1989,徳島県,466.0,347.0,102.0,215.0,22.0,4.0,,,4.0,119.0,0.0,0.0,119.0
1989,愛媛県,630.0,577.0,111.0,276.0,182.0,4.0,,,4.0,53.0,0.0,0.0,53.0
1989,愛知県,308.0,274.0,33.0,126.0,108.0,2.0,1.0,0.0,4.0,34.0,3.0,4.0,27.0
1989,新潟県,353.0,223.0,46.0,169.0,3.0,0.0,1.0,,4.0,130.0,9.0,15.0,106.0
1989,東京都,57.0,50.0,5.0,31.0,13.0,1.0,0.0,,0.0,7.0,1.0,0.0,6.0
1989,栃木県,493.0,418.0,55.0,241.0,109.0,5.0,4.0,0.0,4.0,75.0,8.0,8.0,59.0
1989,沖縄県,19.0,3.0,,,,,,,,3.0,16.0,,
1989,滋賀県,137.0,119.0,42.0,39.0,35.0,1.0,0.0,0.0,2.0,18.0,3.0,0.0,15.0
1989,熊本県,908.0,696.0,64.0,448.0,170.0,9.0,,,5.0,212.0,0.0,2.0,210.0
1989,石川県,184.0,129.0,29.0,70.0,2.0,1.0,0.0,0.0,27.0,55.0,2.0,0.0,53.0
1989,神奈川県,33.0,28.0,2.0,8.0,18.0,0.0,,,0.0,5.0,1.0,0.0,4.0
1989,福井県,201.0,127.0,31.0,83.0,9.0,0.0,0.0,0.0,4.0,74.0,3.0,5.0,66.0
1989,福岡県,304.0,262.0,33.0,157.0,68.0,1.0,1.0,0.0,2.0,42.0,1.0,0.0,41.0
1989,福島県,1352.0,730.0,236.0,386.0,56.0,21.0,12.0,3.0,16.0,622.0,39.0,32.0,551.0
1989,秋田県,1212.0,938.0,47.0,863.0,2.0,0.0,7.0,0.0,19.0,274.0,17.0,56.0,201.0
1989,群馬県,351.0,214.0,18.0,116.0,42.0,3.0,25.0,0.0,10.0,137.0,6.0,5.0,126.0
1989,茨城県,405.0,346.0,58.0,203.0,81.0,0.0,0.0,,4.0,59.0,2.0,0.0,57.0
1989,長崎県,209.0,69.0,12.0,32.0,25.0,0.0,,,0.0,140.0,1.0,,139.0
1989,長野県,709.0,539.0,62.0,59.0,135.0,38.0,175.0,0.0,70.0,170.0,9.0,9.0,152.0
1989,青森県,1015.0,660.0,113.0,288.0,2.0,,25.0,2.0,230.0,355.0,9.0,108.0,238.0
1989,静岡県,549.0,518.0,29.0,260.0,207.0,17.0,0.0,0.0,5.0,31.0,1.0,3.0,27.0
1989,香川県,110.0,69.0,59.0,3.0,4.0,0.0,,,3.0,41.0,0.0,0.0,41.0
1989,高知県,921.0,634.0,65.0,225.0,309.0,24.0,0.0,0.0,11.0,287.0,3.0,2.0,282.0
1989,鳥取県,275.0,189.0,76.0,84.0,28.0,0.0,1.0,,0.0,86.0,6.0,1.0,79.0
1989,鹿児島県,1014.0,415.0,36.0,283.0,81.0,7.0,,,8.0,599.0,0.0,,599.0
1990,三重県,677.0,647.0,42.0,305.0,294.0,3.0,,,3.0,30.0,1.0,,29.0
1990,京都府,218.0,135.0,36.0,52.0,38.0,1.0,6.0,0.0,2.0,83.0,6.0,1.0,76.0
1990,佐賀県,146.0,111.0,11.0,71.0,27.0,0.0,0.0,0.0,2.0,35.0,0.0,,35.0
1990,全国,29300.0,19549.0,2772.0,8594.0,3182.0,227.0,1636.0,2598.0,540.0,9751.0,543.0,509.0,8699.0
1990,兵庫県,363.0,260.0,69.0,127.0,61.0,1.0,,0.0,2.0,103.0,4.0,1.0,98.0
1990,北海道,6745.0,3930.0,0.0,38.0,0.0,0.0,1218.0,2595.0,79.0,2815.0,294.0,91.0,2430.0
1990,千葉県,146.0,122.0,14.0,90.0,12.0,0.0,0.0,,6.0,24.0,0.0,,24.0
1990,和歌山県,334.0,282.0,6.0,146.0,117.0,12.0,,,1.0,52.0,0.0,0.0,52.0
1990,埼玉県,145.0,121.0,8.0,71.0,39.0,1.0,1.0,0.0,1.0,24.0,2.0,0.0,22.0
1990,大分県,847.0,787.0,48.0,637.0,99.0,2.0,0.0,,1.0,60.0,,,60.0
1990,大阪府,22.0,19.0,8.0,4.0,7.0,0.0,,,,3.0,0.0,0.0,3.0
1990,奈良県,471.0,411.0,6.0,223.0,171.0,11.0,0.0,,0.0,60.0,2.0,3.0,55.0
1990,宮城県,562.0,342.0,84.0,238.0,8.0,4.0,6.0,0.0,2.0,220.0,9.0,24.0,187.0
1990,宮崎県,1363.0,974.0,74.0,777.0,94.0,26.0,0.0,,3.0,389.0,4.0,2.0,383.0
1990,富山県,69.0,44.0,4.0,33.0,1.0,,0.0,0.0,6.0,25.0,0.0,1.0,24.0
1990,山口県,385.0,229.0,130.0,66.0,33.0,0.0,,,0.0,156.0,3.0,0.0,153.0
1990,山形県,536.0,307.0,29.0,273.0,2.0,,2.0,,1.0,229.0,6.0,30.0,193.0
1990,山梨県,126.0,69.0,24.0,18.0,10.0,4.0,9.0,0.0,4.0,57.0,3.0,1.0,53.0
1990,岐阜県,827.0,552.0,77.0,135.0,265.0,25.0,14.0,1.0,35.0,275.0,21.0,31.0,223.0
1990,岡山県,520.0,384.0,89.0,133.0,160.0,0.0,0.0,,2.0,136.0,3.0,1.0,132.0
1990,岩手県,1668.0,750.0,264.0,344.0,6.0,0.0,126.0,0.0,10.0,918.0,50.0,87.0,781.0
1990,島根県,656.0,335.0,244.0,65.0,26.0,0.0,0.0,,0.0,321.0,18.0,4.0,299.0
1990,広島県,592.0,367.0,248.0,60.0,56.0,2.0,1.0,0.0,0.0,225.0,9.0,4.0,212.0
1990,徳島県,425.0,318.0,78.0,217.0,19.0,4.0,,,0.0,107.0,0.0,1.0,106.0
1990,愛媛県,623.0,564.0,71.0,306.0,180.0,5.0,,,2.0,59.0,0.0,0.0,59.0
1990,愛知県,323.0,293.0,28.0,132.0,125.0,3.0,1.0,0.0,4.0,30.0,3.0,1.0,26.0
1990,新潟県,334.0,217.0,40.0,172.0,1.0,1.0,1.0,,2.0,117.0,10.0,8.0,99.0
1990,東京都,49.0,38.0,2.0,19.0,16.0,1.0,0.0,,0.0,11.0,0.0,0.0,11.0
1990,栃木県,476.0,411.0,51.0,248.0,100.0,5.0,3.0,,4.0,65.0,6.0,5.0,54.0
1990,沖縄県,15.0,3.0,,,,,,,,3.0,12.0,,
1990,滋賀県,132.0,119.0,44.0,37.0,36.0,1.0,0.0,0.0,1.0,13.0,2.0,1.0,10.0
1990,熊本県,946.0,750.0,58.0,508.0,171.0,9.0,0.0,,4.0,196.0,1.0,1.0,194.0
1990,石川県,174.0,124.0,33.0,62.0,4.0,1.0,0.0,0.0,24.0,50.0,1.0,0.0,49.0
1990,神奈川県,36.0,28.0,4.0,13.0,11.0,0.0,,,0.0,8.0,1.0,0.0,7.0
1990,福井県,199.0,124.0,32.0,83.0,7.0,1.0,0.0,0.0,1.0,75.0,1.0,3.0,71.0
1990,福岡県,288.0,247.0,29.0,153.0,63.0,2.0,0.0,,0.0,41.0,1.0,0.0,40.0
1990,福島県,1396.0,707.0,237.0,380.0,57.0,16.0,11.0,0.0,6.0,689.0,37.0,37.0,615.0
1990,秋田県,1145.0,882.0,42.0,810.0,0.0,0.0,9.0,0.0,21.0,263.0,12.0,48.0,203.0
1990,群馬県,330.0,215.0,22.0,125.0,35.0,1.0,28.0,0.0,4.0,115.0,5.0,4.0,106.0
1990,茨城県,367.0,312.0,43.0,181.0,84.0,2.0,0.0,,2.0,55.0,2.0,0.0,53.0
1990,長崎県,196.0,67.0,10.0,36.0,21.0,0.0,,,0.0,129.0,0.0,,129.0
1990,長野県,685.0,529.0,58.0,58.0,155.0,37.0,168.0,1.0,52.0,156.0,10.0,10.0,136.0
1990,青森県,1033.0,687.0,125.0,308.0,1.0,,31.0,1.0,221.0,346.0,10.0,106.0,230.0
1990,静岡県,481.0,456.0,24.0,238.0,175.0,15.0,1.0,,3.0,25.0,0.0,2.0,23.0
1990,香川県,106.0,52.0,49.0,2.0,1.0,,,,,54.0,0.0,0.0,54.0
1990,高知県,865.0,610.0,72.0,221.0,287.0,26.0,0.0,,4.0,255.0,1.0,1.0,253.0
1990,鳥取県,265.0,174.0,63.0,84.0,27.0,0.0,0.0,,0.0,91.0,5.0,0.0,86.0
1990,鹿児島県,993.0,444.0,42.0,295.0,80.0,5.0,,,22.0,549.0,,,549.0
1991,三重県,635.0,604.0,38.0,279.0,281.0,2.0,,,4.0,31.0,0.0,0.0,31.0
1991,京都府,202.0,125.0,35.0,52.0,34.0,1.0,,0.0,3.0,77.0,6.0,0.0,71.0
1991,佐賀県,126.0,105.0,6.0,66.0,33.0,,0.0,,0.0,21.0,0.0,,21.0
1991,全国,27938.0,19037.0,2591.0,8443.0,3081.0,203.0,1670.0,2519.0,530.0,8901.0,512.0,462.0,7927.0
1991,兵庫県,369.0,259.0,73.0,124.0,57.0,2.0,1.0,0.0,2.0,110.0,4.0,2.0,104.0
1991,北海道,6467.0,3900.0,0.0,39.0,0.0,0.0,1256.0,2516.0,89.0,2567.0,278.0,97.0,2192.0
1991,千葉県,148.0,131.0,9.0,102.0,20.0,0.0,0.0,,,17.0,0.0,,17.0
1991,和歌山県,328.0,275.0,5.0,147.0,113.0,9.0,,,1.0,53.0,,,53.0
1991,埼玉県,128.0,111.0,7.0,69.0,32.0,1.0,1.0,0.0,1.0,17.0,4.0,,13.0
1991,大分県,845.0,806.0,53.0,635.0,113.0,4.0,1.0,,0.0,39.0,0.0,,39.0
1991,大阪府,18.0,13.0,6.0,4.0,3.0,,,,,5.0,0.0,,5.0
1991,奈良県,474.0,426.0,9.0,221.0,185.0,11.0,,,0.0,48.0,3.0,2.0,43.0
1991,宮城県,522.0,327.0,85.0,219.0,9.0,6.0,5.0,1.0,2.0,195.0,10.0,22.0,163.0
1991,宮崎県,1305.0,942.0,75.0,768.0,76.0,20.0,,,3.0,363.0,3.0,2.0,358.0
1991,富山県,64.0,44.0,3.0,32.0,1.0,1.0,1.0,0.0,6.0,20.0,1.0,0.0,19.0
1991,山口県,385.0,218.0,123.0,60.0,35.0,0.0,0.0,,0.0,167.0,2.0,1.0,164.0
1991,山形県,502.0,308.0,29.0,275.0,1.0,,3.0,0.0,0.0,194.0,5.0,18.0,171.0
1991,山梨県,128.0,63.0,23.0,14.0,11.0,2.0,7.0,,6.0,65.0,2.0,3.0,60.0
1991,岐阜県,798.0,550.0,74.0,134.0,270.0,25.0,11.0,1.0,35.0,248.0,18.0,22.0,208.0
1991,岡山県,505.0,383.0,98.0,136.0,146.0,0.0,,,3.0,122.0,3.0,2.0,177.0
1991,岩手県,1673.0,728.0,253.0,319.0,9.0,0.0,137.0,0.0,10.0,945.0,48.0,79.0,818.0
1991,島根県,578.0,303.0,211.0,64.0,28.0,0.0,0.0,,0.0,275.0,15.0,1.0,259.0
1991,広島県,591.0,369.0,247.0,56.0,62.0,2.0,0.0,,2.0,222.0,8.0,4.0,210.0
1991,徳島県,383.0,315.0,60.0,229.0,22.0,3.0,,,1.0,68.0,0.0,0.0,68.0
1991,愛媛県,618.0,567.0,66.0,324.0,170.0,3.0,0.0,,3.0,51.0,0.0,1.0,50.0
1991,愛知県,311.0,284.0,25.0,135.0,116.0,2.0,1.0,0.0,5.0,27.0,3.0,0.0,24.0
1991,新潟県,318.0,215.0,34.0,176.0,0.0,1.0,0.0,0.0,4.0,103.0,10.0,7.0,86.0
1991,東京都,52.0,44.0,1.0,28.0,14.0,1.0,0.0,,0.0,8.0,1.0,,7.0
1991,栃木県,431.0,380.0,54.0,223.0,92.0,4.0,4.0,,3.0,51.0,3.0,4.0,44.0
1991,沖縄県,12.0,2.0,,,,,,,,2.0,10.0,,
1991,滋賀県,95.0,90.0,36.0,26.0,28.0,0.0,,,0.0,5.0,0.0,1.0,4.0
1991,熊本県,902.0,725.0,55.0,479.0,176.0,9.0,0.0,,6.0,177.0,1.0,0.0,176.0
1991,石川県,178.0,125.0,27.0,68.0,3.0,1.0,0.0,0.0,26.0,53.0,2.0,0.0,51.0
1991,神奈川県,32.0,28.0,2.0,15.0,11.0,0.0,,,0.0,4.0,0.0,0.0,4.0
1991,福井県,175.0,116.0,33.0,76.0,6.0,0.0,,0.0,1.0,59.0,2.0,5.0,52.0
1991,福岡県,263.0,231.0,26.0,147.0,57.0,0.0,0.0,,1.0,32.0,1.0,0.0,31.0
1991,福島県,1350.0,716.0,245.0,387.0,52.0,17.0,10.0,1.0,4.0,634.0,34.0,29.0,571.0
1991,秋田県,1090.0,829.0,39.0,762.0,1.0,0.0,8.0,0.0,19.0,261.0,11.0,43.0,207.0
1991,群馬県,332.0,213.0,17.0,123.0,35.0,2.0,31.0,0.0,5.0,119.0,5.0,4.0,110.0
1991,茨城県,349.0,298.0,34.0,183.0,79.0,0.0,,,2.0,51.0,1.0,0.0,50.0
1991,長崎県,180.0,65.0,8.0,35.0,21.0,1.0,,,0.0,115.0,0.0,,115.0
1991,長野県,644.0,508.0,52.0,53.0,157.0,31.0,163.0,0.0,52.0,136.0,10.0,4.0,122.0
1991,青森県,975.0,650.0,105.0,312.0,2.0,,29.0,0.0,202.0,325.0,12.0,102.0,211.0
1991,静岡県,490.0,464.0,21.0,249.0,174.0,15.0,1.0,,4.0,26.0,1.0,1.0,24.0
1991,香川県,91.0,41.0,40.0,0.0,1.0,1.0,,,0.0,50.0,0.0,0.0,50.0
1991,高知県,801.0,576.0,64.0,226.0,258.0,24.0,0.0,,4.0,225.0,1.0,6.0,218.0
1991,鳥取県,239.0,167.0,55.0,84.0,28.0,0.0,0.0,,0.0,72.0,4.0,0.0,68.0
1991,鹿児島県,836.0,398.0,30.0,288.0,59.0,2.0,0.0,,19.0,438.0,,,438.0
1992,三重県,611.0,582.0,37.0,265.0,270.0,6.0,0.0,,4.0,29.0,1.0,1.0,27.0
1992,京都府,205.0,126.0,36.0,55.0,33.0,1.0,1.0,0.0,0.0,79.0,7.0,2.0,70.0
1992,佐賀県,143.0,120.0,8.0,73.0,39.0,0.0,0.0,,0.0,23.0,0.0,,23.0
1992,全国,27114.0,18900.0,2446.0,8819.0,3074.0,182.0,1590.0,2230.0,559.0,8214.0,496.0,433.0,7285.0
1992,兵庫県,345.0,264.0,64.0,136.0,60.0,2.0,0.0,,2.0,81.0,5.0,2.0,74.0
1992,北海道,5900.0,3575.0,2.0,43.0,0.0,0.0,1205.0,2223.0,102.0,2325.0,250.0,85.0,1990.0
1992,千葉県,141.0,123.0,7.0,104.0,11.0,0.0,0.0,,1.0,18.0,0.0,2.0,16.0
1992,和歌山県,307.0,261.0,4.0,141.0,108.0,8.0,,,0.0,46.0,,,46.0
1992,埼玉県,129.0,112.0,8.0,67.0,35.0,1.0,0.0,0.0,1.0,17.0,1.0,0.0,16.0
1992,大分県,964.0,939.0,46.0,764.0,126.0,1.0,,,2.0,25.0,,,25.0
1992,大阪府,19.0,10.0,3.0,3.0,4.0,0.0,,,,9.0,2.0,,7.0
1992,奈良県,486.0,431.0,7.0,228.0,185.0,10.0,,,1.0,55.0,1.0,2.0,52.0
1992,宮城県,541.0,354.0,84.0,253.0,6.0,3.0,5.0,1.0,2.0,187.0,10.0,20.0,157.0
1992,宮崎県,1313.0,995.0,73.0,828.0,70.0,20.0,,,4.0,318.0,0.0,3.0,315.0
1992,富山県,68.0,36.0,2.0,28.0,2.0,0.0,0.0,,4.0,32.0,1.0,1.0,30.0
1992,山口県,351.0,216.0,115.0,67.0,34.0,0.0,,,0.0,135.0,1.0,2.0,132.0
1992,山形県,494.0,316.0,32.0,278.0,1.0,,4.0,0.0,1.0,178.0,8.0,11.0,159.0
1992,山梨県,112.0,56.0,18.0,12.0,12.0,3.0,6.0,0.0,5.0,56.0,2.0,2.0,52.0
1992,岐阜県,783.0,545.0,67.0,137.0,276.0,18.0,12.0,0.0,35.0,238.0,19.0,21.0,198.0
1992,岡山県,480.0,385.0,85.0,138.0,162.0,0.0,0.0,,0.0,95.0,3.0,0.0,92.0
1992,岩手県,1599.0,700.0,231.0,329.0,4.0,0.0,128.0,0.0,8.0,899.0,54.0,74.0,771.0
1992,島根県,611.0,309.0,210.0,68.0,31.0,0.0,0.0,,0.0,302.0,24.0,1.0,277.0
1992,広島県,570.0,356.0,253.0,48.0,53.0,2.0,0.0,,0.0,214.0,10.0,2.0,202.0
1992,徳島県,364.0,311.0,50.0,229.0,30.0,2.0,,,0.0,53.0,1.0,1.0,51.0
1992,愛媛県,644.0,581.0,71.0,330.0,174.0,5.0,,,1.0,63.0,0.0,0.0,63.0
1992,愛知県,291.0,262.0,21.0,130.0,107.0,1.0,0.0,0.0,3.0,29.0,2.0,,27.0
1992,新潟県,314.0,215.0,32.0,181.0,1.0,0.0,0.0,0.0,1.0,99.0,9.0,7.0,83.0
1992,東京都,37.0,33.0,2.0,21.0,9.0,1.0,0.0,,0.0,4.0,0.0,,4.0
1992,栃木県,436.0,389.0,42.0,242.0,94.0,5.0,3.0,1.0,2.0,47.0,3.0,3.0,41.0
1992,沖縄県,9.0,3.0,,,,,,,,3.0,6.0,,
1992,滋賀県,91.0,85.0,30.0,27.0,27.0,0.0,0.0,,1.0,6.0,1.0,1.0,4.0
1992,熊本県,947.0,782.0,45.0,534.0,188.0,10.0,0.0,,5.0,165.0,0.0,1.0,164.0
1992,石川県,175.0,140.0,20.0,77.0,5.0,1.0,0.0,1.0,36.0,35.0,2.0,1.0,32.0
1992,神奈川県,29.0,26.0,1.0,16.0,9.0,,0.0,0.0,0.0,3.0,0.0,0.0,3.0
1992,福井県,178.0,127.0,33.0,86.0,6.0,1.0,0.0,0.0,1.0,51.0,1.0,3.0,47.0
1992,福岡県,259.0,228.0,21.0,149.0,56.0,0.0,1.0,,1.0,31.0,0.0,0.0,31.0
1992,福島県,1273.0,677.0,230.0,354.0,53.0,17.0,14.0,1.0,8.0,596.0,37.0,25.0,534.0
1992,秋田県,1148.0,894.0,35.0,824.0,0.0,0.0,8.0,0.0,27.0,254.0,11.0,45.0,198.0
1992,群馬県,298.0,204.0,17.0,114.0,34.0,4.0,31.0,1.0,3.0,94.0,5.0,5.0,84.0
1992,茨城県,352.0,303.0,32.0,186.0,81.0,,,,4.0,49.0,1.0,,48.0
1992,長崎県,172.0,69.0,8.0,34.0,27.0,0.0,,,0.0,103.0,0.0,0.0,103.0
1992,長野県,600.0,467.0,49.0,42.0,142.0,23.0,144.0,1.0,66.0,133.0,9.0,4.0,120.0
1992,青森県,966.0,641.0,110.0,297.0,5.0,0.0,28.0,1.0,200.0,325.0,10.0,99.0,216.0
1992,静岡県,487.0,466.0,21.0,252.0,176.0,13.0,0.0,,4.0,21.0,0.0,1.0,20.0
1992,香川県,82.0,45.0,43.0,1.0,1.0,,,,,37.0,0.0,,37.0
1992,高知県,789.0,571.0,62.0,238.0,243.0,22.0,0.0,,6.0,218.0,1.0,6.0,211.0
1992,鳥取県,227.0,161.0,56.0,83.0,22.0,0.0,0.0,,0.0,66.0,4.0,0.0,62.0
1992,鹿児島県,774.0,409.0,23.0,307.0,62.0,2.0,,,15.0,365.0,0.0,0.0,365.0
1993,三重県,577.0,547.0,31.0,257.0,253.0,3.0,1.0,,2.0,30.0,1.0,0.0,29.0
1993,京都府,214.0,136.0,35.0,61.0,34.0,0.0,1.0,0.0,5.0,78.0,5.0,3.0,70.0
1993,佐賀県,132.0,116.0,7.0,72.0,37.0,,0.0,,0.0,16.0,,,16.0
1993,全国,25570.0,18772.0,2255.0,8995.0,3051.0,168.0,1543.0,2194.0,566.0,6798.0,423.0,390.0,5985.0
1993,兵庫県,340.0,261.0,62.0,136.0,60.0,2.0,0.0,,1.0,79.0,2.0,2.0,75.0
1993,北海道,5539.0,3503.0,23.0,46.0,0.0,0.0,1146.0,2194.0,94.0,2036.0,233.0,86.0,1717.0
1993,千葉県,122.0,105.0,8.0,85.0,9.0,0.0,0.0,,3.0,17.0,,,17.0
1993,和歌山県,303.0,263.0,3.0,139.0,113.0,7.0,,,1.0,40.0,0.0,,40.0
1993,埼玉県,121.0,105.0,7.0,65.0,31.0,0.0,0.0,0.0,2.0,16.0,1.0,,15.0
1993,大分県,987.0,965.0,33.0,811.0,114.0,4.0,0.0,,3.0,22.0,0.0,0.0,22.0
1993,大阪府,20.0,9.0,2.0,3.0,4.0,0.0,,,,11.0,1.0,,10.0
1993,奈良県,493.0,433.0,7.0,224.0,190.0,11.0,,,1.0,60.0,2.0,3.0,55.0
1993,宮城県,532.0,369.0,84.0,265.0,7.0,5.0,5.0,,3.0,163.0,8.0,16.0,139.0
1993,宮崎県,1264.0,1040.0,58.0,890.0,71.0,16.0,,,5.0,224.0,0.0,0.0,224.0
1993,富山県,61.0,36.0,2.0,22.0,4.0,,0.0,,8.0,25.0,1.0,0.0,24.0
1993,山口県,333.0,205.0,105.0,65.0,35.0,0.0,,,0.0,128.0,1.0,1.0,126.0
1993,山形県,464.0,317.0,31.0,280.0,1.0,1.0,3.0,0.0,1.0,147.0,6.0,8.0,133.0
1993,山梨県,108.0,51.0,19.0,11.0,9.0,3.0,7.0,0.0,2.0,57.0,4.0,3.0,50.0
1993,岐阜県,770.0,548.0,65.0,146.0,271.0,20.0,11.0,0.0,35.0,222.0,18.0,17.0,187.0
1993,岡山県,463.0,386.0,89.0,135.0,162.0,0.0,0.0,,0.0,77.0,3.0,1.0,73.0
1993,岩手県,1451.0,702.0,214.0,332.0,5.0,0.0,143.0,0.0,8.0,749.0,40.0,64.0,645.0
1993,島根県,518.0,291.0,191.0,75.0,25.0,0.0,0.0,,0.0,227.0,15.0,1.0,211.0
1993,広島県,520.0,354.0,250.0,49.0,54.0,1.0,0.0,,0.0,166.0,7.0,2.0,157.0
1993,徳島県,360.0,317.0,43.0,233.0,37.0,1.0,,,3.0,43.0,0.0,0.0,43.0
1993,愛媛県,637.0,594.0,59.0,345.0,184.0,5.0,,,1.0,43.0,0.0,0.0,43.0
1993,愛知県,291.0,268.0,20.0,135.0,108.0,0.0,0.0,0.0,5.0,23.0,1.0,,22.0
1993,新潟県,328.0,229.0,35.0,188.0,1.0,0.0,0.0,,5.0,99.0,5.0,6.0,88.0
1993,東京都,35.0,31.0,0.0,20.0,10.0,1.0,0.0,,0.0,4.0,0.0,0.0,4.0
1993,栃木県,433.0,395.0,32.0,256.0,99.0,3.0,4.0,0.0,1.0,38.0,2.0,4.0,32.0
1993,沖縄県,6.0,3.0,,,,,,,,3.0,3.0,,
1993,滋賀県,96.0,87.0,33.0,29.0,25.0,0.0,0.0,,0.0,9.0,1.0,0.0,8.0
1993,熊本県,894.0,785.0,38.0,542.0,183.0,10.0,0.0,,12.0,109.0,0.0,0.0,109.0
1993,石川県,168.0,137.0,19.0,78.0,6.0,1.0,0.0,0.0,33.0,31.0,1.0,0.0,30.0
1993,神奈川県,31.0,26.0,1.0,15.0,10.0,,,,0.0,5.0,1.0,0.0,4.0
1993,福井県,165.0,130.0,31.0,88.0,7.0,1.0,0.0,0.0,3.0,35.0,1.0,1.0,33.0
1993,福岡県,278.0,255.0,20.0,159.0,67.0,2.0,1.0,,6.0,23.0,1.0,1.0,21.0
1993,福島県,1101.0,676.0,209.0,376.0,51.0,21.0,13.0,0.0,6.0,425.0,29.0,23.0,373.0
1993,秋田県,1049.0,851.0,29.0,794.0,1.0,,3.0,0.0,24.0,198.0,7.0,40.0,151.0
1993,群馬県,293.0,220.0,17.0,133.0,36.0,2.0,28.0,0.0,2.0,73.0,4.0,3.0,66.0
1993,茨城県,325.0,283.0,23.0,183.0,73.0,1.0,0.0,,1.0,42.0,1.0,0.0,41.0
1993,長崎県,145.0,72.0,6.0,38.0,28.0,,,,0.0,73.0,1.0,,72.0
1993,長野県,562.0,457.0,49.0,47.0,140.0,19.0,149.0,,53.0,105.0,6.0,3.0,96.0
1993,青森県,893.0,621.0,93.0,294.0,1.0,,28.0,0.0,205.0,272.0,8.0,101.0,163.0
1993,静岡県,458.0,439.0,18.0,238.0,169.0,10.0,0.0,0.0,4.0,19.0,1.0,0.0,18.0
1993,香川県,33.0,23.0,21.0,1.0,1.0,,,,,10.0,,,10.0
1993,高知県,734.0,557.0,54.0,238.0,242.0,17.0,0.0,,6.0,177.0,1.0,1.0,175.0
1993,鳥取県,213.0,154.0,52.0,80.0,22.0,0.0,0.0,,0.0,59.0,4.0,0.0,55.0
1993,鹿児島県,710.0,420.0,27.0,316.0,61.0,1.0,,,15.0,290.0,,,290.0
1994,三重県,583.0,555.0,29.0,261.0,260.0,2.0,0.0,,3.0,28.0,1.0,0.0,27.0
1994,京都府,190.0,128.0,32.0,56.0,36.0,1.0,1.0,0.0,2.0,62.0,6.0,1.0,55.0
1994,佐賀県,129.0,119.0,8.0,73.0,38.0,,0.0,,0.0,10.0,,,10.0
1994,全国,24456.0,19090.0,2119.0,9451.0,3125.0,146.0,1537.0,2170.0,542.0,5366.0,338.0,326.0,4702.0
1994,兵庫県,329.0,268.0,63.0,144.0,59.0,2.0,0.0,,0.0,61.0,2.0,1.0,58.0
1994,北海道,5089.0,3442.0,6.0,46.0,1.0,0.0,1130.0,2163.0,96.0,1647.0,184.0,81.0,1382.0
1994,千葉県,130.0,103.0,3.0,83.0,7.0,0.0,0.0,,10.0,27.0,,,27.0
1994,和歌山県,301.0,271.0,2.0,157.0,107.0,5.0,,,0.0,30.0,0.0,0.0,30.0
1994,埼玉県,114.0,104.0,5.0,63.0,33.0,0.0,1.0,0.0,2.0,10.0,1.0,,9.0
1994,大分県,1071.0,1037.0,33.0,876.0,125.0,0.0,,,3.0,34.0,0.0,,34.0
1994,大阪府,23.0,11.0,3.0,2.0,6.0,,,,,12.0,2.0,0.0,10.0
1994,奈良県,445.0,417.0,2.0,225.0,183.0,7.0,,,0.0,28.0,1.0,1.0,26.0
1994,宮城県,543.0,431.0,86.0,326.0,6.0,3.0,7.0,1.0,2.0,112.0,6.0,12.0,94.0
1994,宮崎県,1292.0,1107.0,62.0,937.0,89.0,17.0,,,2.0,185.0,0.0,0.0,185.0
1994,富山県,61.0,41.0,1.0,27.0,2.0,,1.0,0.0,10.0,20.0,1.0,0.0,19.0
1994,山口県,306.0,201.0,91.0,73.0,37.0,0.0,,,0.0,105.0,4.0,1.0,100.0
1994,山形県,429.0,329.0,33.0,291.0,1.0,0.0,3.0,,1.0,100.0,4.0,5.0,91.0
1994,山梨県,100.0,50.0,14.0,13.0,10.0,2.0,6.0,0.0,5.0,50.0,3.0,1.0,46.0
1994,岐阜県,738.0,537.0,64.0,140.0,275.0,16.0,10.0,0.0,32.0,201.0,17.0,19.0,165.0
1994,岡山県,492.0,419.0,97.0,148.0,174.0,0.0,0.0,,0.0,73.0,3.0,0.0,70.0
1994,岩手県,1338.0,728.0,209.0,355.0,4.0,0.0,154.0,0.0,6.0,610.0,33.0,56.0,521.0
1994,島根県,422.0,268.0,171.0,69.0,27.0,1.0,0.0,0.0,0.0,154.0,13.0,0.0,141.0
1994,広島県,493.0,352.0,245.0,47.0,58.0,1.0,0.0,0.0,1.0,141.0,6.0,1.0,134.0
1994,徳島県,342.0,314.0,38.0,229.0,40.0,2.0,,,5.0,28.0,0.0,0.0,28.0
1994,愛媛県,637.0,605.0,55.0,346.0,196.0,7.0,0.0,,1.0,32.0,0.0,1.0,31.0
1994,愛知県,283.0,260.0,21.0,131.0,103.0,1.0,0.0,,4.0,23.0,1.0,0.0,22.0
1994,新潟県,303.0,226.0,28.0,192.0,1.0,0.0,0.0,2.0,3.0,77.0,3.0,3.0,71.0
1994,東京都,39.0,35.0,1.0,21.0,10.0,1.0,0.0,,2.0,4.0,0.0,,4.0
1994,栃木県,430.0,409.0,30.0,266.0,103.0,4.0,5.0,0.0,1.0,21.0,1.0,2.0,18.0
1994,沖縄県,13.0,9.0,,,5.0,,,,4.0,4.0,,,4.0
1994,滋賀県,97.0,90.0,35.0,30.0,25.0,0.0,0.0,0.0,0.0,7.0,1.0,1.0,5.0
1994,熊本県,936.0,860.0,30.0,605.0,197.0,9.0,0.0,0.0,19.0,76.0,0.0,0.0,76.0
1994,石川県,167.0,135.0,19.0,76.0,4.0,1.0,,0.0,35.0,32.0,1.0,1.0,30.0
1994,神奈川県,25.0,22.0,1.0,13.0,8.0,0.0,,,0.0,3.0,0.0,0.0,3.0
1994,福井県,165.0,131.0,30.0,90.0,9.0,1.0,,0.0,1.0,34.0,1.0,1.0,32.0
1994,福岡県,273.0,250.0,20.0,170.0,53.0,1.0,1.0,,5.0,23.0,1.0,1.0,21.0
1994,福島県,911.0,670.0,193.0,394.0,47.0,16.0,15.0,0.0,5.0,241.0,16.0,11.0,214.0
1994,秋田県,992.0,837.0,28.0,773.0,1.0,,10.0,0.0,25.0,155.0,7.0,35.0,113.0
1994,群馬県,256.0,209.0,15.0,134.0,29.0,2.0,24.0,1.0,4.0,47.0,3.0,3.0,41.0
1994,茨城県,344.0,307.0,14.0,209.0,80.0,1.0,0.0,,3.0,37.0,1.0,0.0,36.0
1994,長崎県,136.0,65.0,3.0,35.0,27.0,0.0,,,0.0,71.0,0.0,,71.0
1994,長野県,516.0,421.0,43.0,49.0,137.0,15.0,140.0,1.0,36.0,95.0,6.0,3.0,86.0
1994,青森県,850.0,620.0,96.0,295.0,2.0,6.0,29.0,2.0,190.0,230.0,4.0,85.0,141.0
1994,静岡県,465.0,449.0,15.0,250.0,173.0,8.0,0.0,,3.0,16.0,1.0,0.0,15.0
1994,香川県,21.0,14.0,11.0,2.0,1.0,,,,,7.0,,,7.0
1994,高知県,707.0,562.0,50.0,251.0,242.0,13.0,0.0,,6.0,145.0,1.0,0.0,144.0
1994,鳥取県,192.0,153.0,54.0,78.0,21.0,0.0,0.0,,0.0,39.0,3.0,0.0,36.0
1994,鹿児島県,738.0,519.0,30.0,400.0,73.0,1.0,0.0,,15.0,219.0,,,219.0
1995,三重県,535.0,516.0,25.0,251.0,236.0,3.0,0.0,0.0,1.0,19.0,1.0,1.0,17.0
1995,京都府,164.0,116.0,30.0,48.0,33.0,1.0,,0.0,4.0,48.0,4.0,1.0,43.0
1995,佐賀県,123.0,115.0,6.0,70.0,39.0,0.0,0.0,,0.0,8.0,,,8.0
1995,全国,22897.0,18067.0,2036.0,8948.0,2924.0,141.0,1503.0,2072.0,443.0,4830.0,292.0,281.0,4257.0
1995,兵庫県,291.0,233.0,45.0,131.0,55.0,2.0,0.0,,0.0,58.0,2.0,0.0,56.0
1995,北海道,4801.0,3276.0,38.0,40.0,0.0,1.0,1097.0,2064.0,36.0,1525.0,163.0,68.0,1294.0
1995,千葉県,113.0,100.0,2.0,88.0,8.0,0.0,0.0,,2.0,13.0,0.0,,13.0
1995,和歌山県,265.0,248.0,1.0,146.0,99.0,2.0,,,0.0,17.0,,,17.0
1995,埼玉県,117.0,106.0,3.0,66.0,33.0,2.0,0.0,0.0,2.0,11.0,1.0,,10.0
1995,大分県,910.0,877.0,27.0,738.0,108.0,0.0,0.0,,4.0,33.0,,,33.0
1995,大阪府,24.0,9.0,2.0,2.0,5.0,,,,0.0,15.0,2.0,0.0,13.0
1995,奈良県,425.0,399.0,4.0,208.0,180.0,7.0,,,0.0,26.0,2.0,1.0,23.0
1995,宮城県,483.0,374.0,95.0,259.0,6.0,1.0,8.0,0.0,5.0,109.0,5.0,10.0,94.0
1995,宮崎県,1284.0,1118.0,85.0,938.0,80.0,10.0,,,5.0,166.0,0.0,0.0,166.0
1995,富山県,64.0,44.0,1.0,29.0,4.0,,3.0,1.0,6.0,20.0,1.0,0.0,19.0
1995,山口県,283.0,185.0,78.0,71.0,36.0,0.0,,,0.0,98.0,2.0,0.0,96.0
1995,山形県,424.0,309.0,34.0,266.0,4.0,0.0,2.0,,3.0,115.0,4.0,4.0,107.0
1995,山梨県,87.0,47.0,13.0,12.0,10.0,2.0,6.0,0.0,4.0,40.0,3.0,1.0,36.0
1995,岐阜県,675.0,505.0,55.0,145.0,251.0,13.0,11.0,1.0,29.0,170.0,13.0,14.0,143.0
1995,岡山県,445.0,395.0,91.0,146.0,157.0,0.0,,,1.0,50.0,2.0,,48.0
1995,岩手県,1291.0,708.0,205.0,340.0,4.0,0.0,151.0,0.0,8.0,583.0,24.0,45.0,514.0
1995,島根県,405.0,259.0,171.0,65.0,22.0,0.0,0.0,,1.0,146.0,11.0,0.0,135.0
1995,広島県,425.0,315.0,222.0,42.0,49.0,1.0,0.0,,1.0,110.0,5.0,1.0,104.0
1995,徳島県,301.0,279.0,33.0,210.0,32.0,1.0,,,3.0,22.0,0.0,0.0,22.0
1995,愛媛県,637.0,605.0,50.0,361.0,189.0,4.0,,,1.0,32.0,0.0,0.0,32.0
1995,愛知県,277.0,249.0,17.0,124.0,101.0,4.0,0.0,0.0,3.0,28.0,1.0,0.0,27.0
1995,新潟県,267.0,206.0,25.0,176.0,1.0,0.0,0.0,3.0,1.0,61.0,3.0,2.0,56.0
1995,東京都,32.0,28.0,0.0,18.0,9.0,1.0,0.0,,0.0,4.0,0.0,,4.0
1995,栃木県,430.0,412.0,26.0,270.0,104.0,6.0,4.0,0.0,2.0,18.0,1.0,2.0,15.0
1995,沖縄県,7.0,4.0,,,,,,,4.0,3.0,,,3.0
1995,滋賀県,89.0,79.0,30.0,26.0,22.0,0.0,,,1.0,10.0,1.0,,9.0
1995,熊本県,847.0,777.0,24.0,542.0,184.0,8.0,,,19.0,70.0,0.0,0.0,70.0
1995,石川県,150.0,123.0,11.0,77.0,2.0,1.0,,0.0,32.0,27.0,1.0,,26.0
1995,神奈川県,24.0,19.0,1.0,10.0,7.0,0.0,1.0,,0.0,5.0,1.0,0.0,4.0
1995,福井県,151.0,120.0,26.0,87.0,5.0,1.0,0.0,,1.0,31.0,1.0,2.0,28.0
1995,福岡県,237.0,215.0,16.0,144.0,46.0,2.0,1.0,,6.0,22.0,1.0,0.0,21.0
1995,福島県,898.0,659.0,190.0,379.0,48.0,16.0,9.0,0.0,17.0,239.0,14.0,15.0,210.0
1995,秋田県,927.0,791.0,29.0,725.0,8.0,,4.0,0.0,25.0,136.0,4.0,26.0,106.0
1995,群馬県,240.0,202.0,15.0,133.0,28.0,1.0,23.0,0.0,2.0,38.0,3.0,3.0,32.0
1995,茨城県,316.0,278.0,16.0,194.0,64.0,1.0,2.0,,1.0,38.0,1.0,0.0,37.0
1995,長崎県,126.0,64.0,3.0,36.0,25.0,0.0,,,0.0,62.0,2.0,,60.0
1995,長野県,478.0,406.0,35.0,51.0,123.0,13.0,147.0,3.0,34.0,72.0,4.0,3.0,65.0
1995,青森県,803.0,590.0,98.0,292.0,3.0,6.0,32.0,0.0,159.0,213.0,4.0,82.0,127.0
1995,静岡県,462.0,453.0,12.0,241.0,179.0,17.0,2.0,,2.0,9.0,1.0,0.0,8.0
1995,香川県,21.0,14.0,10.0,3.0,1.0,,,,,7.0,,,7.0
1995,高知県,680.0,573.0,41.0,274.0,239.0,13.0,0.0,0.0,6.0,107.0,1.0,0.0,106.0
1995,鳥取県,192.0,159.0,59.0,74.0,25.0,0.0,,,1.0,33.0,3.0,0.0,30.0
1995,鹿児島県,671.0,508.0,36.0,400.0,60.0,1.0,0.0,,11.0,163.0,,0.0,163.0
1996,三重県,534.0,523.0,22.0,250.0,249.0,2.0,0.0,0.0,0.0,11.0,1.0,1.0,9.0
1996,京都府,160.0,115.0,27.0,53.0,29.0,2.0,0.0,0.0,4.0,45.0,4.0,3.0,38.0
1996,佐賀県,117.0,110.0,6.0,69.0,35.0,,0.0,,0.0,7.0,,,7.0
1996,全国,22469.0,17993.0,1918.0,9078.0,2907.0,126.0,1577.0,1969.0,418.0,4476.0,285.0,249.0,3942.0
1996,兵庫県,282.0,235.0,37.0,139.0,52.0,2.0,0.0,,5.0,47.0,2.0,0.0,45.0
1996,北海道,4718.0,3236.0,4.0,42.0,1.0,,1181.0,1965.0,43.0,1482.0,162.0,62.0,1258.0
1996,千葉県,113.0,102.0,6.0,86.0,9.0,0.0,0.0,,1.0,11.0,0.0,0.0,11.0
1996,和歌山県,266.0,252.0,1.0,145.0,103.0,3.0,,,0.0,14.0,0.0,,14.0
1996,埼玉県,103.0,91.0,3.0,63.0,23.0,1.0,0.0,0.0,1.0,12.0,1.0,0.0,11.0
1996,大分県,887.0,857.0,24.0,709.0,121.0,0.0,0.0,,3.0,30.0,,,30.0
1996,大阪府,31.0,17.0,2.0,9.0,6.0,0.0,,,0.0,14.0,2.0,0.0,12.0
1996,奈良県,417.0,402.0,4.0,214.0,177.0,6.0,,,1.0,15.0,3.0,1.0,11.0
1996,宮城県,488.0,379.0,96.0,261.0,7.0,2.0,8.0,0.0,5.0,109.0,4.0,10.0,95.0
1996,宮崎県,1356.0,1199.0,64.0,1043.0,79.0,11.0,0.0,,2.0,157.0,0.0,0.0,157.0
1996,富山県,57.0,46.0,12.0,23.0,2.0,,3.0,0.0,6.0,11.0,2.0,1.0,8.0
1996,山口県,248.0,170.0,64.0,72.0,33.0,1.0,,,0.0,78.0,1.0,,77.0
1996,山形県,446.0,345.0,46.0,292.0,2.0,0.0,2.0,0.0,3.0,101.0,2.0,4.0,95.0
1996,山梨県,79.0,45.0,9.0,11.0,10.0,4.0,6.0,0.0,5.0,34.0,2.0,2.0,30.0
1996,岐阜県,675.0,507.0,64.0,141.0,250.0,13.0,13.0,0.0,26.0,168.0,13.0,14.0,141.0
1996,岡山県,438.0,401.0,82.0,148.0,170.0,0.0,,,1.0,37.0,2.0,0.0,35.0
1996,岩手県,1272.0,722.0,213.0,358.0,2.0,0.0,142.0,0.0,7.0,550.0,26.0,28.0,496.0
1996,島根県,386.0,254.0,163.0,68.0,22.0,1.0,0.0,,0.0,132.0,10.0,0.0,122.0
1996,広島県,401.0,304.0,206.0,41.0,51.0,1.0,0.0,,5.0,97.0,6.0,1.0,90.0
1996,徳島県,264.0,246.0,26.0,182.0,32.0,1.0,,,5.0,18.0,,0.0,18.0
1996,愛媛県,656.0,636.0,44.0,383.0,205.0,4.0,,,0.0,20.0,,0.0,20.0
1996,愛知県,255.0,229.0,13.0,112.0,99.0,2.0,0.0,0.0,3.0,26.0,1.0,0.0,25.0
1996,新潟県,232.0,193.0,18.0,170.0,1.0,0.0,1.0,2.0,1.0,39.0,2.0,3.0,34.0
1996,東京都,32.0,28.0,0.0,16.0,9.0,1.0,1.0,,1.0,4.0,0.0,0.0,4.0
1996,栃木県,446.0,424.0,21.0,274.0,108.0,4.0,6.0,0.0,11.0,22.0,1.0,3.0,18.0
1996,沖縄県,7.0,5.0,,,,,,,5.0,2.0,,,2.0
1996,滋賀県,85.0,75.0,27.0,27.0,21.0,0.0,0.0,0.0,0.0,10.0,1.0,1.0,8.0
1996,熊本県,839.0,777.0,30.0,556.0,166.0,7.0,,,18.0,62.0,0.0,0.0,62.0
1996,石川県,141.0,120.0,8.0,82.0,1.0,1.0,,1.0,27.0,21.0,1.0,0.0,20.0
1996,神奈川県,26.0,20.0,1.0,10.0,9.0,,,,0.0,6.0,1.0,0.0,5.0
1996,福井県,147.0,124.0,29.0,88.0,5.0,1.0,0.0,,1.0,23.0,1.0,2.0,20.0
1996,福岡県,205.0,194.0,14.0,135.0,44.0,0.0,1.0,,0.0,11.0,0.0,0.0,11.0
1996,福島県,886.0,665.0,198.0,386.0,54.0,14.0,11.0,0.0,2.0,221.0,14.0,10.0,197.0
1996,秋田県,931.0,790.0,26.0,726.0,0.0,0.0,6.0,0.0,32.0,141.0,5.0,23.0,113.0
1996,群馬県,237.0,202.0,14.0,140.0,24.0,1.0,20.0,0.0,3.0,35.0,2.0,3.0,30.0
1996,茨城県,308.0,272.0,11.0,196.0,64.0,1.0,0.0,,0.0,36.0,1.0,,35.0
1996,長崎県,125.0,56.0,4.0,30.0,22.0,0.0,,0.0,0.0,69.0,,,69.0
1996,長野県,461.0,391.0,32.0,50.0,126.0,13.0,141.0,0.0,29.0,70.0,4.0,3.0,63.0
1996,青森県,794.0,607.0,94.0,327.0,0.0,,35.0,1.0,150.0,187.0,5.0,74.0,108.0
1996,静岡県,437.0,428.0,9.0,235.0,167.0,15.0,0.0,,2.0,9.0,1.0,0.0,8.0
1996,香川県,21.0,16.0,14.0,2.0,0.0,,,,,5.0,,,5.0
1996,高知県,621.0,543.0,31.0,270.0,229.0,12.0,,,1.0,78.0,0.0,0.0,78.0
1996,鳥取県,203.0,161.0,64.0,73.0,24.0,0.0,0.0,,0.0,42.0,2.0,0.0,40.0
1996,鹿児島県,636.0,479.0,35.0,371.0,64.0,0.0,,,9.0,157.0,,,157.0
1997,三重県,480.0,469.0,21.0,231.0,213.0,2.0,0.0,0.0,2.0,11.0,0.0,0.0,11.0
1997,京都府,145.0,107.0,27.0,53.0,26.0,1.0,0.0,0.0,0.0,38.0,2.0,1.0,35.0
1997,佐賀県,106.0,97.0,4.0,65.0,28.0,0.0,0.0,,0.0,9.0,,,9.0
1997,全国,21551.0,17322.0,1800.0,8798.0,2661.0,89.0,1700.0,1922.0,352.0,4229.0,241.0,193.0,3795.0
1997,兵庫県,276.0,221.0,36.0,131.0,48.0,2.0,0.0,1.0,3.0,55.0,4.0,0.0,51.0
1997,北海道,4635.0,3329.0,20.0,44.0,1.0,0.0,1311.0,1919.0,34.0,1306.0,128.0,44.0,1134.0
1997,千葉県,107.0,95.0,4.0,81.0,9.0,0.0,0.0,0.0,1.0,12.0,0.0,0.0,12.0
1997,和歌山県,249.0,241.0,1.0,143.0,94.0,3.0,,,0.0,8.0,0.0,0.0,8.0
1997,埼玉県,98.0,85.0,2.0,64.0,18.0,0.0,0.0,,1.0,13.0,0.0,0.0,13.0
1997,大分県,824.0,800.0,30.0,663.0,105.0,0.0,0.0,,2.0,24.0,,,24.0
1997,大阪府,26.0,12.0,6.0,1.0,5.0,0.0,,,0.0,14.0,1.0,1.0,12.0
1997,奈良県,376.0,366.0,4.0,200.0,159.0,3.0,,,0.0,10.0,1.0,0.0,9.0
1997,宮城県,466.0,362.0,89.0,259.0,5.0,1.0,5.0,0.0,3.0,104.0,5.0,5.0,94.0
1997,宮崎県,1300.0,1161.0,60.0,1024.0,69.0,7.0,,,1.0,139.0,0.0,0.0,139.0
1997,富山県,49.0,42.0,9.0,25.0,1.0,0.0,0.0,0.0,7.0,7.0,1.0,0.0,6.0
1997,山口県,235.0,158.0,57.0,64.0,37.0,0.0,,,0.0,77.0,1.0,,76.0
1997,山形県,385.0,291.0,27.0,258.0,0.0,,4.0,0.0,2.0,94.0,4.0,4.0,86.0
1997,山梨県,80.0,44.0,9.0,13.0,9.0,2.0,5.0,0.0,6.0,36.0,3.0,1.0,32.0
1997,岐阜県,626.0,472.0,53.0,142.0,228.0,12.0,12.0,1.0,24.0,154.0,12.0,9.0,133.0
1997,岡山県,408.0,367.0,67.0,144.0,156.0,0.0,,,0.0,41.0,1.0,0.0,40.0
1997,岩手県,1272.0,719.0,198.0,352.0,4.0,0.0,158.0,0.0,7.0,553.0,28.0,32.0,493.0
1997,島根県,396.0,240.0,153.0,66.0,21.0,0.0,0.0,,0.0,156.0,11.0,0.0,145.0
1997,広島県,396.0,292.0,198.0,44.0,46.0,1.0,0.0,,3.0,104.0,4.0,1.0,99.0
1997,徳島県,245.0,231.0,21.0,180.0,25.0,1.0,,,4.0,14.0,,,14.0
1997,愛媛県,607.0,589.0,38.0,364.0,185.0,2.0,,,0.0,18.0,,,18.0
1997,愛知県,265.0,242.0,12.0,116.0,110.0,1.0,0.0,0.0,3.0,23.0,1.0,0.0,22.0
1997,新潟県,222.0,186.0,22.0,161.0,1.0,0.0,0.0,1.0,1.0,36.0,2.0,1.0,33.0
1997,東京都,29.0,25.0,0.0,13.0,9.0,1.0,1.0,0.0,1.0,4.0,0.0,0.0,4.0
1997,栃木県,432.0,411.0,20.0,282.0,97.0,3.0,3.0,0.0,6.0,21.0,1.0,1.0,19.0
1997,沖縄県,12.0,10.0,,0.0,0.0,,,,10.0,2.0,,,2.0
1997,滋賀県,80.0,70.0,27.0,23.0,20.0,0.0,0.0,,0.0,10.0,1.0,0.0,9.0
1997,熊本県,818.0,767.0,26.0,571.0,154.0,7.0,,,9.0,51.0,0.0,0.0,51.0
1997,石川県,138.0,116.0,12.0,74.0,1.0,1.0,0.0,0.0,28.0,22.0,1.0,,21.0
1997,神奈川県,26.0,19.0,1.0,10.0,7.0,0.0,,,1.0,7.0,0.0,0.0,7.0
1997,福井県,140.0,122.0,24.0,89.0,6.0,1.0,0.0,,2.0,18.0,0.0,0.0,18.0
1997,福岡県,195.0,182.0,14.0,130.0,38.0,0.0,0.0,,0.0,13.0,0.0,0.0,13.0
1997,福島県,876.0,629.0,175.0,372.0,53.0,15.0,11.0,0.0,3.0,247.0,14.0,9.0,224.0
1997,秋田県,877.0,738.0,29.0,683.0,0.0,0.0,4.0,,22.0,139.0,5.0,19.0,115.0
1997,群馬県,221.0,190.0,11.0,133.0,19.0,2.0,24.0,,1.0,31.0,1.0,1.0,29.0
1997,茨城県,303.0,249.0,24.0,164.0,60.0,0.0,0.0,,1.0,54.0,1.0,,53.0
1997,長崎県,125.0,66.0,3.0,37.0,26.0,0.0,,,0.0,59.0,,,59.0
1997,長野県,412.0,353.0,37.0,41.0,118.0,9.0,123.0,0.0,25.0,59.0,2.0,1.0,56.0
1997,青森県,736.0,562.0,88.0,308.0,0.0,,38.0,0.0,128.0,174.0,4.0,62.0,108.0
1997,静岡県,414.0,407.0,11.0,242.0,149.0,3.0,1.0,0.0,1.0,7.0,0.0,1.0,6.0
1997,香川県,22.0,16.0,13.0,2.0,0.0,,,,1.0,6.0,,,6.0
1997,高知県,591.0,526.0,26.0,273.0,219.0,8.0,,,0.0,65.0,0.0,0.0,65.0
1997,鳥取県,186.0,153.0,68.0,65.0,20.0,0.0,0.0,,0.0,33.0,2.0,0.0,31.0
1997,鹿児島県,644.0,493.0,23.0,398.0,62.0,1.0,,,9.0,151.0,0.0,,151.0
1998,三重県,437.0,421.0,15.0,207.0,197.0,2.0,0.0,,0.0,16.0,0.0,0.0,16.0
1998,京都府,127.0,95.0,21.0,46.0,27.0,1.0,0.0,0.0,0.0,32.0,1.0,1.0,30.0
1998,佐賀県,106.0,95.0,8.0,60.0,27.0,,0.0,,0.0,11.0,,,11.0
1998,全国,19316.0,15214.0,1581.0,7788.0,2338.0,76.0,1526.0,1609.0,296.0,4102.0,213.0,153.0,3736.0
1998,兵庫県,239.0,188.0,32.0,106.0,44.0,2.0,,0.0,4.0,51.0,3.0,0.0,48.0
1998,北海道,4117.0,2856.0,30.0,29.0,0.0,,1162.0,1607.0,28.0,1261.0,96.0,33.0,1132.0
1998,千葉県,95.0,85.0,3.0,75.0,7.0,0.0,0.0,,0.0,10.0,,0.0,10.0
1998,和歌山県,228.0,214.0,2.0,125.0,83.0,3.0,,,1.0,14.0,,,14.0
1998,埼玉県,90.0,79.0,3.0,50.0,22.0,2.0,0.0,,2.0,11.0,0.0,0.0,11.0
1998,大分県,716.0,708.0,11.0,598.0,99.0,0.0,,,0.0,8.0,,,8.0
1998,大阪府,25.0,14.0,4.0,4.0,6.0,,,,0.0,11.0,1.0,0.0,10.0
1998,奈良県,324.0,313.0,4.0,164.0,140.0,5.0,,,0.0,11.0,1.0,0.0,10.0
1998,宮城県,437.0,327.0,84.0,230.0,5.0,1.0,4.0,,3.0,110.0,5.0,4.0,101.0
1998,宮崎県,1162.0,1026.0,46.0,914.0,60.0,6.0,,,0.0,136.0,,,136.0
1998,富山県,44.0,34.0,3.0,24.0,1.0,0.0,0.0,0.0,6.0,10.0,1.0,,9.0
1998,山口県,223.0,142.0,53.0,61.0,28.0,0.0,,,0.0,81.0,1.0,0.0,80.0
1998,山形県,348.0,247.0,25.0,217.0,0.0,,4.0,,1.0,101.0,4.0,5.0,92.0
1998,山梨県,65.0,37.0,5.0,12.0,8.0,1.0,4.0,0.0,7.0,28.0,1.0,0.0,27.0
1998,岐阜県,575.0,429.0,43.0,134.0,204.0,10.0,12.0,1.0,25.0,146.0,12.0,5.0,129.0
1998,岡山県,380.0,343.0,64.0,128.0,151.0,0.0,,,0.0,37.0,1.0,0.0,36.0
1998,岩手県,1211.0,669.0,198.0,312.0,3.0,0.0,151.0,0.0,5.0,542.0,29.0,23.0,490.0
1998,島根県,390.0,227.0,142.0,63.0,22.0,0.0,0.0,,0.0,163.0,12.0,0.0,151.0
1998,広島県,409.0,273.0,189.0,41.0,39.0,2.0,0.0,,2.0,136.0,4.0,1.0,131.0
1998,徳島県,224.0,212.0,16.0,172.0,19.0,1.0,,,4.0,12.0,0.0,,12.0
1998,愛媛県,496.0,485.0,29.0,290.0,165.0,1.0,,,0.0,11.0,,,11.0
1998,愛知県,223.0,205.0,11.0,105.0,87.0,0.0,0.0,,2.0,18.0,0.0,0.0,18.0
1998,新潟県,210.0,171.0,26.0,140.0,1.0,,1.0,1.0,2.0,39.0,2.0,1.0,36.0
1998,東京都,26.0,18.0,0.0,10.0,6.0,0.0,0.0,,2.0,8.0,0.0,0.0,8.0
1998,栃木県,379.0,360.0,17.0,249.0,84.0,1.0,3.0,0.0,6.0,19.0,1.0,1.0,17.0
1998,沖縄県,9.0,6.0,,,,,,,6.0,3.0,,,3.0
1998,滋賀県,77.0,64.0,23.0,23.0,18.0,0.0,0.0,0.0,0.0,13.0,0.0,1.0,12.0
1998,熊本県,728.0,677.0,25.0,517.0,126.0,6.0,0.0,,3.0,51.0,,,51.0
1998,石川県,123.0,102.0,5.0,69.0,3.0,1.0,0.0,0.0,24.0,21.0,1.0,,20.0
1998,神奈川県,22.0,15.0,0.0,9.0,5.0,0.0,,,1.0,7.0,0.0,0.0,7.0
1998,福井県,126.0,109.0,17.0,83.0,7.0,0.0,0.0,0.0,2.0,17.0,1.0,0.0,16.0
1998,福岡県,154.0,140.0,12.0,99.0,29.0,0.0,0.0,,0.0,14.0,0.0,0.0,14.0
1998,福島県,853.0,597.0,164.0,361.0,46.0,11.0,12.0,0.0,3.0,256.0,17.0,10.0,229.0
1998,秋田県,716.0,588.0,25.0,543.0,3.0,,4.0,,13.0,128.0,6.0,17.0,105.0
1998,群馬県,197.0,169.0,8.0,128.0,13.0,0.0,20.0,0.0,0.0,28.0,1.0,1.0,26.0
1998,茨城県,240.0,209.0,7.0,146.0,54.0,1.0,,0.0,1.0,31.0,0.0,,31.0
1998,長崎県,105.0,51.0,2.0,28.0,21.0,,,,0.0,54.0,,,54.0
1998,長野県,369.0,317.0,29.0,41.0,101.0,7.0,116.0,0.0,23.0,52.0,4.0,0.0,48.0
1998,青森県,645.0,486.0,76.0,272.0,1.0,,32.0,0.0,105.0,159.0,6.0,49.0,104.0
1998,静岡県,377.0,366.0,8.0,221.0,131.0,2.0,1.0,,3.0,11.0,0.0,1.0,10.0
1998,香川県,18.0,13.0,10.0,2.0,0.0,,,,1.0,5.0,0.0,,5.0
1998,高知県,525.0,474.0,21.0,264.0,178.0,10.0,,,1.0,51.0,0.0,0.0,51.0
1998,鳥取県,170.0,139.0,58.0,63.0,18.0,0.0,0.0,,0.0,31.0,2.0,0.0,29.0
1998,鹿児島県,556.0,419.0,7.0,353.0,49.0,0.0,,,10.0,137.0,0.0,0.0,137.0
1999,三重県,437.0,424.0,15.0,211.0,197.0,,0.0,0.0,1.0,13.0,0.0,,13.0
1999,京都府,118.0,84.0,19.0,41.0,23.0,,,0.0,1.0,34.0,2.0,1.0,31.0
1999,佐賀県,106.0,92.0,5.0,57.0,29.0,,1.0,,0.0,14.0,,,14.0
1999,全国,18737.0,15026.0,1442.0,7898.0,2367.0,,1545.0,1447.0,327.0,3711.0,220.0,121.0,3370.0
1999,兵庫県,228.0,178.0,28.0,103.0,41.0,,0.0,,6.0,50.0,2.0,,48.0
1999,北海道,3789.0,2690.0,5.0,42.0,0.0,,1169.0,1442.0,32.0,1099.0,87.0,33.0,979.0
1999,千葉県,94.0,83.0,3.0,74.0,6.0,,0.0,0.0,0.0,11.0,,,11.0
1999,和歌山県,230.0,222.0,2.0,124.0,94.0,,,,2.0,8.0,,,8.0
1999,埼玉県,95.0,82.0,2.0,57.0,22.0,,0.0,,1.0,13.0,0.0,,13.0
1999,大分県,725.0,719.0,12.0,623.0,82.0,,0.0,,2.0,6.0,,,6.0
1999,大阪府,26.0,14.0,3.0,4.0,7.0,,,,0.0,12.0,1.0,1.0,10.0
1999,奈良県,333.0,322.0,4.0,165.0,148.0,,,,5.0,11.0,1.0,0.0,10.0
1999,宮城県,462.0,346.0,87.0,244.0,4.0,,6.0,1.0,4.0,116.0,5.0,3.0,108.0
1999,宮崎県,1155.0,1064.0,41.0,952.0,66.0,,,,5.0,91.0,,,91.0
1999,富山県,46.0,28.0,1.0,21.0,2.0,,0.0,2.0,2.0,18.0,1.0,,17.0
1999,山口県,211.0,136.0,45.0,63.0,28.0,,0.0,,0.0,75.0,1.0,,74.0
1999,山形県,331.0,245.0,23.0,214.0,0.0,,5.0,0.0,3.0,86.0,4.0,4.0,78.0
1999,山梨県,63.0,35.0,4.0,13.0,8.0,,4.0,0.0,6.0,28.0,1.0,0.0,27.0
1999,岐阜県,538.0,431.0,43.0,146.0,210.0,,11.0,1.0,20.0,107.0,25.0,10.0,72.0
1999,岡山県,391.0,361.0,60.0,141.0,160.0,,,,0.0,30.0,2.0,,28.0
1999,岩手県,1180.0,674.0,197.0,301.0,3.0,,167.0,1.0,5.0,506.0,26.0,17.0,463.0
1999,島根県,364.0,216.0,131.0,66.0,19.0,,0.0,,0.0,148.0,9.0,0.0,139.0
1999,広島県,358.0,232.0,163.0,35.0,33.0,,0.0,,1.0,126.0,5.0,1.0,120.0
1999,徳島県,227.0,214.0,15.0,176.0,16.0,,0.0,0.0,7.0,13.0,0.0,,13.0
1999,愛媛県,492.0,484.0,25.0,293.0,165.0,,,,1.0,8.0,,,8.0
1999,愛知県,216.0,196.0,8.0,97.0,90.0,,0.0,,1.0,20.0,3.0,0.0,17.0
1999,新潟県,200.0,157.0,22.0,132.0,1.0,,0.0,,2.0,43.0,1.0,1.0,41.0
1999,東京都,27.0,20.0,0.0,10.0,7.0,,0.0,,3.0,7.0,,,7.0
1999,栃木県,410.0,384.0,16.0,270.0,89.0,,1.0,,8.0,26.0,0.0,1.0,25.0
1999,沖縄県,8.0,6.0,,,,,,,6.0,2.0,,,2.0
1999,滋賀県,68.0,59.0,20.0,23.0,16.0,,0.0,,0.0,9.0,1.0,0.0,8.0
1999,熊本県,806.0,751.0,19.0,565.0,153.0,,,,14.0,55.0,0.0,,55.0
1999,石川県,122.0,101.0,5.0,66.0,6.0,,0.0,,24.0,21.0,0.0,,21.0
1999,神奈川県,25.0,16.0,2.0,8.0,6.0,,,,0.0,9.0,0.0,,9.0
1999,福井県,172.0,132.0,22.0,100.0,7.0,,0.0,,3.0,40.0,6.0,0.0,34.0
1999,福岡県,155.0,142.0,13.0,100.0,29.0,,0.0,,0.0,13.0,0.0,0.0,13.0
1999,福島県,800.0,560.0,143.0,348.0,44.0,,13.0,0.0,12.0,240.0,16.0,5.0,219.0
1999,秋田県,698.0,582.0,28.0,543.0,0.0,,3.0,,8.0,116.0,6.0,13.0,97.0
1999,群馬県,193.0,168.0,8.0,124.0,16.0,,20.0,0.0,0.0,25.0,1.0,0.0,24.0
1999,茨城県,235.0,199.0,8.0,140.0,50.0,,,,1.0,36.0,0.0,,36.0
1999,長崎県,111.0,58.0,1.0,36.0,21.0,,,,0.0,53.0,,,53.0
1999,長野県,348.0,307.0,30.0,50.0,90.0,,113.0,0.0,24.0,41.0,3.0,0.0,38.0
1999,青森県,625.0,490.0,72.0,289.0,1.0,,29.0,0.0,99.0,135.0,9.0,31.0,95.0
1999,静岡県,348.0,338.0,7.0,197.0,129.0,,1.0,0.0,4.0,10.0,0.0,0.0,10.0
1999,香川県,14.0,11.0,10.0,1.0,0.0,,,,0.0,3.0,,,3.0
1999,高知県,475.0,439.0,19.0,228.0,181.0,,2.0,,9.0,36.0,0.0,0.0,36.0
1999,鳥取県,144.0,119.0,46.0,53.0,20.0,,,0.0,0.0,25.0,2.0,0.0,23.0
1999,鹿児島県,538.0,415.0,10.0,352.0,48.0,,,,5.0,123.0,,,123.0
2000,三重県,410.0,403.0,16.0,198.0,189.0,,0.0,,0.0,7.0,1.0,0.0,6.0
2000,京都府,111.0,82.0,16.0,37.0,27.0,,,0.0,2.0,29.0,2.0,1.0,26.0
2000,佐賀県,143.0,86.0,5.0,60.0,21.0,,0.0,0.0,0.0,57.0,,,57.0
2000,全国,17987.0,14520.0,1332.0,7776.0,2313.0,,1581.0,1190.0,328.0,3467.0,219.0,111.0,3137.0
2000,兵庫県,207.0,171.0,25.0,102.0,39.0,,,,5.0,36.0,2.0,0.0,34.0
2000,北海道,3496.0,2492.0,3.0,34.0,0.0,,1211.0,1185.0,59.0,1004.0,90.0,28.0,886.0
2000,千葉県,92.0,84.0,2.0,69.0,6.0,,,,7.0,8.0,,0.0,8.0
2000,和歌山県,223.0,215.0,2.0,126.0,85.0,,0.0,,2.0,8.0,,,8.0
2000,埼玉県,99.0,84.0,1.0,57.0,25.0,,0.0,0.0,1.0,15.0,0.0,0.0,15.0
2000,大分県,682.0,675.0,8.0,575.0,89.0,,0.0,,3.0,7.0,0.0,,7.0
2000,大阪府,26.0,12.0,3.0,5.0,4.0,,,,0.0,14.0,1.0,1.0,12.0
2000,奈良県,297.0,288.0,5.0,146.0,132.0,,0.0,,5.0,9.0,0.0,0.0,9.0
2000,宮城県,439.0,334.0,89.0,230.0,3.0,,5.0,1.0,6.0,105.0,4.0,2.0,99.0
2000,宮崎県,1161.0,1083.0,37.0,969.0,74.0,,,,3.0,78.0,,1.0,77.0
2000,富山県,40.0,21.0,0.0,18.0,1.0,,0.0,0.0,2.0,19.0,1.0,0.0,18.0
2000,山口県,193.0,131.0,35.0,65.0,31.0,,0.0,,0.0,62.0,0.0,,62.0
2000,山形県,343.0,248.0,25.0,219.0,0.0,,3.0,,1.0,95.0,6.0,2.0,87.0
2000,山梨県,54.0,34.0,4.0,12.0,6.0,,6.0,0.0,6.0,20.0,1.0,0.0,19.0
2000,岐阜県,503.0,399.0,38.0,147.0,184.0,,11.0,1.0,18.0,104.0,22.0,16.0,66.0
2000,岡山県,381.0,354.0,54.0,131.0,169.0,,,,0.0,27.0,1.0,,26.0
2000,岩手県,1155.0,658.0,181.0,308.0,4.0,,159.0,1.0,5.0,497.0,23.0,11.0,463.0
2000,島根県,337.0,209.0,114.0,75.0,20.0,,0.0,,0.0,128.0,9.0,2.0,117.0
2000,広島県,336.0,217.0,146.0,38.0,32.0,,0.0,0.0,1.0,119.0,5.0,1.0,113.0
2000,徳島県,222.0,203.0,14.0,173.0,14.0,,0.0,,2.0,19.0,0.0,,19.0
2000,愛媛県,537.0,532.0,26.0,328.0,176.0,,0.0,,2.0,5.0,,0.0,5.0
2000,愛知県,208.0,186.0,8.0,97.0,81.0,,0.0,0.0,0.0,22.0,6.0,0.0,16.0
2000,新潟県,187.0,153.0,23.0,126.0,1.0,,1.0,0.0,2.0,34.0,1.0,1.0,32.0
2000,東京都,25.0,19.0,1.0,9.0,8.0,,0.0,,1.0,6.0,0.0,0.0,6.0
2000,栃木県,431.0,402.0,22.0,278.0,94.0,,1.0,0.0,7.0,29.0,0.0,1.0,28.0
2000,沖縄県,6.0,5.0,,,,,,,5.0,1.0,,,1.0
2000,滋賀県,61.0,53.0,16.0,18.0,18.0,,0.0,0.0,1.0,8.0,2.0,0.0,6.0
2000,熊本県,808.0,756.0,14.0,565.0,160.0,,,,17.0,52.0,0.0,3.0,49.0
2000,石川県,117.0,96.0,5.0,65.0,4.0,,0.0,0.0,22.0,21.0,0.0,,21.0
2000,神奈川県,27.0,13.0,2.0,6.0,4.0,,0.0,,1.0,14.0,0.0,0.0,14.0
2000,福井県,118.0,105.0,14.0,84.0,6.0,,0.0,0.0,1.0,13.0,1.0,0.0,12.0
2000,福岡県,146.0,134.0,11.0,94.0,29.0,,0.0,,0.0,12.0,0.0,0.0,12.0
2000,福島県,764.0,527.0,122.0,342.0,45.0,,10.0,0.0,8.0,237.0,17.0,3.0,217.0
2000,秋田県,647.0,533.0,27.0,490.0,1.0,,3.0,,12.0,114.0,6.0,8.0,100.0
2000,群馬県,181.0,161.0,6.0,119.0,14.0,,20.0,0.0,2.0,20.0,3.0,0.0,17.0
2000,茨城県,231.0,199.0,6.0,147.0,46.0,,0.0,0.0,0.0,32.0,0.0,,32.0
2000,長崎県,104.0,52.0,0.0,37.0,15.0,,,,0.0,52.0,,,52.0
2000,長野県,325.0,290.0,30.0,44.0,73.0,,119.0,0.0,24.0,35.0,2.0,1.0,32.0
2000,青森県,612.0,486.0,90.0,277.0,1.0,,32.0,2.0,84.0,126.0,9.0,29.0,88.0
2000,静岡県,388.0,367.0,8.0,221.0,134.0,,0.0,0.0,4.0,21.0,2.0,0.0,19.0
2000,香川県,18.0,14.0,13.0,0.0,1.0,,,,0.0,4.0,0.0,,4.0
2000,高知県,448.0,422.0,13.0,226.0,177.0,,0.0,,6.0,26.0,0.0,0.0,26.0
2000,鳥取県,132.0,110.0,38.0,53.0,18.0,,0.0,0.0,1.0,22.0,2.0,0.0,20.0
2000,鹿児島県,516.0,422.0,14.0,356.0,52.0,,,0.0,0.0,94.0,0.0,,94.0
2001,三重県,352.0,343.0,13.0,164.0,166.0,,0.0,,0.0,9.0,0.0,0.0,9.0
2001,京都府,96.0,75.0,15.0,35.0,24.0,,0.0,0.0,1.0,21.0,1.0,1.0,19.0
2001,佐賀県,131.0,85.0,2.0,53.0,30.0,,0.0,,0.0,46.0,2.0,,44.0
2001,全国,15774.0,12846.0,925.0,7203.0,2133.0,,1483.0,821.0,281.0,2928.0,154.0,67.0,2707.0
2001,兵庫県,192.0,155.0,21.0,90.0,40.0,,,,4.0,37.0,1.0,0.0,36.0
2001,北海道,2867.0,2050.0,4.0,29.0,0.0,,1179.0,819.0,19.0,817.0,55.0,22.0,740.0
2001,千葉県,86.0,69.0,4.0,61.0,4.0,,,,0.0,17.0,0.0,0.0,17.0
2001,和歌山県,205.0,198.0,0.0,114.0,82.0,,1.0,,1.0,7.0,,,7.0
2001,埼玉県,90.0,72.0,2.0,46.0,22.0,,0.0,0.0,2.0,18.0,1.0,0.0,17.0
2001,大分県,632.0,625.0,5.0,529.0,91.0,,,,0.0,7.0,,,7.0
2001,大阪府,20.0,8.0,2.0,3.0,3.0,,,,0.0,12.0,1.0,0.0,11.0
2001,奈良県,253.0,247.0,1.0,126.0,116.0,,0.0,,4.0,6.0,0.0,0.0,6.0
2001,宮城県,372.0,282.0,41.0,231.0,3.0,,2.0,0.0,5.0,90.0,4.0,3.0,83.0
2001,宮崎県,1088.0,1020.0,27.0,936.0,52.0,,,,5.0,68.0,0.0,0.0,68.0
2001,富山県,39.0,22.0,1.0,18.0,0.0,,0.0,1.0,2.0,17.0,1.0,0.0,16.0
2001,山口県,176.0,120.0,24.0,61.0,35.0,,0.0,,0.0,56.0,1.0,,55.0
2001,山形県,257.0,178.0,7.0,164.0,0.0,,2.0,,5.0,79.0,5.0,2.0,72.0
2001,山梨県,48.0,37.0,5.0,13.0,6.0,,7.0,0.0,6.0,11.0,1.0,0.0,10.0
2001,岐阜県,411.0,358.0,31.0,130.0,174.0,,8.0,0.0,15.0,53.0,7.0,5.0,41.0
2001,岡山県,359.0,321.0,39.0,115.0,163.0,,0.0,,4.0,38.0,2.0,,36.0
2001,岩手県,1000.0,541.0,107.0,292.0,2.0,,134.0,0.0,6.0,459.0,24.0,4.0,431.0
2001,島根県,276.0,171.0,87.0,67.0,17.0,,0.0,0.0,0.0,105.0,9.0,2.0,94.0
2001,広島県,315.0,195.0,131.0,36.0,26.0,,0.0,,2.0,120.0,7.0,0.0,113.0
2001,徳島県,176.0,159.0,5.0,136.0,18.0,,0.0,,0.0,17.0,0.0,,17.0
2001,愛媛県,473.0,467.0,14.0,296.0,156.0,,,,1.0,6.0,,,6.0
2001,愛知県,202.0,190.0,10.0,93.0,86.0,,0.0,,1.0,12.0,1.0,0.0,11.0
2001,新潟県,141.0,120.0,2.0,116.0,0.0,,0.0,0.0,2.0,21.0,0.0,0.0,21.0
2001,東京都,28.0,21.0,0.0,12.0,9.0,,,,0.0,7.0,0.0,0.0,7.0
2001,栃木県,392.0,376.0,12.0,270.0,93.0,,1.0,0.0,0.0,16.0,0.0,0.0,16.0
2001,沖縄県,3.0,2.0,,,,,,,2.0,1.0,,,1.0
2001,滋賀県,57.0,48.0,14.0,20.0,14.0,,0.0,0.0,0.0,9.0,1.0,0.0,8.0
2001,熊本県,774.0,759.0,9.0,558.0,153.0,,,,39.0,15.0,0.0,0.0,15.0
2001,石川県,103.0,81.0,4.0,59.0,2.0,,,0.0,16.0,22.0,0.0,0.0,22.0
2001,神奈川県,27.0,15.0,1.0,7.0,5.0,,1.0,,1.0,12.0,0.0,0.0,12.0
2001,福井県,118.0,103.0,19.0,81.0,3.0,,0.0,0.0,0.0,15.0,0.0,0.0,15.0
2001,福岡県,114.0,101.0,2.0,77.0,22.0,,0.0,,0.0,13.0,0.0,,13.0
2001,福島県,669.0,479.0,79.0,344.0,41.0,,9.0,0.0,6.0,190.0,11.0,1.0,178.0
2001,秋田県,648.0,536.0,14.0,494.0,1.0,,2.0,,25.0,112.0,9.0,13.0,90.0
2001,群馬県,145.0,133.0,2.0,102.0,15.0,,13.0,0.0,1.0,12.0,1.0,1.0,10.0
2001,茨城県,228.0,182.0,7.0,136.0,38.0,,,,1.0,46.0,1.0,0.0,45.0
2001,長崎県,91.0,45.0,6.0,23.0,16.0,,,,0.0,46.0,0.0,,46.0
2001,長野県,261.0,234.0,23.0,40.0,65.0,,87.0,0.0,19.0,27.0,1.0,0.0,26.0
2001,青森県,541.0,439.0,55.0,271.0,1.0,,36.0,1.0,75.0,102.0,6.0,13.0,83.0
2001,静岡県,313.0,308.0,9.0,176.0,120.0,,0.0,,3.0,5.0,0.0,0.0,5.0
2001,香川県,11.0,8.0,8.0,0.0,0.0,,,,0.0,3.0,,0.0,3.0
2001,高知県,427.0,403.0,8.0,230.0,158.0,,1.0,0.0,6.0,24.0,0.0,0.0,24.0
2001,鳥取県,132.0,113.0,39.0,57.0,16.0,,0.0,,1.0,19.0,1.0,0.0,18.0
2001,鹿児島県,435.0,352.0,14.0,292.0,45.0,,,,1.0,83.0,,,83.0
2002,三重県,333.0,327.0,11.0,158.0,157.0,,0.0,,1.0,6.0,0.0,0.0,6.0
2002,京都府,86.0,68.0,13.0,33.0,21.0,,0.0,0.0,1.0,18.0,1.0,1.0,16.0
2002,佐賀県,110.0,65.0,2.0,44.0,19.0,,0.0,,,45.0,,,45.0
2002,全国,15092.0,12420.0,889.0,6860.0,2080.0,,1525.0,809.0,257.0,2672.0,131.0,47.0,2494.0
2002,兵庫県,180.0,142.0,18.0,80.0,37.0,,,,7.0,38.0,1.0,0.0,37.0
2002,北海道,2798.0,2073.0,0.0,31.0,0.0,,1222.0,806.0,14.0,725.0,47.0,14.0,664.0
2002,千葉県,77.0,74.0,6.0,62.0,6.0,,,,0.0,3.0,0.0,0.0,3.0
2002,和歌山県,189.0,184.0,0.0,108.0,73.0,,1.0,,2.0,5.0,,,5.0
2002,埼玉県,78.0,64.0,2.0,38.0,20.0,,0.0,0.0,4.0,14.0,0.0,,14.0
2002,大分県,615.0,608.0,4.0,520.0,84.0,,,,0.0,7.0,0.0,,7.0
2002,大阪府,19.0,7.0,2.0,2.0,3.0,,,,0.0,12.0,1.0,0.0,11.0
2002,奈良県,229.0,224.0,2.0,104.0,115.0,,0.0,,3.0,5.0,0.0,0.0,5.0
2002,宮城県,370.0,278.0,38.0,220.0,2.0,,1.0,0.0,17.0,92.0,5.0,1.0,86.0
2002,宮崎県,1117.0,1042.0,25.0,958.0,57.0,,,,2.0,75.0,,,75.0
2002,富山県,42.0,26.0,1.0,22.0,0.0,,0.0,1.0,2.0,16.0,1.0,0.0,15.0
2002,山口県,180.0,117.0,24.0,60.0,33.0,,0.0,0.0,0.0,63.0,1.0,0.0,62.0
2002,山形県,228.0,160.0,6.0,150.0,0.0,,1.0,,3.0,68.0,3.0,2.0,63.0
2002,山梨県,44.0,34.0,4.0,10.0,7.0,,6.0,0.0,7.0,10.0,1.0,0.0,9.0
2002,岐阜県,361.0,323.0,22.0,118.0,165.0,,6.0,0.0,12.0,38.0,6.0,4.0,28.0
2002,岡山県,355.0,311.0,38.0,108.0,162.0,,0.0,,3.0,44.0,2.0,,42.0
2002,岩手県,950.0,552.0,112.0,276.0,3.0,,145.0,0.0,16.0,398.0,17.0,4.0,377.0
2002,島根県,288.0,177.0,85.0,74.0,14.0,,0.0,,4.0,111.0,9.0,2.0,100.0
2002,広島県,297.0,184.0,129.0,29.0,24.0,,0.0,,2.0,113.0,6.0,0.0,107.0
2002,徳島県,164.0,153.0,3.0,133.0,16.0,,0.0,,1.0,11.0,0.0,,11.0
2002,愛媛県,453.0,448.0,11.0,276.0,160.0,,0.0,,1.0,5.0,,,5.0
2002,愛知県,176.0,164.0,9.0,72.0,82.0,,0.0,0.0,1.0,12.0,1.0,0.0,11.0
2002,新潟県,156.0,127.0,4.0,118.0,0.0,,0.0,,5.0,29.0,0.0,0.0,29.0
2002,東京都,22.0,16.0,0.0,9.0,7.0,,0.0,,0.0,6.0,0.0,0.0,6.0
2002,栃木県,392.0,382.0,10.0,280.0,90.0,,0.0,0.0,2.0,10.0,0.0,0.0,10.0
2002,沖縄県,1.0,1.0,,,,,,,1.0,0.0,,,0.0
2002,滋賀県,43.0,37.0,11.0,18.0,8.0,,0.0,0.0,0.0,6.0,1.0,0.0,5.0
2002,熊本県,728.0,679.0,21.0,512.0,139.0,,0.0,,7.0,49.0,0.0,,49.0
2002,石川県,102.0,84.0,4.0,57.0,3.0,,0.0,0.0,20.0,18.0,0.0,0.0,18.0
2002,神奈川県,24.0,12.0,0.0,8.0,3.0,,0.0,0.0,1.0,12.0,0.0,0.0,12.0
2002,福井県,97.0,89.0,13.0,73.0,3.0,,0.0,0.0,0.0,8.0,1.0,0.0,7.0
2002,福岡県,99.0,87.0,3.0,60.0,24.0,,,,0.0,12.0,0.0,,12.0
2002,福島県,612.0,457.0,69.0,331.0,40.0,,7.0,0.0,10.0,155.0,9.0,1.0,145.0
2002,秋田県,644.0,535.0,24.0,486.0,0.0,,3.0,0.0,22.0,109.0,9.0,9.0,91.0
2002,群馬県,151.0,135.0,2.0,101.0,17.0,,14.0,,1.0,16.0,2.0,,14.0
2002,茨城県,189.0,169.0,4.0,120.0,45.0,,0.0,,0.0,20.0,0.0,0.0,20.0
2002,長崎県,87.0,43.0,0.0,25.0,18.0,,,,,44.0,,,44.0
2002,長野県,258.0,237.0,27.0,40.0,65.0,,90.0,0.0,15.0,21.0,1.0,0.0,20.0
2002,青森県,493.0,394.0,63.0,237.0,4.0,,27.0,2.0,61.0,99.0,5.0,9.0,85.0
2002,静岡県,295.0,288.0,8.0,150.0,128.0,,1.0,,1.0,7.0,0.0,0.0,7.0
2002,香川県,12.0,9.0,8.0,1.0,0.0,,,,0.0,3.0,0.0,,3.0
2002,高知県,422.0,400.0,5.0,217.0,172.0,,1.0,,5.0,22.0,0.0,0.0,22.0
2002,鳥取県,125.0,108.0,29.0,64.0,14.0,,0.0,,1.0,17.0,1.0,0.0,16.0
2002,鹿児島県,401.0,326.0,17.0,267.0,40.0,,,,2.0,75.0,,,75.0
2003,三重県,327.0,322.0,9.0,155.0,158.0,,0.0,,0.0,5.0,0.0,0.0,5.0
2003,京都府,90.0,70.0,12.0,35.0,22.0,,0.0,,1.0,20.0,1.0,1.0,18.0
2003,佐賀県,99.0,64.0,0.0,43.0,21.0,,0.0,,,35.0,2.0,,33.0
2003,全国,15171.0,12605.0,864.0,6989.0,2027.0,,1677.0,839.0,209.0,2566.0,118.0,32.0,2416.0
2003,兵庫県,163.0,133.0,16.0,76.0,38.0,,,0.0,3.0,30.0,1.0,0.0,29.0
2003,北海道,2918.0,2262.0,0.0,38.0,0.0,,1368.0,838.0,18.0,656.0,36.0,9.0,611.0
2003,千葉県,88.0,66.0,1.0,61.0,4.0,,0.0,,0.0,22.0,,,22.0
2003,和歌山県,173.0,167.0,0.0,101.0,65.0,,1.0,,0.0,6.0,,,6.0
2003,埼玉県,80.0,66.0,2.0,39.0,20.0,,1.0,0.0,4.0,14.0,0.0,0.0,14.0
2003,大分県,652.0,644.0,3.0,549.0,91.0,,,,1.0,8.0,0.0,,8.0
2003,大阪府,21.0,8.0,2.0,4.0,2.0,,,,0.0,13.0,1.0,0.0,12.0
2003,奈良県,197.0,196.0,2.0,103.0,91.0,,0.0,,0.0,1.0,0.0,0.0,1.0
2003,宮城県,383.0,299.0,54.0,235.0,2.0,,1.0,0.0,7.0,84.0,1.0,0.0,83.0
2003,宮崎県,1107.0,1039.0,27.0,958.0,51.0,,0.0,,3.0,68.0,0.0,,68.0
2003,富山県,36.0,24.0,1.0,19.0,1.0,,0.0,1.0,2.0,12.0,1.0,,11.0
2003,山口県,179.0,123.0,24.0,66.0,33.0,,,,0.0,56.0,1.0,0.0,55.0
2003,山形県,247.0,173.0,13.0,156.0,0.0,,1.0,,3.0,74.0,4.0,1.0,69.0
2003,山梨県,50.0,37.0,5.0,11.0,8.0,,7.0,0.0,6.0,13.0,1.0,0.0,12.0
2003,岐阜県,344.0,311.0,19.0,116.0,158.0,,6.0,0.0,12.0,33.0,5.0,4.0,24.0
2003,岡山県,331.0,295.0,27.0,102.0,166.0,,0.0,0.0,0.0,36.0,1.0,,35.0
2003,岩手県,974.0,557.0,122.0,275.0,5.0,,138.0,0.0,17.0,417.0,20.0,3.0,394.0
2003,島根県,269.0,172.0,75.0,82.0,15.0,,0.0,,0.0,97.0,6.0,0.0,91.0
2003,広島県,246.0,146.0,98.0,28.0,19.0,,0.0,,1.0,100.0,4.0,0.0,96.0
2003,徳島県,167.0,156.0,6.0,129.0,19.0,,0.0,,2.0,11.0,0.0,,11.0
2003,愛媛県,453.0,451.0,12.0,259.0,180.0,,0.0,,0.0,2.0,,,2.0
2003,愛知県,163.0,151.0,7.0,74.0,70.0,,0.0,,0.0,12.0,1.0,0.0,11.0
2003,新潟県,157.0,132.0,1.0,129.0,0.0,,0.0,0.0,2.0,25.0,0.0,0.0,25.0
2003,東京都,21.0,15.0,0.0,8.0,7.0,,0.0,,0.0,6.0,0.0,0.0,6.0
2003,栃木県,393.0,384.0,15.0,280.0,87.0,,0.0,,2.0,9.0,0.0,0.0,9.0
2003,沖縄県,1.0,0.0,,,,,,,0.0,1.0,,,1.0
2003,滋賀県,38.0,33.0,8.0,17.0,8.0,,0.0,0.0,0.0,5.0,1.0,0.0,4.0
2003,熊本県,736.0,693.0,4.0,521.0,164.0,,,,4.0,43.0,0.0,,43.0
2003,石川県,94.0,75.0,4.0,52.0,2.0,,,0.0,17.0,19.0,0.0,,19.0
2003,神奈川県,19.0,8.0,1.0,4.0,2.0,,0.0,,1.0,11.0,0.0,0.0,11.0
2003,福井県,96.0,87.0,13.0,71.0,3.0,,0.0,0.0,0.0,9.0,1.0,0.0,8.0
2003,福岡県,109.0,97.0,4.0,71.0,22.0,,,,0.0,12.0,0.0,,12.0
2003,福島県,619.0,462.0,79.0,328.0,35.0,,11.0,0.0,9.0,157.0,10.0,1.0,146.0
2003,秋田県,693.0,593.0,31.0,538.0,0.0,,13.0,0.0,11.0,100.0,10.0,4.0,86.0
2003,群馬県,144.0,130.0,3.0,101.0,15.0,,11.0,,0.0,14.0,2.0,0.0,12.0
2003,茨城県,187.0,167.0,4.0,127.0,36.0,,0.0,,0.0,20.0,0.0,,20.0
2003,長崎県,89.0,37.0,0.0,20.0,17.0,,,,,52.0,0.0,,52.0
2003,長野県,245.0,229.0,26.0,33.0,69.0,,87.0,0.0,14.0,16.0,1.0,0.0,15.0
2003,青森県,517.0,425.0,64.0,270.0,0.0,,31.0,0.0,60.0,92.0,4.0,9.0,79.0
2003,静岡県,301.0,289.0,3.0,163.0,119.0,,1.0,0.0,3.0,12.0,0.0,0.0,12.0
2003,香川県,11.0,9.0,8.0,0.0,1.0,,,,0.0,2.0,0.0,,2.0
2003,高知県,405.0,376.0,6.0,217.0,148.0,,0.0,,5.0,29.0,0.0,0.0,29.0
2003,鳥取県,151.0,121.0,32.0,71.0,18.0,,0.0,0.0,0.0,30.0,3.0,,27.0
2003,鹿児島県,388.0,311.0,21.0,254.0,35.0,,,,1.0,77.0,0.0,,77.0
2004,三重県,321.0,315.0,8.0,150.0,157.0,,0.0,,0.0,6.0,,,
2004,京都府,100.0,81.0,9.0,47.0,25.0,,0.0,,0.0,19.0,,,
2004,佐賀県,79.0,67.0,0.0,42.0,25.0,,0.0,,,12.0,,,
2004,全国,15615.0,13167.0,816.0,7491.0,2004.0,,1849.0,819.0,188.0,2448.0,,,
2004,兵庫県,166.0,142.0,19.0,84.0,37.0,,,,2.0,24.0,,,
2004,北海道,2985.0,2396.0,0.0,43.0,,,1530.0,811.0,12.0,589.0,,,
2004,千葉県,76.0,60.0,0.0,57.0,3.0,,0.0,,0.0,16.0,,,
2004,和歌山県,175.0,172.0,0.0,106.0,64.0,,1.0,,1.0,3.0,,,
2004,埼玉県,82.0,69.0,2.0,45.0,20.0,,0.0,0.0,2.0,13.0,,,
2004,大分県,726.0,720.0,1.0,631.0,88.0,,0.0,,0.0,6.0,,,
2004,大阪府,22.0,10.0,3.0,4.0,3.0,,,,,12.0,,,
2004,奈良県,192.0,191.0,1.0,97.0,93.0,,0.0,,0.0,1.0,,,
2004,宮城県,440.0,351.0,58.0,283.0,3.0,,2.0,0.0,5.0,89.0,,,
2004,宮崎県,1250.0,1190.0,20.0,1113.0,54.0,,0.0,,3.0,60.0,,,
2004,富山県,41.0,31.0,0.0,25.0,0.0,,0.0,1.0,5.0,10.0,,,
2004,山口県,181.0,129.0,24.0,74.0,30.0,,0.0,,1.0,52.0,,,
2004,山形県,249.0,163.0,11.0,147.0,0.0,,3.0,,2.0,86.0,,,
2004,山梨県,47.0,35.0,5.0,11.0,9.0,,8.0,,2.0,12.0,,,
2004,岐阜県,324.0,295.0,13.0,116.0,153.0,,5.0,0.0,8.0,29.0,,,
2004,岡山県,346.0,304.0,26.0,106.0,171.0,,0.0,0.0,1.0,42.0,,,
2004,岩手県,965.0,560.0,134.0,298.0,1.0,,125.0,0.0,2.0,405.0,,,
2004,島根県,282.0,180.0,72.0,88.0,16.0,,0.0,,4.0,102.0,,,
2004,広島県,221.0,133.0,83.0,29.0,20.0,,,,1.0,88.0,,,
2004,徳島県,170.0,160.0,13.0,128.0,18.0,,0.0,,1.0,10.0,,,
2004,愛媛県,463.0,460.0,12.0,270.0,178.0,,0.0,,0.0,3.0,,,
2004,愛知県,168.0,156.0,5.0,74.0,76.0,,0.0,0.0,1.0,12.0,,,
2004,新潟県,145.0,121.0,1.0,116.0,0.0,,0.0,,4.0,24.0,,,
2004,東京都,24.0,17.0,0.0,10.0,7.0,,0.0,,0.0,7.0,,,
2004,栃木県,372.0,360.0,9.0,265.0,85.0,,0.0,,1.0,12.0,,,
2004,沖縄県,1.0,1.0,,,,,,,1.0,0.0,,,
2004,滋賀県,44.0,38.0,8.0,20.0,8.0,,1.0,1.0,0.0,6.0,,,
2004,熊本県,773.0,730.0,7.0,570.0,148.0,,,,5.0,43.0,,,
2004,石川県,102.0,82.0,6.0,56.0,2.0,,0.0,0.0,18.0,20.0,,,
2004,神奈川県,14.0,7.0,1.0,3.0,2.0,,0.0,,1.0,7.0,,,
2004,福井県,97.0,90.0,9.0,78.0,3.0,,0.0,,0.0,7.0,,,
2004,福岡県,122.0,111.0,2.0,84.0,25.0,,,,0.0,11.0,,,
2004,福島県,639.0,460.0,71.0,340.0,22.0,,12.0,6.0,9.0,179.0,,,
2004,秋田県,703.0,598.0,24.0,541.0,0.0,,15.0,0.0,18.0,105.0,,,
2004,群馬県,144.0,130.0,4.0,101.0,13.0,,11.0,,1.0,14.0,,,
2004,茨城県,188.0,173.0,4.0,132.0,37.0,,,,0.0,15.0,,,
2004,長崎県,85.0,41.0,0.0,26.0,15.0,,,,,44.0,,,
2004,長野県,260.0,244.0,26.0,40.0,65.0,,99.0,0.0,14.0,16.0,,,
2004,青森県,552.0,458.0,65.0,304.0,,,36.0,0.0,53.0,94.0,,,
2004,静岡県,306.0,299.0,2.0,173.0,122.0,,1.0,0.0,1.0,7.0,,,
2004,香川県,12.0,8.0,8.0,0.0,0.0,,,,0.0,4.0,,,
2004,高知県,420.0,389.0,5.0,224.0,153.0,,0.0,,7.0,31.0,,,
2004,鳥取県,129.0,109.0,27.0,71.0,11.0,,0.0,,0.0,20.0,,,
2004,鹿児島県,412.0,331.0,18.0,269.0,42.0,,,,2.0,81.0,,,
2005,三重県,343.0,334.0,11.0,155.0,167.0,,,,1.0,9.0,,,
2005,京都府,96.0,78.0,12.0,48.0,18.0,,0.0,,0.0,18.0,,,
2005,佐賀県,128.0,94.0,1.0,70.0,23.0,,,,,34.0,,,
2005,全国,16166.0,13695.0,783.0,7756.0,2014.0,,1910.0,1000.0,232.0,2471.0,,,
2005,兵庫県,177.0,156.0,6.0,106.0,41.0,,,,3.0,21.0,,,
2005,北海道,3257.0,2585.0,0.0,31.0,,,1509.0,999.0,46.0,672.0,,,
2005,千葉県,89.0,66.0,1.0,61.0,4.0,,0.0,,0.0,23.0,,,
2005,和歌山県,174.0,171.0,0.0,111.0,59.0,,,,1.0,3.0,,,
2005,埼玉県,74.0,56.0,2.0,36.0,17.0,,0.0,0.0,1.0,18.0,,,
2005,大分県,731.0,723.0,3.0,616.0,98.0,,,,6.0,8.0,,,
2005,大阪府,13.0,9.0,1.0,2.0,6.0,,,,0.0,4.0,,,
2005,奈良県,186.0,185.0,1.0,84.0,100.0,,,,0.0,1.0,,,
2005,宮城県,502.0,414.0,71.0,333.0,3.0,,6.0,0.0,1.0,88.0,,,
2005,宮崎県,1255.0,1196.0,12.0,1105.0,69.0,,,,10.0,59.0,,,
2005,富山県,55.0,47.0,1.0,39.0,1.0,,0.0,0.0,6.0,8.0,,,
2005,山口県,176.0,116.0,13.0,72.0,30.0,,,,1.0,60.0,,,
2005,山形県,260.0,190.0,16.0,170.0,0.0,,1.0,,3.0,70.0,,,
2005,山梨県,56.0,37.0,4.0,15.0,10.0,,5.0,,3.0,19.0,,,
2005,岐阜県,305.0,279.0,12.0,122.0,136.0,,4.0,0.0,5.0,26.0,,,
2005,岡山県,370.0,338.0,27.0,115.0,196.0,,0.0,,0.0,32.0,,,
2005,岩手県,1054.0,672.0,120.0,344.0,2.0,,204.0,1.0,1.0,382.0,,,
2005,島根県,287.0,189.0,62.0,96.0,14.0,,0.0,,17.0,98.0,,,
2005,広島県,188.0,113.0,61.0,29.0,22.0,,0.0,,1.0,75.0,,,
2005,徳島県,176.0,168.0,5.0,153.0,10.0,,,,0.0,8.0,,,
2005,愛媛県,449.0,447.0,7.0,267.0,173.0,,,,0.0,2.0,,,
2005,愛知県,132.0,122.0,4.0,61.0,57.0,,0.0,,0.0,10.0,,,
2005,新潟県,131.0,123.0,3.0,114.0,0.0,,1.0,,5.0,8.0,,,
2005,東京都,21.0,19.0,0.0,13.0,6.0,,0.0,,0.0,2.0,,,
2005,栃木県,368.0,353.0,9.0,268.0,74.0,,0.0,,2.0,15.0,,,
2005,沖縄県,1.0,0.0,,,,,,,0.0,1.0,,,
2005,滋賀県,40.0,32.0,8.0,14.0,9.0,,1.0,0.0,0.0,8.0,,,
2005,熊本県,817.0,778.0,13.0,600.0,159.0,,,,6.0,39.0,,,
2005,石川県,105.0,87.0,6.0,64.0,2.0,,0.0,,15.0,18.0,,,
2005,神奈川県,6.0,4.0,0.0,3.0,1.0,,0.0,,0.0,2.0,,,
2005,福井県,90.0,83.0,8.0,71.0,3.0,,0.0,,1.0,7.0,,,
2005,福岡県,134.0,122.0,2.0,97.0,22.0,,,,1.0,12.0,,,
2005,福島県,618.0,463.0,83.0,337.0,19.0,,13.0,0.0,11.0,155.0,,,
2005,秋田県,727.0,628.0,30.0,581.0,0.0,,2.0,,15.0,99.0,,,
2005,群馬県,137.0,121.0,2.0,94.0,11.0,,13.0,0.0,1.0,16.0,,,
2005,茨城県,203.0,190.0,1.0,145.0,38.0,,4.0,,2.0,13.0,,,
2005,長崎県,107.0,43.0,0.0,27.0,16.0,,,,0.0,64.0,,,
2005,長野県,262.0,250.0,28.0,46.0,60.0,,107.0,0.0,9.0,12.0,,,
2005,青森県,581.0,484.0,76.0,341.0,,,28.0,0.0,39.0,97.0,,,
2005,静岡県,312.0,306.0,5.0,155.0,128.0,,12.0,0.0,6.0,6.0,,,
2005,香川県,15.0,10.0,8.0,1.0,1.0,,,,0.0,5.0,,,
2005,高知県,425.0,392.0,3.0,227.0,154.0,,,,8.0,33.0,,,
2005,鳥取県,118.0,102.0,25.0,66.0,11.0,,0.0,,0.0,16.0,,,
2005,鹿児島県,415.0,320.0,20.0,251.0,44.0,,0.0,,5.0,95.0,,,
2006,三重県,334.0,327.0,8.0,150.0,169.0,,,,0.0,7.0,,,
2006,京都府,105.0,89.0,7.0,65.0,17.0,,0.0,,0.0,16.0,,,
2006,佐賀県,144.0,100.0,0.0,70.0,30.0,,,,,44.0,,,
2006,全国,16609.0,14017.0,811.0,8059.0,1991.0,,1944.0,1008.0,204.0,2592.0,,,
2006,兵庫県,157.0,146.0,8.0,100.0,35.0,,0.0,,3.0,11.0,,,
2006,北海道,3345.0,2575.0,0.0,37.0,,,1513.0,1006.0,19.0,770.0,,,
2006,千葉県,98.0,79.0,7.0,65.0,6.0,,0.0,,1.0,19.0,,,
2006,和歌山県,161.0,160.0,0.0,101.0,58.0,,,,1.0,1.0,,,
2006,埼玉県,63.0,51.0,1.0,27.0,21.0,,1.0,0.0,1.0,12.0,,,
2006,大分県,730.0,723.0,0.0,618.0,105.0,,0.0,,0.0,7.0,,,
2006,大阪府,10.0,8.0,1.0,3.0,4.0,,,,,2.0,,,
2006,奈良県,166.0,165.0,2.0,91.0,71.0,,0.0,,1.0,1.0,,,
2006,宮城県,562.0,482.0,68.0,401.0,2.0,,7.0,,4.0,80.0,,,
2006,宮崎県,1268.0,1202.0,20.0,1119.0,58.0,,,,5.0,66.0,,,
2006,富山県,44.0,34.0,0.0,27.0,1.0,,0.0,0.0,6.0,10.0,,,
2006,山口県,147.0,100.0,11.0,61.0,27.0,,1.0,,0.0,47.0,,,
2006,山形県,257.0,192.0,17.0,170.0,0.0,,3.0,,2.0,65.0,,,
2006,山梨県,59.0,41.0,7.0,11.0,10.0,,7.0,,6.0,18.0,,,
2006,岐阜県,316.0,276.0,14.0,99.0,144.0,,8.0,0.0,11.0,40.0,,,
2006,岡山県,351.0,326.0,16.0,111.0,198.0,,0.0,,1.0,25.0,,,
2006,岩手県,1150.0,751.0,142.0,381.0,2.0,,220.0,1.0,5.0,399.0,,,
2006,島根県,276.0,167.0,57.0,96.0,14.0,,,,0.0,109.0,,,
2006,広島県,199.0,120.0,74.0,31.0,15.0,,0.0,,0.0,79.0,,,
2006,徳島県,186.0,167.0,2.0,151.0,14.0,,0.0,,0.0,19.0,,,
2006,愛媛県,460.0,456.0,10.0,273.0,173.0,,0.0,,0.0,4.0,,,
2006,愛知県,128.0,125.0,2.0,62.0,60.0,,0.0,,1.0,3.0,,,
2006,新潟県,138.0,123.0,1.0,119.0,0.0,,0.0,,3.0,15.0,,,
2006,東京都,20.0,17.0,2.0,8.0,6.0,,1.0,,0.0,3.0,,,
2006,栃木県,394.0,383.0,7.0,295.0,79.0,,1.0,,1.0,11.0,,,
2006,沖縄県,1.0,1.0,,,,,,,1.0,0.0,,,
2006,滋賀県,44.0,30.0,5.0,16.0,9.0,,0.0,,0.0,14.0,,,
2006,熊本県,818.0,776.0,6.0,603.0,161.0,,,,6.0,42.0,,,
2006,石川県,112.0,97.0,4.0,77.0,2.0,,0.0,,14.0,15.0,,,
2006,神奈川県,11.0,8.0,2.0,2.0,4.0,,0.0,,0.0,3.0,,,
2006,福井県,103.0,98.0,5.0,91.0,2.0,,0.0,,0.0,5.0,,,
2006,福岡県,123.0,113.0,2.0,92.0,18.0,,0.0,,1.0,10.0,,,
2006,福島県,652.0,507.0,85.0,378.0,23.0,,6.0,,15.0,145.0,,,
2006,秋田県,868.0,760.0,70.0,673.0,0.0,,8.0,,9.0,108.0,,,
2006,群馬県,161.0,147.0,3.0,111.0,15.0,,18.0,,0.0,14.0,,,
2006,茨城県,273.0,204.0,1.0,122.0,43.0,,,,38.0,69.0,,,
2006,長崎県,100.0,50.0,0.0,30.0,20.0,,,,,50.0,,,
2006,長野県,267.0,257.0,21.0,50.0,55.0,,119.0,0.0,12.0,10.0,,,
2006,青森県,568.0,485.0,75.0,348.0,,,31.0,1.0,30.0,83.0,,,
2006,静岡県,258.0,257.0,1.0,147.0,109.0,,0.0,,0.0,1.0,,,
2006,香川県,13.0,8.0,5.0,3.0,0.0,,,,0.0,5.0,,,
2006,高知県,446.0,417.0,3.0,251.0,158.0,,,,5.0,29.0,,,
2006,鳥取県,110.0,93.0,22.0,58.0,13.0,,0.0,,0.0,17.0,,,
2006,鹿児島県,413.0,324.0,17.0,265.0,40.0,,0.0,,2.0,89.0,,,
2007,三重県,293.0,285.0,5.0,135.0,144.0,,0.0,,1.0,8.0,,,
2007,京都府,118.0,102.0,9.0,71.0,21.0,,,,1.0,16.0,,,
2007,佐賀県,141.0,117.0,0.0,93.0,24.0,,,,,24.0,,,
2007,全国,17650.0,15162.0,794.0,8848.0,1986.0,,2280.0,1012.0,242.0,2488.0,,,
2007,兵庫県,208.0,189.0,6.0,132.0,42.0,,,,9.0,19.0,,,
2007,北海道,3511.0,2902.0,,41.0,0.0,,1815.0,1010.0,36.0,609.0,,,
2007,千葉県,97.0,76.0,4.0,66.0,6.0,,0.0,,0.0,21.0,,,
2007,和歌山県,160.0,159.0,0.0,94.0,65.0,,,,0.0,1.0,,,
2007,埼玉県,59.0,46.0,0.0,28.0,17.0,,0.0,,1.0,13.0,,,
2007,大分県,862.0,854.0,0.0,762.0,91.0,,0.0,,1.0,8.0,,,
2007,大阪府,11.0,6.0,0.0,4.0,1.0,,,,1.0,5.0,,,
2007,奈良県,168.0,166.0,0.0,91.0,75.0,,,,0.0,2.0,,,
2007,宮城県,586.0,500.0,61.0,427.0,2.0,,8.0,0.0,2.0,86.0,,,
2007,宮崎県,1429.0,1366.0,22.0,1277.0,63.0,,,,4.0,63.0,,,
2007,富山県,68.0,55.0,2.0,45.0,1.0,,0.0,0.0,7.0,13.0,,,
2007,山口県,199.0,144.0,18.0,93.0,33.0,,0.0,,0.0,55.0,,,
2007,山形県,293.0,220.0,17.0,198.0,0.0,,3.0,,2.0,73.0,,,
2007,山梨県,82.0,58.0,13.0,13.0,10.0,,14.0,0.0,8.0,24.0,,,
2007,岐阜県,314.0,294.0,10.0,137.0,132.0,,7.0,0.0,8.0,20.0,,,
2007,岡山県,361.0,343.0,18.0,130.0,195.0,,,,0.0,18.0,,,
2007,岩手県,1211.0,811.0,164.0,417.0,0.0,,228.0,1.0,1.0,400.0,,,
2007,島根県,285.0,194.0,46.0,132.0,16.0,,0.0,,0.0,91.0,,,
2007,広島県,218.0,108.0,52.0,35.0,21.0,,0.0,,0.0,110.0,,,
2007,徳島県,195.0,176.0,2.0,160.0,13.0,,0.0,,1.0,19.0,,,
2007,愛媛県,537.0,533.0,13.0,324.0,196.0,,,,0.0,4.0,,,
2007,愛知県,125.0,118.0,3.0,59.0,54.0,,0.0,,2.0,7.0,,,
2007,新潟県,128.0,107.0,1.0,101.0,1.0,,1.0,,3.0,21.0,,,
2007,東京都,17.0,15.0,0.0,10.0,3.0,,1.0,,1.0,2.0,,,
2007,栃木県,433.0,423.0,11.0,318.0,93.0,,0.0,,1.0,10.0,,,
2007,沖縄県,4.0,2.0,,,,,,,2.0,2.0,,,
2007,滋賀県,38.0,31.0,5.0,22.0,4.0,,0.0,,0.0,7.0,,,
2007,熊本県,842.0,799.0,6.0,621.0,166.0,,0.0,,6.0,43.0,,,
2007,石川県,124.0,111.0,5.0,90.0,2.0,,0.0,,14.0,13.0,,,
2007,神奈川県,25.0,17.0,1.0,3.0,13.0,,,,,8.0,,,
2007,福井県,107.0,102.0,8.0,92.0,2.0,,0.0,,0.0,5.0,,,
2007,福岡県,135.0,120.0,1.0,101.0,18.0,,,,0.0,15.0,,,
2007,福島県,697.0,547.0,85.0,411.0,29.0,,11.0,,11.0,150.0,,,
2007,秋田県,898.0,801.0,57.0,718.0,,,13.0,,13.0,97.0,,,
2007,群馬県,177.0,162.0,3.0,123.0,13.0,,22.0,,1.0,15.0,,,
2007,茨城県,309.0,229.0,6.0,142.0,44.0,,,,37.0,80.0,,,
2007,長崎県,81.0,41.0,0.0,27.0,14.0,,,,0.0,40.0,,,
2007,長野県,294.0,279.0,29.0,56.0,55.0,,124.0,0.0,15.0,15.0,,,
2007,青森県,571.0,490.0,76.0,347.0,0.0,,33.0,1.0,33.0,81.0,,,
2007,静岡県,257.0,254.0,1.0,146.0,107.0,,0.0,,0.0,3.0,,,
2007,香川県,3.0,1.0,0.0,0.0,1.0,,,,0.0,2.0,,,
2007,高知県,429.0,404.0,6.0,250.0,143.0,,,,5.0,25.0,,,
2007,鳥取県,112.0,87.0,18.0,54.0,14.0,,0.0,,1.0,25.0,,,
2007,鹿児島県,438.0,318.0,10.0,252.0,42.0,,,,14.0,120.0,,,
2008,三重県,298.0,294.0,3.0,141.0,150.0,,,,0.0,4.0,,,
2008,京都府,108.0,92.0,5.0,66.0,15.0,,0.0,,6.0,16.0,,,
2008,佐賀県,139.0,123.0,1.0,94.0,28.0,,,,,16.0,,,
2008,全国,17709.0,14975.0,815.0,8755.0,1886.0,,2297.0,988.0,234.0,2734.0,,,
2008,兵庫県,192.0,173.0,3.0,120.0,37.0,,,,13.0,19.0,,,
2008,北海道,3529.0,2785.0,0.0,38.0,,,1719.0,986.0,42.0,744.0,,,
2008,千葉県,86.0,66.0,2.0,59.0,5.0,,0.0,,0.0,20.0,,,
2008,和歌山県,164.0,162.0,0.0,100.0,62.0,,,,0.0,2.0,,,
2008,埼玉県,90.0,52.0,2.0,29.0,15.0,,0.0,,6.0,38.0,,,
2008,大分県,791.0,785.0,2.0,707.0,76.0,,,,0.0,6.0,,,
2008,大阪府,15.0,7.0,0.0,2.0,1.0,,,,4.0,8.0,,,
2008,奈良県,154.0,152.0,1.0,85.0,65.0,,,,1.0,2.0,,,
2008,宮城県,590.0,483.0,69.0,401.0,2.0,,9.0,,2.0,107.0,,,
2008,宮崎県,1391.0,1315.0,34.0,1210.0,67.0,,,,4.0,76.0,,,
2008,富山県,50.0,38.0,1.0,28.0,2.0,,0.0,,7.0,12.0,,,
2008,山口県,167.0,117.0,9.0,84.0,24.0,,0.0,,0.0,50.0,,,
2008,山形県,309.0,236.0,13.0,213.0,0.0,,10.0,,0.0,73.0,,,
2008,山梨県,84.0,65.0,18.0,15.0,10.0,,13.0,0.0,9.0,19.0,,,
2008,岐阜県,299.0,271.0,12.0,126.0,111.0,,11.0,0.0,11.0,28.0,,,
2008,岡山県,365.0,315.0,15.0,132.0,168.0,,,,0.0,50.0,,,
2008,岩手県,1312.0,930.0,206.0,460.0,2.0,,258.0,1.0,3.0,382.0,,,
2008,島根県,326.0,224.0,37.0,172.0,15.0,,0.0,,0.0,102.0,,,
2008,広島県,259.0,96.0,42.0,35.0,19.0,,0.0,,0.0,163.0,,,
2008,徳島県,207.0,197.0,4.0,172.0,20.0,,0.0,,1.0,10.0,,,
2008,愛媛県,521.0,517.0,14.0,320.0,183.0,,,,0.0,4.0,,,
2008,愛知県,105.0,104.0,3.0,48.0,53.0,,0.0,,0.0,1.0,,,
2008,新潟県,128.0,109.0,1.0,105.0,0.0,,0.0,,3.0,19.0,,,
2008,東京都,16.0,15.0,0.0,10.0,5.0,,0.0,,0.0,1.0,,,
2008,栃木県,424.0,402.0,8.0,292.0,90.0,,2.0,,10.0,22.0,,,
2008,沖縄県,1.0,0.0,,,,,,,0.0,1.0,,,
2008,滋賀県,32.0,27.0,5.0,16.0,5.0,,1.0,,0.0,5.0,,,
2008,熊本県,840.0,794.0,6.0,619.0,164.0,,1.0,,4.0,46.0,,,
2008,石川県,122.0,107.0,6.0,85.0,1.0,,0.0,,15.0,15.0,,,
2008,神奈川県,15.0,9.0,1.0,4.0,4.0,,,,0.0,6.0,,,
2008,福井県,109.0,104.0,7.0,94.0,3.0,,0.0,,0.0,5.0,,,
2008,福岡県,177.0,162.0,3.0,137.0,22.0,,,,0.0,15.0,,,
2008,福島県,708.0,566.0,85.0,407.0,32.0,,30.0,1.0,11.0,142.0,,,
2008,秋田県,828.0,738.0,35.0,666.0,0.0,,20.0,,17.0,90.0,,,
2008,群馬県,186.0,168.0,7.0,120.0,9.0,,27.0,,5.0,18.0,,,
2008,茨城県,254.0,215.0,4.0,154.0,53.0,,0.0,,4.0,39.0,,,
2008,長崎県,80.0,38.0,0.0,24.0,14.0,,,,,42.0,,,
2008,長野県,311.0,305.0,34.0,51.0,46.0,,165.0,0.0,9.0,6.0,,,
2008,青森県,589.0,507.0,86.0,373.0,,,31.0,0.0,17.0,82.0,,,
2008,静岡県,269.0,265.0,1.0,143.0,119.0,,0.0,,2.0,4.0,,,
2008,香川県,33.0,3.0,0.0,0.0,3.0,,,,,30.0,,,
2008,高知県,418.0,393.0,4.0,240.0,143.0,,,,6.0,25.0,,,
2008,鳥取県,111.0,84.0,18.0,51.0,15.0,,0.0,,0.0,27.0,,,
2008,鹿児島県,507.0,365.0,8.0,307.0,28.0,,,,22.0,142.0,,,
2009,三重県,282.0,274.0,2.0,131.0,138.0,,0.0,,3.0,8.0,,,
2009,京都府,139.0,116.0,5.0,84.0,27.0,,0.0,,0.0,23.0,,,
2009,佐賀県,108.0,101.0,0.0,69.0,32.0,,,,,7.0,,,
2009,全国,16619.0,13976.0,704.0,8263.0,1957.0,,1923.0,898.0,231.0,2643.0,,,
2009,兵庫県,170.0,158.0,5.0,111.0,37.0,,,,5.0,12.0,,,
2009,北海道,2945.0,2343.0,0.0,38.0,,,1384.0,898.0,23.0,602.0,,,
2009,千葉県,75.0,59.0,5.0,49.0,5.0,,,,0.0,16.0,,,
2009,和歌山県,161.0,158.0,0.0,100.0,56.0,,,,2.0,3.0,,,
2009,埼玉県,65.0,47.0,2.0,27.0,16.0,,0.0,,2.0,18.0,,,
2009,大分県,734.0,727.0,20.0,596.0,111.0,,0.0,,0.0,7.0,,,
2009,大阪府,7.0,5.0,1.0,2.0,2.0,,,,0.0,2.0,,,
2009,奈良県,153.0,151.0,2.0,76.0,71.0,,,,2.0,2.0,,,
2009,宮城県,494.0,411.0,41.0,363.0,2.0,,5.0,,0.0,83.0,,,
2009,宮崎県,1434.0,1345.0,37.0,1234.0,72.0,,,,2.0,89.0,,,
2009,富山県,56.0,43.0,1.0,31.0,1.0,,,,10.0,13.0,,,
2009,山口県,151.0,108.0,9.0,73.0,26.0,,,,0.0,43.0,,,
2009,山形県,328.0,249.0,13.0,227.0,0.0,,8.0,,1.0,79.0,,,
2009,山梨県,165.0,126.0,24.0,14.0,10.0,,18.0,0.0,60.0,39.0,,,
2009,岐阜県,313.0,276.0,11.0,131.0,109.0,,14.0,,11.0,37.0,,,
2009,岡山県,324.0,293.0,20.0,114.0,159.0,,,,0.0,31.0,,,
2009,岩手県,1189.0,811.0,127.0,420.0,5.0,,254.0,,5.0,378.0,,,
2009,島根県,283.0,193.0,37.0,140.0,16.0,,,,0.0,90.0,,,
2009,広島県,304.0,109.0,39.0,47.0,22.0,,0.0,,1.0,195.0,,,
2009,徳島県,201.0,183.0,2.0,133.0,48.0,,,,0.0,18.0,,,
2009,愛媛県,466.0,464.0,6.0,275.0,183.0,,,,0.0,2.0,,,
2009,愛知県,120.0,120.0,3.0,56.0,61.0,,0.0,,0.0,0.0,,,
2009,新潟県,124.0,109.0,1.0,107.0,0.0,,0.0,,1.0,15.0,,,
2009,東京都,27.0,22.0,1.0,15.0,5.0,,0.0,,1.0,5.0,,,
2009,栃木県,371.0,355.0,7.0,258.0,84.0,,2.0,,4.0,16.0,,,
2009,沖縄県,2.0,0.0,,,,,,,0.0,2.0,,,
2009,滋賀県,42.0,31.0,4.0,18.0,8.0,,,,1.0,11.0,,,
2009,熊本県,794.0,726.0,9.0,563.0,152.0,,0.0,,2.0,68.0,,,
2009,石川県,130.0,109.0,5.0,92.0,2.0,,0.0,,10.0,21.0,,,
2009,神奈川県,25.0,16.0,1.0,6.0,9.0,,0.0,,0.0,9.0,,,
2009,福井県,90.0,85.0,4.0,78.0,3.0,,,,0.0,5.0,,,
2009,福岡県,123.0,116.0,3.0,87.0,20.0,,,,6.0,7.0,,,
2009,福島県,736.0,553.0,70.0,414.0,39.0,,11.0,,19.0,183.0,,,
2009,秋田県,788.0,700.0,33.0,633.0,,,21.0,,13.0,88.0,,,
2009,群馬県,170.0,154.0,6.0,113.0,7.0,,26.0,,2.0,16.0,,,
2009,茨城県,258.0,222.0,2.0,176.0,44.0,,0.0,,0.0,36.0,,,
2009,長崎県,67.0,27.0,0.0,17.0,10.0,,,,,40.0,,,
2009,長野県,305.0,296.0,41.0,49.0,46.0,,150.0,,10.0,9.0,,,
2009,青森県,537.0,459.0,70.0,344.0,,,30.0,0.0,15.0,78.0,,,
2009,静岡県,265.0,262.0,3.0,147.0,112.0,,0.0,,0.0,3.0,,,
2009,香川県,25.0,2.0,0.0,1.0,1.0,,,,0.0,23.0,,,
2009,高知県,420.0,396.0,8.0,231.0,151.0,,,,6.0,24.0,,,
2009,鳥取県,119.0,95.0,14.0,63.0,18.0,,0.0,,0.0,24.0,,,
2009,鹿児島県,534.0,371.0,10.0,310.0,37.0,,,,14.0,163.0,,,
2010,三重県,260.0,255.0,2.0,110.0,129.0,,,,14.0,5.0,,,
2010,京都府,148.0,122.0,7.0,91.0,24.0,,,,0.0,26.0,,,
2010,佐賀県,123.0,109.0,1.0,63.0,45.0,,,,0.0,14.0,,,
2010,全国,17193.0,14789.0,694.0,9049.0,2029.0,,1985.0,831.0,201.0,2404.0,,,
2010,兵庫県,192.0,169.0,10.0,122.0,33.0,,0.0,,4.0,23.0,,,
2010,北海道,2890.0,2258.0,1.0,37.0,,,1370.0,831.0,19.0,632.0,,,
2010,千葉県,70.0,54.0,6.0,45.0,3.0,,,,0.0,16.0,,,
2010,和歌山県,160.0,156.0,0.0,92.0,64.0,,,,0.0,4.0,,,
2010,埼玉県,83.0,59.0,2.0,40.0,15.0,,0.0,,2.0,24.0,,,
2010,大分県,752.0,745.0,1.0,648.0,96.0,,,,,7.0,,,
2010,大阪府,9.0,4.0,1.0,2.0,1.0,,,,,5.0,,,
2010,奈良県,143.0,141.0,0.0,74.0,66.0,,0.0,,1.0,2.0,,,
2010,宮城県,471.0,390.0,29.0,356.0,2.0,,3.0,,0.0,81.0,,,
2010,宮崎県,1548.0,1470.0,17.0,1374.0,78.0,,,,1.0,78.0,,,
2010,富山県,50.0,41.0,1.0,29.0,0.0,,1.0,,10.0,9.0,,,
2010,山口県,167.0,114.0,9.0,73.0,32.0,,,,0.0,53.0,,,
2010,山形県,295.0,224.0,10.0,206.0,0.0,,7.0,0.0,1.0,71.0,,,
2010,山梨県,148.0,106.0,27.0,16.0,11.0,,27.0,,25.0,42.0,,,
2010,岐阜県,325.0,298.0,11.0,143.0,110.0,,22.0,0.0,12.0,27.0,,,
2010,岡山県,333.0,305.0,14.0,121.0,170.0,,0.0,,0.0,28.0,,,
2010,岩手県,1258.0,947.0,186.0,462.0,1.0,,293.0,0.0,5.0,311.0,,,
2010,島根県,331.0,241.0,39.0,181.0,20.0,,0.0,,1.0,90.0,,,
2010,広島県,204.0,109.0,32.0,43.0,34.0,,0.0,,0.0,95.0,,,
2010,徳島県,210.0,191.0,4.0,146.0,41.0,,,,0.0,19.0,,,
2010,愛媛県,499.0,498.0,11.0,308.0,179.0,,0.0,,0.0,1.0,,,
2010,愛知県,108.0,105.0,0.0,50.0,54.0,,,,1.0,3.0,,,
2010,新潟県,125.0,112.0,1.0,109.0,0.0,,1.0,,1.0,13.0,,,
2010,東京都,29.0,23.0,0.0,15.0,7.0,,0.0,,1.0,6.0,,,
2010,栃木県,400.0,383.0,5.0,272.0,89.0,,4.0,,13.0,17.0,,,
2010,沖縄県,1.0,0.0,,,,,,,0.0,1.0,,,
2010,滋賀県,43.0,34.0,4.0,20.0,8.0,,,,2.0,9.0,,,
2010,熊本県,904.0,860.0,4.0,684.0,170.0,,0.0,,2.0,44.0,,,
2010,石川県,130.0,111.0,3.0,95.0,1.0,,0.0,,12.0,19.0,,,
2010,神奈川県,22.0,15.0,1.0,9.0,5.0,,,,0.0,7.0,,,
2010,福井県,92.0,87.0,4.0,79.0,3.0,,,,1.0,5.0,,,
2010,福岡県,140.0,129.0,2.0,113.0,14.0,,,,0.0,11.0,,,
2010,福島県,711.0,552.0,66.0,402.0,44.0,,26.0,,14.0,159.0,,,
2010,秋田県,940.0,854.0,22.0,799.0,0.0,,25.0,,8.0,86.0,,,
2010,群馬県,183.0,169.0,2.0,124.0,9.0,,26.0,,8.0,14.0,,,
2010,茨城県,297.0,289.0,4.0,205.0,79.0,,0.0,,1.0,8.0,,,
2010,長崎県,61.0,21.0,0.0,15.0,6.0,,,,,40.0,,,
2010,長野県,293.0,285.0,41.0,49.0,40.0,,147.0,,8.0,8.0,,,
2010,青森県,601.0,533.0,79.0,402.0,,,33.0,0.0,19.0,68.0,,,
2010,静岡県,251.0,249.0,1.0,128.0,120.0,,0.0,,0.0,2.0,,,
2010,香川県,2.0,1.0,,0.0,1.0,,,,0.0,1.0,,,
2010,高知県,404.0,384.0,5.0,222.0,155.0,,,,2.0,20.0,,,
2010,鳥取県,207.0,189.0,24.0,146.0,19.0,,0.0,,0.0,18.0,,,
2010,鹿児島県,580.0,398.0,5.0,329.0,51.0,,,,13.0,182.0,,,
2011,三重県,268.0,263.0,1.0,120.0,135.0,,,,7.0,5.0,,,
2011,京都府,251.0,220.0,4.0,156.0,57.0,,0.0,,3.0,31.0,,,
2011,佐賀県,139.0,128.0,0.0,76.0,52.0,,,,,11.0,,,
2011,全国,18290.0,15986.0,580.0,9649.0,2169.0,,2420.0,953.0,215.0,2304.0,,,
2011,兵庫県,270.0,242.0,4.0,177.0,54.0,,,,7.0,28.0,,,
2011,北海道,3437.0,2885.0,,64.0,,,1844.0,953.0,24.0,552.0,,,
2011,千葉県,72.0,55.0,3.0,46.0,5.0,,0.0,,1.0,17.0,,,
2011,和歌山県,164.0,161.0,0.0,91.0,69.0,,,,1.0,3.0,,,
2011,埼玉県,76.0,53.0,1.0,36.0,16.0,,0.0,,0.0,23.0,,,
2011,大分県,874.0,864.0,0.0,733.0,131.0,,,,0.0,10.0,,,
2011,大阪府,23.0,10.0,2.0,4.0,4.0,,,,,13.0,,,
2011,奈良県,159.0,157.0,0.0,76.0,80.0,,0.0,,1.0,2.0,,,
2011,宮城県,382.0,306.0,24.0,278.0,2.0,,1.0,,1.0,76.0,,,
2011,宮崎県,1632.0,1558.0,31.0,1442.0,83.0,,0.0,,2.0,74.0,,,
2011,富山県,63.0,55.0,1.0,42.0,0.0,,2.0,,10.0,8.0,,,
2011,山口県,188.0,146.0,7.0,99.0,40.0,,,,0.0,42.0,,,
2011,山形県,292.0,229.0,6.0,212.0,0.0,,5.0,,6.0,63.0,,,
2011,山梨県,155.0,110.0,37.0,19.0,10.0,,28.0,,16.0,45.0,,,
2011,岐阜県,334.0,314.0,6.0,171.0,108.0,,23.0,,6.0,20.0,,,
2011,岡山県,352.0,327.0,15.0,133.0,179.0,,,,0.0,25.0,,,
2011,岩手県,984.0,729.0,121.0,379.0,3.0,,218.0,0.0,8.0,255.0,,,
2011,島根県,314.0,227.0,37.0,167.0,23.0,,0.0,,0.0,87.0,,,
2011,広島県,269.0,149.0,29.0,65.0,55.0,,0.0,,0.0,120.0,,,
2011,徳島県,233.0,214.0,2.0,192.0,20.0,,,,0.0,19.0,,,
2011,愛媛県,470.0,470.0,3.0,284.0,181.0,,0.0,,2.0,0.0,,,
2011,愛知県,138.0,127.0,1.0,72.0,53.0,,0.0,,1.0,11.0,,,
2011,新潟県,123.0,112.0,2.0,108.0,0.0,,0.0,,2.0,11.0,,,
2011,東京都,38.0,26.0,0.0,18.0,6.0,,1.0,,1.0,12.0,,,
2011,栃木県,467.0,444.0,5.0,324.0,98.0,,1.0,,16.0,23.0,,,
2011,沖縄県,2.0,0.0,,,,,,,0.0,2.0,,,
2011,滋賀県,67.0,50.0,3.0,32.0,12.0,,,,3.0,17.0,,,
2011,熊本県,892.0,832.0,6.0,669.0,156.0,,0.0,,1.0,60.0,,,
2011,石川県,137.0,122.0,3.0,108.0,1.0,,0.0,,10.0,15.0,,,
2011,神奈川県,21.0,11.0,1.0,5.0,4.0,,0.0,,1.0,10.0,,,
2011,福井県,99.0,91.0,2.0,85.0,4.0,,0.0,,0.0,8.0,,,
2011,福岡県,137.0,123.0,4.0,101.0,18.0,,,,0.0,14.0,,,
2011,福島県,636.0,500.0,52.0,401.0,27.0,,19.0,,1.0,136.0,,,
2011,秋田県,994.0,909.0,22.0,844.0,0.0,,31.0,,12.0,85.0,,,
2011,群馬県,204.0,193.0,5.0,147.0,11.0,,25.0,,5.0,11.0,,,
2011,茨城県,293.0,257.0,5.0,178.0,67.0,,0.0,,7.0,36.0,,,
2011,長崎県,72.0,36.0,0.0,20.0,16.0,,,,,36.0,,,
2011,長野県,329.0,321.0,40.0,54.0,39.0,,181.0,,7.0,8.0,,,
2011,青森県,678.0,633.0,63.0,509.0,,,40.0,0.0,21.0,45.0,,,
2011,静岡県,282.0,280.0,5.0,155.0,119.0,,1.0,,0.0,2.0,,,
2011,香川県,3.0,2.0,,1.0,1.0,,,,0.0,1.0,,,
2011,高知県,507.0,474.0,4.0,281.0,172.0,,,,17.0,33.0,,,
2011,鳥取県,147.0,131.0,16.0,95.0,19.0,,0.0,,1.0,16.0,,,
2011,鹿児島県,623.0,440.0,7.0,380.0,39.0,,,,14.0,183.0,,,
2012,三重県,265.0,259.0,1.0,125.0,131.0,,,,2.0,6.0,,,
2012,京都府,139.0,122.0,5.0,93.0,24.0,,,,0.0,17.0,,,
2012,佐賀県,106.0,93.0,1.0,53.0,39.0,,,,,13.0,,,
2012,全国,18479.0,16062.0,661.0,9956.0,2165.0,,2245.0,853.0,182.0,2417.0,,,
2012,兵庫県,265.0,237.0,4.0,179.0,51.0,,,,3.0,28.0,,,
2012,北海道,3205.0,2520.0,,59.0,,,1584.0,853.0,24.0,685.0,,,
2012,千葉県,63.0,49.0,3.0,41.0,4.0,,,,1.0,14.0,,,
2012,和歌山県,158.0,155.0,0.0,96.0,58.0,,,,1.0,3.0,,,
2012,埼玉県,79.0,57.0,1.0,44.0,12.0,,0.0,,0.0,22.0,,,
2012,大分県,895.0,884.0,1.0,764.0,119.0,,,,0.0,11.0,,,
2012,大阪府,10.0,6.0,0.0,1.0,5.0,,,,0.0,4.0,,,
2012,奈良県,154.0,150.0,0.0,71.0,79.0,,0.0,,0.0,4.0,,,
2012,宮城県,435.0,378.0,39.0,333.0,2.0,,3.0,,1.0,57.0,,,
2012,宮崎県,1571.0,1498.0,16.0,1404.0,77.0,,0.0,,1.0,73.0,,,
2012,富山県,64.0,57.0,1.0,46.0,0.0,,0.0,,10.0,7.0,,,
2012,山口県,182.0,142.0,5.0,105.0,32.0,,,,0.0,40.0,,,
2012,山形県,285.0,218.0,7.0,203.0,0.0,,7.0,,1.0,67.0,,,
2012,山梨県,154.0,113.0,21.0,24.0,14.0,,29.0,,25.0,41.0,,,
2012,岐阜県,363.0,339.0,10.0,174.0,119.0,,28.0,0.0,8.0,24.0,,,
2012,岡山県,347.0,324.0,9.0,116.0,199.0,,,,0.0,23.0,,,
2012,岩手県,1290.0,975.0,181.0,486.0,1.0,,298.0,0.0,9.0,315.0,,,
2012,島根県,374.0,273.0,46.0,195.0,32.0,,,,0.0,101.0,,,
2012,広島県,270.0,141.0,22.0,68.0,51.0,,,,0.0,129.0,,,
2012,徳島県,273.0,255.0,1.0,229.0,25.0,,,,0.0,18.0,,,
2012,愛媛県,471.0,471.0,8.0,303.0,160.0,,,,0.0,0.0,,,
2012,愛知県,130.0,129.0,1.0,66.0,57.0,,5.0,,0.0,1.0,,,
2012,新潟県,114.0,103.0,1.0,100.0,0.0,,1.0,,1.0,11.0,,,
2012,東京都,39.0,32.0,0.0,20.0,11.0,,1.0,,0.0,7.0,,,
2012,栃木県,461.0,444.0,3.0,328.0,96.0,,5.0,,12.0,17.0,,,
2012,沖縄県,2.0,0.0,,,,,,,0.0,2.0,,,
2012,滋賀県,59.0,45.0,6.0,27.0,11.0,,1.0,,0.0,14.0,,,
2012,熊本県,888.0,846.0,5.0,644.0,196.0,,,,1.0,42.0,,,
2012,石川県,124.0,112.0,3.0,97.0,1.0,,0.0,,11.0,12.0,,,
2012,神奈川県,20.0,13.0,1.0,7.0,5.0,,0.0,,0.0,7.0,,,
2012,福井県,125.0,115.0,3.0,107.0,4.0,,1.0,,0.0,10.0,,,
2012,福岡県,140.0,127.0,5.0,102.0,20.0,,,,0.0,13.0,,,
2012,福島県,647.0,531.0,59.0,433.0,27.0,,10.0,,2.0,116.0,,,
2012,秋田県,983.0,900.0,9.0,850.0,,,25.0,,16.0,83.0,,,
2012,群馬県,215.0,204.0,3.0,161.0,15.0,,23.0,,2.0,11.0,,,
2012,茨城県,312.0,270.0,9.0,178.0,75.0,,,,8.0,42.0,,,
2012,長崎県,87.0,49.0,0.0,26.0,22.0,,,,1.0,38.0,,,
2012,長野県,364.0,357.0,50.0,61.0,42.0,,194.0,0.0,10.0,7.0,,,
2012,青森県,739.0,681.0,97.0,537.0,0.0,,30.0,0.0,17.0,58.0,,,
2012,静岡県,276.0,271.0,2.0,164.0,101.0,,,,4.0,5.0,,,
2012,香川県,3.0,3.0,0.0,0.0,3.0,,,,0.0,0.0,,,
2012,高知県,465.0,450.0,3.0,271.0,174.0,,,,2.0,15.0,,,
2012,鳥取県,180.0,161.0,14.0,117.0,29.0,,0.0,,1.0,19.0,,,
2012,鹿児島県,688.0,503.0,5.0,448.0,42.0,,,,8.0,185.0,,,
2013,三重県,258.0,253.0,3.0,127.0,123.0,,,,0.0,5.0,,,
2013,京都府,189.0,178.0,3.0,122.0,53.0,,,,0.0,11.0,,,
2013,佐賀県,129.0,123.0,0.0,75.0,41.0,,,,7.0,6.0,,,
2013,全国,19646.0,17246.0,624.0,10902.0,2300.0,,2263.0,1012.0,145.0,2400.0,,,
2013,兵庫県,240.0,222.0,4.0,171.0,44.0,,0.0,,3.0,18.0,,,
2013,北海道,3351.0,2637.0,,60.0,,,1539.0,1012.0,26.0,714.0,,,
2013,千葉県,65.0,51.0,3.0,42.0,5.0,,,,1.0,14.0,,,
2013,和歌山県,166.0,162.0,0.0,104.0,57.0,,,,1.0,4.0,,,
2013,埼玉県,80.0,57.0,1.0,45.0,11.0,,0.0,,0.0,23.0,,,
2013,大分県,928.0,918.0,2.0,765.0,151.0,,,,0.0,10.0,,,
2013,大阪府,6.0,6.0,0.0,3.0,3.0,,,,,0.0,,,
2013,奈良県,148.0,143.0,0.0,74.0,68.0,,,,1.0,5.0,,,
2013,宮城県,470.0,406.0,34.0,370.0,1.0,,1.0,,0.0,64.0,,,
2013,宮崎県,1713.0,1651.0,11.0,1564.0,75.0,,,,1.0,62.0,,,
2013,富山県,60.0,53.0,2.0,43.0,1.0,,0.0,,7.0,7.0,,,
2013,山口県,225.0,181.0,4.0,140.0,37.0,,,,0.0,44.0,,,
2013,山形県,314.0,254.0,11.0,235.0,,,7.0,,1.0,60.0,,,
2013,山梨県,151.0,111.0,29.0,28.0,16.0,,25.0,,13.0,40.0,,,
2013,岐阜県,368.0,348.0,4.0,189.0,125.0,,24.0,,6.0,20.0,,,
2013,岡山県,391.0,370.0,9.0,139.0,222.0,,,,0.0,21.0,,,
2013,岩手県,1370.0,1090.0,191.0,572.0,0.0,,322.0,0.0,5.0,280.0,,,
2013,島根県,365.0,268.0,38.0,205.0,25.0,,,,0.0,97.0,,,
2013,広島県,298.0,175.0,22.0,85.0,68.0,,,,0.0,123.0,,,
2013,徳島県,295.0,274.0,1.0,256.0,16.0,,,,1.0,21.0,,,
2013,愛媛県,504.0,504.0,11.0,309.0,184.0,,,,0.0,0.0,,,
2013,愛知県,130.0,128.0,0.0,69.0,59.0,,,,0.0,2.0,,,
2013,新潟県,124.0,121.0,1.0,119.0,0.0,,1.0,,0.0,3.0,,,
2013,東京都,45.0,41.0,0.0,20.0,13.0,,8.0,,0.0,4.0,,,
2013,栃木県,489.0,463.0,6.0,367.0,80.0,,7.0,,3.0,26.0,,,
2013,沖縄県,5.0,1.0,,,,,,,1.0,4.0,,,
2013,滋賀県,62.0,53.0,2.0,33.0,16.0,,,,2.0,9.0,,,
2013,熊本県,953.0,907.0,3.0,685.0,218.0,,,,1.0,46.0,,,
2013,石川県,124.0,108.0,4.0,91.0,2.0,,0.0,,11.0,16.0,,,
2013,神奈川県,21.0,16.0,1.0,10.0,3.0,,1.0,,1.0,5.0,,,
2013,福井県,107.0,99.0,2.0,90.0,6.0,,0.0,,1.0,8.0,,,
2013,福岡県,159.0,150.0,10.0,117.0,21.0,,,,2.0,9.0,,,
2013,福島県,695.0,547.0,38.0,464.0,29.0,,14.0,,2.0,148.0,,,
2013,秋田県,1106.0,1022.0,16.0,980.0,0.0,,26.0,,0.0,84.0,,,
2013,群馬県,225.0,215.0,3.0,171.0,10.0,,31.0,,0.0,10.0,,,
2013,茨城県,341.0,301.0,9.0,221.0,62.0,,1.0,,8.0,40.0,,,
2013,長崎県,71.0,38.0,0.0,24.0,14.0,,,,0.0,33.0,,,
2013,長野県,437.0,422.0,48.0,83.0,56.0,,220.0,,15.0,15.0,,,
2013,青森県,779.0,721.0,76.0,594.0,,,36.0,0.0,15.0,58.0,,,
2013,静岡県,269.0,266.0,1.0,149.0,116.0,,0.0,,0.0,3.0,,,
2013,香川県,11.0,11.0,0.0,8.0,3.0,,,,0.0,0.0,,,
2013,高知県,495.0,478.0,1.0,281.0,195.0,,,,1.0,17.0,,,
2013,鳥取県,214.0,194.0,15.0,149.0,28.0,,0.0,,2.0,20.0,,,
2013,鹿児島県,700.0,509.0,5.0,454.0,43.0,,,,7.0,191.0,,,
