year,pref,item,item_raw,raw_value,value_raw,value,status,unit,regime,scale_flag,source_file,arrival,event_time,event_time_binned,ln1p_value,fe_pref_year,fe_item_year,fe_pref_item
1965,北海道,くるみ,くるみ,14.0,14.0,14.0,num,(t),positive_only,,edfa08000_s40.xls,,,,2.70805020110221,北海道_1965,くるみ_1965,北海道_くるみ
1965,青森,くるみ,くるみ,7.0,7.0,7.0,num,(t),positive_only,,edfa08000_s40.xls,,,,2.0794415416798357,青森_1965,くるみ_1965,青森_くるみ
1965,宮城,くるみ,くるみ,17.0,17.0,17.0,num,(t),positive_only,,edfa08000_s40.xls,1975.0,-10.0,-8.0,2.8903717578961645,宮城_1965,くるみ_1965,宮城_くるみ
1965,秋田,くるみ,くるみ,4.0,4.0,4.0,num,(t),positive_only,,edfa08000_s40.xls,1982.0,-17.0,-8.0,1.6094379124341003,秋田_1965,くるみ_1965,秋田_くるみ
1965,山形,くるみ,くるみ,30.0,30.0,30.0,num,(t),positive_only,,edfa08000_s40.xls,1978.0,-13.0,-8.0,3.4339872044851463,山形_1965,くるみ_1965,山形_くるみ
1965,新潟,くるみ,くるみ,12.0,12.0,12.0,num,(t),positive_only,,edfa08000_s40.xls,1977.0,-12.0,-8.0,2.5649493574615367,新潟_1965,くるみ_1965,新潟_くるみ
1965,山梨,くるみ,くるみ,0.0,0.0,0.0,num,(t),positive_only,,edfa08000_s40.xls,1978.0,-13.0,-8.0,0.0,山梨_1965,くるみ_1965,山梨_くるみ
1965,長野,くるみ,くるみ,103.0,103.0,103.0,num,(t),positive_only,,edfa08000_s40.xls,1981.0,-16.0,-8.0,4.6443908991413725,長野_1965,くるみ_1965,長野_くるみ
1965,北海道,なめこ,なめこ,11.0,11.0,11.0,num,(t),positive_only,,edfa08000_s40.xls,,,,2.4849066497880004,北海道_1965,なめこ_1965,北海道_なめこ
1965,青森,なめこ,なめこ,35.1,35.1,35.1,num,(t),positive_only,,edfa08000_s40.xls,,,,3.586292865338835,青森_1965,なめこ_1965,青森_なめこ
1965,宮城,なめこ,なめこ,84.7,84.7,84.7,num,(t),positive_only,,edfa08000_s40.xls,1975.0,-10.0,-8.0,4.450852825603734,宮城_1965,なめこ_1965,宮城_なめこ
1965,秋田,なめこ,なめこ,166.1,166.1,166.1,num,(t),positive_only,,edfa08000_s40.xls,1982.0,-17.0,-8.0,5.118592435601348,秋田_1965,なめこ_1965,秋田_なめこ
1965,山形,なめこ,なめこ,525.9,525.9,525.9,num,(t),positive_only,,edfa08000_s40.xls,1978.0,-13.0,-8.0,6.26701077721524,山形_1965,なめこ_1965,山形_なめこ
1965,新潟,なめこ,なめこ,187.9,187.9,187.9,num,(t),positive_only,,edfa08000_s40.xls,1977.0,-12.0,-8.0,5.241217774507464,新潟_1965,なめこ_1965,新潟_なめこ
1965,山梨,なめこ,なめこ,9.0,9.0,9.0,num,(t),positive_only,,edfa08000_s40.xls,1978.0,-13.0,-8.0,2.302585092994046,山梨_1965,なめこ_1965,山梨_なめこ
1965,長野,なめこ,なめこ,110.6,110.6,110.6,num,(t),positive_only,,edfa08000_s40.xls,1981.0,-16.0,-8.0,4.71492104994721,長野_1965,なめこ_1965,長野_なめこ
1965,北海道,まつたけ,まつたけ,‐,,0.0,zero_dash,(t),positive_only,,edfa08000_s40.xls,,,,0.0,北海道_1965,まつたけ_1965,北海道_まつたけ
1965,青森,まつたけ,まつたけ,0.4,0.4,0.4,num,(t),positive_only,,edfa08000_s40.xls,,,,0.33647223662121295,青森_1965,まつたけ_1965,青森_まつたけ
1965,宮城,まつたけ,まつたけ,10.2,10.2,10.2,num,(t),positive_only,,edfa08000_s40.xls,1975.0,-10.0,-8.0,2.4159137783010487,宮城_1965,まつたけ_1965,宮城_まつたけ
1965,秋田,まつたけ,まつたけ,2.9,2.9,2.9,num,(t),positive_only,,edfa08000_s40.xls,1982.0,-17.0,-8.0,1.3609765531356006,秋田_1965,まつたけ_1965,秋田_まつたけ
1965,山形,まつたけ,まつたけ,2.7,2.7,2.7,num,(t),positive_only,,edfa08000_s40.xls,1978.0,-13.0,-8.0,1.308332819650179,山形_1965,まつたけ_1965,山形_まつたけ
1965,新潟,まつたけ,まつたけ,1.5,1.5,1.5,num,(t),positive_only,,edfa08000_s40.xls,1977.0,-12.0,-8.0,0.9162907318741551,新潟_1965,まつたけ_1965,新潟_まつたけ
1965,山梨,まつたけ,まつたけ,0.1,0.1,0.1,num,(t),positive_only,,edfa08000_s40.xls,1978.0,-13.0,-8.0,0.09531017980432487,山梨_1965,まつたけ_1965,山梨_まつたけ
1965,長野,まつたけ,まつたけ,17.4,17.4,17.4,num,(t),positive_only,,edfa08000_s40.xls,1981.0,-16.0,-8.0,2.91235066461494,長野_1965,まつたけ_1965,長野_まつたけ
1965,北海道,生しいたけ,生しいたけ,203.8,203.8,203.8,num,(t),positive_only,,edfa08000_s40.xls,,,,5.322033893165353,北海道_1965,生しいたけ_1965,北海道_生しいたけ
1965,青森,生しいたけ,生しいたけ,246.1,246.1,246.1,num,(t),positive_only,,edfa08000_s40.xls,,,,5.509793112994564,青森_1965,生しいたけ_1965,青森_生しいたけ
1965,宮城,生しいたけ,生しいたけ,138.5,138.5,138.5,num,(t),positive_only,,edfa08000_s40.xls,1975.0,-10.0,-8.0,4.93806460126142,宮城_1965,生しいたけ_1965,宮城_生しいたけ
1965,秋田,生しいたけ,生しいたけ,147.9,147.9,147.9,num,(t),positive_only,,edfa08000_s40.xls,1982.0,-17.0,-8.0,5.003274939689963,秋田_1965,生しいたけ_1965,秋田_生しいたけ
1965,山形,生しいたけ,生しいたけ,73.4,73.4,73.4,num,(t),positive_only,,edfa08000_s40.xls,1978.0,-13.0,-8.0,4.309455941839047,山形_1965,生しいたけ_1965,山形_生しいたけ
1965,新潟,生しいたけ,生しいたけ,147.5,147.5,147.5,num,(t),positive_only,,edfa08000_s40.xls,1977.0,-12.0,-8.0,5.000584958242754,新潟_1965,生しいたけ_1965,新潟_生しいたけ
1965,山梨,生しいたけ,生しいたけ,248.7,248.7,248.7,num,(t),positive_only,,edfa08000_s40.xls,1978.0,-13.0,-8.0,5.520260197285728,山梨_1965,生しいたけ_1965,山梨_生しいたけ
1965,長野,生しいたけ,生しいたけ,611.0,611.0,611.0,num,(t),positive_only,,edfa08000_s40.xls,1981.0,-16.0,-8.0,6.416732282512326,長野_1965,生しいたけ_1965,長野_生しいたけ
1966,北海道,くるみ,くるみ,5.0,5.0,5.0,num,(t),positive_only,,edfa08000_s41.xls,,,,1.791759469228055,北海道_1966,くるみ_1966,北海道_くるみ
1966,青森,くるみ,くるみ,6.0,6.0,6.0,num,(t),positive_only,,edfa08000_s41.xls,,,,1.9459101490553132,青森_1966,くるみ_1966,青森_くるみ
1966,宮城,くるみ,くるみ,35.0,35.0,35.0,num,(t),positive_only,,edfa08000_s41.xls,1975.0,-9.0,-8.0,3.58351893845611,宮城_1966,くるみ_1966,宮城_くるみ
1966,秋田,くるみ,くるみ,4.0,4.0,4.0,num,(t),positive_only,,edfa08000_s41.xls,1982.0,-16.0,-8.0,1.6094379124341003,秋田_1966,くるみ_1966,秋田_くるみ
1966,山形,くるみ,くるみ,17.0,17.0,17.0,num,(t),positive_only,,edfa08000_s41.xls,1978.0,-12.0,-8.0,2.8903717578961645,山形_1966,くるみ_1966,山形_くるみ
1966,新潟,くるみ,くるみ,12.0,12.0,12.0,num,(t),positive_only,,edfa08000_s41.xls,1977.0,-11.0,-8.0,2.5649493574615367,新潟_1966,くるみ_1966,新潟_くるみ
1966,山梨,くるみ,くるみ,-,,0.0,zero_dash,(t),positive_only,,edfa08000_s41.xls,1978.0,-12.0,-8.0,0.0,山梨_1966,くるみ_1966,山梨_くるみ
1966,長野,くるみ,くるみ,67.0,67.0,67.0,num,(t),positive_only,,edfa08000_s41.xls,1981.0,-15.0,-8.0,4.219507705176107,長野_1966,くるみ_1966,長野_くるみ
1966,北海道,なめこ,なめこ,15.7,15.7,15.7,num,(t),positive_only,,edfa08000_s41.xls,,,,2.8154087194227095,北海道_1966,なめこ_1966,北海道_なめこ
1966,青森,なめこ,なめこ,38.8,38.8,38.8,num,(t),positive_only,,edfa08000_s41.xls,,,,3.6838669122903918,青森_1966,なめこ_1966,青森_なめこ
1966,宮城,なめこ,なめこ,80.3,80.3,80.3,num,(t),positive_only,,edfa08000_s41.xls,1975.0,-9.0,-8.0,4.398146016553765,宮城_1966,なめこ_1966,宮城_なめこ
1966,秋田,なめこ,なめこ,302.9,302.9,302.9,num,(t),positive_only,,edfa08000_s41.xls,1982.0,-16.0,-8.0,5.716698699922747,秋田_1966,なめこ_1966,秋田_なめこ
1966,山形,なめこ,なめこ,557.0,557.0,557.0,num,(t),positive_only,,edfa08000_s41.xls,1978.0,-12.0,-8.0,6.324358962381311,山形_1966,なめこ_1966,山形_なめこ
1966,新潟,なめこ,なめこ,172.4,172.4,172.4,num,(t),positive_only,,edfa08000_s41.xls,1977.0,-11.0,-8.0,5.155601064346442,新潟_1966,なめこ_1966,新潟_なめこ
1966,山梨,なめこ,なめこ,6.9,6.9,6.9,num,(t),positive_only,,edfa08000_s41.xls,1978.0,-12.0,-8.0,2.066862759472976,山梨_1966,なめこ_1966,山梨_なめこ
1966,長野,なめこ,なめこ,104.1,104.1,104.1,num,(t),positive_only,,edfa08000_s41.xls,1981.0,-15.0,-8.0,4.6549122778829055,長野_1966,なめこ_1966,長野_なめこ
1966,青森,まつたけ,まつたけ,0.7,0.7,0.7,num,(t),positive_only,,edfa08000_s41.xls,,,,0.5306282510621704,青森_1966,まつたけ_1966,青森_まつたけ
1966,宮城,まつたけ,まつたけ,2.4,2.4,2.4,num,(t),positive_only,,edfa08000_s41.xls,1975.0,-9.0,-8.0,1.2237754316221157,宮城_1966,まつたけ_1966,宮城_まつたけ
1966,秋田,まつたけ,まつたけ,3.8,3.8,3.8,num,(t),positive_only,,edfa08000_s41.xls,1982.0,-16.0,-8.0,1.5686159179138452,秋田_1966,まつたけ_1966,秋田_まつたけ
1966,山形,まつたけ,まつたけ,10.9,10.9,10.9,num,(t),positive_only,,edfa08000_s41.xls,1978.0,-12.0,-8.0,2.4765384001174837,山形_1966,まつたけ_1966,山形_まつたけ
1966,新潟,まつたけ,まつたけ,4.8,4.8,4.8,num,(t),positive_only,,edfa08000_s41.xls,1977.0,-11.0,-8.0,1.7578579175523736,新潟_1966,まつたけ_1966,新潟_まつたけ
1966,山梨,まつたけ,まつたけ,0.5,0.5,0.5,num,(t),positive_only,,edfa08000_s41.xls,1978.0,-12.0,-8.0,0.4054651081081644,山梨_1966,まつたけ_1966,山梨_まつたけ
1966,長野,まつたけ,まつたけ,68.0,68.0,68.0,num,(t),positive_only,,edfa08000_s41.xls,1981.0,-15.0,-8.0,4.23410650459726,長野_1966,まつたけ_1966,長野_まつたけ
1966,北海道,生しいたけ,生しいたけ,273.6,273.6,273.6,num,(t),positive_only,,edfa08000_s41.xls,,,,5.6153154933338705,北海道_1966,生しいたけ_1966,北海道_生しいたけ
1966,青森,生しいたけ,生しいたけ,322.5,322.5,322.5,num,(t),positive_only,,edfa08000_s41.xls,,,,5.7791991139409555,青森_1966,生しいたけ_1966,青森_生しいたけ
1966,宮城,生しいたけ,生しいたけ,266.3,266.3,266.3,num,(t),positive_only,,edfa08000_s41.xls,1975.0,-9.0,-8.0,5.588371623144873,宮城_1966,生しいたけ_1966,宮城_生しいたけ
1966,秋田,生しいたけ,生しいたけ,221.6,221.6,221.6,num,(t),positive_only,,edfa08000_s41.xls,1982.0,-16.0,-8.0,5.4053764388414445,秋田_1966,生しいたけ_1966,秋田_生しいたけ
1966,山形,生しいたけ,生しいたけ,105.6,105.6,105.6,num,(t),positive_only,,edfa08000_s41.xls,1978.0,-12.0,-8.0,4.669083511731744,山形_1966,生しいたけ_1966,山形_生しいたけ
1966,新潟,生しいたけ,生しいたけ,178.5,178.5,178.5,num,(t),positive_only,,edfa08000_s41.xls,1977.0,-11.0,-8.0,5.190175207928333,新潟_1966,生しいたけ_1966,新潟_生しいたけ
1966,山梨,生しいたけ,生しいたけ,239.7,239.7,239.7,num,(t),positive_only,,edfa08000_s41.xls,1978.0,-12.0,-8.0,5.483551344789026,山梨_1966,生しいたけ_1966,山梨_生しいたけ
1966,長野,生しいたけ,生しいたけ,683.1,683.1,683.1,num,(t),positive_only,,edfa08000_s41.xls,1981.0,-15.0,-8.0,6.528104105766952,長野_1966,生しいたけ_1966,長野_生しいたけ
1967,北海道,くるみ,くるみ,4.0,4.0,4.0,num,(t),positive_only,,edfa08000_s42.xls,,,,1.6094379124341003,北海道_1967,くるみ_1967,北海道_くるみ
1967,青森,くるみ,くるみ,11.0,11.0,11.0,num,(t),positive_only,,edfa08000_s42.xls,,,,2.4849066497880004,青森_1967,くるみ_1967,青森_くるみ
1967,宮城,くるみ,くるみ,30.0,30.0,30.0,num,(t),positive_only,,edfa08000_s42.xls,1975.0,-8.0,-8.0,3.4339872044851463,宮城_1967,くるみ_1967,宮城_くるみ
1967,秋田,くるみ,くるみ,6.0,6.0,6.0,num,(t),positive_only,,edfa08000_s42.xls,1982.0,-15.0,-8.0,1.9459101490553132,秋田_1967,くるみ_1967,秋田_くるみ
1967,山形,くるみ,くるみ,13.0,13.0,13.0,num,(t),positive_only,,edfa08000_s42.xls,1978.0,-11.0,-8.0,2.6390573296152584,山形_1967,くるみ_1967,山形_くるみ
1967,新潟,くるみ,くるみ,13.0,13.0,13.0,num,(t),positive_only,,edfa08000_s42.xls,1977.0,-10.0,-8.0,2.6390573296152584,新潟_1967,くるみ_1967,新潟_くるみ
1967,山梨,くるみ,くるみ,0.0,0.0,0.0,num,(t),positive_only,,edfa08000_s42.xls,1978.0,-11.0,-8.0,0.0,山梨_1967,くるみ_1967,山梨_くるみ
1967,長野,くるみ,くるみ,121.0,121.0,121.0,num,(t),positive_only,,edfa08000_s42.xls,1981.0,-14.0,-8.0,4.804021044733257,長野_1967,くるみ_1967,長野_くるみ
1967,北海道,なめこ,なめこ,23.2,23.2,23.2,num,(t),positive_only,,edfa08000_s42.xls,,,,3.186352633162641,北海道_1967,なめこ_1967,北海道_なめこ
1967,青森,なめこ,なめこ,43.7,43.7,43.7,num,(t),positive_only,,edfa08000_s42.xls,,,,3.7999735016195233,青森_1967,なめこ_1967,青森_なめこ
1967,宮城,なめこ,なめこ,128.1,128.1,128.1,num,(t),positive_only,,edfa08000_s42.xls,1975.0,-8.0,-8.0,4.860587297852597,宮城_1967,なめこ_1967,宮城_なめこ
1967,秋田,なめこ,なめこ,308.6,308.6,308.6,num,(t),positive_only,,edfa08000_s42.xls,1982.0,-15.0,-8.0,5.735281141715572,秋田_1967,なめこ_1967,秋田_なめこ
1967,山形,なめこ,なめこ,683.1,683.1,683.1,num,(t),positive_only,,edfa08000_s42.xls,1978.0,-11.0,-8.0,6.528104105766952,山形_1967,なめこ_1967,山形_なめこ
1967,新潟,なめこ,なめこ,258.3,258.3,258.3,num,(t),positive_only,,edfa08000_s42.xls,1977.0,-10.0,-8.0,5.5579856925446185,新潟_1967,なめこ_1967,新潟_なめこ
1967,山梨,なめこ,なめこ,5.4,5.4,5.4,num,(t),positive_only,,edfa08000_s42.xls,1978.0,-11.0,-8.0,1.8562979903656263,山梨_1967,なめこ_1967,山梨_なめこ
1967,長野,なめこ,なめこ,176.5,176.5,176.5,num,(t),positive_only,,edfa08000_s42.xls,1981.0,-14.0,-8.0,5.178970608915471,長野_1967,なめこ_1967,長野_なめこ
1967,北海道,まつたけ,まつたけ,0.0,0.0,0.0,num,(t),positive_only,,edfa08000_s42.xls,,,,0.0,北海道_1967,まつたけ_1967,北海道_まつたけ
1967,青森,まつたけ,まつたけ,0.5,0.5,0.5,num,(t),positive_only,,edfa08000_s42.xls,,,,0.4054651081081644,青森_1967,まつたけ_1967,青森_まつたけ
1967,宮城,まつたけ,まつたけ,3.8,3.8,3.8,num,(t),positive_only,,edfa08000_s42.xls,1975.0,-8.0,-8.0,1.5686159179138452,宮城_1967,まつたけ_1967,宮城_まつたけ
1967,秋田,まつたけ,まつたけ,2.4,2.4,2.4,num,(t),positive_only,,edfa08000_s42.xls,1982.0,-15.0,-8.0,1.2237754316221157,秋田_1967,まつたけ_1967,秋田_まつたけ
1967,山形,まつたけ,まつたけ,13.2,13.2,13.2,num,(t),positive_only,,edfa08000_s42.xls,1978.0,-11.0,-8.0,2.653241964607215,山形_1967,まつたけ_1967,山形_まつたけ
1967,新潟,まつたけ,まつたけ,6.7,6.7,6.7,num,(t),positive_only,,edfa08000_s42.xls,1977.0,-10.0,-8.0,2.0412203288596382,新潟_1967,まつたけ_1967,新潟_まつたけ
1967,山梨,まつたけ,まつたけ,1.0,1.0,1.0,num,(t),positive_only,,edfa08000_s42.xls,1978.0,-11.0,-8.0,0.6931471805599453,山梨_1967,まつたけ_1967,山梨_まつたけ
1967,長野,まつたけ,まつたけ,33.0,33.0,33.0,num,(t),positive_only,,edfa08000_s42.xls,1981.0,-14.0,-8.0,3.5263605246161616,長野_1967,まつたけ_1967,長野_まつたけ
1967,北海道,生しいたけ,生しいたけ,291.5,291.5,291.5,num,(t),positive_only,,edfa08000_s42.xls,,,,5.678464666671911,北海道_1967,生しいたけ_1967,北海道_生しいたけ
1967,青森,生しいたけ,生しいたけ,462.0,462.0,462.0,num,(t),positive_only,,edfa08000_s42.xls,,,,6.137727054086234,青森_1967,生しいたけ_1967,青森_生しいたけ
1967,宮城,生しいたけ,生しいたけ,358.1,358.1,358.1,num,(t),positive_only,,edfa08000_s42.xls,1975.0,-8.0,-8.0,5.883600901232037,宮城_1967,生しいたけ_1967,宮城_生しいたけ
1967,秋田,生しいたけ,生しいたけ,251.1,251.1,251.1,num,(t),positive_only,,edfa08000_s42.xls,1982.0,-15.0,-8.0,5.529825834193874,秋田_1967,生しいたけ_1967,秋田_生しいたけ
1967,山形,生しいたけ,生しいたけ,119.9,119.9,119.9,num,(t),positive_only,,edfa08000_s42.xls,1978.0,-11.0,-8.0,4.794963757620747,山形_1967,生しいたけ_1967,山形_生しいたけ
1967,新潟,生しいたけ,生しいたけ,207.1,207.1,207.1,num,(t),positive_only,,edfa08000_s42.xls,1977.0,-10.0,-8.0,5.338018733399589,新潟_1967,生しいたけ_1967,新潟_生しいたけ
1967,山梨,生しいたけ,生しいたけ,235.3,235.3,235.3,num,(t),positive_only,,edfa08000_s42.xls,1978.0,-11.0,-8.0,5.465102184192863,山梨_1967,生しいたけ_1967,山梨_生しいたけ
1967,長野,生しいたけ,生しいたけ,800.3,800.3,800.3,num,(t),positive_only,,edfa08000_s42.xls,1981.0,-14.0,-8.0,6.686235408784025,長野_1967,生しいたけ_1967,長野_生しいたけ
1968,北海道,くるみ,くるみ,2.0,2.0,2.0,num,(t),positive_only,,edfa08000_s43.xls,,,,1.0986122886681098,北海道_1968,くるみ_1968,北海道_くるみ
1968,青森,くるみ,くるみ,12.0,12.0,12.0,num,(t),positive_only,,edfa08000_s43.xls,,,,2.5649493574615367,青森_1968,くるみ_1968,青森_くるみ
1968,宮城,くるみ,くるみ,33.0,33.0,33.0,num,(t),positive_only,,edfa08000_s43.xls,1975.0,-7.0,-7.0,3.5263605246161616,宮城_1968,くるみ_1968,宮城_くるみ
1968,秋田,くるみ,くるみ,5.0,5.0,5.0,num,(t),positive_only,,edfa08000_s43.xls,1982.0,-14.0,-8.0,1.791759469228055,秋田_1968,くるみ_1968,秋田_くるみ
1968,山形,くるみ,くるみ,18.0,18.0,18.0,num,(t),positive_only,,edfa08000_s43.xls,1978.0,-10.0,-8.0,2.9444389791664403,山形_1968,くるみ_1968,山形_くるみ
1968,新潟,くるみ,くるみ,15.0,15.0,15.0,num,(t),positive_only,,edfa08000_s43.xls,1977.0,-9.0,-8.0,2.772588722239781,新潟_1968,くるみ_1968,新潟_くるみ
1968,山梨,くるみ,くるみ,1.0,1.0,1.0,num,(t),positive_only,,edfa08000_s43.xls,1978.0,-10.0,-8.0,0.6931471805599453,山梨_1968,くるみ_1968,山梨_くるみ
1968,長野,くるみ,くるみ,120.0,120.0,120.0,num,(t),positive_only,,edfa08000_s43.xls,1981.0,-13.0,-8.0,4.795790545596741,長野_1968,くるみ_1968,長野_くるみ
1968,北海道,なめこ,なめこ,33.3,33.3,33.3,num,(t),positive_only,,edfa08000_s43.xls,,,,3.535145354171894,北海道_1968,なめこ_1968,北海道_なめこ
1968,青森,なめこ,なめこ,63.0,63.0,63.0,num,(t),positive_only,,edfa08000_s43.xls,,,,4.1588830833596715,青森_1968,なめこ_1968,青森_なめこ
1968,宮城,なめこ,なめこ,252.2,252.2,252.2,num,(t),positive_only,,edfa08000_s43.xls,1975.0,-7.0,-7.0,5.534179690270021,宮城_1968,なめこ_1968,宮城_なめこ
1968,秋田,なめこ,なめこ,361.8,361.8,361.8,num,(t),positive_only,,edfa08000_s43.xls,1982.0,-14.0,-8.0,5.893851718240982,秋田_1968,なめこ_1968,秋田_なめこ
1968,山形,なめこ,なめこ,829.3,829.3,829.3,num,(t),positive_only,,edfa08000_s43.xls,1978.0,-10.0,-8.0,6.721787081267985,山形_1968,なめこ_1968,山形_なめこ
1968,新潟,なめこ,なめこ,301.5,301.5,301.5,num,(t),positive_only,,edfa08000_s43.xls,1977.0,-9.0,-8.0,5.7120812774708964,新潟_1968,なめこ_1968,新潟_なめこ
1968,山梨,なめこ,なめこ,7.7,7.7,7.7,num,(t),positive_only,,edfa08000_s43.xls,1978.0,-10.0,-8.0,2.1633230256605382,山梨_1968,なめこ_1968,山梨_なめこ
1968,長野,なめこ,なめこ,247.9,247.9,247.9,num,(t),positive_only,,edfa08000_s43.xls,1981.0,-13.0,-8.0,5.517051209373546,長野_1968,なめこ_1968,長野_なめこ
1968,北海道,まつたけ,まつたけ,-,,0.0,zero_dash,(t),positive_only,,edfa08000_s43.xls,,,,0.0,北海道_1968,まつたけ_1968,北海道_まつたけ
1968,青森,まつたけ,まつたけ,0.5,0.5,0.5,num,(t),positive_only,,edfa08000_s43.xls,,,,0.4054651081081644,青森_1968,まつたけ_1968,青森_まつたけ
1968,宮城,まつたけ,まつたけ,2.5,2.5,2.5,num,(t),positive_only,,edfa08000_s43.xls,1975.0,-7.0,-7.0,1.252762968495368,宮城_1968,まつたけ_1968,宮城_まつたけ
1968,秋田,まつたけ,まつたけ,0.7,0.7,0.7,num,(t),positive_only,,edfa08000_s43.xls,1982.0,-14.0,-8.0,0.5306282510621704,秋田_1968,まつたけ_1968,秋田_まつたけ
1968,山形,まつたけ,まつたけ,1.7,1.7,1.7,num,(t),positive_only,,edfa08000_s43.xls,1978.0,-10.0,-8.0,0.9932517730102833,山形_1968,まつたけ_1968,山形_まつたけ
1968,新潟,まつたけ,まつたけ,1.1,1.1,1.1,num,(t),positive_only,,edfa08000_s43.xls,1977.0,-9.0,-8.0,0.7419373447293773,新潟_1968,まつたけ_1968,新潟_まつたけ
1968,山梨,まつたけ,まつたけ,0.4,0.4,0.4,num,(t),positive_only,,edfa08000_s43.xls,1978.0,-10.0,-8.0,0.33647223662121295,山梨_1968,まつたけ_1968,山梨_まつたけ
1968,長野,まつたけ,まつたけ,48.4,48.4,48.4,num,(t),positive_only,,edfa08000_s43.xls,1981.0,-13.0,-8.0,3.899950424193877,長野_1968,まつたけ_1968,長野_まつたけ
1968,北海道,生しいたけ,生しいたけ,348.0,348.0,348.0,num,(t),positive_only,,edfa08000_s43.xls,,,,5.855071922202427,北海道_1968,生しいたけ_1968,北海道_生しいたけ
1968,青森,生しいたけ,生しいたけ,252.8,252.8,252.8,num,(t),positive_only,,edfa08000_s43.xls,,,,5.536546555280287,青森_1968,生しいたけ_1968,青森_生しいたけ
1968,宮城,生しいたけ,生しいたけ,395.8,395.8,395.8,num,(t),positive_only,,edfa08000_s43.xls,1975.0,-7.0,-7.0,5.983432375410718,宮城_1968,生しいたけ_1968,宮城_生しいたけ
1968,秋田,生しいたけ,生しいたけ,319.3,319.3,319.3,num,(t),positive_only,,edfa08000_s43.xls,1982.0,-14.0,-8.0,5.769258056615112,秋田_1968,生しいたけ_1968,秋田_生しいたけ
1968,山形,生しいたけ,生しいたけ,197.8,197.8,197.8,num,(t),positive_only,,edfa08000_s43.xls,1978.0,-10.0,-8.0,5.292299294222474,山形_1968,生しいたけ_1968,山形_生しいたけ
1968,新潟,生しいたけ,生しいたけ,354.9,354.9,354.9,num,(t),positive_only,,edfa08000_s43.xls,1977.0,-9.0,-8.0,5.874649792516147,新潟_1968,生しいたけ_1968,新潟_生しいたけ
1968,山梨,生しいたけ,生しいたけ,223.8,223.8,223.8,num,(t),positive_only,,edfa08000_s43.xls,1978.0,-10.0,-8.0,5.415211118019536,山梨_1968,生しいたけ_1968,山梨_生しいたけ
1968,長野,生しいたけ,生しいたけ,1044.1,1044.1,1044.1,num,(t),positive_only,,edfa08000_s43.xls,1981.0,-13.0,-8.0,6.951867853600458,長野_1968,生しいたけ_1968,長野_生しいたけ
1969,北海道,くるみ,くるみ,4.0,4.0,4.0,num,(t),positive_only,,edfa08000_s44.xls,,,,1.6094379124341003,北海道_1969,くるみ_1969,北海道_くるみ
1969,青森,くるみ,くるみ,12.0,12.0,12.0,num,(t),positive_only,,edfa08000_s44.xls,,,,2.5649493574615367,青森_1969,くるみ_1969,青森_くるみ
1969,宮城,くるみ,くるみ,21.0,21.0,21.0,num,(t),positive_only,,edfa08000_s44.xls,1975.0,-6.0,-6.0,3.091042453358316,宮城_1969,くるみ_1969,宮城_くるみ
1969,秋田,くるみ,くるみ,6.0,6.0,6.0,num,(t),positive_only,,edfa08000_s44.xls,1982.0,-13.0,-8.0,1.9459101490553132,秋田_1969,くるみ_1969,秋田_くるみ
1969,山形,くるみ,くるみ,20.0,20.0,20.0,num,(t),positive_only,,edfa08000_s44.xls,1978.0,-9.0,-8.0,3.044522437723423,山形_1969,くるみ_1969,山形_くるみ
1969,新潟,くるみ,くるみ,11.0,11.0,11.0,num,(t),positive_only,,edfa08000_s44.xls,1977.0,-8.0,-8.0,2.4849066497880004,新潟_1969,くるみ_1969,新潟_くるみ
1969,山梨,くるみ,くるみ,2.0,2.0,2.0,num,(t),positive_only,,edfa08000_s44.xls,1978.0,-9.0,-8.0,1.0986122886681098,山梨_1969,くるみ_1969,山梨_くるみ
1969,長野,くるみ,くるみ,71.0,71.0,71.0,num,(t),positive_only,,edfa08000_s44.xls,1981.0,-12.0,-8.0,4.276666119016055,長野_1969,くるみ_1969,長野_くるみ
1969,北海道,なめこ,なめこ,51.6,51.6,51.6,num,(t),positive_only,,edfa08000_s44.xls,,,,3.9627161197436642,北海道_1969,なめこ_1969,北海道_なめこ
1969,青森,なめこ,なめこ,153.9,153.9,153.9,num,(t),positive_only,,edfa08000_s44.xls,,,,5.042779747422823,青森_1969,なめこ_1969,青森_なめこ
1969,宮城,なめこ,なめこ,354.2,354.2,354.2,num,(t),positive_only,,edfa08000_s44.xls,1975.0,-6.0,-6.0,5.872681011118015,宮城_1969,なめこ_1969,宮城_なめこ
1969,秋田,なめこ,なめこ,452.0,452.0,452.0,num,(t),positive_only,,edfa08000_s44.xls,1982.0,-13.0,-8.0,6.115892125483034,秋田_1969,なめこ_1969,秋田_なめこ
1969,山形,なめこ,なめこ,1111.0,1111.0,1111.0,num,(t),positive_only,,edfa08000_s44.xls,1978.0,-9.0,-8.0,7.013915474810528,山形_1969,なめこ_1969,山形_なめこ
1969,新潟,なめこ,なめこ,365.1,365.1,365.1,num,(t),positive_only,,edfa08000_s44.xls,1977.0,-8.0,-8.0,5.902906520126191,新潟_1969,なめこ_1969,新潟_なめこ
1969,山梨,なめこ,なめこ,17.2,17.2,17.2,num,(t),positive_only,,edfa08000_s44.xls,1978.0,-9.0,-8.0,2.9014215940827497,山梨_1969,なめこ_1969,山梨_なめこ
1969,長野,なめこ,なめこ,269.8,269.8,269.8,num,(t),positive_only,,edfa08000_s44.xls,1981.0,-12.0,-8.0,5.60138054103812,長野_1969,なめこ_1969,長野_なめこ
1969,北海道,まつたけ,まつたけ,0.0,0.0,0.0,num,(t),positive_only,,edfa08000_s44.xls,,,,0.0,北海道_1969,まつたけ_1969,北海道_まつたけ
1969,青森,まつたけ,まつたけ,0.4,0.4,0.4,num,(t),positive_only,,edfa08000_s44.xls,,,,0.33647223662121295,青森_1969,まつたけ_1969,青森_まつたけ
1969,宮城,まつたけ,まつたけ,1.4,1.4,1.4,num,(t),positive_only,,edfa08000_s44.xls,1975.0,-6.0,-6.0,0.8754687373538999,宮城_1969,まつたけ_1969,宮城_まつたけ
1969,秋田,まつたけ,まつたけ,2.0,2.0,2.0,num,(t),positive_only,,edfa08000_s44.xls,1982.0,-13.0,-8.0,1.0986122886681098,秋田_1969,まつたけ_1969,秋田_まつたけ
1969,山形,まつたけ,まつたけ,4.0,4.0,4.0,num,(t),positive_only,,edfa08000_s44.xls,1978.0,-9.0,-8.0,1.6094379124341003,山形_1969,まつたけ_1969,山形_まつたけ
1969,新潟,まつたけ,まつたけ,1.9,1.9,1.9,num,(t),positive_only,,edfa08000_s44.xls,1977.0,-8.0,-8.0,1.0647107369924282,新潟_1969,まつたけ_1969,新潟_まつたけ
1969,山梨,まつたけ,まつたけ,0.5,0.5,0.5,num,(t),positive_only,,edfa08000_s44.xls,1978.0,-9.0,-8.0,0.4054651081081644,山梨_1969,まつたけ_1969,山梨_まつたけ
1969,長野,まつたけ,まつたけ,70.9,70.9,70.9,num,(t),positive_only,,edfa08000_s44.xls,1981.0,-12.0,-8.0,4.275276264727001,長野_1969,まつたけ_1969,長野_まつたけ
1969,北海道,生しいたけ,生しいたけ,433.7,433.7,433.7,num,(t),positive_only,,edfa08000_s44.xls,,,,6.074656137994746,北海道_1969,生しいたけ_1969,北海道_生しいたけ
1969,青森,生しいたけ,生しいたけ,261.2,261.2,261.2,num,(t),positive_only,,edfa08000_s44.xls,,,,5.569107571329599,青森_1969,生しいたけ_1969,青森_生しいたけ
1969,宮城,生しいたけ,生しいたけ,537.2,537.2,537.2,num,(t),positive_only,,edfa08000_s44.xls,1975.0,-6.0,-6.0,6.2882302382928055,宮城_1969,生しいたけ_1969,宮城_生しいたけ
1969,秋田,生しいたけ,生しいたけ,431.0,431.0,431.0,num,(t),positive_only,,edfa08000_s44.xls,1982.0,-13.0,-8.0,6.068425588244111,秋田_1969,生しいたけ_1969,秋田_生しいたけ
1969,山形,生しいたけ,生しいたけ,234.0,234.0,234.0,num,(t),positive_only,,edfa08000_s44.xls,1978.0,-9.0,-8.0,5.459585514144159,山形_1969,生しいたけ_1969,山形_生しいたけ
1969,新潟,生しいたけ,生しいたけ,332.5,332.5,332.5,num,(t),positive_only,,edfa08000_s44.xls,1977.0,-8.0,-8.0,5.809642865355678,新潟_1969,生しいたけ_1969,新潟_生しいたけ
1969,山梨,生しいたけ,生しいたけ,283.7,283.7,283.7,num,(t),positive_only,,edfa08000_s44.xls,1978.0,-9.0,-8.0,5.651435994283992,山梨_1969,生しいたけ_1969,山梨_生しいたけ
1969,長野,生しいたけ,生しいたけ,921.6,921.6,921.6,num,(t),positive_only,,edfa08000_s44.xls,1981.0,-12.0,-8.0,6.82719577112372,長野_1969,生しいたけ_1969,長野_生しいたけ
1970,北海道,くるみ,くるみ,2.0,2.0,2.0,num,(t),positive_only,,edfa08000_s45.xls,,,,1.0986122886681098,北海道_1970,くるみ_1970,北海道_くるみ
1970,青森,くるみ,くるみ,11.0,11.0,11.0,num,(t),positive_only,,edfa08000_s45.xls,,,,2.4849066497880004,青森_1970,くるみ_1970,青森_くるみ
1970,宮城,くるみ,くるみ,12.0,12.0,12.0,num,(t),positive_only,,edfa08000_s45.xls,1975.0,-5.0,-5.0,2.5649493574615367,宮城_1970,くるみ_1970,宮城_くるみ
1970,秋田,くるみ,くるみ,5.0,5.0,5.0,num,(t),positive_only,,edfa08000_s45.xls,1982.0,-12.0,-8.0,1.791759469228055,秋田_1970,くるみ_1970,秋田_くるみ
1970,山形,くるみ,くるみ,12.0,12.0,12.0,num,(t),positive_only,,edfa08000_s45.xls,1978.0,-8.0,-8.0,2.5649493574615367,山形_1970,くるみ_1970,山形_くるみ
1970,新潟,くるみ,くるみ,12.0,12.0,12.0,num,(t),positive_only,,edfa08000_s45.xls,1977.0,-7.0,-7.0,2.5649493574615367,新潟_1970,くるみ_1970,新潟_くるみ
1970,山梨,くるみ,くるみ,1.0,1.0,1.0,num,(t),positive_only,,edfa08000_s45.xls,1978.0,-8.0,-8.0,0.6931471805599453,山梨_1970,くるみ_1970,山梨_くるみ
1970,長野,くるみ,くるみ,69.0,69.0,69.0,num,(t),positive_only,,edfa08000_s45.xls,1981.0,-11.0,-8.0,4.248495242049359,長野_1970,くるみ_1970,長野_くるみ
1970,北海道,なめこ,なめこ,149.7,149.7,149.7,num,(t),positive_only,,edfa08000_s45.xls,,,,5.01529110563245,北海道_1970,なめこ_1970,北海道_なめこ
1970,青森,なめこ,なめこ,162.1,162.1,162.1,num,(t),positive_only,,edfa08000_s45.xls,,,,5.094363509626968,青森_1970,なめこ_1970,青森_なめこ
1970,宮城,なめこ,なめこ,356.9,356.9,356.9,num,(t),positive_only,,edfa08000_s45.xls,1975.0,-5.0,-5.0,5.88025361777198,宮城_1970,なめこ_1970,宮城_なめこ
1970,秋田,なめこ,なめこ,523.9,523.9,523.9,num,(t),positive_only,,edfa08000_s45.xls,1982.0,-12.0,-8.0,6.263207768258254,秋田_1970,なめこ_1970,秋田_なめこ
1970,山形,なめこ,なめこ,1031.0,1031.0,1031.0,num,(t),positive_only,,edfa08000_s45.xls,1978.0,-8.0,-8.0,6.939253946041508,山形_1970,なめこ_1970,山形_なめこ
1970,新潟,なめこ,なめこ,430.4,430.4,430.4,num,(t),positive_only,,edfa08000_s45.xls,1977.0,-7.0,-7.0,6.067035733955056,新潟_1970,なめこ_1970,新潟_なめこ
1970,山梨,なめこ,なめこ,88.4,88.4,88.4,num,(t),positive_only,,edfa08000_s45.xls,1978.0,-8.0,-8.0,4.493120682179469,山梨_1970,なめこ_1970,山梨_なめこ
1970,長野,なめこ,なめこ,584.0,584.0,584.0,num,(t),positive_only,,edfa08000_s45.xls,1981.0,-11.0,-8.0,6.371611847231857,長野_1970,なめこ_1970,長野_なめこ
1970,北海道,まつたけ,まつたけ,0.8,0.8,0.8,num,(t),positive_only,,edfa08000_s45.xls,,,,0.5877866649021191,北海道_1970,まつたけ_1970,北海道_まつたけ
1970,青森,まつたけ,まつたけ,0.3,0.3,0.3,num,(t),positive_only,,edfa08000_s45.xls,,,,0.26236426446749106,青森_1970,まつたけ_1970,青森_まつたけ
1970,宮城,まつたけ,まつたけ,1.9,1.9,1.9,num,(t),positive_only,,edfa08000_s45.xls,1975.0,-5.0,-5.0,1.0647107369924282,宮城_1970,まつたけ_1970,宮城_まつたけ
1970,秋田,まつたけ,まつたけ,1.8,1.8,1.8,num,(t),positive_only,,edfa08000_s45.xls,1982.0,-12.0,-8.0,1.0296194171811583,秋田_1970,まつたけ_1970,秋田_まつたけ
1970,山形,まつたけ,まつたけ,5.0,5.0,5.0,num,(t),positive_only,,edfa08000_s45.xls,1978.0,-8.0,-8.0,1.791759469228055,山形_1970,まつたけ_1970,山形_まつたけ
1970,新潟,まつたけ,まつたけ,2.0,2.0,2.0,num,(t),positive_only,,edfa08000_s45.xls,1977.0,-7.0,-7.0,1.0986122886681098,新潟_1970,まつたけ_1970,新潟_まつたけ
1970,山梨,まつたけ,まつたけ,0.4,0.4,0.4,num,(t),positive_only,,edfa08000_s45.xls,1978.0,-8.0,-8.0,0.33647223662121295,山梨_1970,まつたけ_1970,山梨_まつたけ
1970,長野,まつたけ,まつたけ,45.3,45.3,45.3,num,(t),positive_only,,edfa08000_s45.xls,1981.0,-11.0,-8.0,3.835141961092188,長野_1970,まつたけ_1970,長野_まつたけ
1970,北海道,生しいたけ,生しいたけ,508.8,508.8,508.8,num,(t),positive_only,,edfa08000_s45.xls,,,,6.234018491942015,北海道_1970,生しいたけ_1970,北海道_生しいたけ
1970,青森,生しいたけ,生しいたけ,246.9,246.9,246.9,num,(t),positive_only,,edfa08000_s45.xls,,,,5.513025439041145,青森_1970,生しいたけ_1970,青森_生しいたけ
1970,宮城,生しいたけ,生しいたけ,562.9,562.9,562.9,num,(t),positive_only,,edfa08000_s45.xls,1975.0,-5.0,-5.0,6.334876930813136,宮城_1970,生しいたけ_1970,宮城_生しいたけ
1970,秋田,生しいたけ,生しいたけ,512.8,512.8,512.8,num,(t),positive_only,,edfa08000_s45.xls,1982.0,-12.0,-8.0,6.241834084675783,秋田_1970,生しいたけ_1970,秋田_生しいたけ
1970,山形,生しいたけ,生しいたけ,206.0,206.0,206.0,num,(t),positive_only,,edfa08000_s45.xls,1978.0,-8.0,-8.0,5.332718793265369,山形_1970,生しいたけ_1970,山形_生しいたけ
1970,新潟,生しいたけ,生しいたけ,284.4,284.4,284.4,num,(t),positive_only,,edfa08000_s45.xls,1977.0,-7.0,-7.0,5.653891705042736,新潟_1970,生しいたけ_1970,新潟_生しいたけ
1970,山梨,生しいたけ,生しいたけ,630.7,630.7,630.7,num,(t),positive_only,,edfa08000_s45.xls,1978.0,-8.0,-8.0,6.448414597904655,山梨_1970,生しいたけ_1970,山梨_生しいたけ
1970,長野,生しいたけ,生しいたけ,1105.5,1105.5,1105.5,num,(t),positive_only,,edfa08000_s45.xls,1981.0,-11.0,-8.0,7.008957159491104,長野_1970,生しいたけ_1970,長野_生しいたけ
1971,北海道,くるみ,くるみ,4.0,4.0,4.0,num,(t),positive_only,,edfa08000_s46.xls,,,,1.6094379124341003,北海道_1971,くるみ_1971,北海道_くるみ
1971,青森,くるみ,くるみ,11.0,11.0,11.0,num,(t),positive_only,,edfa08000_s46.xls,,,,2.4849066497880004,青森_1971,くるみ_1971,青森_くるみ
1971,宮城,くるみ,くるみ,9.0,9.0,9.0,num,(t),positive_only,,edfa08000_s46.xls,1975.0,-4.0,-4.0,2.302585092994046,宮城_1971,くるみ_1971,宮城_くるみ
1971,秋田,くるみ,くるみ,5.0,5.0,5.0,num,(t),positive_only,,edfa08000_s46.xls,1982.0,-11.0,-8.0,1.791759469228055,秋田_1971,くるみ_1971,秋田_くるみ
1971,山形,くるみ,くるみ,13.0,13.0,13.0,num,(t),positive_only,,edfa08000_s46.xls,1978.0,-7.0,-7.0,2.6390573296152584,山形_1971,くるみ_1971,山形_くるみ
1971,新潟,くるみ,くるみ,12.0,12.0,12.0,num,(t),positive_only,,edfa08000_s46.xls,1977.0,-6.0,-6.0,2.5649493574615367,新潟_1971,くるみ_1971,新潟_くるみ
1971,山梨,くるみ,くるみ,1.0,1.0,1.0,num,(t),positive_only,,edfa08000_s46.xls,1978.0,-7.0,-7.0,0.6931471805599453,山梨_1971,くるみ_1971,山梨_くるみ
1971,長野,くるみ,くるみ,58.0,58.0,58.0,num,(t),positive_only,,edfa08000_s46.xls,1981.0,-10.0,-8.0,4.07753744390572,長野_1971,くるみ_1971,長野_くるみ
1971,北海道,なめこ,なめこ,178.0,178.0,178.0,num,(t),positive_only,,edfa08000_s46.xls,,,,5.187385805840755,北海道_1971,なめこ_1971,北海道_なめこ
1971,青森,なめこ,なめこ,328.4,328.4,328.4,num,(t),positive_only,,edfa08000_s46.xls,,,,5.79727281774354,青森_1971,なめこ_1971,青森_なめこ
1971,宮城,なめこ,なめこ,338.2,338.2,338.2,num,(t),positive_only,,edfa08000_s46.xls,1975.0,-4.0,-4.0,5.826589903917748,宮城_1971,なめこ_1971,宮城_なめこ
1971,秋田,なめこ,なめこ,713.0,713.0,713.0,num,(t),positive_only,,edfa08000_s46.xls,1982.0,-11.0,-8.0,6.570882962339584,秋田_1971,なめこ_1971,秋田_なめこ
1971,山形,なめこ,なめこ,795.8,795.8,795.8,num,(t),positive_only,,edfa08000_s46.xls,1978.0,-7.0,-7.0,6.6806037062703885,山形_1971,なめこ_1971,山形_なめこ
1971,新潟,なめこ,なめこ,428.2,428.2,428.2,num,(t),positive_only,,edfa08000_s46.xls,1977.0,-6.0,-6.0,6.061923010756543,新潟_1971,なめこ_1971,新潟_なめこ
1971,山梨,なめこ,なめこ,91.4,91.4,91.4,num,(t),positive_only,,edfa08000_s46.xls,1978.0,-7.0,-7.0,4.526126978647638,山梨_1971,なめこ_1971,山梨_なめこ
1971,長野,なめこ,なめこ,775.2,775.2,775.2,num,(t),positive_only,,edfa08000_s46.xls,1981.0,-10.0,-8.0,6.654410218934806,長野_1971,なめこ_1971,長野_なめこ
1971,北海道,まつたけ,まつたけ,-,,0.0,zero_dash,(t),positive_only,,edfa08000_s46.xls,,,,0.0,北海道_1971,まつたけ_1971,北海道_まつたけ
1971,青森,まつたけ,まつたけ,0.2,0.2,0.2,num,(t),positive_only,,edfa08000_s46.xls,,,,0.18232155679395465,青森_1971,まつたけ_1971,青森_まつたけ
1971,宮城,まつたけ,まつたけ,7.0,7.0,7.0,num,(t),positive_only,,edfa08000_s46.xls,1975.0,-4.0,-4.0,2.0794415416798357,宮城_1971,まつたけ_1971,宮城_まつたけ
1971,秋田,まつたけ,まつたけ,1.0,1.0,1.0,num,(t),positive_only,,edfa08000_s46.xls,1982.0,-11.0,-8.0,0.6931471805599453,秋田_1971,まつたけ_1971,秋田_まつたけ
1971,山形,まつたけ,まつたけ,8.9,8.9,8.9,num,(t),positive_only,,edfa08000_s46.xls,1978.0,-7.0,-7.0,2.2925347571405443,山形_1971,まつたけ_1971,山形_まつたけ
1971,新潟,まつたけ,まつたけ,3.0,3.0,3.0,num,(t),positive_only,,edfa08000_s46.xls,1977.0,-6.0,-6.0,1.3862943611198906,新潟_1971,まつたけ_1971,新潟_まつたけ
1971,山梨,まつたけ,まつたけ,0.4,0.4,0.4,num,(t),positive_only,,edfa08000_s46.xls,1978.0,-7.0,-7.0,0.33647223662121295,山梨_1971,まつたけ_1971,山梨_まつたけ
1971,長野,まつたけ,まつたけ,63.6,63.6,63.6,num,(t),positive_only,,edfa08000_s46.xls,1981.0,-10.0,-8.0,4.168214410788556,長野_1971,まつたけ_1971,長野_まつたけ
1971,北海道,生しいたけ,生しいたけ,531.9,531.9,531.9,num,(t),positive_only,,edfa08000_s46.xls,,,,6.278333789302737,北海道_1971,生しいたけ_1971,北海道_生しいたけ
1971,青森,生しいたけ,生しいたけ,307.0,307.0,307.0,num,(t),positive_only,,edfa08000_s46.xls,,,,5.730099782973574,青森_1971,生しいたけ_1971,青森_生しいたけ
1971,宮城,生しいたけ,生しいたけ,546.7,546.7,546.7,num,(t),positive_only,,edfa08000_s46.xls,1975.0,-4.0,-4.0,6.305727691789675,宮城_1971,生しいたけ_1971,宮城_生しいたけ
1971,秋田,生しいたけ,生しいたけ,537.0,537.0,537.0,num,(t),positive_only,,edfa08000_s46.xls,1982.0,-11.0,-8.0,6.2878585601617845,秋田_1971,生しいたけ_1971,秋田_生しいたけ
1971,山形,生しいたけ,生しいたけ,213.5,213.5,213.5,num,(t),positive_only,,edfa08000_s46.xls,1978.0,-7.0,-7.0,5.368309738368072,山形_1971,生しいたけ_1971,山形_生しいたけ
1971,新潟,生しいたけ,生しいたけ,277.8,277.8,277.8,num,(t),positive_only,,edfa08000_s46.xls,1977.0,-6.0,-6.0,5.630494678886369,新潟_1971,生しいたけ_1971,新潟_生しいたけ
1971,山梨,生しいたけ,生しいたけ,404.3,404.3,404.3,num,(t),positive_only,,edfa08000_s46.xls,1978.0,-7.0,-7.0,6.004627533634263,山梨_1971,生しいたけ_1971,山梨_生しいたけ
1971,長野,生しいたけ,生しいたけ,946.8,946.8,946.8,num,(t),positive_only,,edfa08000_s46.xls,1981.0,-10.0,-8.0,6.854143509533488,長野_1971,生しいたけ_1971,長野_生しいたけ
1972,北海道,くるみ,くるみ,3.0,3.0,3.0,num,(t),positive_only,,edfa08000_s47.xls,,,,1.3862943611198906,北海道_1972,くるみ_1972,北海道_くるみ
1972,青森,くるみ,くるみ,10.0,10.0,10.0,num,(t),positive_only,,edfa08000_s47.xls,,,,2.3978952727983707,青森_1972,くるみ_1972,青森_くるみ
1972,宮城,くるみ,くるみ,9.0,9.0,9.0,num,(t),positive_only,,edfa08000_s47.xls,1975.0,-3.0,-3.0,2.302585092994046,宮城_1972,くるみ_1972,宮城_くるみ
1972,秋田,くるみ,くるみ,4.0,4.0,4.0,num,(t),positive_only,,edfa08000_s47.xls,1982.0,-10.0,-8.0,1.6094379124341003,秋田_1972,くるみ_1972,秋田_くるみ
1972,山形,くるみ,くるみ,11.0,11.0,11.0,num,(t),positive_only,,edfa08000_s47.xls,1978.0,-6.0,-6.0,2.4849066497880004,山形_1972,くるみ_1972,山形_くるみ
1972,新潟,くるみ,くるみ,14.0,14.0,14.0,num,(t),positive_only,,edfa08000_s47.xls,1977.0,-5.0,-5.0,2.70805020110221,新潟_1972,くるみ_1972,新潟_くるみ
1972,山梨,くるみ,くるみ,1.0,1.0,1.0,num,(t),positive_only,,edfa08000_s47.xls,1978.0,-6.0,-6.0,0.6931471805599453,山梨_1972,くるみ_1972,山梨_くるみ
1972,長野,くるみ,くるみ,78.0,78.0,78.0,num,(t),positive_only,,edfa08000_s47.xls,1981.0,-9.0,-8.0,4.3694478524670215,長野_1972,くるみ_1972,長野_くるみ
1972,北海道,なめこ,なめこ,391.0,391.0,391.0,num,(t),positive_only,,edfa08000_s47.xls,,,,5.971261839790462,北海道_1972,なめこ_1972,北海道_なめこ
1972,青森,なめこ,なめこ,453.0,453.0,453.0,num,(t),positive_only,,edfa08000_s47.xls,,,,6.118097198041348,青森_1972,なめこ_1972,青森_なめこ
1972,宮城,なめこ,なめこ,364.0,364.0,364.0,num,(t),positive_only,,edfa08000_s47.xls,1975.0,-3.0,-3.0,5.8998973535824915,宮城_1972,なめこ_1972,宮城_なめこ
1972,秋田,なめこ,なめこ,573.0,573.0,573.0,num,(t),positive_only,,edfa08000_s47.xls,1982.0,-10.0,-8.0,6.352629396319567,秋田_1972,なめこ_1972,秋田_なめこ
1972,山形,なめこ,なめこ,1027.0,1027.0,1027.0,num,(t),positive_only,,edfa08000_s47.xls,1978.0,-6.0,-6.0,6.93537044601511,山形_1972,なめこ_1972,山形_なめこ
1972,新潟,なめこ,なめこ,450.0,450.0,450.0,num,(t),positive_only,,edfa08000_s47.xls,1977.0,-5.0,-5.0,6.111467339502679,新潟_1972,なめこ_1972,新潟_なめこ
1972,山梨,なめこ,なめこ,116.0,116.0,116.0,num,(t),positive_only,,edfa08000_s47.xls,1978.0,-6.0,-6.0,4.762173934797756,山梨_1972,なめこ_1972,山梨_なめこ
1972,長野,なめこ,なめこ,897.0,897.0,897.0,num,(t),positive_only,,edfa08000_s47.xls,1981.0,-9.0,-8.0,6.8001700683022,長野_1972,なめこ_1972,長野_なめこ
1972,北海道,まつたけ,まつたけ,5.0,5.0,5.0,num,(t),positive_only,,edfa08000_s47.xls,,,,1.791759469228055,北海道_1972,まつたけ_1972,北海道_まつたけ
1972,青森,まつたけ,まつたけ,0.0,0.0,0.0,num,(t),positive_only,,edfa08000_s47.xls,,,,0.0,青森_1972,まつたけ_1972,青森_まつたけ
1972,宮城,まつたけ,まつたけ,4.0,4.0,4.0,num,(t),positive_only,,edfa08000_s47.xls,1975.0,-3.0,-3.0,1.6094379124341003,宮城_1972,まつたけ_1972,宮城_まつたけ
1972,秋田,まつたけ,まつたけ,1.0,1.0,1.0,num,(t),positive_only,,edfa08000_s47.xls,1982.0,-10.0,-8.0,0.6931471805599453,秋田_1972,まつたけ_1972,秋田_まつたけ
1972,山形,まつたけ,まつたけ,8.0,8.0,8.0,num,(t),positive_only,,edfa08000_s47.xls,1978.0,-6.0,-6.0,2.1972245773362196,山形_1972,まつたけ_1972,山形_まつたけ
1972,新潟,まつたけ,まつたけ,2.0,2.0,2.0,num,(t),positive_only,,edfa08000_s47.xls,1977.0,-5.0,-5.0,1.0986122886681098,新潟_1972,まつたけ_1972,新潟_まつたけ
1972,山梨,まつたけ,まつたけ,0.0,0.0,0.0,num,(t),positive_only,,edfa08000_s47.xls,1978.0,-6.0,-6.0,0.0,山梨_1972,まつたけ_1972,山梨_まつたけ
1972,長野,まつたけ,まつたけ,21.0,21.0,21.0,num,(t),positive_only,,edfa08000_s47.xls,1981.0,-9.0,-8.0,3.091042453358316,長野_1972,まつたけ_1972,長野_まつたけ
1972,北海道,生しいたけ,生しいたけ,570.0,570.0,570.0,num,(t),positive_only,,edfa08000_s47.xls,,,,6.3473892096560105,北海道_1972,生しいたけ_1972,北海道_生しいたけ
1972,青森,生しいたけ,生しいたけ,425.0,425.0,425.0,num,(t),positive_only,,edfa08000_s47.xls,,,,6.054439346269371,青森_1972,生しいたけ_1972,青森_生しいたけ
1972,宮城,生しいたけ,生しいたけ,544.0,544.0,544.0,num,(t),positive_only,,edfa08000_s47.xls,1975.0,-3.0,-3.0,6.300785794663244,宮城_1972,生しいたけ_1972,宮城_生しいたけ
1972,秋田,生しいたけ,生しいたけ,712.0,712.0,712.0,num,(t),positive_only,,edfa08000_s47.xls,1982.0,-10.0,-8.0,6.569481420414296,秋田_1972,生しいたけ_1972,秋田_生しいたけ
1972,山形,生しいたけ,生しいたけ,259.0,259.0,259.0,num,(t),positive_only,,edfa08000_s47.xls,1978.0,-6.0,-6.0,5.560681631015528,山形_1972,生しいたけ_1972,山形_生しいたけ
1972,新潟,生しいたけ,生しいたけ,343.0,343.0,343.0,num,(t),positive_only,,edfa08000_s47.xls,1977.0,-5.0,-5.0,5.840641657373398,新潟_1972,生しいたけ_1972,新潟_生しいたけ
1972,山梨,生しいたけ,生しいたけ,427.0,427.0,427.0,num,(t),positive_only,,edfa08000_s47.xls,1978.0,-6.0,-6.0,6.059123195581797,山梨_1972,生しいたけ_1972,山梨_生しいたけ
1972,長野,生しいたけ,生しいたけ,945.0,945.0,945.0,num,(t),positive_only,,edfa08000_s47.xls,1981.0,-9.0,-8.0,6.852242569051878,長野_1972,生しいたけ_1972,長野_生しいたけ
1973,北海道,くるみ,くるみ,2.0,2.0,2.0,num,(t),positive_only,,edfa08000_s48.xls,,,,1.0986122886681098,北海道_1973,くるみ_1973,北海道_くるみ
1973,青森,くるみ,くるみ,1.0,1.0,1.0,num,(t),positive_only,,edfa08000_s48.xls,,,,0.6931471805599453,青森_1973,くるみ_1973,青森_くるみ
1973,宮城,くるみ,くるみ,63.0,63.0,63.0,num,(t),positive_only,,edfa08000_s48.xls,1975.0,-2.0,-2.0,4.1588830833596715,宮城_1973,くるみ_1973,宮城_くるみ
1973,秋田,くるみ,くるみ,5.0,5.0,5.0,num,(t),positive_only,,edfa08000_s48.xls,1982.0,-9.0,-8.0,1.791759469228055,秋田_1973,くるみ_1973,秋田_くるみ
1973,山形,くるみ,くるみ,12.0,12.0,12.0,num,(t),positive_only,,edfa08000_s48.xls,1978.0,-5.0,-5.0,2.5649493574615367,山形_1973,くるみ_1973,山形_くるみ
1973,新潟,くるみ,くるみ,10.0,10.0,10.0,num,(t),positive_only,,edfa08000_s48.xls,1977.0,-4.0,-4.0,2.3978952727983707,新潟_1973,くるみ_1973,新潟_くるみ
1973,山梨,くるみ,くるみ,1.0,1.0,1.0,num,(t),positive_only,,edfa08000_s48.xls,1978.0,-5.0,-5.0,0.6931471805599453,山梨_1973,くるみ_1973,山梨_くるみ
1973,長野,くるみ,くるみ,38.0,38.0,38.0,num,(t),positive_only,,edfa08000_s48.xls,1981.0,-8.0,-8.0,3.6635616461296463,長野_1973,くるみ_1973,長野_くるみ
1973,北海道,なめこ,なめこ,420.0,420.0,420.0,num,(t),positive_only,,edfa08000_s48.xls,,,,6.042632833682381,北海道_1973,なめこ_1973,北海道_なめこ
1973,青森,なめこ,なめこ,542.0,542.0,542.0,num,(t),positive_only,,edfa08000_s48.xls,,,,6.297109319933935,青森_1973,なめこ_1973,青森_なめこ
1973,宮城,なめこ,なめこ,689.0,689.0,689.0,num,(t),positive_only,,edfa08000_s48.xls,1975.0,-2.0,-2.0,6.536691597591305,宮城_1973,なめこ_1973,宮城_なめこ
1973,秋田,なめこ,なめこ,807.0,807.0,807.0,num,(t),positive_only,,edfa08000_s48.xls,1982.0,-9.0,-8.0,6.694562058521095,秋田_1973,なめこ_1973,秋田_なめこ
1973,山形,なめこ,なめこ,1241.0,1241.0,1241.0,num,(t),positive_only,,edfa08000_s48.xls,1978.0,-5.0,-5.0,7.124478262493424,山形_1973,なめこ_1973,山形_なめこ
1973,新潟,なめこ,なめこ,609.0,609.0,609.0,num,(t),positive_only,,edfa08000_s48.xls,1977.0,-4.0,-4.0,6.413458957167357,新潟_1973,なめこ_1973,新潟_なめこ
1973,山梨,なめこ,なめこ,131.0,131.0,131.0,num,(t),positive_only,,edfa08000_s48.xls,1978.0,-5.0,-5.0,4.882801922586371,山梨_1973,なめこ_1973,山梨_なめこ
1973,長野,なめこ,なめこ,1310.0,1310.0,1310.0,num,(t),positive_only,,edfa08000_s48.xls,1981.0,-8.0,-8.0,7.1785454837637,長野_1973,なめこ_1973,長野_なめこ
1973,北海道,まつたけ,まつたけ,2.0,2.0,2.0,num,(t),positive_only,,edfa08000_s48.xls,,,,1.0986122886681098,北海道_1973,まつたけ_1973,北海道_まつたけ
1973,青森,まつたけ,まつたけ,-,,0.0,zero_dash,(t),positive_only,,edfa08000_s48.xls,,,,0.0,青森_1973,まつたけ_1973,青森_まつたけ
1973,宮城,まつたけ,まつたけ,4.0,4.0,4.0,num,(t),positive_only,,edfa08000_s48.xls,1975.0,-2.0,-2.0,1.6094379124341003,宮城_1973,まつたけ_1973,宮城_まつたけ
1973,秋田,まつたけ,まつたけ,2.0,2.0,2.0,num,(t),positive_only,,edfa08000_s48.xls,1982.0,-9.0,-8.0,1.0986122886681098,秋田_1973,まつたけ_1973,秋田_まつたけ
1973,山形,まつたけ,まつたけ,19.0,19.0,19.0,num,(t),positive_only,,edfa08000_s48.xls,1978.0,-5.0,-5.0,2.995732273553991,山形_1973,まつたけ_1973,山形_まつたけ
1973,新潟,まつたけ,まつたけ,2.0,2.0,2.0,num,(t),positive_only,,edfa08000_s48.xls,1977.0,-4.0,-4.0,1.0986122886681098,新潟_1973,まつたけ_1973,新潟_まつたけ
1973,山梨,まつたけ,まつたけ,-,,0.0,zero_dash,(t),positive_only,,edfa08000_s48.xls,1978.0,-5.0,-5.0,0.0,山梨_1973,まつたけ_1973,山梨_まつたけ
1973,長野,まつたけ,まつたけ,29.0,29.0,29.0,num,(t),positive_only,,edfa08000_s48.xls,1981.0,-8.0,-8.0,3.4011973816621555,長野_1973,まつたけ_1973,長野_まつたけ
1973,北海道,生しいたけ,生しいたけ,619.0,619.0,619.0,num,(t),positive_only,,edfa08000_s48.xls,,,,6.429719478039138,北海道_1973,生しいたけ_1973,北海道_生しいたけ
1973,青森,生しいたけ,生しいたけ,731.0,731.0,731.0,num,(t),positive_only,,edfa08000_s48.xls,,,,6.595780513961311,青森_1973,生しいたけ_1973,青森_生しいたけ
1973,宮城,生しいたけ,生しいたけ,798.0,798.0,798.0,num,(t),positive_only,,edfa08000_s48.xls,1975.0,-2.0,-2.0,6.683360945766275,宮城_1973,生しいたけ_1973,宮城_生しいたけ
1973,秋田,生しいたけ,生しいたけ,743.0,743.0,743.0,num,(t),positive_only,,edfa08000_s48.xls,1982.0,-9.0,-8.0,6.612041034833092,秋田_1973,生しいたけ_1973,秋田_生しいたけ
1973,山形,生しいたけ,生しいたけ,383.0,383.0,383.0,num,(t),positive_only,,edfa08000_s48.xls,1978.0,-5.0,-5.0,5.950642552587727,山形_1973,生しいたけ_1973,山形_生しいたけ
1973,新潟,生しいたけ,生しいたけ,465.0,465.0,465.0,num,(t),positive_only,,edfa08000_s48.xls,1977.0,-4.0,-4.0,6.144185634125646,新潟_1973,生しいたけ_1973,新潟_生しいたけ
1973,山梨,生しいたけ,生しいたけ,456.0,456.0,456.0,num,(t),positive_only,,edfa08000_s48.xls,1978.0,-5.0,-5.0,6.124683390894205,山梨_1973,生しいたけ_1973,山梨_生しいたけ
1973,長野,生しいたけ,生しいたけ,977.0,977.0,977.0,num,(t),positive_only,,edfa08000_s48.xls,1981.0,-8.0,-8.0,6.885509670034818,長野_1973,生しいたけ_1973,長野_生しいたけ
1974,北海道,くるみ,くるみ,0.0,0.0,0.0,num,(t),positive_only,,edfa08000_s49.xls,,,,0.0,北海道_1974,くるみ_1974,北海道_くるみ
1974,青森,くるみ,くるみ,2.0,2.0,2.0,num,(t),positive_only,,edfa08000_s49.xls,,,,1.0986122886681098,青森_1974,くるみ_1974,青森_くるみ
1974,宮城,くるみ,くるみ,50.0,50.0,50.0,num,(t),positive_only,,edfa08000_s49.xls,1975.0,-1.0,-1.0,3.9318256327243257,宮城_1974,くるみ_1974,宮城_くるみ
1974,秋田,くるみ,くるみ,4.0,4.0,4.0,num,(t),positive_only,,edfa08000_s49.xls,1982.0,-8.0,-8.0,1.6094379124341003,秋田_1974,くるみ_1974,秋田_くるみ
1974,山形,くるみ,くるみ,10.0,10.0,10.0,num,(t),positive_only,,edfa08000_s49.xls,1978.0,-4.0,-4.0,2.3978952727983707,山形_1974,くるみ_1974,山形_くるみ
1974,新潟,くるみ,くるみ,20.0,20.0,20.0,num,(t),positive_only,,edfa08000_s49.xls,1977.0,-3.0,-3.0,3.044522437723423,新潟_1974,くるみ_1974,新潟_くるみ
1974,山梨,くるみ,くるみ,1.0,1.0,1.0,num,(t),positive_only,,edfa08000_s49.xls,1978.0,-4.0,-4.0,0.6931471805599453,山梨_1974,くるみ_1974,山梨_くるみ
1974,長野,くるみ,くるみ,83.0,83.0,83.0,num,(t),positive_only,,edfa08000_s49.xls,1981.0,-7.0,-7.0,4.430816798843313,長野_1974,くるみ_1974,長野_くるみ
1974,北海道,なめこ,なめこ,621.0,621.0,621.0,num,(t),positive_only,,edfa08000_s49.xls,,,,6.432940092739179,北海道_1974,なめこ_1974,北海道_なめこ
1974,青森,なめこ,なめこ,864.0,864.0,864.0,num,(t),positive_only,,edfa08000_s49.xls,,,,6.762729506931879,青森_1974,なめこ_1974,青森_なめこ
1974,宮城,なめこ,なめこ,738.0,738.0,738.0,num,(t),positive_only,,edfa08000_s49.xls,1975.0,-1.0,-1.0,6.6052979209482015,宮城_1974,なめこ_1974,宮城_なめこ
1974,秋田,なめこ,なめこ,789.0,789.0,789.0,num,(t),positive_only,,edfa08000_s49.xls,1982.0,-8.0,-8.0,6.672032945461067,秋田_1974,なめこ_1974,秋田_なめこ
1974,山形,なめこ,なめこ,1282.0,1282.0,1282.0,num,(t),positive_only,,edfa08000_s49.xls,1978.0,-4.0,-4.0,7.1569563646156364,山形_1974,なめこ_1974,山形_なめこ
1974,新潟,なめこ,なめこ,578.0,578.0,578.0,num,(t),positive_only,,edfa08000_s49.xls,1977.0,-3.0,-3.0,6.361302477572996,新潟_1974,なめこ_1974,新潟_なめこ
1974,山梨,なめこ,なめこ,135.0,135.0,135.0,num,(t),positive_only,,edfa08000_s49.xls,1978.0,-4.0,-4.0,4.912654885736052,山梨_1974,なめこ_1974,山梨_なめこ
1974,長野,なめこ,なめこ,1174.0,1174.0,1174.0,num,(t),positive_only,,edfa08000_s49.xls,1981.0,-7.0,-7.0,7.069023426578259,長野_1974,なめこ_1974,長野_なめこ
1974,北海道,まつたけ,まつたけ,-,,0.0,zero_dash,(t),positive_only,,edfa08000_s49.xls,,,,0.0,北海道_1974,まつたけ_1974,北海道_まつたけ
1974,青森,まつたけ,まつたけ,-,,0.0,zero_dash,(t),positive_only,,edfa08000_s49.xls,,,,0.0,青森_1974,まつたけ_1974,青森_まつたけ
1974,宮城,まつたけ,まつたけ,0.0,0.0,0.0,num,(t),positive_only,,edfa08000_s49.xls,1975.0,-1.0,-1.0,0.0,宮城_1974,まつたけ_1974,宮城_まつたけ
1974,秋田,まつたけ,まつたけ,-,,0.0,zero_dash,(t),positive_only,,edfa08000_s49.xls,1982.0,-8.0,-8.0,0.0,秋田_1974,まつたけ_1974,秋田_まつたけ
1974,山形,まつたけ,まつたけ,0.0,0.0,0.0,num,(t),positive_only,,edfa08000_s49.xls,1978.0,-4.0,-4.0,0.0,山形_1974,まつたけ_1974,山形_まつたけ
1974,新潟,まつたけ,まつたけ,2.0,2.0,2.0,num,(t),positive_only,,edfa08000_s49.xls,1977.0,-3.0,-3.0,1.0986122886681098,新潟_1974,まつたけ_1974,新潟_まつたけ
1974,山梨,まつたけ,まつたけ,-,,0.0,zero_dash,(t),positive_only,,edfa08000_s49.xls,1978.0,-4.0,-4.0,0.0,山梨_1974,まつたけ_1974,山梨_まつたけ
1974,長野,まつたけ,まつたけ,45.0,45.0,45.0,num,(t),positive_only,,edfa08000_s49.xls,1981.0,-7.0,-7.0,3.828641396489095,長野_1974,まつたけ_1974,長野_まつたけ
1974,北海道,生しいたけ,生しいたけ,716.0,716.0,716.0,num,(t),positive_only,,edfa08000_s49.xls,,,,6.57507584059962,北海道_1974,生しいたけ_1974,北海道_生しいたけ
1974,青森,生しいたけ,生しいたけ,758.0,758.0,758.0,num,(t),positive_only,,edfa08000_s49.xls,,,,6.63200177739563,青森_1974,生しいたけ_1974,青森_生しいたけ
1974,宮城,生しいたけ,生しいたけ,888.0,888.0,888.0,num,(t),positive_only,,edfa08000_s49.xls,1975.0,-1.0,-1.0,6.790097235513905,宮城_1974,生しいたけ_1974,宮城_生しいたけ
1974,秋田,生しいたけ,生しいたけ,858.0,858.0,858.0,num,(t),positive_only,,edfa08000_s49.xls,1982.0,-8.0,-8.0,6.755768921984255,秋田_1974,生しいたけ_1974,秋田_生しいたけ
1974,山形,生しいたけ,生しいたけ,463.0,463.0,463.0,num,(t),positive_only,,edfa08000_s49.xls,1978.0,-4.0,-4.0,6.139884552226255,山形_1974,生しいたけ_1974,山形_生しいたけ
1974,新潟,生しいたけ,生しいたけ,423.0,423.0,423.0,num,(t),positive_only,,edfa08000_s49.xls,1977.0,-3.0,-3.0,6.049733455231958,新潟_1974,生しいたけ_1974,新潟_生しいたけ
1974,山梨,生しいたけ,生しいたけ,486.0,486.0,486.0,num,(t),positive_only,,edfa08000_s49.xls,1978.0,-4.0,-4.0,6.18826412308259,山梨_1974,生しいたけ_1974,山梨_生しいたけ
1974,長野,生しいたけ,生しいたけ,894.0,894.0,894.0,num,(t),positive_only,,edfa08000_s49.xls,1981.0,-7.0,-7.0,6.796823718274855,長野_1974,生しいたけ_1974,長野_生しいたけ
1975,北海道,くるみ,くるみ,2.0,2.0,2.0,num,(t),all_listed,,edfa08000_s50.xls,,,,1.0986122886681098,北海道_1975,くるみ_1975,北海道_くるみ
1975,青森,くるみ,くるみ,27.0,27.0,27.0,num,(t),all_listed,,edfa08000_s50.xls,,,,3.332204510175204,青森_1975,くるみ_1975,青森_くるみ
1975,宮城,くるみ,くるみ,35.0,35.0,35.0,num,(t),all_listed,,edfa08000_s50.xls,1975.0,0.0,0.0,3.58351893845611,宮城_1975,くるみ_1975,宮城_くるみ
1975,秋田,くるみ,くるみ,5.0,5.0,5.0,num,(t),all_listed,,edfa08000_s50.xls,1982.0,-7.0,-7.0,1.791759469228055,秋田_1975,くるみ_1975,秋田_くるみ
1975,山形,くるみ,くるみ,6.0,6.0,6.0,num,(t),all_listed,,edfa08000_s50.xls,1978.0,-3.0,-3.0,1.9459101490553132,山形_1975,くるみ_1975,山形_くるみ
1975,新潟,くるみ,くるみ,33.0,33.0,33.0,num,(t),all_listed,,edfa08000_s50.xls,1977.0,-2.0,-2.0,3.5263605246161616,新潟_1975,くるみ_1975,新潟_くるみ
1975,山梨,くるみ,くるみ,1.0,1.0,1.0,num,(t),all_listed,,edfa08000_s50.xls,1978.0,-3.0,-3.0,0.6931471805599453,山梨_1975,くるみ_1975,山梨_くるみ
1975,長野,くるみ,くるみ,41.0,41.0,41.0,num,(t),all_listed,,edfa08000_s50.xls,1981.0,-6.0,-6.0,3.7376696182833684,長野_1975,くるみ_1975,長野_くるみ
1975,北海道,なめこ,なめこ,470.0,470.0,470.0,num,(t),all_listed,,edfa08000_s50.xls,,,,6.154858094016418,北海道_1975,なめこ_1975,北海道_なめこ
1975,青森,なめこ,なめこ,843.0,843.0,843.0,num,(t),all_listed,,edfa08000_s50.xls,,,,6.738152494595957,青森_1975,なめこ_1975,青森_なめこ
1975,宮城,なめこ,なめこ,414.0,414.0,414.0,num,(t),all_listed,,edfa08000_s50.xls,1975.0,0.0,0.0,6.028278520230698,宮城_1975,なめこ_1975,宮城_なめこ
1975,秋田,なめこ,なめこ,735.0,735.0,735.0,num,(t),all_listed,,edfa08000_s50.xls,1982.0,-7.0,-7.0,6.601230118728877,秋田_1975,なめこ_1975,秋田_なめこ
1975,山形,なめこ,なめこ,1295.0,1295.0,1295.0,num,(t),all_listed,,edfa08000_s50.xls,1978.0,-3.0,-3.0,7.16703787691222,山形_1975,なめこ_1975,山形_なめこ
1975,新潟,なめこ,なめこ,534.0,534.0,534.0,num,(t),all_listed,,edfa08000_s50.xls,1977.0,-2.0,-2.0,6.282266746896006,新潟_1975,なめこ_1975,新潟_なめこ
1975,山梨,なめこ,なめこ,139.0,139.0,139.0,num,(t),all_listed,,edfa08000_s50.xls,1978.0,-3.0,-3.0,4.941642422609304,山梨_1975,なめこ_1975,山梨_なめこ
1975,長野,なめこ,なめこ,1135.0,1135.0,1135.0,num,(t),all_listed,,edfa08000_s50.xls,1981.0,-6.0,-6.0,7.035268599281097,長野_1975,なめこ_1975,長野_なめこ
1975,北海道,まつたけ,まつたけ,0.0,0.0,0.0,num,(t),all_listed,,edfa08000_s50.xls,,,,0.0,北海道_1975,まつたけ_1975,北海道_まつたけ
1975,青森,まつたけ,まつたけ,0.0,0.0,0.0,num,(t),all_listed,,edfa08000_s50.xls,,,,0.0,青森_1975,まつたけ_1975,青森_まつたけ
1975,宮城,まつたけ,まつたけ,0.0,0.0,0.0,num,(t),all_listed,,edfa08000_s50.xls,1975.0,0.0,0.0,0.0,宮城_1975,まつたけ_1975,宮城_まつたけ
1975,秋田,まつたけ,まつたけ,1.0,1.0,1.0,num,(t),all_listed,,edfa08000_s50.xls,1982.0,-7.0,-7.0,0.6931471805599453,秋田_1975,まつたけ_1975,秋田_まつたけ
1975,山形,まつたけ,まつたけ,4.0,4.0,4.0,num,(t),all_listed,,edfa08000_s50.xls,1978.0,-3.0,-3.0,1.6094379124341003,山形_1975,まつたけ_1975,山形_まつたけ
1975,新潟,まつたけ,まつたけ,2.0,2.0,2.0,num,(t),all_listed,,edfa08000_s50.xls,1977.0,-2.0,-2.0,1.0986122886681098,新潟_1975,まつたけ_1975,新潟_まつたけ
1975,山梨,まつたけ,まつたけ,0.0,0.0,0.0,num,(t),all_listed,,edfa08000_s50.xls,1978.0,-3.0,-3.0,0.0,山梨_1975,まつたけ_1975,山梨_まつたけ
1975,長野,まつたけ,まつたけ,21.0,21.0,21.0,num,(t),all_listed,,edfa08000_s50.xls,1981.0,-6.0,-6.0,3.091042453358316,長野_1975,まつたけ_1975,長野_まつたけ
1975,北海道,生しいたけ,生しいたけ,848.0,848.0,848.0,num,(t),all_listed,,edfa08000_s50.xls,,,,6.744059186311348,北海道_1975,生しいたけ_1975,北海道_生しいたけ
1975,青森,生しいたけ,生しいたけ,718.0,718.0,718.0,num,(t),all_listed,,edfa08000_s50.xls,,,,6.577861357721047,青森_1975,生しいたけ_1975,青森_生しいたけ
1975,宮城,生しいたけ,生しいたけ,940.0,940.0,940.0,num,(t),all_listed,,edfa08000_s50.xls,1975.0,0.0,0.0,6.846943139585379,宮城_1975,生しいたけ_1975,宮城_生しいたけ
1975,秋田,生しいたけ,生しいたけ,973.0,973.0,973.0,num,(t),all_listed,,edfa08000_s50.xls,1982.0,-7.0,-7.0,6.881411303642535,秋田_1975,生しいたけ_1975,秋田_生しいたけ
1975,山形,生しいたけ,生しいたけ,431.0,431.0,431.0,num,(t),all_listed,,edfa08000_s50.xls,1978.0,-3.0,-3.0,6.068425588244111,山形_1975,生しいたけ_1975,山形_生しいたけ
1975,新潟,生しいたけ,生しいたけ,508.0,508.0,508.0,num,(t),all_listed,,edfa08000_s50.xls,1977.0,-2.0,-2.0,6.2324480165505225,新潟_1975,生しいたけ_1975,新潟_生しいたけ
1975,山梨,生しいたけ,生しいたけ,599.0,599.0,599.0,num,(t),all_listed,,edfa08000_s50.xls,1978.0,-3.0,-3.0,6.396929655216146,山梨_1975,生しいたけ_1975,山梨_生しいたけ
1975,長野,生しいたけ,生しいたけ,911.0,911.0,911.0,num,(t),all_listed,,edfa08000_s50.xls,1981.0,-6.0,-6.0,6.815639990074331,長野_1975,生しいたけ_1975,長野_生しいたけ
1976,北海道,くるみ,くるみ,2.0,2.0,2.0,num,(t),all_listed,,edfa08000_s51.xls,,,,1.0986122886681098,北海道_1976,くるみ_1976,北海道_くるみ
1976,青森,くるみ,くるみ,28.0,28.0,28.0,num,(t),all_listed,,edfa08000_s51.xls,,,,3.367295829986474,青森_1976,くるみ_1976,青森_くるみ
1976,宮城,くるみ,くるみ,33.0,33.0,33.0,num,(t),all_listed,,edfa08000_s51.xls,1975.0,1.0,1.0,3.5263605246161616,宮城_1976,くるみ_1976,宮城_くるみ
1976,秋田,くるみ,くるみ,3.0,3.0,3.0,num,(t),all_listed,,edfa08000_s51.xls,1982.0,-6.0,-6.0,1.3862943611198906,秋田_1976,くるみ_1976,秋田_くるみ
1976,山形,くるみ,くるみ,4.0,4.0,4.0,num,(t),all_listed,,edfa08000_s51.xls,1978.0,-2.0,-2.0,1.6094379124341003,山形_1976,くるみ_1976,山形_くるみ
1976,新潟,くるみ,くるみ,36.0,36.0,36.0,num,(t),all_listed,,edfa08000_s51.xls,1977.0,-1.0,-1.0,3.6109179126442243,新潟_1976,くるみ_1976,新潟_くるみ
1976,山梨,くるみ,くるみ,0.0,0.0,0.0,num,(t),all_listed,,edfa08000_s51.xls,1978.0,-2.0,-2.0,0.0,山梨_1976,くるみ_1976,山梨_くるみ
1976,長野,くるみ,くるみ,232.0,232.0,232.0,num,(t),all_listed,,edfa08000_s51.xls,1981.0,-5.0,-5.0,5.4510384535657,長野_1976,くるみ_1976,長野_くるみ
1976,北海道,なめこ,なめこ,433.0,433.0,433.0,num,(t),all_listed,,edfa08000_s51.xls,,,,6.073044534100405,北海道_1976,なめこ_1976,北海道_なめこ
1976,青森,なめこ,なめこ,726.0,726.0,726.0,num,(t),all_listed,,edfa08000_s51.xls,,,,6.588926477533519,青森_1976,なめこ_1976,青森_なめこ
1976,宮城,なめこ,なめこ,549.0,549.0,549.0,num,(t),all_listed,,edfa08000_s51.xls,1975.0,1.0,1.0,6.309918278226516,宮城_1976,なめこ_1976,宮城_なめこ
1976,秋田,なめこ,なめこ,622.0,622.0,622.0,num,(t),all_listed,,edfa08000_s51.xls,1982.0,-6.0,-6.0,6.434546518787453,秋田_1976,なめこ_1976,秋田_なめこ
1976,山形,なめこ,なめこ,1352.0,1352.0,1352.0,num,(t),all_listed,,edfa08000_s51.xls,1978.0,-2.0,-2.0,7.210079628170788,山形_1976,なめこ_1976,山形_なめこ
1976,新潟,なめこ,なめこ,554.0,554.0,554.0,num,(t),all_listed,,edfa08000_s51.xls,1977.0,-1.0,-1.0,6.318968113746434,新潟_1976,なめこ_1976,新潟_なめこ
1976,山梨,なめこ,なめこ,139.0,139.0,139.0,num,(t),all_listed,,edfa08000_s51.xls,1978.0,-2.0,-2.0,4.941642422609304,山梨_1976,なめこ_1976,山梨_なめこ
1976,長野,なめこ,なめこ,1018.0,1018.0,1018.0,num,(t),all_listed,,edfa08000_s51.xls,1981.0,-5.0,-5.0,6.926577033222725,長野_1976,なめこ_1976,長野_なめこ
1976,北海道,まつたけ,まつたけ,0.0,0.0,0.0,num,(t),all_listed,,edfa08000_s51.xls,,,,0.0,北海道_1976,まつたけ_1976,北海道_まつたけ
1976,青森,まつたけ,まつたけ,0.0,0.0,0.0,num,(t),all_listed,,edfa08000_s51.xls,,,,0.0,青森_1976,まつたけ_1976,青森_まつたけ
1976,宮城,まつたけ,まつたけ,0.0,0.0,0.0,num,(t),all_listed,,edfa08000_s51.xls,1975.0,1.0,1.0,0.0,宮城_1976,まつたけ_1976,宮城_まつたけ
1976,秋田,まつたけ,まつたけ,1.0,1.0,1.0,num,(t),all_listed,,edfa08000_s51.xls,1982.0,-6.0,-6.0,0.6931471805599453,秋田_1976,まつたけ_1976,秋田_まつたけ
1976,山形,まつたけ,まつたけ,9.0,9.0,9.0,num,(t),all_listed,,edfa08000_s51.xls,1978.0,-2.0,-2.0,2.302585092994046,山形_1976,まつたけ_1976,山形_まつたけ
1976,新潟,まつたけ,まつたけ,2.0,2.0,2.0,num,(t),all_listed,,edfa08000_s51.xls,1977.0,-1.0,-1.0,1.0986122886681098,新潟_1976,まつたけ_1976,新潟_まつたけ
1976,山梨,まつたけ,まつたけ,0.0,0.0,0.0,num,(t),all_listed,,edfa08000_s51.xls,1978.0,-2.0,-2.0,0.0,山梨_1976,まつたけ_1976,山梨_まつたけ
1976,長野,まつたけ,まつたけ,56.0,56.0,56.0,num,(t),all_listed,,edfa08000_s51.xls,1981.0,-5.0,-5.0,4.04305126783455,長野_1976,まつたけ_1976,長野_まつたけ
1976,北海道,生しいたけ,生しいたけ,947.0,947.0,947.0,num,(t),all_listed,,edfa08000_s51.xls,,,,6.854354502255021,北海道_1976,生しいたけ_1976,北海道_生しいたけ
1976,青森,生しいたけ,生しいたけ,960.0,960.0,960.0,num,(t),all_listed,,edfa08000_s51.xls,,,,6.8679744089702925,青森_1976,生しいたけ_1976,青森_生しいたけ
1976,宮城,生しいたけ,生しいたけ,1192.0,1192.0,1192.0,num,(t),all_listed,,edfa08000_s51.xls,1975.0,1.0,1.0,7.084226422097916,宮城_1976,生しいたけ_1976,宮城_生しいたけ
1976,秋田,生しいたけ,生しいたけ,1202.0,1202.0,1202.0,num,(t),all_listed,,edfa08000_s51.xls,1982.0,-6.0,-6.0,7.0925737159746784,秋田_1976,生しいたけ_1976,秋田_生しいたけ
1976,山形,生しいたけ,生しいたけ,592.0,592.0,592.0,num,(t),all_listed,,edfa08000_s51.xls,1978.0,-2.0,-2.0,6.385194398997726,山形_1976,生しいたけ_1976,山形_生しいたけ
1976,新潟,生しいたけ,生しいたけ,815.0,815.0,815.0,num,(t),all_listed,,edfa08000_s51.xls,1977.0,-1.0,-1.0,6.704414354964107,新潟_1976,生しいたけ_1976,新潟_生しいたけ
1976,山梨,生しいたけ,生しいたけ,790.0,790.0,790.0,num,(t),all_listed,,edfa08000_s51.xls,1978.0,-2.0,-2.0,6.673297967767654,山梨_1976,生しいたけ_1976,山梨_生しいたけ
1976,長野,生しいたけ,生しいたけ,1074.0,1074.0,1074.0,num,(t),all_listed,,edfa08000_s51.xls,1981.0,-5.0,-5.0,6.980075940561763,長野_1976,生しいたけ_1976,長野_生しいたけ
1977,北海道,くるみ,くるみ,2.0,2.0,2.0,num,(t),all_listed,,edfa08000_s52.xls,,,,1.0986122886681098,北海道_1977,くるみ_1977,北海道_くるみ
1977,青森,くるみ,くるみ,10.0,10.0,10.0,num,(t),all_listed,,edfa08000_s52.xls,,,,2.3978952727983707,青森_1977,くるみ_1977,青森_くるみ
1977,宮城,くるみ,くるみ,24.0,24.0,24.0,num,(t),all_listed,,edfa08000_s52.xls,1975.0,2.0,2.0,3.2188758248682006,宮城_1977,くるみ_1977,宮城_くるみ
1977,秋田,くるみ,くるみ,3.0,3.0,3.0,num,(t),all_listed,,edfa08000_s52.xls,1982.0,-5.0,-5.0,1.3862943611198906,秋田_1977,くるみ_1977,秋田_くるみ
1977,山形,くるみ,くるみ,3.0,3.0,3.0,num,(t),all_listed,,edfa08000_s52.xls,1978.0,-1.0,-1.0,1.3862943611198906,山形_1977,くるみ_1977,山形_くるみ
1977,新潟,くるみ,くるみ,30.0,30.0,30.0,num,(t),all_listed,,edfa08000_s52.xls,1977.0,0.0,0.0,3.4339872044851463,新潟_1977,くるみ_1977,新潟_くるみ
1977,山梨,くるみ,くるみ,0.0,0.0,0.0,num,(t),all_listed,,edfa08000_s52.xls,1978.0,-1.0,-1.0,0.0,山梨_1977,くるみ_1977,山梨_くるみ
1977,長野,くるみ,くるみ,252.0,252.0,252.0,num,(t),all_listed,,edfa08000_s52.xls,1981.0,-4.0,-4.0,5.53338948872752,長野_1977,くるみ_1977,長野_くるみ
1977,北海道,なめこ,なめこ,471.0,471.0,471.0,num,(t),all_listed,,edfa08000_s52.xls,,,,6.156978985585555,北海道_1977,なめこ_1977,北海道_なめこ
1977,青森,なめこ,なめこ,920.0,920.0,920.0,num,(t),all_listed,,edfa08000_s52.xls,,,,6.825460036255307,青森_1977,なめこ_1977,青森_なめこ
1977,宮城,なめこ,なめこ,562.0,562.0,562.0,num,(t),all_listed,,edfa08000_s52.xls,1975.0,2.0,2.0,6.333279628139691,宮城_1977,なめこ_1977,宮城_なめこ
1977,秋田,なめこ,なめこ,688.0,688.0,688.0,num,(t),all_listed,,edfa08000_s52.xls,1982.0,-5.0,-5.0,6.535241271013659,秋田_1977,なめこ_1977,秋田_なめこ
1977,山形,なめこ,なめこ,1352.0,1352.0,1352.0,num,(t),all_listed,,edfa08000_s52.xls,1978.0,-1.0,-1.0,7.210079628170788,山形_1977,なめこ_1977,山形_なめこ
1977,新潟,なめこ,なめこ,616.0,616.0,616.0,num,(t),all_listed,,edfa08000_s52.xls,1977.0,0.0,0.0,6.424869023905388,新潟_1977,なめこ_1977,新潟_なめこ
1977,山梨,なめこ,なめこ,93.0,93.0,93.0,num,(t),all_listed,,edfa08000_s52.xls,1978.0,-1.0,-1.0,4.543294782270004,山梨_1977,なめこ_1977,山梨_なめこ
1977,長野,なめこ,なめこ,1001.0,1001.0,1001.0,num,(t),all_listed,,edfa08000_s52.xls,1981.0,-4.0,-4.0,6.90975328164481,長野_1977,なめこ_1977,長野_なめこ
1977,北海道,まつたけ,まつたけ,0.0,0.0,0.0,num,(t),all_listed,,edfa08000_s52.xls,,,,0.0,北海道_1977,まつたけ_1977,北海道_まつたけ
1977,青森,まつたけ,まつたけ,0.0,0.0,0.0,num,(t),all_listed,,edfa08000_s52.xls,,,,0.0,青森_1977,まつたけ_1977,青森_まつたけ
1977,宮城,まつたけ,まつたけ,0.0,0.0,0.0,num,(t),all_listed,,edfa08000_s52.xls,1975.0,2.0,2.0,0.0,宮城_1977,まつたけ_1977,宮城_まつたけ
1977,秋田,まつたけ,まつたけ,1.0,1.0,1.0,num,(t),all_listed,,edfa08000_s52.xls,1982.0,-5.0,-5.0,0.6931471805599453,秋田_1977,まつたけ_1977,秋田_まつたけ
1977,山形,まつたけ,まつたけ,0.0,0.0,0.0,num,(t),all_listed,,edfa08000_s52.xls,1978.0,-1.0,-1.0,0.0,山形_1977,まつたけ_1977,山形_まつたけ
1977,新潟,まつたけ,まつたけ,0.0,0.0,0.0,num,(t),all_listed,,edfa08000_s52.xls,1977.0,0.0,0.0,0.0,新潟_1977,まつたけ_1977,新潟_まつたけ
1977,山梨,まつたけ,まつたけ,0.0,0.0,0.0,num,(t),all_listed,,edfa08000_s52.xls,1978.0,-1.0,-1.0,0.0,山梨_1977,まつたけ_1977,山梨_まつたけ
1977,長野,まつたけ,まつたけ,29.0,29.0,29.0,num,(t),all_listed,,edfa08000_s52.xls,1981.0,-4.0,-4.0,3.4011973816621555,長野_1977,まつたけ_1977,長野_まつたけ
1977,北海道,生しいたけ,生しいたけ,836.0,836.0,836.0,num,(t),all_listed,,edfa08000_s52.xls,,,,6.729824070489475,北海道_1977,生しいたけ_1977,北海道_生しいたけ
1977,青森,生しいたけ,生しいたけ,1383.0,1383.0,1383.0,num,(t),all_listed,,edfa08000_s52.xls,,,,7.232733136177615,青森_1977,生しいたけ_1977,青森_生しいたけ
1977,宮城,生しいたけ,生しいたけ,1488.0,1488.0,1488.0,num,(t),all_listed,,edfa08000_s52.xls,1975.0,2.0,2.0,7.305860032684009,宮城_1977,生しいたけ_1977,宮城_生しいたけ
1977,秋田,生しいたけ,生しいたけ,1339.0,1339.0,1339.0,num,(t),all_listed,,edfa08000_s52.xls,1982.0,-5.0,-5.0,7.200424892944957,秋田_1977,生しいたけ_1977,秋田_生しいたけ
1977,山形,生しいたけ,生しいたけ,623.0,623.0,623.0,num,(t),all_listed,,edfa08000_s52.xls,1978.0,-1.0,-1.0,6.436150368369428,山形_1977,生しいたけ_1977,山形_生しいたけ
1977,新潟,生しいたけ,生しいたけ,869.0,869.0,869.0,num,(t),all_listed,,edfa08000_s52.xls,1977.0,0.0,0.0,6.76849321164863,新潟_1977,生しいたけ_1977,新潟_生しいたけ
1977,山梨,生しいたけ,生しいたけ,1040.0,1040.0,1040.0,num,(t),all_listed,,edfa08000_s52.xls,1978.0,-1.0,-1.0,6.947937068614969,山梨_1977,生しいたけ_1977,山梨_生しいたけ
1977,長野,生しいたけ,生しいたけ,1131.0,1131.0,1131.0,num,(t),all_listed,,edfa08000_s52.xls,1981.0,-4.0,-4.0,7.0317412587631285,長野_1977,生しいたけ_1977,長野_生しいたけ
1978,北海道,くるみ,くるみ,1.0,1.0,1.0,num,(t),all_listed,,edfa08000_s53.xls,,,,0.6931471805599453,北海道_1978,くるみ_1978,北海道_くるみ
1978,青森,くるみ,くるみ,28.0,28.0,28.0,num,(t),all_listed,,edfa08000_s53.xls,,,,3.367295829986474,青森_1978,くるみ_1978,青森_くるみ
1978,宮城,くるみ,くるみ,22.0,22.0,22.0,num,(t),all_listed,,edfa08000_s53.xls,1975.0,3.0,3.0,3.1354942159291497,宮城_1978,くるみ_1978,宮城_くるみ
1978,秋田,くるみ,くるみ,3.0,3.0,3.0,num,(t),all_listed,,edfa08000_s53.xls,1982.0,-4.0,-4.0,1.3862943611198906,秋田_1978,くるみ_1978,秋田_くるみ
1978,山形,くるみ,くるみ,12.0,12.0,12.0,num,(t),all_listed,,edfa08000_s53.xls,1978.0,0.0,0.0,2.5649493574615367,山形_1978,くるみ_1978,山形_くるみ
1978,新潟,くるみ,くるみ,26.0,26.0,26.0,num,(t),all_listed,,edfa08000_s53.xls,1977.0,1.0,1.0,3.295836866004329,新潟_1978,くるみ_1978,新潟_くるみ
1978,山梨,くるみ,くるみ,0.0,0.0,0.0,num,(t),all_listed,,edfa08000_s53.xls,1978.0,0.0,0.0,0.0,山梨_1978,くるみ_1978,山梨_くるみ
1978,長野,くるみ,くるみ,32.0,32.0,32.0,num,(t),all_listed,,edfa08000_s53.xls,1981.0,-3.0,-3.0,3.4965075614664802,長野_1978,くるみ_1978,長野_くるみ
1978,北海道,なめこ,なめこ,533.0,533.0,533.0,num,(t),all_listed,,edfa08000_s53.xls,,,,6.280395838960195,北海道_1978,なめこ_1978,北海道_なめこ
1978,青森,なめこ,なめこ,1053.0,1053.0,1053.0,num,(t),all_listed,,edfa08000_s53.xls,,,,6.960347729101308,青森_1978,なめこ_1978,青森_なめこ
1978,宮城,なめこ,なめこ,639.0,639.0,639.0,num,(t),all_listed,,edfa08000_s53.xls,1975.0,3.0,3.0,6.461468176353717,宮城_1978,なめこ_1978,宮城_なめこ
1978,秋田,なめこ,なめこ,877.0,877.0,877.0,num,(t),all_listed,,edfa08000_s53.xls,1982.0,-4.0,-4.0,6.777646593635117,秋田_1978,なめこ_1978,秋田_なめこ
1978,山形,なめこ,なめこ,1708.0,1708.0,1708.0,num,(t),all_listed,,edfa08000_s53.xls,1978.0,0.0,0.0,7.443663683115591,山形_1978,なめこ_1978,山形_なめこ
1978,新潟,なめこ,なめこ,608.0,608.0,608.0,num,(t),all_listed,,edfa08000_s53.xls,1977.0,1.0,1.0,6.411818267709897,新潟_1978,なめこ_1978,新潟_なめこ
1978,山梨,なめこ,なめこ,113.0,113.0,113.0,num,(t),all_listed,,edfa08000_s53.xls,1978.0,0.0,0.0,4.736198448394496,山梨_1978,なめこ_1978,山梨_なめこ
1978,長野,なめこ,なめこ,1278.0,1278.0,1278.0,num,(t),all_listed,,edfa08000_s53.xls,1981.0,-3.0,-3.0,7.153833801578843,長野_1978,なめこ_1978,長野_なめこ
1978,北海道,まつたけ,まつたけ,0.0,0.0,0.0,num,(t),all_listed,,edfa08000_s53.xls,,,,0.0,北海道_1978,まつたけ_1978,北海道_まつたけ
1978,青森,まつたけ,まつたけ,0.0,0.0,0.0,num,(t),all_listed,,edfa08000_s53.xls,,,,0.0,青森_1978,まつたけ_1978,青森_まつたけ
1978,宮城,まつたけ,まつたけ,0.0,0.0,0.0,num,(t),all_listed,,edfa08000_s53.xls,1975.0,3.0,3.0,0.0,宮城_1978,まつたけ_1978,宮城_まつたけ
1978,秋田,まつたけ,まつたけ,1.0,1.0,1.0,num,(t),all_listed,,edfa08000_s53.xls,1982.0,-4.0,-4.0,0.6931471805599453,秋田_1978,まつたけ_1978,秋田_まつたけ
1978,山形,まつたけ,まつたけ,6.0,6.0,6.0,num,(t),all_listed,,edfa08000_s53.xls,1978.0,0.0,0.0,1.9459101490553132,山形_1978,まつたけ_1978,山形_まつたけ
1978,新潟,まつたけ,まつたけ,3.0,3.0,3.0,num,(t),all_listed,,edfa08000_s53.xls,1977.0,1.0,1.0,1.3862943611198906,新潟_1978,まつたけ_1978,新潟_まつたけ
1978,山梨,まつたけ,まつたけ,0.0,0.0,0.0,num,(t),all_listed,,edfa08000_s53.xls,1978.0,0.0,0.0,0.0,山梨_1978,まつたけ_1978,山梨_まつたけ
1978,長野,まつたけ,まつたけ,44.0,44.0,44.0,num,(t),all_listed,,edfa08000_s53.xls,1981.0,-3.0,-3.0,3.8066624897703196,長野_1978,まつたけ_1978,長野_まつたけ
1978,北海道,生しいたけ,生しいたけ,955.0,955.0,955.0,num,(t),all_listed,,edfa08000_s53.xls,,,,6.862757913051401,北海道_1978,生しいたけ_1978,北海道_生しいたけ
1978,青森,生しいたけ,生しいたけ,1517.0,1517.0,1517.0,num,(t),all_listed,,edfa08000_s53.xls,,,,7.325148957955575,青森_1978,生しいたけ_1978,青森_生しいたけ
1978,宮城,生しいたけ,生しいたけ,1538.0,1538.0,1538.0,num,(t),all_listed,,edfa08000_s53.xls,1975.0,3.0,3.0,7.338888133838879,宮城_1978,生しいたけ_1978,宮城_生しいたけ
1978,秋田,生しいたけ,生しいたけ,1499.0,1499.0,1499.0,num,(t),all_listed,,edfa08000_s53.xls,1982.0,-4.0,-4.0,7.313220387090301,秋田_1978,生しいたけ_1978,秋田_生しいたけ
1978,山形,生しいたけ,生しいたけ,699.0,699.0,699.0,num,(t),all_listed,,edfa08000_s53.xls,1978.0,0.0,0.0,6.551080335043404,山形_1978,生しいたけ_1978,山形_生しいたけ
1978,新潟,生しいたけ,生しいたけ,878.0,878.0,878.0,num,(t),all_listed,,edfa08000_s53.xls,1977.0,1.0,1.0,6.778784897685177,新潟_1978,生しいたけ_1978,新潟_生しいたけ
1978,山梨,生しいたけ,生しいたけ,1302.0,1302.0,1302.0,num,(t),all_listed,,edfa08000_s53.xls,1978.0,0.0,0.0,7.172424577124845,山梨_1978,生しいたけ_1978,山梨_生しいたけ
1978,長野,生しいたけ,生しいたけ,1254.0,1254.0,1254.0,num,(t),all_listed,,edfa08000_s53.xls,1981.0,-3.0,-3.0,7.134890851565884,長野_1978,生しいたけ_1978,長野_生しいたけ
1979,北海道,くるみ,くるみ,0.0,0.0,0.0,num,(t),all_listed,,edfa08000_s54.xls,,,,0.0,北海道_1979,くるみ_1979,北海道_くるみ
1979,青森,くるみ,くるみ,9.0,9.0,9.0,num,(t),all_listed,,edfa08000_s54.xls,,,,2.302585092994046,青森_1979,くるみ_1979,青森_くるみ
1979,宮城,くるみ,くるみ,33.0,33.0,33.0,num,(t),all_listed,,edfa08000_s54.xls,1975.0,4.0,4.0,3.5263605246161616,宮城_1979,くるみ_1979,宮城_くるみ
1979,秋田,くるみ,くるみ,3.0,3.0,3.0,num,(t),all_listed,,edfa08000_s54.xls,1982.0,-3.0,-3.0,1.3862943611198906,秋田_1979,くるみ_1979,秋田_くるみ
1979,山形,くるみ,くるみ,5.0,5.0,5.0,num,(t),all_listed,,edfa08000_s54.xls,1978.0,1.0,1.0,1.791759469228055,山形_1979,くるみ_1979,山形_くるみ
1979,新潟,くるみ,くるみ,8.0,8.0,8.0,num,(t),all_listed,,edfa08000_s54.xls,1977.0,2.0,2.0,2.1972245773362196,新潟_1979,くるみ_1979,新潟_くるみ
1979,山梨,くるみ,くるみ,0.0,0.0,0.0,num,(t),all_listed,,edfa08000_s54.xls,1978.0,1.0,1.0,0.0,山梨_1979,くるみ_1979,山梨_くるみ
1979,長野,くるみ,くるみ,80.0,80.0,80.0,num,(t),all_listed,,edfa08000_s54.xls,1981.0,-2.0,-2.0,4.394449154672439,長野_1979,くるみ_1979,長野_くるみ
1979,北海道,なめこ,なめこ,789.0,789.0,789.0,num,(t),all_listed,,edfa08000_s54.xls,,,,6.672032945461067,北海道_1979,なめこ_1979,北海道_なめこ
1979,青森,なめこ,なめこ,1342.0,1342.0,1342.0,num,(t),all_listed,,edfa08000_s54.xls,,,,7.202661196523238,青森_1979,なめこ_1979,青森_なめこ
1979,宮城,なめこ,なめこ,820.0,820.0,820.0,num,(t),all_listed,,edfa08000_s54.xls,1975.0,4.0,4.0,6.710523109452428,宮城_1979,なめこ_1979,宮城_なめこ
1979,秋田,なめこ,なめこ,1011.0,1011.0,1011.0,num,(t),all_listed,,edfa08000_s54.xls,1982.0,-3.0,-3.0,6.919683849847411,秋田_1979,なめこ_1979,秋田_なめこ
1979,山形,なめこ,なめこ,1885.0,1885.0,1885.0,num,(t),all_listed,,edfa08000_s54.xls,1978.0,1.0,1.0,7.542213463193403,山形_1979,なめこ_1979,山形_なめこ
1979,新潟,なめこ,なめこ,669.0,669.0,669.0,num,(t),all_listed,,edfa08000_s54.xls,1977.0,2.0,2.0,6.507277712385012,新潟_1979,なめこ_1979,新潟_なめこ
1979,山梨,なめこ,なめこ,119.0,119.0,119.0,num,(t),all_listed,,edfa08000_s54.xls,1978.0,1.0,1.0,4.787491742782046,山梨_1979,なめこ_1979,山梨_なめこ
1979,長野,なめこ,なめこ,1906.0,1906.0,1906.0,num,(t),all_listed,,edfa08000_s54.xls,1981.0,-2.0,-2.0,7.553286605600419,長野_1979,なめこ_1979,長野_なめこ
1979,北海道,まつたけ,まつたけ,0.0,0.0,0.0,num,(t),all_listed,,edfa08000_s54.xls,,,,0.0,北海道_1979,まつたけ_1979,北海道_まつたけ
1979,青森,まつたけ,まつたけ,0.0,0.0,0.0,num,(t),all_listed,,edfa08000_s54.xls,,,,0.0,青森_1979,まつたけ_1979,青森_まつたけ
1979,宮城,まつたけ,まつたけ,1.0,1.0,1.0,num,(t),all_listed,,edfa08000_s54.xls,1975.0,4.0,4.0,0.6931471805599453,宮城_1979,まつたけ_1979,宮城_まつたけ
1979,秋田,まつたけ,まつたけ,1.0,1.0,1.0,num,(t),all_listed,,edfa08000_s54.xls,1982.0,-3.0,-3.0,0.6931471805599453,秋田_1979,まつたけ_1979,秋田_まつたけ
1979,山形,まつたけ,まつたけ,6.0,6.0,6.0,num,(t),all_listed,,edfa08000_s54.xls,1978.0,1.0,1.0,1.9459101490553132,山形_1979,まつたけ_1979,山形_まつたけ
1979,新潟,まつたけ,まつたけ,3.0,3.0,3.0,num,(t),all_listed,,edfa08000_s54.xls,1977.0,2.0,2.0,1.3862943611198906,新潟_1979,まつたけ_1979,新潟_まつたけ
1979,山梨,まつたけ,まつたけ,0.0,0.0,0.0,num,(t),all_listed,,edfa08000_s54.xls,1978.0,1.0,1.0,0.0,山梨_1979,まつたけ_1979,山梨_まつたけ
1979,長野,まつたけ,まつたけ,56.0,56.0,56.0,num,(t),all_listed,,edfa08000_s54.xls,1981.0,-2.0,-2.0,4.04305126783455,長野_1979,まつたけ_1979,長野_まつたけ
1979,北海道,生しいたけ,生しいたけ,1956.0,1956.0,1956.0,num,(t),all_listed,,edfa08000_s54.xls,,,,7.579167967396076,北海道_1979,生しいたけ_1979,北海道_生しいたけ
1979,青森,生しいたけ,生しいたけ,3030.0,3030.0,3030.0,num,(t),all_listed,,edfa08000_s54.xls,,,,8.016647877057803,青森_1979,生しいたけ_1979,青森_生しいたけ
1979,宮城,生しいたけ,生しいたけ,2673.0,2673.0,2673.0,num,(t),all_listed,,edfa08000_s54.xls,1975.0,4.0,4.0,7.891330757661889,宮城_1979,生しいたけ_1979,宮城_生しいたけ
1979,秋田,生しいたけ,生しいたけ,2407.0,2407.0,2407.0,num,(t),all_listed,,edfa08000_s54.xls,1982.0,-3.0,-3.0,7.786551806428712,秋田_1979,生しいたけ_1979,秋田_生しいたけ
1979,山形,生しいたけ,生しいたけ,1214.0,1214.0,1214.0,num,(t),all_listed,,edfa08000_s54.xls,1978.0,1.0,1.0,7.102499355774649,山形_1979,生しいたけ_1979,山形_生しいたけ
1979,新潟,生しいたけ,生しいたけ,1584.0,1584.0,1584.0,num,(t),all_listed,,edfa08000_s54.xls,1977.0,2.0,2.0,7.368339686311381,新潟_1979,生しいたけ_1979,新潟_生しいたけ
1979,山梨,生しいたけ,生しいたけ,2444.0,2444.0,2444.0,num,(t),all_listed,,edfa08000_s54.xls,1978.0,1.0,1.0,7.801800401908973,山梨_1979,生しいたけ_1979,山梨_生しいたけ
1979,長野,生しいたけ,生しいたけ,2113.0,2113.0,2113.0,num,(t),all_listed,,edfa08000_s54.xls,1981.0,-2.0,-2.0,7.656337166430183,長野_1979,生しいたけ_1979,長野_生しいたけ
1980,北海道,くるみ,くるみ,1.0,1.0,1.0,num,(t),all_listed,,edfa08000_s55.xls,,,,0.6931471805599453,北海道_1980,くるみ_1980,北海道_くるみ
1980,青森,くるみ,くるみ,5.0,5.0,5.0,num,(t),all_listed,,edfa08000_s55.xls,,,,1.791759469228055,青森_1980,くるみ_1980,青森_くるみ
1980,宮城,くるみ,くるみ,2.0,2.0,2.0,num,(t),all_listed,,edfa08000_s55.xls,1975.0,5.0,5.0,1.0986122886681098,宮城_1980,くるみ_1980,宮城_くるみ
1980,秋田,くるみ,くるみ,3.0,3.0,3.0,num,(t),all_listed,,edfa08000_s55.xls,1982.0,-2.0,-2.0,1.3862943611198906,秋田_1980,くるみ_1980,秋田_くるみ
1980,山形,くるみ,くるみ,2.0,2.0,2.0,num,(t),all_listed,,edfa08000_s55.xls,1978.0,2.0,2.0,1.0986122886681098,山形_1980,くるみ_1980,山形_くるみ
1980,新潟,くるみ,くるみ,14.0,14.0,14.0,num,(t),all_listed,,edfa08000_s55.xls,1977.0,3.0,3.0,2.70805020110221,新潟_1980,くるみ_1980,新潟_くるみ
1980,山梨,くるみ,くるみ,0.0,0.0,0.0,num,(t),all_listed,,edfa08000_s55.xls,1978.0,2.0,2.0,0.0,山梨_1980,くるみ_1980,山梨_くるみ
1980,長野,くるみ,くるみ,78.0,78.0,78.0,num,(t),all_listed,,edfa08000_s55.xls,1981.0,-1.0,-1.0,4.3694478524670215,長野_1980,くるみ_1980,長野_くるみ
1980,北海道,なめこ,なめこ,521.0,521.0,521.0,num,(t),positive_only,,edfa08000_s55.xls,,,,6.257667587882639,北海道_1980,なめこ_1980,北海道_なめこ
1980,青森,なめこ,なめこ,1307.0,1307.0,1307.0,num,(t),positive_only,,edfa08000_s55.xls,,,,7.176254532017144,青森_1980,なめこ_1980,青森_なめこ
1980,宮城,なめこ,なめこ,750.0,750.0,750.0,num,(t),positive_only,,edfa08000_s55.xls,1975.0,5.0,5.0,6.621405651764134,宮城_1980,なめこ_1980,宮城_なめこ
1980,秋田,なめこ,なめこ,1139.0,1139.0,1139.0,num,(t),positive_only,,edfa08000_s55.xls,1982.0,-2.0,-2.0,7.038783541388542,秋田_1980,なめこ_1980,秋田_なめこ
1980,山形,なめこ,なめこ,2230.0,2230.0,2230.0,num,(t),positive_only,,edfa08000_s55.xls,1978.0,2.0,2.0,7.7102051944325325,山形_1980,なめこ_1980,山形_なめこ
1980,新潟,なめこ,なめこ,746.0,746.0,746.0,num,(t),positive_only,,edfa08000_s55.xls,1977.0,3.0,3.0,6.616065185132817,新潟_1980,なめこ_1980,新潟_なめこ
1980,山梨,なめこ,なめこ,92.0,92.0,92.0,num,(t),positive_only,,edfa08000_s55.xls,1978.0,2.0,2.0,4.532599493153256,山梨_1980,なめこ_1980,山梨_なめこ
1980,長野,なめこ,なめこ,2063.0,2063.0,2063.0,num,(t),positive_only,,edfa08000_s55.xls,1981.0,-1.0,-1.0,7.6324011266014535,長野_1980,なめこ_1980,長野_なめこ
1980,北海道,まつたけ,まつたけ,-,,0.0,zero_dash,(t),positive_only,,edfa08000_s55.xls,,,,0.0,北海道_1980,まつたけ_1980,北海道_まつたけ
1980,青森,まつたけ,まつたけ,-,,0.0,zero_dash,(t),positive_only,,edfa08000_s55.xls,,,,0.0,青森_1980,まつたけ_1980,青森_まつたけ
1980,宮城,まつたけ,まつたけ,0.0,0.0,0.0,num,(t),positive_only,,edfa08000_s55.xls,1975.0,5.0,5.0,0.0,宮城_1980,まつたけ_1980,宮城_まつたけ
1980,秋田,まつたけ,まつたけ,1.0,1.0,1.0,num,(t),positive_only,,edfa08000_s55.xls,1982.0,-2.0,-2.0,0.6931471805599453,秋田_1980,まつたけ_1980,秋田_まつたけ
1980,山形,まつたけ,まつたけ,2.0,2.0,2.0,num,(t),positive_only,,edfa08000_s55.xls,1978.0,2.0,2.0,1.0986122886681098,山形_1980,まつたけ_1980,山形_まつたけ
1980,新潟,まつたけ,まつたけ,3.0,3.0,3.0,num,(t),positive_only,,edfa08000_s55.xls,1977.0,3.0,3.0,1.3862943611198906,新潟_1980,まつたけ_1980,新潟_まつたけ
1980,山梨,まつたけ,まつたけ,-,,0.0,zero_dash,(t),positive_only,,edfa08000_s55.xls,1978.0,2.0,2.0,0.0,山梨_1980,まつたけ_1980,山梨_まつたけ
1980,長野,まつたけ,まつたけ,29.0,29.0,29.0,num,(t),positive_only,,edfa08000_s55.xls,1981.0,-1.0,-1.0,3.4011973816621555,長野_1980,まつたけ_1980,長野_まつたけ
1980,北海道,生しいたけ,生しいたけ,1190.0,1190.0,1190.0,num,(t),all_listed,,edfa08000_s55.xls,,,,7.0825485693553,北海道_1980,生しいたけ_1980,北海道_生しいたけ
1980,青森,生しいたけ,生しいたけ,1657.0,1657.0,1657.0,num,(t),all_listed,,edfa08000_s55.xls,,,,7.4133673356952405,青森_1980,生しいたけ_1980,青森_生しいたけ
1980,宮城,生しいたけ,生しいたけ,1726.0,1726.0,1726.0,num,(t),all_listed,,edfa08000_s55.xls,1975.0,5.0,5.0,7.454141078146678,宮城_1980,生しいたけ_1980,宮城_生しいたけ
1980,秋田,生しいたけ,生しいたけ,1653.0,1653.0,1653.0,num,(t),all_listed,,edfa08000_s55.xls,1982.0,-2.0,-2.0,7.4109518755836366,秋田_1980,生しいたけ_1980,秋田_生しいたけ
1980,山形,生しいたけ,生しいたけ,1000.0,1000.0,1000.0,num,(t),all_listed,,edfa08000_s55.xls,1978.0,2.0,2.0,6.90875477931522,山形_1980,生しいたけ_1980,山形_生しいたけ
1980,新潟,生しいたけ,生しいたけ,1071.0,1071.0,1071.0,num,(t),all_listed,,edfa08000_s55.xls,1977.0,3.0,3.0,6.977281341630747,新潟_1980,生しいたけ_1980,新潟_生しいたけ
1980,山梨,生しいたけ,生しいたけ,1635.0,1635.0,1635.0,num,(t),all_listed,,edfa08000_s55.xls,1978.0,2.0,2.0,7.400009517162692,山梨_1980,生しいたけ_1980,山梨_生しいたけ
1980,長野,生しいたけ,生しいたけ,1349.0,1349.0,1349.0,num,(t),all_listed,,edfa08000_s55.xls,1981.0,-1.0,-1.0,7.2078598714324755,長野_1980,生しいたけ_1980,長野_生しいたけ
1981,北海道,くるみ,くるみ,2.0,2.0,2.0,num,(t),positive_only,,edfa08000_s56.xls,,,,1.0986122886681098,北海道_1981,くるみ_1981,北海道_くるみ
1981,青森,くるみ,くるみ,3.0,3.0,3.0,num,(t),positive_only,,edfa08000_s56.xls,,,,1.3862943611198906,青森_1981,くるみ_1981,青森_くるみ
1981,宮城,くるみ,くるみ,2.0,2.0,2.0,num,(t),positive_only,,edfa08000_s56.xls,1975.0,6.0,6.0,1.0986122886681098,宮城_1981,くるみ_1981,宮城_くるみ
1981,秋田,くるみ,くるみ,1.0,1.0,1.0,num,(t),positive_only,,edfa08000_s56.xls,1982.0,-1.0,-1.0,0.6931471805599453,秋田_1981,くるみ_1981,秋田_くるみ
1981,山形,くるみ,くるみ,9.0,9.0,9.0,num,(t),positive_only,,edfa08000_s56.xls,1978.0,3.0,3.0,2.302585092994046,山形_1981,くるみ_1981,山形_くるみ
1981,新潟,くるみ,くるみ,9.0,9.0,9.0,num,(t),positive_only,,edfa08000_s56.xls,1977.0,4.0,4.0,2.302585092994046,新潟_1981,くるみ_1981,新潟_くるみ
1981,山梨,くるみ,くるみ,-,,0.0,zero_dash,(t),positive_only,,edfa08000_s56.xls,1978.0,3.0,3.0,0.0,山梨_1981,くるみ_1981,山梨_くるみ
1981,長野,くるみ,くるみ,54.0,54.0,54.0,num,(t),positive_only,,edfa08000_s56.xls,1981.0,0.0,0.0,4.007333185232471,長野_1981,くるみ_1981,長野_くるみ
1981,北海道,なめこ,なめこ,500.0,500.0,500.0,num,(t),positive_only,,edfa08000_s56.xls,,,,6.2166061010848646,北海道_1981,なめこ_1981,北海道_なめこ
1981,青森,なめこ,なめこ,1069.0,1069.0,1069.0,num,(t),positive_only,,edfa08000_s56.xls,,,,6.975413927455952,青森_1981,なめこ_1981,青森_なめこ
1981,宮城,なめこ,なめこ,690.0,690.0,690.0,num,(t),positive_only,,edfa08000_s56.xls,1975.0,6.0,6.0,6.53813982376767,宮城_1981,なめこ_1981,宮城_なめこ
1981,秋田,なめこ,なめこ,1123.0,1123.0,1123.0,num,(t),positive_only,,edfa08000_s56.xls,1982.0,-1.0,-1.0,7.024649030453636,秋田_1981,なめこ_1981,秋田_なめこ
1981,山形,なめこ,なめこ,2355.0,2355.0,2355.0,num,(t),positive_only,,edfa08000_s56.xls,1978.0,3.0,3.0,7.764720544771477,山形_1981,なめこ_1981,山形_なめこ
1981,新潟,なめこ,なめこ,706.0,706.0,706.0,num,(t),positive_only,,edfa08000_s56.xls,1977.0,4.0,4.0,6.561030665896573,新潟_1981,なめこ_1981,新潟_なめこ
1981,山梨,なめこ,なめこ,80.0,80.0,80.0,num,(t),positive_only,,edfa08000_s56.xls,1978.0,3.0,3.0,4.394449154672439,山梨_1981,なめこ_1981,山梨_なめこ
1981,長野,なめこ,なめこ,2264.0,2264.0,2264.0,num,(t),positive_only,,edfa08000_s56.xls,1981.0,0.0,0.0,7.725330037917135,長野_1981,なめこ_1981,長野_なめこ
1981,北海道,まつたけ,まつたけ,-,,0.0,zero_dash,(t),positive_only,,edfa08000_s56.xls,,,,0.0,北海道_1981,まつたけ_1981,北海道_まつたけ
1981,青森,まつたけ,まつたけ,-,,0.0,zero_dash,(t),positive_only,,edfa08000_s56.xls,,,,0.0,青森_1981,まつたけ_1981,青森_まつたけ
1981,宮城,まつたけ,まつたけ,1.0,1.0,1.0,num,(t),positive_only,,edfa08000_s56.xls,1975.0,6.0,6.0,0.6931471805599453,宮城_1981,まつたけ_1981,宮城_まつたけ
1981,秋田,まつたけ,まつたけ,2.0,2.0,2.0,num,(t),positive_only,,edfa08000_s56.xls,1982.0,-1.0,-1.0,1.0986122886681098,秋田_1981,まつたけ_1981,秋田_まつたけ
1981,山形,まつたけ,まつたけ,4.0,4.0,4.0,num,(t),positive_only,,edfa08000_s56.xls,1978.0,3.0,3.0,1.6094379124341003,山形_1981,まつたけ_1981,山形_まつたけ
1981,新潟,まつたけ,まつたけ,1.0,1.0,1.0,num,(t),positive_only,,edfa08000_s56.xls,1977.0,4.0,4.0,0.6931471805599453,新潟_1981,まつたけ_1981,新潟_まつたけ
1981,山梨,まつたけ,まつたけ,-,,0.0,zero_dash,(t),positive_only,,edfa08000_s56.xls,1978.0,3.0,3.0,0.0,山梨_1981,まつたけ_1981,山梨_まつたけ
1981,長野,まつたけ,まつたけ,30.0,30.0,30.0,num,(t),positive_only,,edfa08000_s56.xls,1981.0,0.0,0.0,3.4339872044851463,長野_1981,まつたけ_1981,長野_まつたけ
1981,北海道,生しいたけ,生しいたけ,1074.0,1074.0,1074.0,num,(t),all_listed,,edfa08000_s56.xls,,,,6.980075940561763,北海道_1981,生しいたけ_1981,北海道_生しいたけ
1981,青森,生しいたけ,生しいたけ,1723.0,1723.0,1723.0,num,(t),all_listed,,edfa08000_s56.xls,,,,7.452402451223638,青森_1981,生しいたけ_1981,青森_生しいたけ
1981,宮城,生しいたけ,生しいたけ,1702.0,1702.0,1702.0,num,(t),all_listed,,edfa08000_s56.xls,1975.0,6.0,6.0,7.440146680662688,宮城_1981,生しいたけ_1981,宮城_生しいたけ
1981,秋田,生しいたけ,生しいたけ,1580.0,1580.0,1580.0,num,(t),all_listed,,edfa08000_s56.xls,1982.0,-1.0,-1.0,7.365812837209472,秋田_1981,生しいたけ_1981,秋田_生しいたけ
1981,山形,生しいたけ,生しいたけ,1008.0,1008.0,1008.0,num,(t),all_listed,,edfa08000_s56.xls,1978.0,3.0,3.0,6.9167150203536085,山形_1981,生しいたけ_1981,山形_生しいたけ
1981,新潟,生しいたけ,生しいたけ,1090.0,1090.0,1090.0,num,(t),all_listed,,edfa08000_s56.xls,1977.0,4.0,4.0,6.994849985833071,新潟_1981,生しいたけ_1981,新潟_生しいたけ
1981,山梨,生しいたけ,生しいたけ,1639.0,1639.0,1639.0,num,(t),all_listed,,edfa08000_s56.xls,1978.0,3.0,3.0,7.402451520818244,山梨_1981,生しいたけ_1981,山梨_生しいたけ
1981,長野,生しいたけ,生しいたけ,1276.0,1276.0,1276.0,num,(t),all_listed,,edfa08000_s56.xls,1981.0,0.0,0.0,7.152268856032539,長野_1981,生しいたけ_1981,長野_生しいたけ
1982,北海道,くるみ,くるみ,1.0,1.0,1.0,num,(t),positive_only,,edfa08000_s57.xls,,,,0.6931471805599453,北海道_1982,くるみ_1982,北海道_くるみ
1982,青森,くるみ,くるみ,4.0,4.0,4.0,num,(t),positive_only,,edfa08000_s57.xls,,,,1.6094379124341003,青森_1982,くるみ_1982,青森_くるみ
1982,宮城,くるみ,くるみ,3.0,3.0,3.0,num,(t),positive_only,,edfa08000_s57.xls,1975.0,7.0,7.0,1.3862943611198906,宮城_1982,くるみ_1982,宮城_くるみ
1982,秋田,くるみ,くるみ,1.0,1.0,1.0,num,(t),positive_only,,edfa08000_s57.xls,1982.0,0.0,0.0,0.6931471805599453,秋田_1982,くるみ_1982,秋田_くるみ
1982,山形,くるみ,くるみ,10.0,10.0,10.0,num,(t),positive_only,,edfa08000_s57.xls,1978.0,4.0,4.0,2.3978952727983707,山形_1982,くるみ_1982,山形_くるみ
1982,新潟,くるみ,くるみ,14.0,14.0,14.0,num,(t),positive_only,,edfa08000_s57.xls,1977.0,5.0,5.0,2.70805020110221,新潟_1982,くるみ_1982,新潟_くるみ
1982,山梨,くるみ,くるみ,-,,0.0,zero_dash,(t),positive_only,,edfa08000_s57.xls,1978.0,4.0,4.0,0.0,山梨_1982,くるみ_1982,山梨_くるみ
1982,長野,くるみ,くるみ,14.0,14.0,14.0,num,(t),positive_only,,edfa08000_s57.xls,1981.0,1.0,1.0,2.70805020110221,長野_1982,くるみ_1982,長野_くるみ
1982,北海道,なめこ,なめこ,560.0,560.0,560.0,num,(t),positive_only,,edfa08000_s57.xls,,,,6.329720905522696,北海道_1982,なめこ_1982,北海道_なめこ
1982,青森,なめこ,なめこ,1009.0,1009.0,1009.0,num,(t),positive_only,,edfa08000_s57.xls,,,,6.917705609835305,青森_1982,なめこ_1982,青森_なめこ
1982,宮城,なめこ,なめこ,620.0,620.0,620.0,num,(t),positive_only,,edfa08000_s57.xls,1975.0,7.0,7.0,6.431331081933479,宮城_1982,なめこ_1982,宮城_なめこ
1982,秋田,なめこ,なめこ,1012.0,1012.0,1012.0,num,(t),positive_only,,edfa08000_s57.xls,1982.0,0.0,0.0,6.920671504248683,秋田_1982,なめこ_1982,秋田_なめこ
1982,山形,なめこ,なめこ,2250.0,2250.0,2250.0,num,(t),positive_only,,edfa08000_s57.xls,1978.0,4.0,4.0,7.719129840906732,山形_1982,なめこ_1982,山形_なめこ
1982,新潟,なめこ,なめこ,694.0,694.0,694.0,num,(t),positive_only,,edfa08000_s57.xls,1977.0,5.0,5.0,6.543911845564792,新潟_1982,なめこ_1982,新潟_なめこ
1982,山梨,なめこ,なめこ,75.0,75.0,75.0,num,(t),positive_only,,edfa08000_s57.xls,1978.0,4.0,4.0,4.330733340286331,山梨_1982,なめこ_1982,山梨_なめこ
1982,長野,なめこ,なめこ,2618.0,2618.0,2618.0,num,(t),positive_only,,edfa08000_s57.xls,1981.0,1.0,1.0,7.870547844507712,長野_1982,なめこ_1982,長野_なめこ
1982,北海道,まつたけ,まつたけ,-,,0.0,zero_dash,(t),positive_only,,edfa08000_s57.xls,,,,0.0,北海道_1982,まつたけ_1982,北海道_まつたけ
1982,青森,まつたけ,まつたけ,-,,0.0,zero_dash,(t),positive_only,,edfa08000_s57.xls,,,,0.0,青森_1982,まつたけ_1982,青森_まつたけ
1982,宮城,まつたけ,まつたけ,1.0,1.0,1.0,num,(t),positive_only,,edfa08000_s57.xls,1975.0,7.0,7.0,0.6931471805599453,宮城_1982,まつたけ_1982,宮城_まつたけ
1982,秋田,まつたけ,まつたけ,1.0,1.0,1.0,num,(t),positive_only,,edfa08000_s57.xls,1982.0,0.0,0.0,0.6931471805599453,秋田_1982,まつたけ_1982,秋田_まつたけ
1982,山形,まつたけ,まつたけ,4.0,4.0,4.0,num,(t),positive_only,,edfa08000_s57.xls,1978.0,4.0,4.0,1.6094379124341003,山形_1982,まつたけ_1982,山形_まつたけ
1982,新潟,まつたけ,まつたけ,1.0,1.0,1.0,num,(t),positive_only,,edfa08000_s57.xls,1977.0,5.0,5.0,0.6931471805599453,新潟_1982,まつたけ_1982,新潟_まつたけ
1982,山梨,まつたけ,まつたけ,-,,0.0,zero_dash,(t),positive_only,,edfa08000_s57.xls,1978.0,4.0,4.0,0.0,山梨_1982,まつたけ_1982,山梨_まつたけ
1982,長野,まつたけ,まつたけ,31.0,31.0,31.0,num,(t),positive_only,,edfa08000_s57.xls,1981.0,1.0,1.0,3.4657359027997265,長野_1982,まつたけ_1982,長野_まつたけ
1982,北海道,生しいたけ,生しいたけ,1085.0,1085.0,1085.0,num,(t),all_listed,,edfa08000_s57.xls,,,,6.990256500493881,北海道_1982,生しいたけ_1982,北海道_生しいたけ
1982,青森,生しいたけ,生しいたけ,1671.0,1671.0,1671.0,num,(t),all_listed,,edfa08000_s57.xls,,,,7.421775793644647,青森_1982,生しいたけ_1982,青森_生しいたけ
1982,宮城,生しいたけ,生しいたけ,1576.0,1576.0,1576.0,num,(t),all_listed,,edfa08000_s57.xls,1975.0,7.0,7.0,7.3632795869630385,宮城_1982,生しいたけ_1982,宮城_生しいたけ
1982,秋田,生しいたけ,生しいたけ,1532.0,1532.0,1532.0,num,(t),all_listed,,edfa08000_s57.xls,1982.0,0.0,0.0,7.334981878871814,秋田_1982,生しいたけ_1982,秋田_生しいたけ
1982,山形,生しいたけ,生しいたけ,903.0,903.0,903.0,num,(t),all_listed,,edfa08000_s57.xls,1978.0,4.0,4.0,6.806829360392176,山形_1982,生しいたけ_1982,山形_生しいたけ
1982,新潟,生しいたけ,生しいたけ,1110.0,1110.0,1110.0,num,(t),all_listed,,edfa08000_s57.xls,1977.0,5.0,5.0,7.01301578963963,新潟_1982,生しいたけ_1982,新潟_生しいたけ
1982,山梨,生しいたけ,生しいたけ,1536.0,1536.0,1536.0,num,(t),all_listed,,edfa08000_s57.xls,1978.0,4.0,4.0,7.337587743538596,山梨_1982,生しいたけ_1982,山梨_生しいたけ
1982,長野,生しいたけ,生しいたけ,1349.0,1349.0,1349.0,num,(t),all_listed,,edfa08000_s57.xls,1981.0,1.0,1.0,7.2078598714324755,長野_1982,生しいたけ_1982,長野_生しいたけ
1984,北海道,くるみ,くるみ,-,,0.0,zero_dash,(t),positive_only,,edfa08000_s59.xls,,,,0.0,北海道_1984,くるみ_1984,北海道_くるみ
1984,青森,くるみ,くるみ,2.0,2.0,2.0,num,(t),positive_only,,edfa08000_s59.xls,,,,1.0986122886681098,青森_1984,くるみ_1984,青森_くるみ
1984,宮城,くるみ,くるみ,3.0,3.0,3.0,num,(t),positive_only,,edfa08000_s59.xls,1975.0,9.0,9.0,1.3862943611198906,宮城_1984,くるみ_1984,宮城_くるみ
1984,秋田,くるみ,くるみ,0.0,0.0,0.0,num,(t),positive_only,,edfa08000_s59.xls,1982.0,2.0,2.0,0.0,秋田_1984,くるみ_1984,秋田_くるみ
1984,山形,くるみ,くるみ,7.0,7.0,7.0,num,(t),positive_only,,edfa08000_s59.xls,1978.0,6.0,6.0,2.0794415416798357,山形_1984,くるみ_1984,山形_くるみ
1984,新潟,くるみ,くるみ,16.0,16.0,16.0,num,(t),positive_only,,edfa08000_s59.xls,1977.0,7.0,7.0,2.833213344056216,新潟_1984,くるみ_1984,新潟_くるみ
1984,山梨,くるみ,くるみ,-,,0.0,zero_dash,(t),positive_only,,edfa08000_s59.xls,1978.0,6.0,6.0,0.0,山梨_1984,くるみ_1984,山梨_くるみ
1984,長野,くるみ,くるみ,17.0,17.0,17.0,num,(t),positive_only,,edfa08000_s59.xls,1981.0,3.0,3.0,2.8903717578961645,長野_1984,くるみ_1984,長野_くるみ
1984,北海道,なめこ,なめこ,831.0,831.0,831.0,num,(t),positive_only,,edfa08000_s59.xls,,,,6.723832440821209,北海道_1984,なめこ_1984,北海道_なめこ
1984,青森,なめこ,なめこ,930.0,930.0,930.0,num,(t),positive_only,,edfa08000_s59.xls,,,,6.836259277277067,青森_1984,なめこ_1984,青森_なめこ
1984,宮城,なめこ,なめこ,506.0,506.0,506.0,num,(t),positive_only,,edfa08000_s59.xls,1975.0,9.0,9.0,6.2285110035911835,宮城_1984,なめこ_1984,宮城_なめこ
1984,秋田,なめこ,なめこ,1107.0,1107.0,1107.0,num,(t),positive_only,,edfa08000_s59.xls,1982.0,2.0,2.0,7.010311867307229,秋田_1984,なめこ_1984,秋田_なめこ
1984,山形,なめこ,なめこ,2615.0,2615.0,2615.0,num,(t),positive_only,,edfa08000_s59.xls,1978.0,6.0,6.0,7.86940171257709,山形_1984,なめこ_1984,山形_なめこ
1984,新潟,なめこ,なめこ,853.0,853.0,853.0,num,(t),positive_only,,edfa08000_s59.xls,1977.0,7.0,7.0,6.74993119378857,新潟_1984,なめこ_1984,新潟_なめこ
1984,山梨,なめこ,なめこ,47.0,47.0,47.0,num,(t),positive_only,,edfa08000_s59.xls,1978.0,6.0,6.0,3.871201010907891,山梨_1984,なめこ_1984,山梨_なめこ
1984,長野,なめこ,なめこ,3276.0,3276.0,3276.0,num,(t),positive_only,,edfa08000_s59.xls,1981.0,3.0,3.0,8.094683648698815,長野_1984,なめこ_1984,長野_なめこ
1984,北海道,まつたけ,まつたけ,-,,0.0,zero_dash,(t),positive_only,,edfa08000_s59.xls,,,,0.0,北海道_1984,まつたけ_1984,北海道_まつたけ
1984,青森,まつたけ,まつたけ,0.0,0.0,0.0,num,(t),positive_only,,edfa08000_s59.xls,,,,0.0,青森_1984,まつたけ_1984,青森_まつたけ
1984,宮城,まつたけ,まつたけ,1.0,1.0,1.0,num,(t),positive_only,,edfa08000_s59.xls,1975.0,9.0,9.0,0.6931471805599453,宮城_1984,まつたけ_1984,宮城_まつたけ
1984,秋田,まつたけ,まつたけ,2.0,2.0,2.0,num,(t),positive_only,,edfa08000_s59.xls,1982.0,2.0,2.0,1.0986122886681098,秋田_1984,まつたけ_1984,秋田_まつたけ
1984,山形,まつたけ,まつたけ,1.0,1.0,1.0,num,(t),positive_only,,edfa08000_s59.xls,1978.0,6.0,6.0,0.6931471805599453,山形_1984,まつたけ_1984,山形_まつたけ
1984,新潟,まつたけ,まつたけ,1.0,1.0,1.0,num,(t),positive_only,,edfa08000_s59.xls,1977.0,7.0,7.0,0.6931471805599453,新潟_1984,まつたけ_1984,新潟_まつたけ
1984,山梨,まつたけ,まつたけ,-,,0.0,zero_dash,(t),positive_only,,edfa08000_s59.xls,1978.0,6.0,6.0,0.0,山梨_1984,まつたけ_1984,山梨_まつたけ
1984,長野,まつたけ,まつたけ,8.0,8.0,8.0,num,(t),positive_only,,edfa08000_s59.xls,1981.0,3.0,3.0,2.1972245773362196,長野_1984,まつたけ_1984,長野_まつたけ
1984,北海道,生しいたけ,生しいたけ,1189.0,1189.0,1189.0,num,(t),all_listed,,edfa08000_s59.xls,,,,7.081708586105575,北海道_1984,生しいたけ_1984,北海道_生しいたけ
1984,青森,生しいたけ,生しいたけ,1699.0,1699.0,1699.0,num,(t),all_listed,,edfa08000_s59.xls,,,,7.438383530044307,青森_1984,生しいたけ_1984,青森_生しいたけ
1984,宮城,生しいたけ,生しいたけ,1455.0,1455.0,1455.0,num,(t),all_listed,,edfa08000_s59.xls,1975.0,9.0,9.0,7.283448228756631,宮城_1984,生しいたけ_1984,宮城_生しいたけ
1984,秋田,生しいたけ,生しいたけ,1457.0,1457.0,1457.0,num,(t),all_listed,,edfa08000_s59.xls,1982.0,2.0,2.0,7.284820912568604,秋田_1984,生しいたけ_1984,秋田_生しいたけ
1984,山形,生しいたけ,生しいたけ,845.0,845.0,845.0,num,(t),all_listed,,edfa08000_s59.xls,1978.0,6.0,6.0,6.740519359606223,山形_1984,生しいたけ_1984,山形_生しいたけ
1984,新潟,生しいたけ,生しいたけ,1047.0,1047.0,1047.0,num,(t),all_listed,,edfa08000_s59.xls,1977.0,7.0,7.0,6.954638864880987,新潟_1984,生しいたけ_1984,新潟_生しいたけ
1984,山梨,生しいたけ,生しいたけ,1355.0,1355.0,1355.0,num,(t),all_listed,,edfa08000_s59.xls,1978.0,6.0,6.0,7.212294468500341,山梨_1984,生しいたけ_1984,山梨_生しいたけ
1984,長野,生しいたけ,生しいたけ,1222.0,1222.0,1222.0,num,(t),all_listed,,edfa08000_s59.xls,1981.0,3.0,3.0,7.109062135687172,長野_1984,生しいたけ_1984,長野_生しいたけ
1985,北海道,くるみ,くるみ,-,,0.0,zero_dash,(t),positive_only,,edfa08000_s60.xls,,,,0.0,北海道_1985,くるみ_1985,北海道_くるみ
1985,青森,くるみ,くるみ,3.0,3.0,3.0,num,(t),positive_only,,edfa08000_s60.xls,,,,1.3862943611198906,青森_1985,くるみ_1985,青森_くるみ
1985,宮城,くるみ,くるみ,2.2,2.2,2.2,num,(t),positive_only,,edfa08000_s60.xls,1975.0,10.0,10.0,1.1631508098056809,宮城_1985,くるみ_1985,宮城_くるみ
1985,秋田,くるみ,くるみ,0.3,0.3,0.3,num,(t),positive_only,,edfa08000_s60.xls,1982.0,3.0,3.0,0.26236426446749106,秋田_1985,くるみ_1985,秋田_くるみ
1985,山形,くるみ,くるみ,4.5,4.5,4.5,num,(t),positive_only,,edfa08000_s60.xls,1978.0,7.0,7.0,1.7047480922384253,山形_1985,くるみ_1985,山形_くるみ
1985,新潟,くるみ,くるみ,25.6,25.6,25.6,num,(t),positive_only,,edfa08000_s60.xls,1977.0,8.0,8.0,3.2809112157876537,新潟_1985,くるみ_1985,新潟_くるみ
1985,山梨,くるみ,くるみ,-,,0.0,zero_dash,(t),positive_only,,edfa08000_s60.xls,1978.0,7.0,7.0,0.0,山梨_1985,くるみ_1985,山梨_くるみ
1985,長野,くるみ,くるみ,9.4,9.4,9.4,num,(t),positive_only,,edfa08000_s60.xls,1981.0,4.0,4.0,2.341805806147327,長野_1985,くるみ_1985,長野_くるみ
1985,北海道,なめこ,なめこ,978.9,978.9,978.9,num,(t),positive_only,,edfa08000_s60.xls,,,,6.887450525641773,北海道_1985,なめこ_1985,北海道_なめこ
1985,青森,なめこ,なめこ,896.4,896.4,896.4,num,(t),positive_only,,edfa08000_s60.xls,,,,6.799501693541883,青森_1985,なめこ_1985,青森_なめこ
1985,宮城,なめこ,なめこ,502.5,502.5,502.5,num,(t),positive_only,,edfa08000_s60.xls,1975.0,10.0,10.0,6.221583712158617,宮城_1985,なめこ_1985,宮城_なめこ
1985,秋田,なめこ,なめこ,926.2,926.2,926.2,num,(t),positive_only,,edfa08000_s60.xls,1982.0,3.0,3.0,6.832169292025542,秋田_1985,なめこ_1985,秋田_なめこ
1985,山形,なめこ,なめこ,3034.7,3034.7,3034.7,num,(t),positive_only,,edfa08000_s60.xls,1978.0,7.0,7.0,8.018197319403823,山形_1985,なめこ_1985,山形_なめこ
1985,新潟,なめこ,なめこ,855.7,855.7,855.7,num,(t),positive_only,,edfa08000_s60.xls,1977.0,8.0,8.0,6.7530877989699984,新潟_1985,なめこ_1985,新潟_なめこ
1985,山梨,なめこ,なめこ,13.7,13.7,13.7,num,(t),positive_only,,edfa08000_s60.xls,1978.0,7.0,7.0,2.6878474937846906,山梨_1985,なめこ_1985,山梨_なめこ
1985,長野,なめこ,なめこ,3800.2,3800.2,3800.2,num,(t),positive_only,,edfa08000_s60.xls,1981.0,4.0,4.0,8.24307208533716,長野_1985,なめこ_1985,長野_なめこ
1985,北海道,まつたけ,まつたけ,-,,0.0,zero_dash,(t),positive_only,,edfa08000_s60.xls,,,,0.0,北海道_1985,まつたけ_1985,北海道_まつたけ
1985,青森,まつたけ,まつたけ,0.1,0.1,0.1,num,(t),positive_only,,edfa08000_s60.xls,,,,0.09531017980432487,青森_1985,まつたけ_1985,青森_まつたけ
1985,宮城,まつたけ,まつたけ,1.0,1.0,1.0,num,(t),positive_only,,edfa08000_s60.xls,1975.0,10.0,10.0,0.6931471805599453,宮城_1985,まつたけ_1985,宮城_まつたけ
1985,秋田,まつたけ,まつたけ,2.1,2.1,2.1,num,(t),positive_only,,edfa08000_s60.xls,1982.0,3.0,3.0,1.1314021114911006,秋田_1985,まつたけ_1985,秋田_まつたけ
1985,山形,まつたけ,まつたけ,10.4,10.4,10.4,num,(t),positive_only,,edfa08000_s60.xls,1978.0,7.0,7.0,2.4336133554004498,山形_1985,まつたけ_1985,山形_まつたけ
1985,新潟,まつたけ,まつたけ,1.3,1.3,1.3,num,(t),positive_only,,edfa08000_s60.xls,1977.0,8.0,8.0,0.832909122935104,新潟_1985,まつたけ_1985,新潟_まつたけ
1985,山梨,まつたけ,まつたけ,-,,0.0,zero_dash,(t),positive_only,,edfa08000_s60.xls,1978.0,7.0,7.0,0.0,山梨_1985,まつたけ_1985,山梨_まつたけ
1985,長野,まつたけ,まつたけ,24.5,24.5,24.5,num,(t),positive_only,,edfa08000_s60.xls,1981.0,4.0,4.0,3.2386784521643803,長野_1985,まつたけ_1985,長野_まつたけ
1985,北海道,生しいたけ,生しいたけ,1449.1,1449.1,1449.1,num,(t),all_listed,,edfa08000_s60.xls,,,,7.2793877985538495,北海道_1985,生しいたけ_1985,北海道_生しいたけ
1985,青森,生しいたけ,生しいたけ,1629.0,1629.0,1629.0,num,(t),all_listed,,edfa08000_s60.xls,,,,7.396335293800808,青森_1985,生しいたけ_1985,青森_生しいたけ
1985,宮城,生しいたけ,生しいたけ,1427.0,1427.0,1427.0,num,(t),all_listed,,edfa08000_s60.xls,1975.0,10.0,10.0,7.2640301428995295,宮城_1985,生しいたけ_1985,宮城_生しいたけ
1985,秋田,生しいたけ,生しいたけ,1588.5,1588.5,1588.5,num,(t),all_listed,,edfa08000_s60.xls,1982.0,3.0,3.0,7.371174780350858,秋田_1985,生しいたけ_1985,秋田_生しいたけ
1985,山形,生しいたけ,生しいたけ,843.8,843.8,843.8,num,(t),all_listed,,edfa08000_s60.xls,1978.0,7.0,7.0,6.739099912951997,山形_1985,生しいたけ_1985,山形_生しいたけ
1985,新潟,生しいたけ,生しいたけ,1078.5,1078.5,1078.5,num,(t),all_listed,,edfa08000_s60.xls,1977.0,8.0,8.0,6.984253249954862,新潟_1985,生しいたけ_1985,新潟_生しいたけ
1985,山梨,生しいたけ,生しいたけ,1293.7,1293.7,1293.7,num,(t),all_listed,,edfa08000_s60.xls,1978.0,7.0,7.0,7.166034287064601,山梨_1985,生しいたけ_1985,山梨_生しいたけ
1985,長野,生しいたけ,生しいたけ,1319.3,1319.3,1319.3,num,(t),all_listed,,edfa08000_s60.xls,1981.0,4.0,4.0,7.185614262485156,長野_1985,生しいたけ_1985,長野_生しいたけ
1986,北海道,くるみ,くるみ,2.1,2.1,2.1,num,(t),positive_only,,edfa08000_s61.xls,,,,1.1314021114911006,北海道_1986,くるみ_1986,北海道_くるみ
1986,青森,くるみ,くるみ,1.0,1.0,1.0,num,(t),positive_only,,edfa08000_s61.xls,,,,0.6931471805599453,青森_1986,くるみ_1986,青森_くるみ
1986,宮城,くるみ,くるみ,1.4,1.4,1.4,num,(t),positive_only,,edfa08000_s61.xls,1975.0,11.0,10.0,0.8754687373538999,宮城_1986,くるみ_1986,宮城_くるみ
1986,秋田,くるみ,くるみ,1.7,1.7,1.7,num,(t),positive_only,,edfa08000_s61.xls,1982.0,4.0,4.0,0.9932517730102833,秋田_1986,くるみ_1986,秋田_くるみ
1986,山形,くるみ,くるみ,2.4,2.4,2.4,num,(t),positive_only,,edfa08000_s61.xls,1978.0,8.0,8.0,1.2237754316221157,山形_1986,くるみ_1986,山形_くるみ
1986,新潟,くるみ,くるみ,13.0,13.0,13.0,num,(t),positive_only,,edfa08000_s61.xls,1977.0,9.0,9.0,2.6390573296152584,新潟_1986,くるみ_1986,新潟_くるみ
1986,山梨,くるみ,くるみ,-,,0.0,zero_dash,(t),positive_only,,edfa08000_s61.xls,1978.0,8.0,8.0,0.0,山梨_1986,くるみ_1986,山梨_くるみ
1986,長野,くるみ,くるみ,8.3,8.3,8.3,num,(t),positive_only,,edfa08000_s61.xls,1981.0,5.0,5.0,2.2300144001592104,長野_1986,くるみ_1986,長野_くるみ
1986,北海道,なめこ,なめこ,922.6,922.6,922.6,num,(t),all_listed,,edfa08000_s61.xls,,,,6.828279077480341,北海道_1986,なめこ_1986,北海道_なめこ
1986,青森,なめこ,なめこ,899.0,899.0,899.0,num,(t),all_listed,,edfa08000_s61.xls,,,,6.802394763324311,青森_1986,なめこ_1986,青森_なめこ
1986,宮城,なめこ,なめこ,643.2,643.2,643.2,num,(t),all_listed,,edfa08000_s61.xls,1975.0,11.0,10.0,6.468009236897099,宮城_1986,なめこ_1986,宮城_なめこ
1986,秋田,なめこ,なめこ,817.4,817.4,817.4,num,(t),all_listed,,edfa08000_s61.xls,1982.0,4.0,4.0,6.707351214637416,秋田_1986,なめこ_1986,秋田_なめこ
1986,山形,なめこ,なめこ,2900.4,2900.4,2900.4,num,(t),all_listed,,edfa08000_s61.xls,1978.0,8.0,8.0,7.9729486581048015,山形_1986,なめこ_1986,山形_なめこ
1986,新潟,なめこ,なめこ,962.4,962.4,962.4,num,(t),all_listed,,edfa08000_s61.xls,1977.0,9.0,9.0,6.870468694196121,新潟_1986,なめこ_1986,新潟_なめこ
1986,山梨,なめこ,なめこ,20.8,20.8,20.8,num,(t),all_listed,,edfa08000_s61.xls,1978.0,8.0,8.0,3.0819099697950434,山梨_1986,なめこ_1986,山梨_なめこ
1986,長野,なめこ,なめこ,3970.0,3970.0,3970.0,num,(t),all_listed,,edfa08000_s61.xls,1981.0,5.0,5.0,8.286773231131251,長野_1986,なめこ_1986,長野_なめこ
1986,北海道,まつたけ,まつたけ,-,,0.0,zero_dash,(t),positive_only,,edfa08000_s61.xls,,,,0.0,北海道_1986,まつたけ_1986,北海道_まつたけ
1986,青森,まつたけ,まつたけ,0.1,0.1,0.1,num,(t),positive_only,,edfa08000_s61.xls,,,,0.09531017980432487,青森_1986,まつたけ_1986,青森_まつたけ
1986,宮城,まつたけ,まつたけ,1.0,1.0,1.0,num,(t),positive_only,,edfa08000_s61.xls,1975.0,11.0,10.0,0.6931471805599453,宮城_1986,まつたけ_1986,宮城_まつたけ
1986,秋田,まつたけ,まつたけ,1.8,1.8,1.8,num,(t),positive_only,,edfa08000_s61.xls,1982.0,4.0,4.0,1.0296194171811583,秋田_1986,まつたけ_1986,秋田_まつたけ
1986,山形,まつたけ,まつたけ,0.8,0.8,0.8,num,(t),positive_only,,edfa08000_s61.xls,1978.0,8.0,8.0,0.5877866649021191,山形_1986,まつたけ_1986,山形_まつたけ
1986,新潟,まつたけ,まつたけ,1.1,1.1,1.1,num,(t),positive_only,,edfa08000_s61.xls,1977.0,9.0,9.0,0.7419373447293773,新潟_1986,まつたけ_1986,新潟_まつたけ
1986,山梨,まつたけ,まつたけ,-,,0.0,zero_dash,(t),positive_only,,edfa08000_s61.xls,1978.0,8.0,8.0,0.0,山梨_1986,まつたけ_1986,山梨_まつたけ
1986,長野,まつたけ,まつたけ,20.4,20.4,20.4,num,(t),positive_only,,edfa08000_s61.xls,1981.0,5.0,5.0,3.0633909220278057,長野_1986,まつたけ_1986,長野_まつたけ
1986,北海道,生しいたけ,生しいたけ,1704.7,1704.7,1704.7,num,(t),all_listed,,edfa08000_s61.xls,,,,7.4417308626468275,北海道_1986,生しいたけ_1986,北海道_生しいたけ
1986,青森,生しいたけ,生しいたけ,1590.1,1590.1,1590.1,num,(t),all_listed,,edfa08000_s61.xls,,,,7.37218087991381,青森_1986,生しいたけ_1986,青森_生しいたけ
1986,宮城,生しいたけ,生しいたけ,1534.0,1534.0,1534.0,num,(t),all_listed,,edfa08000_s61.xls,1975.0,11.0,10.0,7.336285660021297,宮城_1986,生しいたけ_1986,宮城_生しいたけ
1986,秋田,生しいたけ,生しいたけ,1731.5,1731.5,1731.5,num,(t),all_listed,,edfa08000_s61.xls,1982.0,4.0,4.0,7.457320731064058,秋田_1986,生しいたけ_1986,秋田_生しいたけ
1986,山形,生しいたけ,生しいたけ,846.1,846.1,846.1,num,(t),all_listed,,edfa08000_s61.xls,1978.0,8.0,8.0,6.741818751437505,山形_1986,生しいたけ_1986,山形_生しいたけ
1986,新潟,生しいたけ,生しいたけ,1078.0,1078.0,1078.0,num,(t),all_listed,,edfa08000_s61.xls,1977.0,9.0,9.0,6.983789965258135,新潟_1986,生しいたけ_1986,新潟_生しいたけ
1986,山梨,生しいたけ,生しいたけ,1271.7,1271.7,1271.7,num,(t),all_listed,,edfa08000_s61.xls,1978.0,8.0,8.0,7.148895906998002,山梨_1986,生しいたけ_1986,山梨_生しいたけ
1986,長野,生しいたけ,生しいたけ,1355.6,1355.6,1355.6,num,(t),all_listed,,edfa08000_s61.xls,1981.0,5.0,5.0,7.212736848511979,長野_1986,生しいたけ_1986,長野_生しいたけ
1987,北海道,くるみ,くるみ,-,,0.0,zero_dash,(t),positive_only,,edfa08000_s62.xls,,,,0.0,北海道_1987,くるみ_1987,北海道_くるみ
1987,青森,くるみ,くるみ,2.1,2.1,2.1,num,(t),positive_only,,edfa08000_s62.xls,,,,1.1314021114911006,青森_1987,くるみ_1987,青森_くるみ
1987,宮城,くるみ,くるみ,0.8,0.8,0.8,num,(t),positive_only,,edfa08000_s62.xls,1975.0,12.0,10.0,0.5877866649021191,宮城_1987,くるみ_1987,宮城_くるみ
1987,秋田,くるみ,くるみ,1.0,1.0,1.0,num,(t),positive_only,,edfa08000_s62.xls,1982.0,5.0,5.0,0.6931471805599453,秋田_1987,くるみ_1987,秋田_くるみ
1987,山形,くるみ,くるみ,4.4,4.4,4.4,num,(t),positive_only,,edfa08000_s62.xls,1978.0,9.0,9.0,1.6863989535702288,山形_1987,くるみ_1987,山形_くるみ
1987,新潟,くるみ,くるみ,9.4,9.4,9.4,num,(t),positive_only,,edfa08000_s62.xls,1977.0,10.0,10.0,2.341805806147327,新潟_1987,くるみ_1987,新潟_くるみ
1987,山梨,くるみ,くるみ,-,,0.0,zero_dash,(t),positive_only,,edfa08000_s62.xls,1978.0,9.0,9.0,0.0,山梨_1987,くるみ_1987,山梨_くるみ
1987,長野,くるみ,くるみ,2.1,2.1,2.1,num,(t),positive_only,,edfa08000_s62.xls,1981.0,6.0,6.0,1.1314021114911006,長野_1987,くるみ_1987,長野_くるみ
1987,北海道,なめこ,なめこ,1024.4,1024.4,1024.4,num,(t),all_listed,,edfa08000_s62.xls,,,,6.9328380593496,北海道_1987,なめこ_1987,北海道_なめこ
1987,青森,なめこ,なめこ,838.6,838.6,838.6,num,(t),all_listed,,edfa08000_s62.xls,,,,6.732925587946478,青森_1987,なめこ_1987,青森_なめこ
1987,宮城,なめこ,なめこ,682.4,682.4,682.4,num,(t),all_listed,,edfa08000_s62.xls,1975.0,12.0,10.0,6.527080339681191,宮城_1987,なめこ_1987,宮城_なめこ
1987,秋田,なめこ,なめこ,769.5,769.5,769.5,num,(t),all_listed,,edfa08000_s62.xls,1982.0,5.0,5.0,6.64703965476017,秋田_1987,なめこ_1987,秋田_なめこ
1987,山形,なめこ,なめこ,3169.4,3169.4,3169.4,num,(t),all_listed,,edfa08000_s62.xls,1978.0,9.0,9.0,8.061613041876225,山形_1987,なめこ_1987,山形_なめこ
1987,新潟,なめこ,なめこ,1115.8,1115.8,1115.8,num,(t),all_listed,,edfa08000_s62.xls,1977.0,10.0,10.0,7.018222732008108,新潟_1987,なめこ_1987,新潟_なめこ
1987,山梨,なめこ,なめこ,14.0,14.0,14.0,num,(t),all_listed,,edfa08000_s62.xls,1978.0,9.0,9.0,2.70805020110221,山梨_1987,なめこ_1987,山梨_なめこ
1987,長野,なめこ,なめこ,4150.0,4150.0,4150.0,num,(t),all_listed,,edfa08000_s62.xls,1981.0,6.0,6.0,8.33110454805304,長野_1987,なめこ_1987,長野_なめこ
1987,北海道,まつたけ,まつたけ,-,,0.0,zero_dash,(t),positive_only,,edfa08000_s62.xls,,,,0.0,北海道_1987,まつたけ_1987,北海道_まつたけ
1987,青森,まつたけ,まつたけ,0.1,0.1,0.1,num,(t),positive_only,,edfa08000_s62.xls,,,,0.09531017980432487,青森_1987,まつたけ_1987,青森_まつたけ
1987,宮城,まつたけ,まつたけ,1.6,1.6,1.6,num,(t),positive_only,,edfa08000_s62.xls,1975.0,12.0,10.0,0.9555114450274363,宮城_1987,まつたけ_1987,宮城_まつたけ
1987,秋田,まつたけ,まつたけ,2.2,2.2,2.2,num,(t),positive_only,,edfa08000_s62.xls,1982.0,5.0,5.0,1.1631508098056809,秋田_1987,まつたけ_1987,秋田_まつたけ
1987,山形,まつたけ,まつたけ,5.8,5.8,5.8,num,(t),positive_only,,edfa08000_s62.xls,1978.0,9.0,9.0,1.916922612182061,山形_1987,まつたけ_1987,山形_まつたけ
1987,新潟,まつたけ,まつたけ,0.6,0.6,0.6,num,(t),positive_only,,edfa08000_s62.xls,1977.0,10.0,10.0,0.4700036292457355,新潟_1987,まつたけ_1987,新潟_まつたけ
1987,山梨,まつたけ,まつたけ,-,,0.0,zero_dash,(t),positive_only,,edfa08000_s62.xls,1978.0,9.0,9.0,0.0,山梨_1987,まつたけ_1987,山梨_まつたけ
1987,長野,まつたけ,まつたけ,19.7,19.7,19.7,num,(t),positive_only,,edfa08000_s62.xls,1981.0,6.0,6.0,3.0301337002713233,長野_1987,まつたけ_1987,長野_まつたけ
1987,北海道,生しいたけ,生しいたけ,1893.8,1893.8,1893.8,num,(t),all_listed,,edfa08000_s62.xls,,,,7.546868571049597,北海道_1987,生しいたけ_1987,北海道_生しいたけ
1987,青森,生しいたけ,生しいたけ,1613.2,1613.2,1613.2,num,(t),all_listed,,edfa08000_s62.xls,,,,7.386594756890272,青森_1987,生しいたけ_1987,青森_生しいたけ
1987,宮城,生しいたけ,生しいたけ,1580.0,1580.0,1580.0,num,(t),all_listed,,edfa08000_s62.xls,1975.0,12.0,10.0,7.365812837209472,宮城_1987,生しいたけ_1987,宮城_生しいたけ
1987,秋田,生しいたけ,生しいたけ,1858.3,1858.3,1858.3,num,(t),all_listed,,edfa08000_s62.xls,1982.0,5.0,5.0,7.527955351786017,秋田_1987,生しいたけ_1987,秋田_生しいたけ
1987,山形,生しいたけ,生しいたけ,989.1,989.1,989.1,num,(t),all_listed,,edfa08000_s62.xls,1978.0,9.0,9.0,6.897805948128469,山形_1987,生しいたけ_1987,山形_生しいたけ
1987,新潟,生しいたけ,生しいたけ,1132.4,1132.4,1132.4,num,(t),all_listed,,edfa08000_s62.xls,1977.0,10.0,10.0,7.032977243735519,新潟_1987,生しいたけ_1987,新潟_生しいたけ
1987,山梨,生しいたけ,生しいたけ,1256.6,1256.6,1256.6,num,(t),all_listed,,edfa08000_s62.xls,1978.0,9.0,9.0,7.136960421674942,山梨_1987,生しいたけ_1987,山梨_生しいたけ
1987,長野,生しいたけ,生しいたけ,1550.0,1550.0,1550.0,num,(t),all_listed,,edfa08000_s62.xls,1981.0,6.0,6.0,7.346655163176539,長野_1987,生しいたけ_1987,長野_生しいたけ
1988,北海道,くるみ,くるみ,2.9,2.9,2.9,num,(t),positive_only,manual_known_break,edfa08000_s63.xls,,,,1.3609765531356006,北海道_1988,くるみ_1988,北海道_くるみ
1988,青森,くるみ,くるみ,38.0,38.0,38.0,num,(t),positive_only,manual_known_break,edfa08000_s63.xls,,,,3.6635616461296463,青森_1988,くるみ_1988,青森_くるみ
1988,宮城,くるみ,くるみ,2.6,2.6,2.6,num,(t),positive_only,manual_known_break,edfa08000_s63.xls,1975.0,13.0,10.0,1.2809338454620642,宮城_1988,くるみ_1988,宮城_くるみ
1988,秋田,くるみ,くるみ,1.5,1.5,1.5,num,(t),positive_only,manual_known_break,edfa08000_s63.xls,1982.0,6.0,6.0,0.9162907318741551,秋田_1988,くるみ_1988,秋田_くるみ
1988,山形,くるみ,くるみ,8.4,8.4,8.4,num,(t),positive_only,manual_known_break,edfa08000_s63.xls,1978.0,10.0,10.0,2.2407096892759584,山形_1988,くるみ_1988,山形_くるみ
1988,新潟,くるみ,くるみ,20.3,20.3,20.3,num,(t),positive_only,manual_known_break,edfa08000_s63.xls,1977.0,11.0,10.0,3.0587070727153796,新潟_1988,くるみ_1988,新潟_くるみ
1988,山梨,くるみ,くるみ,5.8,5.8,5.8,num,(t),positive_only,manual_known_break,edfa08000_s63.xls,1978.0,10.0,10.0,1.916922612182061,山梨_1988,くるみ_1988,山梨_くるみ
1988,長野,くるみ,くるみ,590.0,590.0,590.0,num,(t),positive_only,manual_known_break,edfa08000_s63.xls,1981.0,7.0,7.0,6.3818160174060985,長野_1988,くるみ_1988,長野_くるみ
1988,北海道,なめこ,なめこ,1186.2,1186.2,1186.2,num,(t),positive_only,,edfa08000_s63.xls,,,,7.079352872413116,北海道_1988,なめこ_1988,北海道_なめこ
1988,青森,なめこ,なめこ,876.3,876.3,876.3,num,(t),positive_only,,edfa08000_s63.xls,,,,6.776849009134338,青森_1988,なめこ_1988,青森_なめこ
1988,宮城,なめこ,なめこ,702.9,702.9,702.9,num,(t),positive_only,,edfa08000_s63.xls,1975.0,13.0,10.0,6.556636300614086,宮城_1988,なめこ_1988,宮城_なめこ
1988,秋田,なめこ,なめこ,782.7,782.7,782.7,num,(t),positive_only,,edfa08000_s63.xls,1982.0,6.0,6.0,6.664026294058819,秋田_1988,なめこ_1988,秋田_なめこ
1988,山形,なめこ,なめこ,3272.9,3272.9,3272.9,num,(t),positive_only,,edfa08000_s63.xls,1978.0,10.0,10.0,8.093737213787154,山形_1988,なめこ_1988,山形_なめこ
1988,新潟,なめこ,なめこ,1138.4,1138.4,1138.4,num,(t),positive_only,,edfa08000_s63.xls,1977.0,11.0,10.0,7.038257087046295,新潟_1988,なめこ_1988,新潟_なめこ
1988,山梨,なめこ,なめこ,14.7,14.7,14.7,num,(t),positive_only,,edfa08000_s63.xls,1978.0,10.0,10.0,2.7536607123542622,山梨_1988,なめこ_1988,山梨_なめこ
1988,長野,なめこ,なめこ,4150.0,4150.0,4150.0,num,(t),positive_only,,edfa08000_s63.xls,1981.0,7.0,7.0,8.33110454805304,長野_1988,なめこ_1988,長野_なめこ
1988,北海道,まつたけ,まつたけ,-,,0.0,zero_dash,(t),positive_only,,edfa08000_s63.xls,,,,0.0,北海道_1988,まつたけ_1988,北海道_まつたけ
1988,青森,まつたけ,まつたけ,0.1,0.1,0.1,num,(t),positive_only,,edfa08000_s63.xls,,,,0.09531017980432487,青森_1988,まつたけ_1988,青森_まつたけ
1988,宮城,まつたけ,まつたけ,1.4,1.4,1.4,num,(t),positive_only,,edfa08000_s63.xls,1975.0,13.0,10.0,0.8754687373538999,宮城_1988,まつたけ_1988,宮城_まつたけ
1988,秋田,まつたけ,まつたけ,2.0,2.0,2.0,num,(t),positive_only,,edfa08000_s63.xls,1982.0,6.0,6.0,1.0986122886681098,秋田_1988,まつたけ_1988,秋田_まつたけ
1988,山形,まつたけ,まつたけ,4.3,4.3,4.3,num,(t),positive_only,,edfa08000_s63.xls,1978.0,10.0,10.0,1.667706820558076,山形_1988,まつたけ_1988,山形_まつたけ
1988,新潟,まつたけ,まつたけ,0.9,0.9,0.9,num,(t),positive_only,,edfa08000_s63.xls,1977.0,11.0,10.0,0.6418538861723948,新潟_1988,まつたけ_1988,新潟_まつたけ
1988,山梨,まつたけ,まつたけ,-,,0.0,zero_dash,(t),positive_only,,edfa08000_s63.xls,1978.0,10.0,10.0,0.0,山梨_1988,まつたけ_1988,山梨_まつたけ
1988,長野,まつたけ,まつたけ,47.4,47.4,47.4,num,(t),positive_only,,edfa08000_s63.xls,1981.0,7.0,7.0,3.879499813722586,長野_1988,まつたけ_1988,長野_まつたけ
1988,北海道,生しいたけ,生しいたけ,2132.4,2132.4,2132.4,num,(t),all_listed,,edfa08000_s63.xls,,,,7.665472230191383,北海道_1988,生しいたけ_1988,北海道_生しいたけ
1988,青森,生しいたけ,生しいたけ,1544.8,1544.8,1544.8,num,(t),all_listed,,edfa08000_s63.xls,,,,7.34329685467277,青森_1988,生しいたけ_1988,青森_生しいたけ
1988,宮城,生しいたけ,生しいたけ,1696.9,1696.9,1696.9,num,(t),all_listed,,edfa08000_s63.xls,1975.0,13.0,10.0,7.437147472321966,宮城_1988,生しいたけ_1988,宮城_生しいたけ
1988,秋田,生しいたけ,生しいたけ,2020.5,2020.5,2020.5,num,(t),all_listed,,edfa08000_s63.xls,1982.0,6.0,6.0,7.611595089080826,秋田_1988,生しいたけ_1988,秋田_生しいたけ
1988,山形,生しいたけ,生しいたけ,931.3,931.3,931.3,num,(t),all_listed,,edfa08000_s63.xls,1978.0,10.0,10.0,6.837654651302648,山形_1988,生しいたけ_1988,山形_生しいたけ
1988,新潟,生しいたけ,生しいたけ,1196.9,1196.9,1196.9,num,(t),all_listed,,edfa08000_s63.xls,1977.0,11.0,10.0,7.088325302737285,新潟_1988,生しいたけ_1988,新潟_生しいたけ
1988,山梨,生しいたけ,生しいたけ,1232.1,1232.1,1232.1,num,(t),all_listed,,edfa08000_s63.xls,1978.0,10.0,10.0,7.117286602876485,山梨_1988,生しいたけ_1988,山梨_生しいたけ
1988,長野,生しいたけ,生しいたけ,2000.0,2000.0,2000.0,num,(t),all_listed,,edfa08000_s63.xls,1981.0,7.0,7.0,7.601402334583733,長野_1988,生しいたけ_1988,長野_生しいたけ
1989,北海道,くるみ,くるみ,5.1,5.1,5.1,num,(t),positive_only,,edfa08000_h1.xls,,,,1.8082887711792655,北海道_1989,くるみ_1989,北海道_くるみ
1989,青森,くるみ,くるみ,35.5,35.5,35.5,num,(t),positive_only,,edfa08000_h1.xls,,,,3.597312260588446,青森_1989,くるみ_1989,青森_くるみ
1989,宮城,くるみ,くるみ,2.2,2.2,2.2,num,(t),positive_only,,edfa08000_h1.xls,1975.0,14.0,10.0,1.1631508098056809,宮城_1989,くるみ_1989,宮城_くるみ
1989,秋田,くるみ,くるみ,1.6,1.6,1.6,num,(t),positive_only,,edfa08000_h1.xls,1982.0,7.0,7.0,0.9555114450274363,秋田_1989,くるみ_1989,秋田_くるみ
1989,山形,くるみ,くるみ,8.4,8.4,8.4,num,(t),positive_only,,edfa08000_h1.xls,1978.0,11.0,10.0,2.2407096892759584,山形_1989,くるみ_1989,山形_くるみ
1989,新潟,くるみ,くるみ,14.8,14.8,14.8,num,(t),positive_only,,edfa08000_h1.xls,1977.0,12.0,10.0,2.760009940032921,新潟_1989,くるみ_1989,新潟_くるみ
1989,山梨,くるみ,くるみ,3.4,3.4,3.4,num,(t),positive_only,,edfa08000_h1.xls,1978.0,11.0,10.0,1.4816045409242156,山梨_1989,くるみ_1989,山梨_くるみ
1989,長野,くるみ,くるみ,300.0,300.0,300.0,num,(t),positive_only,,edfa08000_h1.xls,1981.0,8.0,8.0,5.707110264748875,長野_1989,くるみ_1989,長野_くるみ
1989,北海道,なめこ,なめこ,1324.5,1324.5,1324.5,num,(t),positive_only,,edfa08000_h1.xls,,,,7.18954502572908,北海道_1989,なめこ_1989,北海道_なめこ
1989,青森,なめこ,なめこ,824.3,824.3,824.3,num,(t),positive_only,,edfa08000_h1.xls,,,,6.715746956598639,青森_1989,なめこ_1989,青森_なめこ
1989,宮城,なめこ,なめこ,688.8,688.8,688.8,num,(t),positive_only,,edfa08000_h1.xls,1975.0,14.0,10.0,6.536401700502741,宮城_1989,なめこ_1989,宮城_なめこ
1989,秋田,なめこ,なめこ,733.6,733.6,733.6,num,(t),positive_only,,edfa08000_h1.xls,1982.0,7.0,7.0,6.599326133385567,秋田_1989,なめこ_1989,秋田_なめこ
1989,山形,なめこ,なめこ,3328.0,3328.0,3328.0,num,(t),positive_only,,edfa08000_h1.xls,1978.0,11.0,10.0,8.110427237575024,山形_1989,なめこ_1989,山形_なめこ
1989,新潟,なめこ,なめこ,1203.6,1203.6,1203.6,num,(t),positive_only,,edfa08000_h1.xls,1977.0,12.0,10.0,7.093902840609621,新潟_1989,なめこ_1989,新潟_なめこ
1989,山梨,なめこ,なめこ,18.0,18.0,18.0,num,(t),positive_only,,edfa08000_h1.xls,1978.0,11.0,10.0,2.9444389791664403,山梨_1989,なめこ_1989,山梨_なめこ
1989,長野,なめこ,なめこ,4200.0,4200.0,4200.0,num,(t),positive_only,,edfa08000_h1.xls,1981.0,8.0,8.0,8.343077871169383,長野_1989,なめこ_1989,長野_なめこ
1989,北海道,まつたけ,まつたけ,-,,0.0,zero_dash,(t),positive_only,,edfa08000_h1.xls,,,,0.0,北海道_1989,まつたけ_1989,北海道_まつたけ
1989,青森,まつたけ,まつたけ,0.2,0.2,0.2,num,(t),positive_only,,edfa08000_h1.xls,,,,0.18232155679395465,青森_1989,まつたけ_1989,青森_まつたけ
1989,宮城,まつたけ,まつたけ,1.2,1.2,1.2,num,(t),positive_only,,edfa08000_h1.xls,1975.0,14.0,10.0,0.7884573603642702,宮城_1989,まつたけ_1989,宮城_まつたけ
1989,秋田,まつたけ,まつたけ,5.7,5.7,5.7,num,(t),positive_only,,edfa08000_h1.xls,1982.0,7.0,7.0,1.9021075263969205,秋田_1989,まつたけ_1989,秋田_まつたけ
1989,山形,まつたけ,まつたけ,4.0,4.0,4.0,num,(t),positive_only,,edfa08000_h1.xls,1978.0,11.0,10.0,1.6094379124341003,山形_1989,まつたけ_1989,山形_まつたけ
1989,新潟,まつたけ,まつたけ,1.5,1.5,1.5,num,(t),positive_only,,edfa08000_h1.xls,1977.0,12.0,10.0,0.9162907318741551,新潟_1989,まつたけ_1989,新潟_まつたけ
1989,山梨,まつたけ,まつたけ,0.5,0.5,0.5,num,(t),positive_only,,edfa08000_h1.xls,1978.0,11.0,10.0,0.4054651081081644,山梨_1989,まつたけ_1989,山梨_まつたけ
1989,長野,まつたけ,まつたけ,27.4,27.4,27.4,num,(t),positive_only,,edfa08000_h1.xls,1981.0,8.0,8.0,3.3463891451671604,長野_1989,まつたけ_1989,長野_まつたけ
1989,北海道,生しいたけ,生しいたけ,2512.6,2512.6,2512.6,num,(t),all_listed,,edfa08000_h1.xls,,,,7.829471267501357,北海道_1989,生しいたけ_1989,北海道_生しいたけ
1989,青森,生しいたけ,生しいたけ,1521.1,1521.1,1521.1,num,(t),all_listed,,edfa08000_h1.xls,,,,7.327846239285621,青森_1989,生しいたけ_1989,青森_生しいたけ
1989,宮城,生しいたけ,生しいたけ,1649.4,1649.4,1649.4,num,(t),all_listed,,edfa08000_h1.xls,1975.0,14.0,10.0,7.408772961757042,宮城_1989,生しいたけ_1989,宮城_生しいたけ
1989,秋田,生しいたけ,生しいたけ,2198.7,2198.7,2198.7,num,(t),all_listed,,edfa08000_h1.xls,1982.0,7.0,7.0,7.696076266411677,秋田_1989,生しいたけ_1989,秋田_生しいたけ
1989,山形,生しいたけ,生しいたけ,869.1,869.1,869.1,num,(t),all_listed,,edfa08000_h1.xls,1978.0,11.0,10.0,6.768608147571979,山形_1989,生しいたけ_1989,山形_生しいたけ
1989,新潟,生しいたけ,生しいたけ,1196.7,1196.7,1196.7,num,(t),all_listed,,edfa08000_h1.xls,1977.0,12.0,10.0,7.088158329953461,新潟_1989,生しいたけ_1989,新潟_生しいたけ
1989,山梨,生しいたけ,生しいたけ,1243.7,1243.7,1243.7,num,(t),all_listed,,edfa08000_h1.xls,1978.0,11.0,10.0,7.126649816006932,山梨_1989,生しいたけ_1989,山梨_生しいたけ
1989,長野,生しいたけ,生しいたけ,2190.0,2190.0,2190.0,num,(t),all_listed,,edfa08000_h1.xls,1981.0,8.0,8.0,7.692113339595466,長野_1989,生しいたけ_1989,長野_生しいたけ
1990,北海道,くるみ,くるみ,4.1,4.1,4.1,num,(t),positive_only,,edfa08000_h2.xls,,,,1.62924053973028,北海道_1990,くるみ_1990,北海道_くるみ
1990,青森,くるみ,くるみ,93.3,93.3,93.3,num,(t),positive_only,,edfa08000_h2.xls,,,,4.546481189639412,青森_1990,くるみ_1990,青森_くるみ
1990,宮城,くるみ,くるみ,2.2,2.2,2.2,num,(t),positive_only,,edfa08000_h2.xls,1975.0,15.0,10.0,1.1631508098056809,宮城_1990,くるみ_1990,宮城_くるみ
1990,秋田,くるみ,くるみ,1.7,1.7,1.7,num,(t),positive_only,,edfa08000_h2.xls,1982.0,8.0,8.0,0.9932517730102833,秋田_1990,くるみ_1990,秋田_くるみ
1990,山形,くるみ,くるみ,6.6,6.6,6.6,num,(t),positive_only,,edfa08000_h2.xls,1978.0,12.0,10.0,2.028148247292285,山形_1990,くるみ_1990,山形_くるみ
1990,新潟,くるみ,くるみ,19.6,19.6,19.6,num,(t),positive_only,,edfa08000_h2.xls,1977.0,13.0,10.0,3.0252910757955354,新潟_1990,くるみ_1990,新潟_くるみ
1990,山梨,くるみ,くるみ,5.2,5.2,5.2,num,(t),positive_only,,edfa08000_h2.xls,1978.0,12.0,10.0,1.824549292051046,山梨_1990,くるみ_1990,山梨_くるみ
1990,長野,くるみ,くるみ,490.0,490.0,490.0,num,(t),positive_only,,edfa08000_h2.xls,1981.0,9.0,9.0,6.19644412779452,長野_1990,くるみ_1990,長野_くるみ
1990,北海道,なめこ,なめこ,1303.3,1303.3,1303.3,num,(t),positive_only,,edfa08000_h2.xls,,,,7.173421777376237,北海道_1990,なめこ_1990,北海道_なめこ
1990,青森,なめこ,なめこ,1066.3,1066.3,1066.3,num,(t),positive_only,,edfa08000_h2.xls,,,,6.972887373919919,青森_1990,なめこ_1990,青森_なめこ
1990,宮城,なめこ,なめこ,730.4,730.4,730.4,num,(t),positive_only,,edfa08000_h2.xls,1975.0,15.0,10.0,6.594960505715281,宮城_1990,なめこ_1990,宮城_なめこ
1990,秋田,なめこ,なめこ,703.2,703.2,703.2,num,(t),positive_only,,edfa08000_h2.xls,1982.0,8.0,8.0,6.557062406720952,秋田_1990,なめこ_1990,秋田_なめこ
1990,山形,なめこ,なめこ,3641.1,3641.1,3641.1,num,(t),positive_only,,edfa08000_h2.xls,1978.0,12.0,10.0,8.200315717351572,山形_1990,なめこ_1990,山形_なめこ
1990,新潟,なめこ,なめこ,1328.7,1328.7,1328.7,num,(t),positive_only,,edfa08000_h2.xls,1977.0,13.0,10.0,7.1927086318626605,新潟_1990,なめこ_1990,新潟_なめこ
1990,山梨,なめこ,なめこ,18.5,18.5,18.5,num,(t),positive_only,,edfa08000_h2.xls,1978.0,12.0,10.0,2.970414465569701,山梨_1990,なめこ_1990,山梨_なめこ
1990,長野,なめこ,なめこ,4220.3,4220.3,4220.3,num,(t),positive_only,,edfa08000_h2.xls,1981.0,9.0,9.0,8.34789841646232,長野_1990,なめこ_1990,長野_なめこ
1990,北海道,まつたけ,まつたけ,-,,0.0,zero_dash,(t),positive_only,,edfa08000_h2.xls,,,,0.0,北海道_1990,まつたけ_1990,北海道_まつたけ
1990,青森,まつたけ,まつたけ,0.1,0.1,0.1,num,(t),positive_only,,edfa08000_h2.xls,,,,0.09531017980432487,青森_1990,まつたけ_1990,青森_まつたけ
1990,宮城,まつたけ,まつたけ,0.8,0.8,0.8,num,(t),positive_only,,edfa08000_h2.xls,1975.0,15.0,10.0,0.5877866649021191,宮城_1990,まつたけ_1990,宮城_まつたけ
1990,秋田,まつたけ,まつたけ,4.6,4.6,4.6,num,(t),positive_only,,edfa08000_h2.xls,1982.0,8.0,8.0,1.7227665977411035,秋田_1990,まつたけ_1990,秋田_まつたけ
1990,山形,まつたけ,まつたけ,2.6,2.6,2.6,num,(t),positive_only,,edfa08000_h2.xls,1978.0,12.0,10.0,1.2809338454620642,山形_1990,まつたけ_1990,山形_まつたけ
1990,新潟,まつたけ,まつたけ,1.2,1.2,1.2,num,(t),positive_only,,edfa08000_h2.xls,1977.0,13.0,10.0,0.7884573603642702,新潟_1990,まつたけ_1990,新潟_まつたけ
1990,山梨,まつたけ,まつたけ,0.7,0.7,0.7,num,(t),positive_only,,edfa08000_h2.xls,1978.0,12.0,10.0,0.5306282510621704,山梨_1990,まつたけ_1990,山梨_まつたけ
1990,長野,まつたけ,まつたけ,22.8,22.8,22.8,num,(t),positive_only,,edfa08000_h2.xls,1981.0,9.0,9.0,3.169685580677429,長野_1990,まつたけ_1990,長野_まつたけ
1990,北海道,生しいたけ,生しいたけ,2915.8,2915.8,2915.8,num,(t),all_listed,,edfa08000_h2.xls,,,,7.978242403924399,北海道_1990,生しいたけ_1990,北海道_生しいたけ
1990,青森,生しいたけ,生しいたけ,1446.1,1446.1,1446.1,num,(t),all_listed,,edfa08000_h2.xls,,,,7.277316832743947,青森_1990,生しいたけ_1990,青森_生しいたけ
1990,宮城,生しいたけ,生しいたけ,1593.3,1593.3,1593.3,num,(t),all_listed,,edfa08000_h2.xls,1975.0,15.0,10.0,7.37419004741332,宮城_1990,生しいたけ_1990,宮城_生しいたけ
1990,秋田,生しいたけ,生しいたけ,2251.1,2251.1,2251.1,num,(t),all_listed,,edfa08000_h2.xls,1982.0,8.0,8.0,7.719618393247067,秋田_1990,生しいたけ_1990,秋田_生しいたけ
1990,山形,生しいたけ,生しいたけ,792.3,792.3,792.3,num,(t),all_listed,,edfa08000_h2.xls,1978.0,12.0,10.0,6.676201460307957,山形_1990,生しいたけ_1990,山形_生しいたけ
1990,新潟,生しいたけ,生しいたけ,1249.2,1249.2,1249.2,num,(t),all_listed,,edfa08000_h2.xls,1977.0,13.0,10.0,7.131058817497712,新潟_1990,生しいたけ_1990,新潟_生しいたけ
1990,山梨,生しいたけ,生しいたけ,1226.3,1226.3,1226.3,num,(t),all_listed,,edfa08000_h2.xls,1978.0,12.0,10.0,7.112571913603462,山梨_1990,生しいたけ_1990,山梨_生しいたけ
1990,長野,生しいたけ,生しいたけ,2250.0,2250.0,2250.0,num,(t),all_listed,,edfa08000_h2.xls,1981.0,9.0,9.0,7.719129840906732,長野_1990,生しいたけ_1990,長野_生しいたけ
1991,北海道,くるみ,くるみ,2.9,2.9,2.9,num,(t),positive_only,,edfa08000_h3.xls,,,,1.3609765531356006,北海道_1991,くるみ_1991,北海道_くるみ
1991,青森,くるみ,くるみ,74.6,74.6,74.6,num,(t),positive_only,,edfa08000_h3.xls,,,,4.3254562831854875,青森_1991,くるみ_1991,青森_くるみ
1991,宮城,くるみ,くるみ,2.1,2.1,2.1,num,(t),positive_only,,edfa08000_h3.xls,1975.0,16.0,10.0,1.1314021114911006,宮城_1991,くるみ_1991,宮城_くるみ
1991,秋田,くるみ,くるみ,1.5,1.5,1.5,num,(t),positive_only,,edfa08000_h3.xls,1982.0,9.0,9.0,0.9162907318741551,秋田_1991,くるみ_1991,秋田_くるみ
1991,山形,くるみ,くるみ,5.4,5.4,5.4,num,(t),positive_only,,edfa08000_h3.xls,1978.0,13.0,10.0,1.8562979903656263,山形_1991,くるみ_1991,山形_くるみ
1991,新潟,くるみ,くるみ,16.2,16.2,16.2,num,(t),positive_only,,edfa08000_h3.xls,1977.0,14.0,10.0,2.8449093838194073,新潟_1991,くるみ_1991,新潟_くるみ
1991,山梨,くるみ,くるみ,2.7,2.7,2.7,num,(t),positive_only,,edfa08000_h3.xls,1978.0,13.0,10.0,1.308332819650179,山梨_1991,くるみ_1991,山梨_くるみ
1991,長野,くるみ,くるみ,443.0,443.0,443.0,num,(t),positive_only,,edfa08000_h3.xls,1981.0,10.0,10.0,6.095824562432225,長野_1991,くるみ_1991,長野_くるみ
1991,北海道,なめこ,なめこ,1261.1,1261.1,1261.1,num,(t),positive_only,,edfa08000_h3.xls,,,,7.140532279264585,北海道_1991,なめこ_1991,北海道_なめこ
1991,青森,なめこ,なめこ,1112.9,1112.9,1112.9,num,(t),positive_only,,edfa08000_h3.xls,,,,7.015622649851144,青森_1991,なめこ_1991,青森_なめこ
1991,宮城,なめこ,なめこ,762.5,762.5,762.5,num,(t),positive_only,,edfa08000_h3.xls,1975.0,16.0,10.0,6.637913124658687,宮城_1991,なめこ_1991,宮城_なめこ
1991,秋田,なめこ,なめこ,702.9,702.9,702.9,num,(t),positive_only,,edfa08000_h3.xls,1982.0,9.0,9.0,6.556636300614086,秋田_1991,なめこ_1991,秋田_なめこ
1991,山形,なめこ,なめこ,3714.3,3714.3,3714.3,num,(t),positive_only,,edfa08000_h3.xls,1978.0,13.0,10.0,8.220214707592666,山形_1991,なめこ_1991,山形_なめこ
1991,新潟,なめこ,なめこ,1329.2,1329.2,1329.2,num,(t),positive_only,,edfa08000_h3.xls,1977.0,14.0,10.0,7.193084585850321,新潟_1991,なめこ_1991,新潟_なめこ
1991,山梨,なめこ,なめこ,27.8,27.8,27.8,num,(t),positive_only,,edfa08000_h3.xls,1978.0,13.0,10.0,3.3603753871419,山梨_1991,なめこ_1991,山梨_なめこ
1991,長野,なめこ,なめこ,4134.7,4134.7,4134.7,num,(t),positive_only,,edfa08000_h3.xls,1981.0,10.0,10.0,8.327411879708428,長野_1991,なめこ_1991,長野_なめこ
1991,北海道,まつたけ,まつたけ,‐,,0.0,zero_dash,(t),positive_only,,edfa08000_h3.xls,,,,0.0,北海道_1991,まつたけ_1991,北海道_まつたけ
1991,青森,まつたけ,まつたけ,0.1,0.1,0.1,num,(t),positive_only,,edfa08000_h3.xls,,,,0.09531017980432487,青森_1991,まつたけ_1991,青森_まつたけ
1991,宮城,まつたけ,まつたけ,0.7,0.7,0.7,num,(t),positive_only,,edfa08000_h3.xls,1975.0,16.0,10.0,0.5306282510621704,宮城_1991,まつたけ_1991,宮城_まつたけ
1991,秋田,まつたけ,まつたけ,2.5,2.5,2.5,num,(t),positive_only,,edfa08000_h3.xls,1982.0,9.0,9.0,1.252762968495368,秋田_1991,まつたけ_1991,秋田_まつたけ
1991,山形,まつたけ,まつたけ,5.8,5.8,5.8,num,(t),positive_only,,edfa08000_h3.xls,1978.0,13.0,10.0,1.916922612182061,山形_1991,まつたけ_1991,山形_まつたけ
1991,新潟,まつたけ,まつたけ,1.0,1.0,1.0,num,(t),positive_only,,edfa08000_h3.xls,1977.0,14.0,10.0,0.6931471805599453,新潟_1991,まつたけ_1991,新潟_まつたけ
1991,山梨,まつたけ,まつたけ,0.2,0.2,0.2,num,(t),positive_only,,edfa08000_h3.xls,1978.0,13.0,10.0,0.18232155679395465,山梨_1991,まつたけ_1991,山梨_まつたけ
1991,長野,まつたけ,まつたけ,54.7,54.7,54.7,num,(t),positive_only,,edfa08000_h3.xls,1981.0,10.0,10.0,4.019980146933238,長野_1991,まつたけ_1991,長野_まつたけ
1991,北海道,生しいたけ,生しいたけ,3065.5,3065.5,3065.5,num,(t),all_listed,,edfa08000_h3.xls,,,,8.028292125066038,北海道_1991,生しいたけ_1991,北海道_生しいたけ
1991,青森,生しいたけ,生しいたけ,1364.0,1364.0,1364.0,num,(t),all_listed,,edfa08000_h3.xls,,,,7.21890970761906,青森_1991,生しいたけ_1991,青森_生しいたけ
1991,宮城,生しいたけ,生しいたけ,1434.0,1434.0,1434.0,num,(t),all_listed,,edfa08000_h3.xls,1975.0,16.0,10.0,7.268920128193722,宮城_1991,生しいたけ_1991,宮城_生しいたけ
1991,秋田,生しいたけ,生しいたけ,2296.1,2296.1,2296.1,num,(t),all_listed,,edfa08000_h3.xls,1982.0,9.0,9.0,7.739402736787188,秋田_1991,生しいたけ_1991,秋田_生しいたけ
1991,山形,生しいたけ,生しいたけ,797.7,797.7,797.7,num,(t),all_listed,,edfa08000_h3.xls,1978.0,13.0,10.0,6.682985405923343,山形_1991,生しいたけ_1991,山形_生しいたけ
1991,新潟,生しいたけ,生しいたけ,1275.4,1275.4,1275.4,num,(t),all_listed,,edfa08000_h3.xls,1977.0,14.0,10.0,7.151798894404089,新潟_1991,生しいたけ_1991,新潟_生しいたけ
1991,山梨,生しいたけ,生しいたけ,1235.0,1235.0,1235.0,num,(t),all_listed,,edfa08000_h3.xls,1978.0,13.0,10.0,7.119635638017636,山梨_1991,生しいたけ_1991,山梨_生しいたけ
1991,長野,生しいたけ,生しいたけ,2029.8,2029.8,2029.8,num,(t),all_listed,,edfa08000_h3.xls,1981.0,10.0,10.0,7.61618508307324,長野_1991,生しいたけ_1991,長野_生しいたけ
1992,北海道,くるみ,くるみ,2.0,2.0,2.0,num,(t),positive_only,,edfa08000_h4.xls,,,,1.0986122886681098,北海道_1992,くるみ_1992,北海道_くるみ
1992,青森,くるみ,くるみ,81.8,81.8,81.8,num,(t),positive_only,,edfa08000_h4.xls,,,,4.416428061391214,青森_1992,くるみ_1992,青森_くるみ
1992,宮城,くるみ,くるみ,1.8,1.8,1.8,num,(t),positive_only,,edfa08000_h4.xls,1975.0,17.0,10.0,1.0296194171811583,宮城_1992,くるみ_1992,宮城_くるみ
1992,秋田,くるみ,くるみ,1.0,1.0,1.0,num,(t),positive_only,,edfa08000_h4.xls,1982.0,10.0,10.0,0.6931471805599453,秋田_1992,くるみ_1992,秋田_くるみ
1992,山形,くるみ,くるみ,4.8,4.8,4.8,num,(t),positive_only,,edfa08000_h4.xls,1978.0,14.0,10.0,1.7578579175523736,山形_1992,くるみ_1992,山形_くるみ
1992,新潟,くるみ,くるみ,13.5,13.5,13.5,num,(t),positive_only,,edfa08000_h4.xls,1977.0,15.0,10.0,2.6741486494265287,新潟_1992,くるみ_1992,新潟_くるみ
1992,山梨,くるみ,くるみ,1.2,1.2,1.2,num,(t),positive_only,,edfa08000_h4.xls,1978.0,14.0,10.0,0.7884573603642702,山梨_1992,くるみ_1992,山梨_くるみ
1992,長野,くるみ,くるみ,450.0,450.0,450.0,num,(t),positive_only,,edfa08000_h4.xls,1981.0,11.0,10.0,6.111467339502679,長野_1992,くるみ_1992,長野_くるみ
1992,北海道,なめこ,なめこ,1390.9,1390.9,1390.9,num,(t),positive_only,,edfa08000_h4.xls,,,,7.238424999233355,北海道_1992,なめこ_1992,北海道_なめこ
1992,青森,なめこ,なめこ,985.2,985.2,985.2,num,(t),positive_only,,edfa08000_h4.xls,,,,6.893859173790026,青森_1992,なめこ_1992,青森_なめこ
1992,宮城,なめこ,なめこ,723.2,723.2,723.2,num,(t),positive_only,,edfa08000_h4.xls,1975.0,17.0,10.0,6.585067597331541,宮城_1992,なめこ_1992,宮城_なめこ
1992,秋田,なめこ,なめこ,625.2,625.2,625.2,num,(t),positive_only,,edfa08000_h4.xls,1982.0,10.0,10.0,6.4396698088923054,秋田_1992,なめこ_1992,秋田_なめこ
1992,山形,なめこ,なめこ,3599.2,3599.2,3599.2,num,(t),positive_only,,edfa08000_h4.xls,1978.0,14.0,10.0,8.188744678456604,山形_1992,なめこ_1992,山形_なめこ
1992,新潟,なめこ,なめこ,1383.9,1383.9,1383.9,num,(t),positive_only,,edfa08000_h4.xls,1977.0,15.0,10.0,7.233383213848672,新潟_1992,なめこ_1992,新潟_なめこ
1992,山梨,なめこ,なめこ,33.0,33.0,33.0,num,(t),positive_only,,edfa08000_h4.xls,1978.0,14.0,10.0,3.5263605246161616,山梨_1992,なめこ_1992,山梨_なめこ
1992,長野,なめこ,なめこ,4118.4,4118.4,4118.4,num,(t),positive_only,,edfa08000_h4.xls,1981.0,11.0,10.0,8.323462800670377,長野_1992,なめこ_1992,長野_なめこ
1992,北海道,まつたけ,まつたけ,-,,0.0,zero_dash,(t),positive_only,,edfa08000_h4.xls,,,,0.0,北海道_1992,まつたけ_1992,北海道_まつたけ
1992,青森,まつたけ,まつたけ,-,,0.0,zero_dash,(t),positive_only,,edfa08000_h4.xls,,,,0.0,青森_1992,まつたけ_1992,青森_まつたけ
1992,宮城,まつたけ,まつたけ,0.1,0.1,0.1,num,(t),positive_only,,edfa08000_h4.xls,1975.0,17.0,10.0,0.09531017980432487,宮城_1992,まつたけ_1992,宮城_まつたけ
1992,秋田,まつたけ,まつたけ,1.4,1.4,1.4,num,(t),positive_only,,edfa08000_h4.xls,1982.0,10.0,10.0,0.8754687373538999,秋田_1992,まつたけ_1992,秋田_まつたけ
1992,山形,まつたけ,まつたけ,0.6,0.6,0.6,num,(t),positive_only,,edfa08000_h4.xls,1978.0,14.0,10.0,0.4700036292457355,山形_1992,まつたけ_1992,山形_まつたけ
1992,新潟,まつたけ,まつたけ,0.2,0.2,0.2,num,(t),positive_only,,edfa08000_h4.xls,1977.0,15.0,10.0,0.18232155679395465,新潟_1992,まつたけ_1992,新潟_まつたけ
1992,山梨,まつたけ,まつたけ,0.2,0.2,0.2,num,(t),positive_only,,edfa08000_h4.xls,1978.0,14.0,10.0,0.18232155679395465,山梨_1992,まつたけ_1992,山梨_まつたけ
1992,長野,まつたけ,まつたけ,0.5,0.5,0.5,num,(t),positive_only,,edfa08000_h4.xls,1981.0,11.0,10.0,0.4054651081081644,長野_1992,まつたけ_1992,長野_まつたけ
1992,北海道,生しいたけ,生しいたけ,3425.9,3425.9,3425.9,num,(t),all_listed,,edfa08000_h4.xls,,,,8.13941134140801,北海道_1992,生しいたけ_1992,北海道_生しいたけ
1992,青森,生しいたけ,生しいたけ,1267.4,1267.4,1267.4,num,(t),all_listed,,edfa08000_h4.xls,,,,7.145511542664193,青森_1992,生しいたけ_1992,青森_生しいたけ
1992,宮城,生しいたけ,生しいたけ,1290.6,1290.6,1290.6,num,(t),all_listed,,edfa08000_h4.xls,1975.0,17.0,10.0,7.16363703888412,宮城_1992,生しいたけ_1992,宮城_生しいたけ
1992,秋田,生しいたけ,生しいたけ,2298.8,2298.8,2298.8,num,(t),all_listed,,edfa08000_h4.xls,1982.0,10.0,10.0,7.7405774416145645,秋田_1992,生しいたけ_1992,秋田_生しいたけ
1992,山形,生しいたけ,生しいたけ,868.2,868.2,868.2,num,(t),all_listed,,edfa08000_h4.xls,1978.0,14.0,10.0,6.767573248382274,山形_1992,生しいたけ_1992,山形_生しいたけ
1992,新潟,生しいたけ,生しいたけ,1252.0,1252.0,1252.0,num,(t),all_listed,,edfa08000_h4.xls,1977.0,15.0,10.0,7.133295954896068,新潟_1992,生しいたけ_1992,新潟_生しいたけ
1992,山梨,生しいたけ,生しいたけ,1040.6,1040.6,1040.6,num,(t),all_listed,,edfa08000_h4.xls,1978.0,14.0,10.0,6.9485132714543045,山梨_1992,生しいたけ_1992,山梨_生しいたけ
1992,長野,生しいたけ,生しいたけ,1940.9,1940.9,1940.9,num,(t),all_listed,,edfa08000_h4.xls,1981.0,11.0,10.0,7.571422154219574,長野_1992,生しいたけ_1992,長野_生しいたけ
1993,北海道,くるみ,くるみ,0.2,0.2,0.2,num,(t),positive_only,,edfa08000_h5.xls,,,,0.18232155679395465,北海道_1993,くるみ_1993,北海道_くるみ
1993,青森,くるみ,くるみ,76.7,76.7,76.7,num,(t),positive_only,,edfa08000_h5.xls,,,,4.3528552573736015,青森_1993,くるみ_1993,青森_くるみ
1993,宮城,くるみ,くるみ,1.7,1.7,1.7,num,(t),positive_only,,edfa08000_h5.xls,1975.0,18.0,10.0,0.9932517730102833,宮城_1993,くるみ_1993,宮城_くるみ
1993,秋田,くるみ,くるみ,1.0,1.0,1.0,num,(t),positive_only,,edfa08000_h5.xls,1982.0,11.0,10.0,0.6931471805599453,秋田_1993,くるみ_1993,秋田_くるみ
1993,山形,くるみ,くるみ,3.8,3.8,3.8,num,(t),positive_only,,edfa08000_h5.xls,1978.0,15.0,10.0,1.5686159179138452,山形_1993,くるみ_1993,山形_くるみ
1993,新潟,くるみ,くるみ,22.5,22.5,22.5,num,(t),positive_only,,edfa08000_h5.xls,1977.0,16.0,10.0,3.1570004211501135,新潟_1993,くるみ_1993,新潟_くるみ
1993,山梨,くるみ,くるみ,1.5,1.5,1.5,num,(t),positive_only,,edfa08000_h5.xls,1978.0,15.0,10.0,0.9162907318741551,山梨_1993,くるみ_1993,山梨_くるみ
1993,長野,くるみ,くるみ,430.0,430.0,430.0,num,(t),positive_only,,edfa08000_h5.xls,1981.0,12.0,10.0,6.066108090103747,長野_1993,くるみ_1993,長野_くるみ
1993,北海道,なめこ,なめこ,1525.8,1525.8,1525.8,num,(t),positive_only,,edfa08000_h5.xls,,,,7.330929320871075,北海道_1993,なめこ_1993,北海道_なめこ
1993,青森,なめこ,なめこ,1095.8,1095.8,1095.8,num,(t),positive_only,,edfa08000_h5.xls,,,,7.0001521282481045,青森_1993,なめこ_1993,青森_なめこ
1993,宮城,なめこ,なめこ,804.2,804.2,804.2,num,(t),positive_only,,edfa08000_h5.xls,1975.0,18.0,10.0,6.691090693765636,宮城_1993,なめこ_1993,宮城_なめこ
1993,秋田,なめこ,なめこ,606.1,606.1,606.1,num,(t),positive_only,,edfa08000_h5.xls,1982.0,11.0,10.0,6.408693522136389,秋田_1993,なめこ_1993,秋田_なめこ
1993,山形,なめこ,なめこ,3579.0,3579.0,3579.0,num,(t),positive_only,,edfa08000_h5.xls,1978.0,15.0,10.0,8.183118079394745,山形_1993,なめこ_1993,山形_なめこ
1993,新潟,なめこ,なめこ,1478.9,1478.9,1478.9,num,(t),positive_only,,edfa08000_h5.xls,1977.0,16.0,10.0,7.299729796907802,新潟_1993,なめこ_1993,新潟_なめこ
1993,山梨,なめこ,なめこ,38.1,38.1,38.1,num,(t),positive_only,,edfa08000_h5.xls,1978.0,15.0,10.0,3.66612246699132,山梨_1993,なめこ_1993,山梨_なめこ
1993,長野,なめこ,なめこ,4254.1,4254.1,4254.1,num,(t),positive_only,,edfa08000_h5.xls,1981.0,12.0,10.0,8.355873542493944,長野_1993,なめこ_1993,長野_なめこ
1993,北海道,まつたけ,まつたけ,-,,0.0,zero_dash,(t),positive_only,,edfa08000_h5.xls,,,,0.0,北海道_1993,まつたけ_1993,北海道_まつたけ
1993,青森,まつたけ,まつたけ,-,,0.0,zero_dash,(t),positive_only,,edfa08000_h5.xls,,,,0.0,青森_1993,まつたけ_1993,青森_まつたけ
1993,宮城,まつたけ,まつたけ,0.1,0.1,0.1,num,(t),positive_only,,edfa08000_h5.xls,1975.0,18.0,10.0,0.09531017980432487,宮城_1993,まつたけ_1993,宮城_まつたけ
1993,秋田,まつたけ,まつたけ,1.8,1.8,1.8,num,(t),positive_only,,edfa08000_h5.xls,1982.0,11.0,10.0,1.0296194171811583,秋田_1993,まつたけ_1993,秋田_まつたけ
1993,山形,まつたけ,まつたけ,2.0,2.0,2.0,num,(t),positive_only,,edfa08000_h5.xls,1978.0,15.0,10.0,1.0986122886681098,山形_1993,まつたけ_1993,山形_まつたけ
1993,新潟,まつたけ,まつたけ,-,,0.0,zero_dash,(t),positive_only,,edfa08000_h5.xls,1977.0,16.0,10.0,0.0,新潟_1993,まつたけ_1993,新潟_まつたけ
1993,山梨,まつたけ,まつたけ,0.6,0.6,0.6,num,(t),positive_only,,edfa08000_h5.xls,1978.0,15.0,10.0,0.4700036292457355,山梨_1993,まつたけ_1993,山梨_まつたけ
1993,長野,まつたけ,まつたけ,47.8,47.8,47.8,num,(t),positive_only,,edfa08000_h5.xls,1981.0,12.0,10.0,3.8877303128591016,長野_1993,まつたけ_1993,長野_まつたけ
1993,北海道,生しいたけ,生しいたけ,3827.9,3827.9,3827.9,num,(t),all_listed,,edfa08000_h5.xls,,,,8.250332834656755,北海道_1993,生しいたけ_1993,北海道_生しいたけ
1993,青森,生しいたけ,生しいたけ,1287.4,1287.4,1287.4,num,(t),all_listed,,edfa08000_h5.xls,,,,7.161156417457044,青森_1993,生しいたけ_1993,青森_生しいたけ
1993,宮城,生しいたけ,生しいたけ,1226.1,1226.1,1226.1,num,(t),all_listed,,edfa08000_h5.xls,1975.0,18.0,10.0,7.112408940982502,宮城_1993,生しいたけ_1993,宮城_生しいたけ
1993,秋田,生しいたけ,生しいたけ,2261.9,2261.9,2261.9,num,(t),all_listed,,edfa08000_h5.xls,1982.0,11.0,10.0,7.724402455527695,秋田_1993,生しいたけ_1993,秋田_生しいたけ
1993,山形,生しいたけ,生しいたけ,877.8,877.8,877.8,num,(t),all_listed,,edfa08000_h5.xls,1978.0,15.0,10.0,6.778557340510455,山形_1993,生しいたけ_1993,山形_生しいたけ
1993,新潟,生しいたけ,生しいたけ,1323.7,1323.7,1323.7,num,(t),all_listed,,edfa08000_h5.xls,1977.0,16.0,10.0,7.188941297690216,新潟_1993,生しいたけ_1993,新潟_生しいたけ
1993,山梨,生しいたけ,生しいたけ,959.7,959.7,959.7,num,(t),all_listed,,edfa08000_h5.xls,1978.0,15.0,10.0,6.867662185415693,山梨_1993,生しいたけ_1993,山梨_生しいたけ
1993,長野,生しいたけ,生しいたけ,1896.0,1896.0,1896.0,num,(t),all_listed,,edfa08000_h5.xls,1981.0,12.0,10.0,7.5480289699350145,長野_1993,生しいたけ_1993,長野_生しいたけ
1994,北海道,くるみ,くるみ,2.1,2.1,2.1,num,(t),positive_only,,edfa08000_h6.xls,,,,1.1314021114911006,北海道_1994,くるみ_1994,北海道_くるみ
1994,青森,くるみ,くるみ,47.2,47.2,47.2,num,(t),positive_only,,edfa08000_h6.xls,,,,3.8753590210565547,青森_1994,くるみ_1994,青森_くるみ
1994,宮城,くるみ,くるみ,1.5,1.5,1.5,num,(t),positive_only,,edfa08000_h6.xls,1975.0,19.0,10.0,0.9162907318741551,宮城_1994,くるみ_1994,宮城_くるみ
1994,秋田,くるみ,くるみ,1.1,1.1,1.1,num,(t),positive_only,,edfa08000_h6.xls,1982.0,12.0,10.0,0.7419373447293773,秋田_1994,くるみ_1994,秋田_くるみ
1994,山形,くるみ,くるみ,3.3,3.3,3.3,num,(t),positive_only,,edfa08000_h6.xls,1978.0,16.0,10.0,1.4586150226995167,山形_1994,くるみ_1994,山形_くるみ
1994,新潟,くるみ,くるみ,16.3,16.3,16.3,num,(t),positive_only,,edfa08000_h6.xls,1977.0,17.0,10.0,2.8507065015037334,新潟_1994,くるみ_1994,新潟_くるみ
1994,山梨,くるみ,くるみ,0.7,0.7,0.7,num,(t),positive_only,,edfa08000_h6.xls,1978.0,16.0,10.0,0.5306282510621704,山梨_1994,くるみ_1994,山梨_くるみ
1994,長野,くるみ,くるみ,400.0,400.0,400.0,num,(t),positive_only,,edfa08000_h6.xls,1981.0,13.0,10.0,5.993961427306569,長野_1994,くるみ_1994,長野_くるみ
1994,北海道,なめこ,なめこ,1514.1,1514.1,1514.1,num,(t),positive_only,,edfa08000_h6.xls,,,,7.32323672236579,北海道_1994,なめこ_1994,北海道_なめこ
1994,青森,なめこ,なめこ,996.6,996.6,996.6,num,(t),positive_only,,edfa08000_h6.xls,,,,6.905352394365827,青森_1994,なめこ_1994,青森_なめこ
1994,宮城,なめこ,なめこ,884.6,884.6,884.6,num,(t),positive_only,,edfa08000_h6.xls,1975.0,19.0,10.0,6.786265381394427,宮城_1994,なめこ_1994,宮城_なめこ
1994,秋田,なめこ,なめこ,594.4,594.4,594.4,num,(t),positive_only,,edfa08000_h6.xls,1982.0,12.0,10.0,6.389233448581676,秋田_1994,なめこ_1994,秋田_なめこ
1994,山形,なめこ,なめこ,3342.4,3342.4,3342.4,num,(t),positive_only,,edfa08000_h6.xls,1978.0,16.0,10.0,8.11474353226853,山形_1994,なめこ_1994,山形_なめこ
1994,新潟,なめこ,なめこ,1614.4,1614.4,1614.4,num,(t),positive_only,,edfa08000_h6.xls,1977.0,17.0,10.0,7.387337883008196,新潟_1994,なめこ_1994,新潟_なめこ
1994,山梨,なめこ,なめこ,52.1,52.1,52.1,num,(t),positive_only,,edfa08000_h6.xls,1978.0,16.0,10.0,3.9721769282478934,山梨_1994,なめこ_1994,山梨_なめこ
1994,長野,なめこ,なめこ,4549.6,4549.6,4549.6,num,(t),positive_only,,edfa08000_h6.xls,1981.0,13.0,10.0,8.423014371383026,長野_1994,なめこ_1994,長野_なめこ
1994,北海道,まつたけ,まつたけ,-,,0.0,zero_dash,(t),positive_only,,edfa08000_h6.xls,,,,0.0,北海道_1994,まつたけ_1994,北海道_まつたけ
1994,青森,まつたけ,まつたけ,-,,0.0,zero_dash,(t),positive_only,,edfa08000_h6.xls,,,,0.0,青森_1994,まつたけ_1994,青森_まつたけ
1994,宮城,まつたけ,まつたけ,0.3,0.3,0.3,num,(t),positive_only,,edfa08000_h6.xls,1975.0,19.0,10.0,0.26236426446749106,宮城_1994,まつたけ_1994,宮城_まつたけ
1994,秋田,まつたけ,まつたけ,2.6,2.6,2.6,num,(t),positive_only,,edfa08000_h6.xls,1982.0,12.0,10.0,1.2809338454620642,秋田_1994,まつたけ_1994,秋田_まつたけ
1994,山形,まつたけ,まつたけ,5.0,5.0,5.0,num,(t),positive_only,,edfa08000_h6.xls,1978.0,16.0,10.0,1.791759469228055,山形_1994,まつたけ_1994,山形_まつたけ
1994,新潟,まつたけ,まつたけ,-,,0.0,zero_dash,(t),positive_only,,edfa08000_h6.xls,1977.0,17.0,10.0,0.0,新潟_1994,まつたけ_1994,新潟_まつたけ
1994,山梨,まつたけ,まつたけ,-,,0.0,zero_dash,(t),positive_only,,edfa08000_h6.xls,1978.0,16.0,10.0,0.0,山梨_1994,まつたけ_1994,山梨_まつたけ
1994,長野,まつたけ,まつたけ,24.8,24.8,24.8,num,(t),positive_only,,edfa08000_h6.xls,1981.0,13.0,10.0,3.250374491927572,長野_1994,まつたけ_1994,長野_まつたけ
1994,北海道,生しいたけ,生しいたけ,3753.9,3753.9,3753.9,num,(t),all_listed,,edfa08000_h6.xls,,,,8.230816932685164,北海道_1994,生しいたけ_1994,北海道_生しいたけ
1994,青森,生しいたけ,生しいたけ,1140.2,1140.2,1140.2,num,(t),all_listed,,edfa08000_h6.xls,,,,7.039835619339345,青森_1994,生しいたけ_1994,青森_生しいたけ
1994,宮城,生しいたけ,生しいたけ,1086.3,1086.3,1086.3,num,(t),all_listed,,edfa08000_h6.xls,1975.0,19.0,10.0,6.9914528380037035,宮城_1994,生しいたけ_1994,宮城_生しいたけ
1994,秋田,生しいたけ,生しいたけ,2287.8,2287.8,2287.8,num,(t),all_listed,,edfa08000_h6.xls,1982.0,12.0,10.0,7.7357829417359,秋田_1994,生しいたけ_1994,秋田_生しいたけ
1994,山形,生しいたけ,生しいたけ,763.0,763.0,763.0,num,(t),all_listed,,edfa08000_h6.xls,1978.0,16.0,10.0,6.638567789166521,山形_1994,生しいたけ_1994,山形_生しいたけ
1994,新潟,生しいたけ,生しいたけ,1219.3,1219.3,1219.3,num,(t),all_listed,,edfa08000_h6.xls,1977.0,17.0,10.0,7.106852009137794,新潟_1994,生しいたけ_1994,新潟_生しいたけ
1994,山梨,生しいたけ,生しいたけ,904.2,904.2,904.2,num,(t),all_listed,,edfa08000_h6.xls,1978.0,16.0,10.0,6.808155913759382,山梨_1994,生しいたけ_1994,山梨_生しいたけ
1994,長野,生しいたけ,生しいたけ,1940.0,1940.0,1940.0,num,(t),all_listed,,edfa08000_h6.xls,1981.0,13.0,10.0,7.57095858316901,長野_1994,生しいたけ_1994,長野_生しいたけ
1995,北海道,くるみ,くるみ,1.5,1.5,1.5,num,(t),positive_only,,edfa08000_h7.xls,,,,0.9162907318741551,北海道_1995,くるみ_1995,北海道_くるみ
1995,青森,くるみ,くるみ,72.1,72.1,72.1,num,(t),positive_only,,edfa08000_h7.xls,,,,4.291828366755733,青森_1995,くるみ_1995,青森_くるみ
1995,宮城,くるみ,くるみ,0.9,0.9,0.9,num,(t),positive_only,,edfa08000_h7.xls,1975.0,20.0,10.0,0.6418538861723948,宮城_1995,くるみ_1995,宮城_くるみ
1995,秋田,くるみ,くるみ,1.1,1.1,1.1,num,(t),positive_only,,edfa08000_h7.xls,1982.0,13.0,10.0,0.7419373447293773,秋田_1995,くるみ_1995,秋田_くるみ
1995,山形,くるみ,くるみ,2.5,2.5,2.5,num,(t),positive_only,,edfa08000_h7.xls,1978.0,17.0,10.0,1.252762968495368,山形_1995,くるみ_1995,山形_くるみ
1995,新潟,くるみ,くるみ,14.9,14.9,14.9,num,(t),positive_only,,edfa08000_h7.xls,1977.0,18.0,10.0,2.766319109226186,新潟_1995,くるみ_1995,新潟_くるみ
1995,山梨,くるみ,くるみ,0.5,0.5,0.5,num,(t),positive_only,,edfa08000_h7.xls,1978.0,17.0,10.0,0.4054651081081644,山梨_1995,くるみ_1995,山梨_くるみ
1995,長野,くるみ,くるみ,276.0,276.0,276.0,num,(t),positive_only,,edfa08000_h7.xls,1981.0,14.0,10.0,5.6240175061873385,長野_1995,くるみ_1995,長野_くるみ
1995,北海道,なめこ,なめこ,1409.1,1409.1,1409.1,num,(t),positive_only,,edfa08000_h7.xls,,,,7.251415902843184,北海道_1995,なめこ_1995,北海道_なめこ
1995,青森,なめこ,なめこ,1045.8,1045.8,1045.8,num,(t),positive_only,,edfa08000_h7.xls,,,,6.953493170655991,青森_1995,なめこ_1995,青森_なめこ
1995,宮城,なめこ,なめこ,778.8,778.8,778.8,num,(t),positive_only,,edfa08000_h7.xls,1975.0,20.0,10.0,6.659037476548497,宮城_1995,なめこ_1995,宮城_なめこ
1995,秋田,なめこ,なめこ,600.2,600.2,600.2,num,(t),positive_only,,edfa08000_h7.xls,1982.0,13.0,10.0,6.3989276578788195,秋田_1995,なめこ_1995,秋田_なめこ
1995,山形,なめこ,なめこ,3138.0,3138.0,3138.0,num,(t),positive_only,,edfa08000_h7.xls,1978.0,17.0,10.0,8.051659556841953,山形_1995,なめこ_1995,山形_なめこ
1995,新潟,なめこ,なめこ,1863.6,1863.6,1863.6,num,(t),positive_only,,edfa08000_h7.xls,1977.0,18.0,10.0,7.530801831862593,新潟_1995,なめこ_1995,新潟_なめこ
1995,山梨,なめこ,なめこ,50.9,50.9,50.9,num,(t),positive_only,,edfa08000_h7.xls,1978.0,17.0,10.0,3.949318790171843,山梨_1995,なめこ_1995,山梨_なめこ
1995,長野,なめこ,なめこ,4650.0,4650.0,4650.0,num,(t),positive_only,,edfa08000_h7.xls,1981.0,14.0,10.0,8.444837529224097,長野_1995,なめこ_1995,長野_なめこ
1995,北海道,まつたけ,まつたけ,-,,0.0,zero_dash,(t),positive_only,,edfa08000_h7.xls,,,,0.0,北海道_1995,まつたけ_1995,北海道_まつたけ
1995,青森,まつたけ,まつたけ,0.1,0.1,0.1,num,(t),positive_only,,edfa08000_h7.xls,,,,0.09531017980432487,青森_1995,まつたけ_1995,青森_まつたけ
1995,宮城,まつたけ,まつたけ,0.1,0.1,0.1,num,(t),positive_only,,edfa08000_h7.xls,1975.0,20.0,10.0,0.09531017980432487,宮城_1995,まつたけ_1995,宮城_まつたけ
1995,秋田,まつたけ,まつたけ,2.2,2.2,2.2,num,(t),positive_only,,edfa08000_h7.xls,1982.0,13.0,10.0,1.1631508098056809,秋田_1995,まつたけ_1995,秋田_まつたけ
1995,山形,まつたけ,まつたけ,3.0,3.0,3.0,num,(t),positive_only,,edfa08000_h7.xls,1978.0,17.0,10.0,1.3862943611198906,山形_1995,まつたけ_1995,山形_まつたけ
1995,新潟,まつたけ,まつたけ,0.1,0.1,0.1,num,(t),positive_only,,edfa08000_h7.xls,1977.0,18.0,10.0,0.09531017980432487,新潟_1995,まつたけ_1995,新潟_まつたけ
1995,山梨,まつたけ,まつたけ,0.3,0.3,0.3,num,(t),positive_only,,edfa08000_h7.xls,1978.0,17.0,10.0,0.26236426446749106,山梨_1995,まつたけ_1995,山梨_まつたけ
1995,長野,まつたけ,まつたけ,18.2,18.2,18.2,num,(t),positive_only,,edfa08000_h7.xls,1981.0,14.0,10.0,2.954910279033736,長野_1995,まつたけ_1995,長野_まつたけ
1995,北海道,生しいたけ,生しいたけ,3951.9,3951.9,3951.9,num,(t),all_listed,,edfa08000_h7.xls,,,,8.282204765734104,北海道_1995,生しいたけ_1995,北海道_生しいたけ
1995,青森,生しいたけ,生しいたけ,1103.2,1103.2,1103.2,num,(t),all_listed,,edfa08000_h7.xls,,,,7.0068763698499446,青森_1995,生しいたけ_1995,青森_生しいたけ
1995,宮城,生しいたけ,生しいたけ,945.5,945.5,945.5,num,(t),all_listed,,edfa08000_h7.xls,1975.0,20.0,10.0,6.852770970649377,宮城_1995,生しいたけ_1995,宮城_生しいたけ
1995,秋田,生しいたけ,生しいたけ,2256.8,2256.8,2256.8,num,(t),all_listed,,edfa08000_h7.xls,1982.0,13.0,10.0,7.7221461668274465,秋田_1995,生しいたけ_1995,秋田_生しいたけ
1995,山形,生しいたけ,生しいたけ,792.0,792.0,792.0,num,(t),all_listed,,edfa08000_h7.xls,1978.0,17.0,10.0,6.675823221634848,山形_1995,生しいたけ_1995,山形_生しいたけ
1995,新潟,生しいたけ,生しいたけ,1425.1,1425.1,1425.1,num,(t),all_listed,,edfa08000_h7.xls,1977.0,18.0,10.0,7.262698724742721,新潟_1995,生しいたけ_1995,新潟_生しいたけ
1995,山梨,生しいたけ,生しいたけ,829.0,829.0,829.0,num,(t),all_listed,,edfa08000_h7.xls,1978.0,17.0,10.0,6.721425700790643,山梨_1995,生しいたけ_1995,山梨_生しいたけ
1995,長野,生しいたけ,生しいたけ,1870.0,1870.0,1870.0,num,(t),all_listed,,edfa08000_h7.xls,1981.0,14.0,10.0,7.534228326274089,長野_1995,生しいたけ_1995,長野_生しいたけ
