coverage_scope,source_table_number,release_id,period_code,period,period_end,estat_sid,taxonomy,taxonomy_order,industry_code,industry_name,parent_major_code,parent_major_name,is_mutually_exclusive,capital_size_code,capital_size_name,sales_current_oku_yen,sales_previous_oku_yen,sales_yoy_delta_oku_yen,sales_yoy_pct,sales_yoy_status,sales_all_net_change_oku_yen,sales_contribution_pct_to_all_net_change,sales_contribution_status,sales_gross_positive_change_oku_yen,sales_share_of_gross_positive_pct,sales_positive_share_status,operating_profit_current_oku_yen,operating_profit_previous_oku_yen,operating_profit_yoy_delta_oku_yen,operating_profit_yoy_pct,operating_profit_yoy_status,operating_profit_all_net_change_oku_yen,operating_profit_contribution_pct_to_all_net_change,operating_profit_contribution_status,operating_profit_gross_positive_change_oku_yen,operating_profit_share_of_gross_positive_pct,operating_profit_positive_share_status,ordinary_profit_current_oku_yen,ordinary_profit_previous_oku_yen,ordinary_profit_yoy_delta_oku_yen,ordinary_profit_yoy_pct,ordinary_profit_yoy_status,ordinary_profit_all_net_change_oku_yen,ordinary_profit_contribution_pct_to_all_net_change,ordinary_profit_contribution_status,ordinary_profit_gross_positive_change_oku_yen,ordinary_profit_share_of_gross_positive_pct,ordinary_profit_positive_share_status,operating_margin_current_pct,operating_margin_previous_pct,operating_margin_delta_pp,operating_margin_status,ordinary_margin_current_pct,ordinary_margin_previous_pct,ordinary_margin_delta_pp,ordinary_margin_status,net_non_operating_gap_current_oku_yen,net_non_operating_gap_previous_oku_yen,net_non_operating_gap_yoy_delta_oku_yen
EXCL_FINANCE_INSURANCE,1,2026Q1,20261,2026年1 - 3 月,2026-03-31,0003060191,major,1,108,製造業,108,製造業,True,19,1千万円以上 - 1億円未満,273315.33,265557.29,7758.040000000037,2.921418576006718,CALCULABLE,44303.23999999976,17.511224912670222,CALCULABLE,132566.41,5.8521913658218825,CALCULABLE,16840.42,10165.85,6674.569999999998,65.65678226611644,CALCULABLE,25970.25,25.700830758271476,CALCULABLE,42292.56999999999,15.781897387649884,CALCULABLE,19226.77,13001.41,6225.360000000001,47.8821912392579,CALCULABLE,41576.869999999995,14.97313289817151,CALCULABLE,55641.34999999999,11.188369800517064,CALCULABLE,6.161535103062092,3.8281193485594014,2.3334157545026906,CALCULABLE,7.03464748940354,4.89589647491884,2.1387510144846997,CALCULABLE,2386.350000000002,2835.5599999999995,-449.2099999999973
EXCL_FINANCE_INSURANCE,1,2026Q1,20261,2026年1 - 3 月,2026-03-31,0003060191,major,1,108,製造業,108,製造業,True,24,1億円以上 - 10億円未満,220229.84,219197.52,1032.320000000007,0.4709542334238037,CALCULABLE,44303.23999999976,2.3301230338910033,CALCULABLE,132566.41,0.7787191340551555,CALCULABLE,11633.74,8173.26,3460.4799999999996,42.339042193690155,CALCULABLE,25970.25,13.324785090632549,CALCULABLE,42292.56999999999,8.182240994103692,CALCULABLE,12847.7,10249.91,2597.790000000001,25.34451522013366,CALCULABLE,41576.869999999995,6.248161537893548,CALCULABLE,55641.34999999999,4.668811953699904,CALCULABLE,5.282544817723156,3.7287191935383213,1.5538256241848352,CALCULABLE,5.83376893885043,4.676106736974032,1.1576622018763985,CALCULABLE,1213.960000000001,2076.6499999999996,-862.6899999999987
EXCL_FINANCE_INSURANCE,1,2026Q1,20261,2026年1 - 3 月,2026-03-31,0003060191,major,1,108,製造業,108,製造業,True,25,10億円以上,731775.47,687903.04,43872.429999999935,6.377705497565467,CALCULABLE,44303.23999999976,99.02758804999404,CALCULABLE,132566.41,33.09468062082992,CALCULABLE,60155.24,42537.72,17617.519999999997,41.41623011294446,CALCULABLE,25970.25,67.83731384950086,CALCULABLE,42292.56999999999,41.65630038562329,CALCULABLE,97156.68,67196.5,29960.179999999993,44.58592337398524,CALCULABLE,41576.869999999995,72.05972936394683,CALCULABLE,55641.34999999999,53.84517090257515,CALCULABLE,8.220450461396307,6.183679606939955,2.0367708544563525,CALCULABLE,13.276842963867045,9.768309789705246,3.5085331741617996,CALCULABLE,37001.439999999995,24658.78,12342.659999999996
EXCL_FINANCE_INSURANCE,1,2026Q1,20261,2026年1 - 3 月,2026-03-31,0003060191,major,2,105,農林水産業(集約),105,農林水産業(集約),True,19,1千万円以上 - 1億円未満,6577.85,8569.1,-1991.25,-23.237562871246688,CALCULABLE,44303.23999999976,-4.4945922690981766,CALCULABLE,132566.41,0.0,NON_POSITIVE_COMPONENT,331.55,-171.51,503.06,,NEGATIVE_PROFIT_BASE_NOT_CALCULABLE,25970.25,1.937062600475544,CALCULABLE,42292.56999999999,1.189476071092393,CALCULABLE,701.51,112.45,589.06,523.8417074255224,CALCULABLE,41576.869999999995,1.4167973683444666,CALCULABLE,55641.34999999999,1.0586730911453444,CALCULABLE,5.040400738843239,-2.001493739132464,7.041894477975703,CALCULABLE,10.664730877110301,1.3122731675438493,9.352457709566451,CALCULABLE,369.96,283.96,86.0
EXCL_FINANCE_INSURANCE,1,2026Q1,20261,2026年1 - 3 月,2026-03-31,0003060191,major,2,105,農林水産業(集約),105,農林水産業(集約),True,24,1億円以上 - 10億円未満,1093.06,1136.2,-43.1400000000001,-3.7968667488118335,CALCULABLE,44303.23999999976,-0.09737436810490686,CALCULABLE,132566.41,0.0,NON_POSITIVE_COMPONENT,-82.33,-18.12,-64.21,,NEGATIVE_PROFIT_BASE_NOT_CALCULABLE,25970.25,-0.2472444431609245,CALCULABLE,42292.56999999999,0.0,NON_POSITIVE_COMPONENT,-66.42,-3.72,-62.7,,NEGATIVE_PROFIT_BASE_NOT_CALCULABLE,41576.869999999995,-0.15080500287780202,CALCULABLE,55641.34999999999,0.0,NON_POSITIVE_COMPONENT,-7.532065943315097,-1.5947896497095584,-5.937276293605539,CALCULABLE,-6.076519129782446,-0.3274071466291146,-5.749111983153332,CALCULABLE,15.909999999999997,14.4,1.5099999999999962
EXCL_FINANCE_INSURANCE,1,2026Q1,20261,2026年1 - 3 月,2026-03-31,0003060191,major,2,105,農林水産業(集約),105,農林水産業(集約),True,25,10億円以上,1273.0,1137.63,135.3699999999999,11.89929942072554,CALCULABLE,44303.23999999976,0.3055532733046175,CALCULABLE,132566.41,0.10211485699884298,CALCULABLE,48.75,64.22,-15.469999999999999,-24.089068825910932,CALCULABLE,25970.25,-0.05956815972121947,CALCULABLE,42292.56999999999,0.0,NON_POSITIVE_COMPONENT,52.47,62.98,-10.509999999999998,-16.687837408701167,CALCULABLE,41576.869999999995,-0.0252784781538389,CALCULABLE,55641.34999999999,0.0,NON_POSITIVE_COMPONENT,3.8295365278868814,5.645069134956005,-1.8155326070691236,CALCULABLE,4.121759622937942,5.5360706029201046,-1.4143109799821625,CALCULABLE,3.719999999999999,-1.240000000000002,4.960000000000001
EXCL_FINANCE_INSURANCE,1,2026Q1,20261,2026年1 - 3 月,2026-03-31,0003060191,major,3,106,鉱業、採石業、砂利採取業,106,鉱業、採石業、砂利採取業,True,19,1千万円以上 - 1億円未満,2589.36,2712.11,-122.75,-4.525996364454244,CALCULABLE,44303.23999999976,-0.27706777201848143,CALCULABLE,132566.41,0.0,NON_POSITIVE_COMPONENT,283.2,151.11,132.08999999999997,87.41314274369662,CALCULABLE,25970.25,0.5086204406965661,CALCULABLE,42292.56999999999,0.3123243633574408,CALCULABLE,322.07,184.41,137.66,74.64888021256981,CALCULABLE,41576.869999999995,0.33109755496265114,CALCULABLE,55641.34999999999,0.24740593102072472,CALCULABLE,10.937065529706182,5.571676665032023,5.365388864674158,CALCULABLE,12.438208669323693,6.799502970012278,5.638705699311415,CALCULABLE,38.870000000000005,33.29999999999998,5.570000000000022
EXCL_FINANCE_INSURANCE,1,2026Q1,20261,2026年1 - 3 月,2026-03-31,0003060191,major,3,106,鉱業、採石業、砂利採取業,106,鉱業、採石業、砂利採取業,True,24,1億円以上 - 10億円未満,1206.47,593.18,613.2900000000001,103.39020196230489,CALCULABLE,44303.23999999976,1.3843005613133563,CALCULABLE,132566.41,0.4626285044605191,CALCULABLE,121.79,113.31,8.480000000000004,7.483893742829406,CALCULABLE,25970.25,0.03265274689307959,CALCULABLE,42292.56999999999,0.020050803249837986,CALCULABLE,156.24,117.76,38.480000000000004,32.676630434782616,CALCULABLE,41576.869999999995,0.09255145950140069,CALCULABLE,55641.34999999999,0.06915720053521349,CALCULABLE,10.09473919782506,19.102127516099667,-9.007388318274607,CALCULABLE,12.950176962543619,19.852321386425707,-6.902144423882088,CALCULABLE,34.45,4.450000000000003,30.0
EXCL_FINANCE_INSURANCE,1,2026Q1,20261,2026年1 - 3 月,2026-03-31,0003060191,major,3,106,鉱業、採石業、砂利採取業,106,鉱業、採石業、砂利採取業,True,25,10億円以上,4588.75,3776.37,812.3800000000001,21.512192926010965,CALCULABLE,44303.23999999976,1.8336807872291159,CALCULABLE,132566.41,0.6128098362171837,CALCULABLE,545.43,1653.75,-1108.3200000000002,-67.01859410430839,CALCULABLE,25970.25,-4.2676524099691,CALCULABLE,42292.56999999999,0.0,NON_POSITIVE_COMPONENT,1059.22,1446.53,-387.30999999999995,-26.775110091045462,CALCULABLE,41576.869999999995,-0.9315516054960365,CALCULABLE,55641.34999999999,0.0,NON_POSITIVE_COMPONENT,11.886243530373195,43.792054274342824,-31.90581074396963,CALCULABLE,23.08297466630346,38.30477416143015,-15.221799495126692,CALCULABLE,513.7900000000001,-207.22000000000003,721.0100000000001
EXCL_FINANCE_INSURANCE,1,2026Q1,20261,2026年1 - 3 月,2026-03-31,0003060191,major,4,107,建設業,107,建設業,True,19,1千万円以上 - 1億円未満,202169.46,200459.95,1709.5099999999802,0.852793787487216,CALCULABLE,44303.23999999976,3.858656838642026,CALCULABLE,132566.41,1.2895498942756165,CALCULABLE,22195.86,26459.19,-4263.329999999998,-16.112851527200945,CALCULABLE,25970.25,-16.416207006093504,CALCULABLE,42292.56999999999,0.0,NON_POSITIVE_COMPONENT,23727.72,27928.24,-4200.52,-15.04040354852293,CALCULABLE,41576.869999999995,-10.103021223098326,CALCULABLE,55641.34999999999,0.0,NON_POSITIVE_COMPONENT,10.97883923714294,13.1992400477003,-2.2204008105573596,CALCULABLE,11.736550119884576,13.93207969971059,-2.1955295798260135,CALCULABLE,1531.8600000000006,1469.050000000003,62.80999999999767
EXCL_FINANCE_INSURANCE,1,2026Q1,20261,2026年1 - 3 月,2026-03-31,0003060191,major,4,107,建設業,107,建設業,True,24,1億円以上 - 10億円未満,53213.14,63297.8,-10084.660000000003,-15.932086107258081,CALCULABLE,44303.23999999976,-22.762804706834213,CALCULABLE,132566.41,0.0,NON_POSITIVE_COMPONENT,5555.02,5886.15,-331.1299999999992,-5.625578688956267,CALCULABLE,25970.25,-1.2750358583379027,CALCULABLE,42292.56999999999,0.0,NON_POSITIVE_COMPONENT,5695.3,5783.27,-87.97000000000025,-1.5211117585725797,CALCULABLE,41576.869999999995,-0.21158398888612892,CALCULABLE,55641.34999999999,0.0,NON_POSITIVE_COMPONENT,10.439188516219868,9.299138358679132,1.1400501575407365,CALCULABLE,10.70280761481093,9.136605063683097,1.566202551127832,CALCULABLE,140.27999999999975,-102.8799999999992,243.15999999999894
EXCL_FINANCE_INSURANCE,1,2026Q1,20261,2026年1 - 3 月,2026-03-31,0003060191,major,4,107,建設業,107,建設業,True,25,10億円以上,107569.84,103267.98,4301.860000000001,4.165724942039151,CALCULABLE,44303.23999999976,9.710034751408756,CALCULABLE,132566.41,3.245060343717538,CALCULABLE,9828.41,8560.37,1268.039999999999,14.812911124168693,CALCULABLE,25970.25,4.882663817252429,CALCULABLE,42292.56999999999,2.9982571406750624,CALCULABLE,10519.69,8744.08,1775.6100000000006,20.306424460892416,CALCULABLE,41576.869999999995,4.2706678015925705,CALCULABLE,55641.34999999999,3.1911698763599388,CALCULABLE,9.136771050324143,8.289471722018773,0.84729932830537,CALCULABLE,9.779404710465313,8.467368103840126,1.3120366066251865,CALCULABLE,691.2800000000007,183.70999999999913,507.5700000000015
EXCL_FINANCE_INSURANCE,1,2026Q1,20261,2026年1 - 3 月,2026-03-31,0003060191,major,5,135,電気業,135,電気業,True,19,1千万円以上 - 1億円未満,3061.41,2251.6,809.81,35.96597974773494,CALCULABLE,44303.23999999976,1.8278798570939832,CALCULABLE,132566.41,0.610871185242174,CALCULABLE,255.46,-54.58,310.04,,NEGATIVE_PROFIT_BASE_NOT_CALCULABLE,25970.25,1.193827552680471,CALCULABLE,42292.56999999999,0.733083849007048,CALCULABLE,198.3,-63.87,262.17,,NEGATIVE_PROFIT_BASE_NOT_CALCULABLE,41576.869999999995,0.6305669474397665,CALCULABLE,55641.34999999999,0.47117835925979523,CALCULABLE,8.344520988694752,-2.4240540060401496,10.768574994734902,CALCULABLE,6.477407469107373,-2.8366494936933733,9.314056962800747,CALCULABLE,-57.16,-9.29,-47.87
EXCL_FINANCE_INSURANCE,1,2026Q1,20261,2026年1 - 3 月,2026-03-31,0003060191,major,5,135,電気業,135,電気業,True,24,1億円以上 - 10億円未満,8480.29,10869.9,-2389.6099999999988,-21.983734900965036,CALCULABLE,44303.23999999976,-5.393759011756277,CALCULABLE,132566.41,0.0,NON_POSITIVE_COMPONENT,615.4,791.56,-176.15999999999997,-22.25478801354287,CALCULABLE,25970.25,-0.6783146099864267,CALCULABLE,42292.56999999999,0.0,NON_POSITIVE_COMPONENT,508.11,744.28,-236.16999999999996,-31.731337668619332,CALCULABLE,41576.869999999995,-0.5680321775063876,CALCULABLE,55641.34999999999,0.0,NON_POSITIVE_COMPONENT,7.2568273018965135,7.282127710466517,-0.025300408570003263,CALCULABLE,5.991658304138184,6.847165107314694,-0.8555068031765103,CALCULABLE,-107.28999999999996,-47.27999999999997,-60.00999999999999
EXCL_FINANCE_INSURANCE,1,2026Q1,20261,2026年1 - 3 月,2026-03-31,0003060191,major,5,135,電気業,135,電気業,True,25,10億円以上,89504.31,99413.46,-9909.150000000009,-9.967614043410222,CALCULABLE,44303.23999999976,-22.36664857920112,CALCULABLE,132566.41,0.0,NON_POSITIVE_COMPONENT,68.76,1767.55,-1698.79,-96.10986959350514,CALCULABLE,25970.25,-6.5412924403885215,CALCULABLE,42292.56999999999,0.0,NON_POSITIVE_COMPONENT,-860.77,1196.98,-2057.75,-171.9118113920032,CALCULABLE,41576.869999999995,-4.949266262708088,CALCULABLE,55641.34999999999,0.0,NON_POSITIVE_COMPONENT,0.0768231161158608,1.777978555418954,-1.7011554393030932,CALCULABLE,-0.9617078775312609,1.2040421890556872,-2.165750066586948,CALCULABLE,-929.53,-570.5699999999999,-358.96000000000004
EXCL_FINANCE_INSURANCE,1,2026Q1,20261,2026年1 - 3 月,2026-03-31,0003060191,major,6,136,ガス・熱供給・水道業,136,ガス・熱供給・水道業,True,19,1千万円以上 - 1億円未満,835.15,804.18,30.970000000000027,3.851127856947456,CALCULABLE,44303.23999999976,0.06990459388523322,CALCULABLE,132566.41,0.023361875757214837,CALCULABLE,81.56,67.21,14.350000000000009,21.350989436095837,CALCULABLE,25970.25,0.05525553277307692,CALCULABLE,42292.56999999999,0.03393030974471405,CALCULABLE,85.47,72.78,12.689999999999998,17.43610882110469,CALCULABLE,41576.869999999995,0.030521778094406815,CALCULABLE,55641.34999999999,0.022806779490432926,CALCULABLE,9.765910315512185,8.35758163595215,1.4083286795600358,CALCULABLE,10.234089684487817,9.050212638961428,1.1838770455263887,CALCULABLE,3.9099999999999966,5.570000000000007,-1.6600000000000108
EXCL_FINANCE_INSURANCE,1,2026Q1,20261,2026年1 - 3 月,2026-03-31,0003060191,major,6,136,ガス・熱供給・水道業,136,ガス・熱供給・水道業,True,24,1億円以上 - 10億円未満,3467.31,3819.71,-352.4000000000001,-9.225831280385165,CALCULABLE,44303.23999999976,-0.7954271516033636,CALCULABLE,132566.41,0.0,NON_POSITIVE_COMPONENT,264.79,148.51,116.28000000000003,78.29775772675242,CALCULABLE,25970.25,0.4477430906518036,CALCULABLE,42292.56999999999,0.2749419106003727,CALCULABLE,277.13,153.88,123.25,80.09487912659215,CALCULABLE,41576.869999999995,0.2964388613188054,CALCULABLE,55641.34999999999,0.22150792531094235,CALCULABLE,7.636755871266199,3.8879914967366633,3.7487643745295354,CALCULABLE,7.9926513637373064,4.028578085770909,3.9640732779663974,CALCULABLE,12.339999999999975,5.3700000000000045,6.96999999999997
EXCL_FINANCE_INSURANCE,1,2026Q1,20261,2026年1 - 3 月,2026-03-31,0003060191,major,6,136,ガス・熱供給・水道業,136,ガス・熱供給・水道業,True,25,10億円以上,16547.05,17481.77,-934.7200000000012,-5.346827008935595,CALCULABLE,44303.23999999976,-2.109823119031489,CALCULABLE,132566.41,0.0,NON_POSITIVE_COMPONENT,565.86,1019.21,-453.35,-44.480529037195474,CALCULABLE,25970.25,-1.7456512740539658,CALCULABLE,42292.56999999999,0.0,NON_POSITIVE_COMPONENT,570.81,1011.4,-440.59000000000003,-43.5623887680443,CALCULABLE,41576.869999999995,-1.0596997801902839,CALCULABLE,55641.34999999999,0.0,NON_POSITIVE_COMPONENT,3.419703209937723,5.830130473058507,-2.4104272631207837,CALCULABLE,3.449617907723733,5.785455362929497,-2.335837455205764,CALCULABLE,4.949999999999932,-7.810000000000059,12.759999999999991
EXCL_FINANCE_INSURANCE,1,2026Q1,20261,2026年1 - 3 月,2026-03-31,0003060191,major,7,142,情報通信業,142,情報通信業,True,19,1千万円以上 - 1億円未満,68438.27,59099.55,9338.720000000001,15.80167700092472,CALCULABLE,44303.23999999976,21.07909037804019,CALCULABLE,132566.41,7.044559779509757,CALCULABLE,965.7,2847.73,-1882.03,-66.08877948401006,CALCULABLE,25970.25,-7.246869013582849,CALCULABLE,42292.56999999999,0.0,NON_POSITIVE_COMPONENT,1243.82,2397.15,-1153.3300000000002,-48.11255032017188,CALCULABLE,41576.869999999995,-2.7739702387409158,CALCULABLE,55641.34999999999,0.0,NON_POSITIVE_COMPONENT,1.4110526171979507,4.8185307671547415,-3.4074781499567908,CALCULABLE,1.8174334330777209,4.05612225473798,-2.2386888216602596,CALCULABLE,278.1199999999999,-450.5799999999999,728.6999999999998
EXCL_FINANCE_INSURANCE,1,2026Q1,20261,2026年1 - 3 月,2026-03-31,0003060191,major,7,142,情報通信業,142,情報通信業,True,24,1億円以上 - 10億円未満,77960.2,88787.31,-10827.11,-12.194434091989049,CALCULABLE,44303.23999999976,-24.438641507934992,CALCULABLE,132566.41,0.0,NON_POSITIVE_COMPONENT,8764.28,6472.6,2291.6800000000003,35.40586472205916,CALCULABLE,25970.25,8.824250825463754,CALCULABLE,42292.56999999999,5.418634999008102,CALCULABLE,8911.74,8464.12,447.619999999999,5.288441090154672,CALCULABLE,41576.869999999995,1.0766082199068834,CALCULABLE,55641.34999999999,0.8044736513402336,CALCULABLE,11.241992709100286,7.290005745190389,3.9519869639098966,CALCULABLE,11.431140505026924,9.533028988038945,1.8981115169879796,CALCULABLE,147.45999999999913,1991.5200000000004,-1844.0600000000013
EXCL_FINANCE_INSURANCE,1,2026Q1,20261,2026年1 - 3 月,2026-03-31,0003060191,major,7,142,情報通信業,142,情報通信業,True,25,10億円以上,117610.91,107039.29,10571.62000000001,9.876392117324407,CALCULABLE,44303.23999999976,23.861956823022577,CALCULABLE,132566.41,7.974584210283743,CALCULABLE,11102.25,9833.96,1268.2900000000009,12.897042493563138,CALCULABLE,25970.25,4.883626457196218,CALCULABLE,42292.56999999999,2.9988482610538947,CALCULABLE,12947.74,12200.84,746.8999999999996,6.121709652778007,CALCULABLE,41576.869999999995,1.796431525509255,CALCULABLE,55641.34999999999,1.3423470135070406,CALCULABLE,9.439813024148865,9.1872433010346,0.25256972311426473,CALCULABLE,11.008961668607103,11.398468730500735,-0.3895070618936316,CALCULABLE,1845.4899999999998,2366.880000000001,-521.3900000000012
EXCL_FINANCE_INSURANCE,1,2026Q1,20261,2026年1 - 3 月,2026-03-31,0003060191,major,8,134,運輸業、郵便業(集約),134,運輸業、郵便業(集約),True,19,1千万円以上 - 1億円未満,72156.14,64201.3,7954.8399999999965,12.390465613624645,CALCULABLE,44303.23999999976,17.955436216403225,CALCULABLE,132566.41,6.000645261495726,CALCULABLE,2696.97,2238.15,458.8199999999997,20.49996649018162,CALCULABLE,25970.25,1.7667138360239107,CALCULABLE,42292.56999999999,1.0848714088550302,CALCULABLE,3101.61,2805.23,296.3800000000001,10.565265593195573,CALCULABLE,41576.869999999995,0.7128482735713394,CALCULABLE,55641.34999999999,0.5326614109830192,CALCULABLE,3.7376860791056723,3.486144361562772,0.2515417175429002,CALCULABLE,4.298469956957232,4.369428656429076,-0.07095869947184319,CALCULABLE,404.6400000000003,567.0799999999999,-162.4399999999996
EXCL_FINANCE_INSURANCE,1,2026Q1,20261,2026年1 - 3 月,2026-03-31,0003060191,major,8,134,運輸業、郵便業(集約),134,運輸業、郵便業(集約),True,24,1億円以上 - 10億円未満,32382.51,30823.07,1559.4399999999987,5.059327315546436,CALCULABLE,44303.23999999976,3.5199231478329964,CALCULABLE,132566.41,1.1763462554352935,CALCULABLE,1350.42,521.89,828.5300000000001,158.7556764835502,CALCULABLE,25970.25,3.1903042904862295,CALCULABLE,42292.56999999999,1.9590438698806913,CALCULABLE,1504.69,712.23,792.46,111.26461957513727,CALCULABLE,41576.869999999995,1.9060116839002075,CALCULABLE,55641.34999999999,1.4242285638288794,CALCULABLE,4.170214106318504,1.6931798162869562,2.477034290031548,CALCULABLE,4.646613248942099,2.310704287405505,2.335908961536594,CALCULABLE,154.26999999999998,190.34000000000003,-36.07000000000005
EXCL_FINANCE_INSURANCE,1,2026Q1,20261,2026年1 - 3 月,2026-03-31,0003060191,major,8,134,運輸業、郵便業(集約),134,運輸業、郵便業(集約),True,25,10億円以上,78819.78,77087.65,1732.1300000000047,2.2469617377102624,CALCULABLE,44303.23999999976,3.9097140525162812,CALCULABLE,132566.41,1.306613040211321,CALCULABLE,4014.42,2416.33,1598.0900000000001,66.13707564777991,CALCULABLE,25970.25,6.153541071033202,CALCULABLE,42292.56999999999,3.7786542648034875,CALCULABLE,4026.6,2217.63,1808.9699999999998,81.57221899054394,CALCULABLE,41576.869999999995,4.350904721784011,CALCULABLE,55641.34999999999,3.251125287218948,CALCULABLE,5.093163162850747,3.1345228450990534,1.9586403177516933,CALCULABLE,5.108616136710861,2.876764306604236,2.231851830106625,CALCULABLE,12.179999999999836,-198.69999999999982,210.87999999999965
EXCL_FINANCE_INSURANCE,1,2026Q1,20261,2026年1 - 3 月,2026-03-31,0003060191,major,9,129,卸売業・小売業(集約),129,卸売業・小売業(集約),True,19,1千万円以上 - 1億円未満,544052.96,530647.57,13405.390000000014,2.526232241108728,CALCULABLE,44303.23999999976,30.258261021090306,CALCULABLE,132566.41,10.112207157152413,CALCULABLE,15520.21,16424.12,-903.9099999999999,-5.5035520928975235,CALCULABLE,25970.25,-3.4805594863353253,CALCULABLE,42292.56999999999,0.0,NON_POSITIVE_COMPONENT,18653.57,18657.64,-4.069999999999709,-0.021814120113794466,CALCULABLE,41576.869999999995,-0.009789096678032063,CALCULABLE,55641.34999999999,0.0,NON_POSITIVE_COMPONENT,2.852702060475877,3.09510886858485,-0.24240680810897297,CALCULABLE,3.4286312861894914,3.516013462569894,-0.08738217638040258,CALCULABLE,3133.3600000000006,2233.5200000000004,899.8400000000001
EXCL_FINANCE_INSURANCE,1,2026Q1,20261,2026年1 - 3 月,2026-03-31,0003060191,major,9,129,卸売業・小売業(集約),129,卸売業・小売業(集約),True,24,1億円以上 - 10億円未満,368082.02,351391.8,16690.22000000003,4.749746579174596,CALCULABLE,44303.23999999976,37.672684887155256,CALCULABLE,132566.41,12.59008220860777,CALCULABLE,9678.46,10389.65,-711.1900000000005,-6.845177652760204,CALCULABLE,25970.25,-2.738479606472793,CALCULABLE,42292.56999999999,0.0,NON_POSITIVE_COMPONENT,11183.83,12213.08,-1029.25,-8.427440088822802,CALCULABLE,41576.869999999995,-2.4755350751511602,CALCULABLE,55641.34999999999,0.0,NON_POSITIVE_COMPONENT,2.629430255789185,2.9567138447738395,-0.32728358898465437,CALCULABLE,3.038407037648837,3.4756303362799024,-0.43722329863106557,CALCULABLE,1505.3700000000008,1823.4300000000003,-318.0599999999995
EXCL_FINANCE_INSURANCE,1,2026Q1,20261,2026年1 - 3 月,2026-03-31,0003060191,major,9,129,卸売業・小売業(集約),129,卸売業・小売業(集約),True,25,10億円以上,363295.19,393841.22,-30546.02999999997,-7.755925090827209,CALCULABLE,44303.23999999976,-68.94762098663695,CALCULABLE,132566.41,0.0,NON_POSITIVE_COMPONENT,11178.63,9511.19,1667.4399999999987,17.53134991520513,CALCULABLE,25970.25,6.420577391438275,CALCULABLE,42292.56999999999,3.9426310578903077,CALCULABLE,20553.03,16335.0,4218.029999999999,25.8220385674931,CALCULABLE,41576.869999999995,10.145135985464995,CALCULABLE,55641.34999999999,7.58074705232709,CALCULABLE,3.077010185573885,2.414980839232623,0.6620293463412623,CALCULABLE,5.657391169973926,4.147610552293131,1.5097806176807955,CALCULABLE,9374.4,6823.8099999999995,2550.59
EXCL_FINANCE_INSURANCE,1,2026Q1,20261,2026年1 - 3 月,2026-03-31,0003060191,major,10,155,不動産業、物品賃貸業(集約),155,不動産業、物品賃貸業(集約),True,19,1千万円以上 - 1億円未満,55627.7,60603.69,-4975.990000000005,-8.210704661712853,CALCULABLE,44303.23999999976,-11.231661612107901,CALCULABLE,132566.41,0.0,NON_POSITIVE_COMPONENT,7520.56,8126.28,-605.7199999999993,-7.453841117953097,CALCULABLE,25970.25,-2.3323610669901114,CALCULABLE,42292.56999999999,0.0,NON_POSITIVE_COMPONENT,8759.09,9305.4,-546.3099999999995,-5.870892170137765,CALCULABLE,41576.869999999995,-1.3139757754732369,CALCULABLE,55641.34999999999,0.0,NON_POSITIVE_COMPONENT,13.519451640100167,13.408886488595002,0.1105651515051651,CALCULABLE,15.745914355617796,15.354510591681791,0.3914037639360046,CALCULABLE,1238.5299999999997,1179.12,59.409999999999854
EXCL_FINANCE_INSURANCE,1,2026Q1,20261,2026年1 - 3 月,2026-03-31,0003060191,major,10,155,不動産業、物品賃貸業(集約),155,不動産業、物品賃貸業(集約),True,24,1億円以上 - 10億円未満,61960.71,61953.19,7.519999999996799,0.012138196596489514,CALCULABLE,44303.23999999976,0.016973927866216647,CALCULABLE,132566.41,0.005672628533877321,CALCULABLE,7012.1,6041.37,970.7300000000005,16.06804416878953,CALCULABLE,25970.25,3.737853890509334,CALCULABLE,42292.56999999999,2.295273141357928,CALCULABLE,7715.92,6761.25,954.6700000000001,14.119726381956,CALCULABLE,41576.869999999995,2.296156492780722,CALCULABLE,55641.34999999999,1.7157563574571792,CALCULABLE,11.317010408692864,9.751507549490187,1.5655028592026774,CALCULABLE,12.452923796386452,10.913481614102517,1.5394421822839348,CALCULABLE,703.8199999999997,719.8800000000001,-16.0600000000004
EXCL_FINANCE_INSURANCE,1,2026Q1,20261,2026年1 - 3 月,2026-03-31,0003060191,major,10,155,不動産業、物品賃貸業(集約),155,不動産業、物品賃貸業(集約),True,25,10億円以上,76889.54,66658.99,10230.549999999988,15.347592275250467,CALCULABLE,44303.23999999976,23.09210342178144,CALCULABLE,132566.41,7.717301841394051,CALCULABLE,11292.13,9638.31,1653.8199999999997,17.158817261532366,CALCULABLE,25970.25,6.368132767301045,CALCULABLE,42292.56999999999,3.910426819651773,CALCULABLE,12409.12,10159.84,2249.2800000000007,22.13893132175311,CALCULABLE,41576.869999999995,5.409931050605784,CALCULABLE,55641.34999999999,4.0424612271269496,CALCULABLE,14.68617187721503,14.459129968815907,0.22704190839912286,CALCULABLE,16.138892234236284,15.24151506045921,0.8973771737770733,CALCULABLE,1116.9900000000016,521.5300000000007,595.460000000001
EXCL_FINANCE_INSURANCE,1,2026Q1,20261,2026年1 - 3 月,2026-03-31,0003060191,major,11,137,サービス業(集約),137,サービス業(集約),True,19,1千万円以上 - 1億円未満,245746.3,249322.49,-3576.1900000000023,-1.434363181596654,CALCULABLE,44303.23999999976,-8.072073284030743,CALCULABLE,132566.41,0.0,NON_POSITIVE_COMPONENT,15780.73,17807.58,-2026.8500000000022,-11.381950832173725,CALCULABLE,25970.25,-7.804507080216795,CALCULABLE,42292.56999999999,0.0,NON_POSITIVE_COMPONENT,18141.69,18357.98,-216.29000000000087,-1.1781797343716538,CALCULABLE,41576.869999999995,-0.5202171303419447,CALCULABLE,55641.34999999999,0.0,NON_POSITIVE_COMPONENT,6.421553447600228,7.14238815760263,-0.7208347100024017,CALCULABLE,7.382284087288395,7.363146421327654,0.019137665960740513,CALCULABLE,2360.959999999999,550.3999999999978,1810.5600000000013
EXCL_FINANCE_INSURANCE,1,2026Q1,20261,2026年1 - 3 月,2026-03-31,0003060191,major,11,137,サービス業(集約),137,サービス業(集約),True,24,1億円以上 - 10億円未満,110136.91,120292.72,-10155.809999999998,-8.442580731402527,CALCULABLE,44303.23999999976,-22.923402441898276,CALCULABLE,132566.41,0.0,NON_POSITIVE_COMPONENT,9132.65,7682.39,1450.2599999999993,18.877719043162333,CALCULABLE,25970.25,5.584312819476129,CALCULABLE,42292.56999999999,3.4291129623950485,CALCULABLE,10313.87,7909.08,2404.790000000001,30.405432743125637,CALCULABLE,41576.869999999995,5.783961130311159,CALCULABLE,55641.34999999999,4.321947616296156,CALCULABLE,8.292088456086157,6.386413076369044,1.9056753797171133,CALCULABLE,9.364589945368905,6.574861720642779,2.789728224726127,CALCULABLE,1181.2200000000012,226.6899999999996,954.5300000000016
EXCL_FINANCE_INSURANCE,1,2026Q1,20261,2026年1 - 3 月,2026-03-31,0003060191,major,11,137,サービス業(集約),137,サービス業(集約),True,25,10億円以上,85957.82,88312.18,-2354.359999999986,-2.6659516275104767,CALCULABLE,44303.23999999976,-5.314193724883324,CALCULABLE,132566.41,0.0,NON_POSITIVE_COMPONENT,17515.94,19597.8,-2081.8600000000006,-10.622927063241793,CALCULABLE,25970.25,-8.016326373446542,CALCULABLE,42292.56999999999,0.0,NON_POSITIVE_COMPONENT,14626.54,18258.25,-3631.709999999999,-19.890789095340455,CALCULABLE,41576.869999999995,-8.734928819798123,CALCULABLE,55641.34999999999,0.0,NON_POSITIVE_COMPONENT,20.377366480443545,22.191502916132293,-1.8141364356887486,CALCULABLE,17.015950381245126,20.67466797898093,-3.658717597735805,CALCULABLE,-2889.399999999998,-1339.5499999999993,-1549.8499999999985
EXCL_FINANCE_INSURANCE,1,2026Q1,20261,2026年1 - 3 月,2026-03-31,0003060191,leaf,1,109,食料品製造業,108,製造業,True,19,1千万円以上 - 1億円未満,44706.49,43622.06,1084.4300000000003,2.4859669625872716,CALCULABLE,44303.23999999976,2.4477442281873882,CALCULABLE,200733.32,0.5402341773652726,CALCULABLE,-44.97,-764.2,719.23,,NEGATIVE_PROFIT_BASE_NOT_CALCULABLE,25970.25,2.769438107064815,CALCULABLE,47867.520000000004,1.5025428516037598,CALCULABLE,233.01,-839.8,1072.81,,NEGATIVE_PROFIT_BASE_NOT_CALCULABLE,41576.869999999995,2.580304866624159,CALCULABLE,64984.09999999999,1.6508807539074946,CALCULABLE,-0.10058942225166861,-1.7518659137142998,1.6512764914626312,CALCULABLE,0.5211994947489726,-1.9251727222419115,2.446372216990884,CALCULABLE,277.98,-75.59999999999991,353.5799999999999
EXCL_FINANCE_INSURANCE,1,2026Q1,20261,2026年1 - 3 月,2026-03-31,0003060191,leaf,1,109,食料品製造業,108,製造業,True,24,1億円以上 - 10億円未満,32393.42,30043.83,2349.5899999999965,7.820540856475344,CALCULABLE,44303.23999999976,5.303427017978842,CALCULABLE,200733.32,1.1705032328464435,CALCULABLE,336.18,307.88,28.30000000000001,9.191892945303358,CALCULABLE,25970.25,0.1089708416361029,CALCULABLE,47867.520000000004,0.05912150869733801,CALCULABLE,445.02,994.66,-549.64,-55.25908350592162,CALCULABLE,41576.869999999995,-1.3219850363916283,CALCULABLE,64984.09999999999,0.0,NON_POSITIVE_COMPONENT,1.0378033563606437,1.0247694784586385,0.013033877902005164,CALCULABLE,1.373797518137943,3.3106964058843364,-1.9368988877463935,CALCULABLE,108.83999999999997,686.78,-577.94
EXCL_FINANCE_INSURANCE,1,2026Q1,20261,2026年1 - 3 月,2026-03-31,0003060191,leaf,1,109,食料品製造業,108,製造業,True,25,10億円以上,47999.67,44400.61,3599.0599999999977,8.105879626428546,CALCULABLE,44303.23999999976,8.123694790719634,CALCULABLE,200733.32,1.792955947722081,CALCULABLE,2062.5,1457.49,605.01,41.51040487413293,CALCULABLE,25970.25,2.3296271695497732,CALCULABLE,47867.520000000004,1.2639259355822068,CALCULABLE,4298.28,3866.76,431.5199999999995,11.159730627191756,CALCULABLE,41576.869999999995,1.0378847662173694,CALCULABLE,64984.09999999999,0.6640393573197129,CALCULABLE,4.296904541218721,3.282590036488237,1.0143145047304838,CALCULABLE,8.954811564329503,8.708799271001007,0.24601229332849606,CALCULABLE,2235.7799999999997,2409.2700000000004,-173.4900000000007
EXCL_FINANCE_INSURANCE,1,2026Q1,20261,2026年1 - 3 月,2026-03-31,0003060191,leaf,2,110,繊維工業,108,製造業,True,19,1千万円以上 - 1億円未満,12181.74,14433.06,-2251.3199999999997,-15.598355442297063,CALCULABLE,44303.23999999976,-5.081614798375948,CALCULABLE,200733.32,0.0,NON_POSITIVE_COMPONENT,869.69,514.65,355.0400000000001,68.98668998348394,CALCULABLE,25970.25,1.3671027425612001,CALCULABLE,47867.520000000004,0.7417137967456849,CALCULABLE,1050.41,552.8,497.6100000000001,90.01628075253258,CALCULABLE,41576.869999999995,1.196843341021102,CALCULABLE,64984.09999999999,0.7657411582217807,CALCULABLE,7.139292087993998,3.565771915311098,3.5735201726829002,CALCULABLE,8.62282399722864,3.830095627677014,4.792728369551625,CALCULABLE,180.72000000000003,38.14999999999998,142.57000000000005
EXCL_FINANCE_INSURANCE,1,2026Q1,20261,2026年1 - 3 月,2026-03-31,0003060191,leaf,2,110,繊維工業,108,製造業,True,24,1億円以上 - 10億円未満,3202.84,2803.71,399.1300000000001,14.235780448049207,CALCULABLE,44303.23999999976,0.9009047645273851,CALCULABLE,200733.32,0.19883594811265023,CALCULABLE,261.36,163.14,98.22000000000003,60.20595807282092,CALCULABLE,25970.25,0.3782019811130044,CALCULABLE,47867.520000000004,0.2051913280654607,CALCULABLE,248.61,238.64,9.970000000000027,4.177841099564206,CALCULABLE,41576.869999999995,0.02397967908599187,CALCULABLE,64984.09999999999,0.015342214480157499,CALCULABLE,8.160257771228036,5.818718769059568,2.341539002168468,CALCULABLE,7.7621735709557775,8.511579300284264,-0.7494057293284868,CALCULABLE,-12.75,75.5,-88.25
EXCL_FINANCE_INSURANCE,1,2026Q1,20261,2026年1 - 3 月,2026-03-31,0003060191,leaf,2,110,繊維工業,108,製造業,True,25,10億円以上,5325.33,5222.12,103.21000000000004,1.976400389113997,CALCULABLE,44303.23999999976,0.23296264562140515,CALCULABLE,200733.32,0.051416476347823085,CALCULABLE,230.83,96.1,134.73000000000002,140.1977107180021,CALCULABLE,25970.25,0.5187859185029025,CALCULABLE,47867.520000000004,0.28146434158276845,CALCULABLE,773.25,363.86,409.39,112.51305447150001,CALCULABLE,41576.869999999995,0.9846580562702292,CALCULABLE,64984.09999999999,0.6299848732228346,CALCULABLE,4.334567059693954,1.840248787848613,2.4943182718453407,CALCULABLE,14.520226915515094,6.967668303294448,7.552558612220646,CALCULABLE,542.42,267.76,274.65999999999997
EXCL_FINANCE_INSURANCE,1,2026Q1,20261,2026年1 - 3 月,2026-03-31,0003060191,leaf,3,112,木材・木製品製造業,108,製造業,True,19,1千万円以上 - 1億円未満,3853.72,4181.44,-327.7199999999998,-7.837491390525752,CALCULABLE,44303.23999999976,-0.7397201649360219,CALCULABLE,200733.32,0.0,NON_POSITIVE_COMPONENT,205.2,169.87,35.329999999999984,20.798257491022532,CALCULABLE,25970.25,0.13604027685524778,CALCULABLE,47867.520000000004,0.07380787640554594,CALCULABLE,240.41,78.52,161.89,206.17677024961796,CALCULABLE,41576.869999999995,0.3893751501736422,CALCULABLE,64984.09999999999,0.24912247765222573,CALCULABLE,5.324725200585409,4.062476084793755,1.2622491157916533,CALCULABLE,6.2383878434343965,1.8778219943368792,4.360565849097517,CALCULABLE,35.21000000000001,-91.35000000000001,126.56000000000002
EXCL_FINANCE_INSURANCE,1,2026Q1,20261,2026年1 - 3 月,2026-03-31,0003060191,leaf,3,112,木材・木製品製造業,108,製造業,True,24,1億円以上 - 10億円未満,1879.89,2168.69,-288.79999999999995,-13.316794931502429,CALCULABLE,44303.23999999976,-0.6518710595432784,CALCULABLE,200733.32,0.0,NON_POSITIVE_COMPONENT,43.83,31.32,12.509999999999998,39.94252873563218,CALCULABLE,25970.25,0.04817050278684263,CALCULABLE,47867.520000000004,0.02613463158316954,CALCULABLE,51.96,40.85,11.11,27.19706242350062,CALCULABLE,41576.869999999995,0.026721588229224567,CALCULABLE,64984.09999999999,0.01709648975672511,CALCULABLE,2.3315193974115505,1.4441898104385598,0.8873295869729907,CALCULABLE,2.763991510141551,1.8836255988638302,0.8803659112777209,CALCULABLE,8.130000000000003,9.530000000000001,-1.3999999999999986
EXCL_FINANCE_INSURANCE,1,2026Q1,20261,2026年1 - 3 月,2026-03-31,0003060191,leaf,3,112,木材・木製品製造業,108,製造業,True,25,10億円以上,918.31,906.94,11.36999999999989,1.2536661741680666,CALCULABLE,44303.23999999976,0.025664037212628138,CALCULABLE,200733.32,0.005664231528676899,CALCULABLE,4.63,5.53,-0.9000000000000004,-16.274864376130203,CALCULABLE,25970.25,-0.0034655037976145794,CALCULABLE,47867.520000000004,0.0,NON_POSITIVE_COMPONENT,22.3,5.51,16.79,304.7186932849365,CALCULABLE,41576.869999999995,0.04038303027620887,CALCULABLE,64984.09999999999,0.02583708938032534,CALCULABLE,0.5041870392351167,0.6097426511125322,-0.10555561187741558,CALCULABLE,2.428373860678856,0.6075374335678214,1.8208364271110344,CALCULABLE,17.67,-0.020000000000000462,17.69
EXCL_FINANCE_INSURANCE,1,2026Q1,20261,2026年1 - 3 月,2026-03-31,0003060191,leaf,4,113,パルプ・紙・紙加工品製造業,108,製造業,True,19,1千万円以上 - 1億円未満,7085.87,7117.96,-32.090000000000146,-0.45083141799054927,CALCULABLE,44303.23999999976,-0.0724326256950966,CALCULABLE,200733.32,0.0,NON_POSITIVE_COMPONENT,291.04,199.96,91.08000000000001,45.54910982196441,CALCULABLE,25970.25,0.3507089843185954,CALCULABLE,47867.520000000004,0.19027515944005455,CALCULABLE,415.15,277.6,137.54999999999995,49.549711815561935,CALCULABLE,41576.869999999995,0.33083298478216366,CALCULABLE,64984.09999999999,0.21166716165954436,CALCULABLE,4.10732909296953,2.809231858566218,1.2980972344033117,CALCULABLE,5.85884302139328,3.8999938184536025,1.9588492029396778,CALCULABLE,124.10999999999996,77.64000000000001,46.46999999999994
EXCL_FINANCE_INSURANCE,1,2026Q1,20261,2026年1 - 3 月,2026-03-31,0003060191,leaf,4,113,パルプ・紙・紙加工品製造業,108,製造業,True,24,1億円以上 - 10億円未満,4840.26,4866.29,-26.029999999999745,-0.5349044138347692,CALCULABLE,44303.23999999976,-0.058754167866729136,CALCULABLE,200733.32,0.0,NON_POSITIVE_COMPONENT,95.67,190.98,-95.30999999999999,-49.9057492931197,CALCULABLE,25970.25,-0.36699685216738376,CALCULABLE,47867.520000000004,0.0,NON_POSITIVE_COMPONENT,140.12,225.93,-85.81,-37.98079051033506,CALCULABLE,41576.869999999995,-0.2063887926147399,CALCULABLE,64984.09999999999,0.0,NON_POSITIVE_COMPONENT,1.9765467144326958,3.9245503247854114,-1.9480036103527156,CALCULABLE,2.8948858119191945,4.642756596914692,-1.7478707849954978,CALCULABLE,44.45,34.95000000000002,9.499999999999986
EXCL_FINANCE_INSURANCE,1,2026Q1,20261,2026年1 - 3 月,2026-03-31,0003060191,leaf,4,113,パルプ・紙・紙加工品製造業,108,製造業,True,25,10億円以上,7524.87,7602.86,-77.98999999999978,-1.0257981864719268,CALCULABLE,44303.23999999976,-0.176036786474308,CALCULABLE,200733.32,0.0,NON_POSITIVE_COMPONENT,341.18,293.78,47.400000000000034,16.134522431751662,CALCULABLE,25970.25,0.1825165333410346,CALCULABLE,47867.520000000004,0.09902330431992305,CALCULABLE,553.67,483.34,70.32999999999998,14.550833781603,CALCULABLE,41576.869999999995,0.1691565526697897,CALCULABLE,64984.09999999999,0.10822647386052894,CALCULABLE,4.534031817160962,3.8640722044072886,0.6699596127536731,CALCULABLE,7.3578679764567365,6.357344473000949,1.0005235034557876,CALCULABLE,212.48999999999995,189.56,22.92999999999995
EXCL_FINANCE_INSURANCE,1,2026Q1,20261,2026年1 - 3 月,2026-03-31,0003060191,leaf,5,114,印刷・同関連業,108,製造業,True,19,1千万円以上 - 1億円未満,10129.46,7767.4,2362.0599999999995,30.40991837680562,CALCULABLE,44303.23999999976,5.3315739435761635,CALCULABLE,200733.32,1.1767154551122851,CALCULABLE,496.42,485.16,11.259999999999991,2.3208838321378433,CALCULABLE,25970.25,0.043357303067933464,CALCULABLE,47867.520000000004,0.02352325752409983,CALCULABLE,652.05,554.35,97.69999999999993,17.624244610805427,CALCULABLE,41576.869999999995,0.23498642394196564,CALCULABLE,64984.09999999999,0.15034446887777156,CALCULABLE,4.900754827996755,6.2461055179339295,-1.3453506899371748,CALCULABLE,6.437164468787082,7.136879779591627,-0.6997153108045451,CALCULABLE,155.62999999999994,69.19,86.43999999999994
EXCL_FINANCE_INSURANCE,1,2026Q1,20261,2026年1 - 3 月,2026-03-31,0003060191,leaf,5,114,印刷・同関連業,108,製造業,True,24,1億円以上 - 10億円未満,5883.55,4885.08,998.4700000000003,20.439173974632972,CALCULABLE,44303.23999999976,2.253717786780393,CALCULABLE,200733.32,0.49741119212296203,CALCULABLE,252.02,109.41,142.61,130.3445754501417,CALCULABLE,25970.25,0.5491283295309056,CALCULABLE,47867.520000000004,0.29792644365114385,CALCULABLE,306.94,153.6,153.34,99.83072916666667,CALCULABLE,41576.869999999995,0.36881083159939654,CALCULABLE,64984.09999999999,0.23596541307796837,CALCULABLE,4.2834683141980605,2.2396767299614333,2.043791584236627,CALCULABLE,5.216918357114327,3.144267852317669,2.072650504796658,CALCULABLE,54.91999999999999,44.19,10.72999999999999
EXCL_FINANCE_INSURANCE,1,2026Q1,20261,2026年1 - 3 月,2026-03-31,0003060191,leaf,5,114,印刷・同関連業,108,製造業,True,25,10億円以上,3316.11,6125.75,-2809.64,-45.86605721748357,CALCULABLE,44303.23999999976,-6.341838655592717,CALCULABLE,200733.32,0.0,NON_POSITIVE_COMPONENT,1.88,62.96,-61.08,-97.01397712833545,CALCULABLE,25970.25,-0.235192191064776,CALCULABLE,47867.520000000004,0.0,NON_POSITIVE_COMPONENT,115.82,155.14,-39.31999999999999,-25.344849813072056,CALCULABLE,41576.869999999995,-0.09457181360694059,CALCULABLE,64984.09999999999,0.0,NON_POSITIVE_COMPONENT,0.0566929323816158,1.02779251520222,-0.9710995828206043,CALCULABLE,3.4926465044886923,2.5325878463861566,0.9600586581025357,CALCULABLE,113.94,92.17999999999998,21.76000000000002
EXCL_FINANCE_INSURANCE,1,2026Q1,20261,2026年1 - 3 月,2026-03-31,0003060191,leaf,6,115,化学工業,108,製造業,True,19,1千万円以上 - 1億円未満,17228.69,14868.16,2360.529999999999,15.876409723866303,CALCULABLE,44303.23999999976,5.328120471550188,CALCULABLE,200733.32,1.1759532498142304,CALCULABLE,330.11,278.32,51.79000000000002,18.608077033630366,CALCULABLE,25970.25,0.1994204907538434,CALCULABLE,47867.520000000004,0.10819445001537581,CALCULABLE,483.42,592.15,-108.72999999999996,-18.361901545216575,CALCULABLE,41576.869999999995,-0.26151559749447223,CALCULABLE,64984.09999999999,0.0,NON_POSITIVE_COMPONENT,1.9160481731344639,1.8719195919333662,0.04412858120109764,CALCULABLE,2.805901087082071,3.9826716957579147,-1.1767706086758438,CALCULABLE,153.31,313.83,-160.51999999999998
EXCL_FINANCE_INSURANCE,1,2026Q1,20261,2026年1 - 3 月,2026-03-31,0003060191,leaf,6,115,化学工業,108,製造業,True,24,1億円以上 - 10億円未満,23045.87,20929.44,2116.4300000000003,10.11221513810212,CALCULABLE,44303.23999999976,4.777144967275558,CALCULABLE,200733.32,1.0543491235037612,CALCULABLE,892.33,1289.51,-397.17999999999995,-30.80084683329326,CALCULABLE,25970.25,-1.5293653314850644,CALCULABLE,47867.520000000004,0.0,NON_POSITIVE_COMPONENT,1213.06,1574.68,-361.6200000000001,-22.96466583686845,CALCULABLE,41576.869999999995,-0.8697624424349407,CALCULABLE,64984.09999999999,0.0,NON_POSITIVE_COMPONENT,3.871973590061907,6.161225527295523,-2.2892519372336158,CALCULABLE,5.263676311634145,7.523756010672049,-2.2600796990379033,CALCULABLE,320.7299999999999,285.1700000000001,35.55999999999983
EXCL_FINANCE_INSURANCE,1,2026Q1,20261,2026年1 - 3 月,2026-03-31,0003060191,leaf,6,115,化学工業,108,製造業,True,25,10億円以上,79647.54,81999.79,-2352.25,-2.8686049074028164,CALCULABLE,44303.23999999976,-5.309431093527275,CALCULABLE,200733.32,0.0,NON_POSITIVE_COMPONENT,8425.15,8625.81,-200.65999999999985,-2.3262742861250074,CALCULABLE,25970.25,-0.7726533244770453,CALCULABLE,47867.520000000004,0.0,NON_POSITIVE_COMPONENT,18417.75,15678.74,2739.01,17.46957982592989,CALCULABLE,41576.869999999995,6.5878215459701535,CALCULABLE,64984.09999999999,4.21489256602769,CALCULABLE,10.578041707251725,10.519307427494631,0.05873427975709333,CALCULABLE,23.124066355345064,19.120463601187275,4.003602754157789,CALCULABLE,9992.6,7052.93,2939.67
EXCL_FINANCE_INSURANCE,1,2026Q1,20261,2026年1 - 3 月,2026-03-31,0003060191,leaf,7,116,石油製品・石炭製品製造業,108,製造業,True,19,1千万円以上 - 1億円未満,1022.95,899.75,123.20000000000005,13.692692414559616,CALCULABLE,44303.23999999976,0.2780834990849444,CALCULABLE,200733.32,0.0613749625622692,CALCULABLE,141.57,43.94,97.63,222.18934911242604,CALCULABLE,25970.25,0.3759301508456792,CALCULABLE,47867.520000000004,0.20395875950957976,CALCULABLE,155.43,50.05,105.38000000000001,210.5494505494506,CALCULABLE,41576.869999999995,0.2534582329069024,CALCULABLE,64984.09999999999,0.1621627444251748,CALCULABLE,13.839386089251674,4.883578771881078,8.955807317370596,CALCULABLE,15.194291021066523,5.562656293414838,9.631634727651685,CALCULABLE,13.860000000000014,6.109999999999999,7.750000000000014
EXCL_FINANCE_INSURANCE,1,2026Q1,20261,2026年1 - 3 月,2026-03-31,0003060191,leaf,7,116,石油製品・石炭製品製造業,108,製造業,True,24,1億円以上 - 10億円未満,13847.06,11427.49,2419.5699999999997,21.17324101793132,CALCULABLE,44303.23999999976,5.461383862670118,CALCULABLE,200733.32,1.2053654071979678,CALCULABLE,1387.56,185.08,1202.48,649.7082342770692,CALCULABLE,25970.25,4.630221118395086,CALCULABLE,47867.520000000004,2.512100062840105,CALCULABLE,1409.51,224.39,1185.12,528.1518784259548,CALCULABLE,41576.869999999995,2.850431020901766,CALCULABLE,64984.09999999999,1.823707645408646,CALCULABLE,10.020610873355066,1.6196032549580006,8.401007618397065,CALCULABLE,10.179128277049426,1.9635983054896569,8.215529971559768,CALCULABLE,21.950000000000045,39.309999999999974,-17.35999999999993
EXCL_FINANCE_INSURANCE,1,2026Q1,20261,2026年1 - 3 月,2026-03-31,0003060191,leaf,7,116,石油製品・石炭製品製造業,108,製造業,True,25,10億円以上,19847.07,21312.41,-1465.3400000000001,-6.875524635646557,CALCULABLE,44303.23999999976,-3.307523332379321,CALCULABLE,200733.32,0.0,NON_POSITIVE_COMPONENT,1466.2,-6.29,1472.49,,NEGATIVE_PROFIT_BASE_NOT_CALCULABLE,25970.25,5.669910763277212,CALCULABLE,47867.520000000004,3.076177750591633,CALCULABLE,1565.06,112.37,1452.69,1292.7738720299012,CALCULABLE,41576.869999999995,3.4939859590200038,CALCULABLE,64984.09999999999,2.2354545188746173,CALCULABLE,7.387488430282153,-0.02951332111197185,7.4170017513941255,CALCULABLE,7.885597219136124,0.5272514933787404,7.358345725757384,CALCULABLE,98.8599999999999,118.66000000000001,-19.80000000000011
EXCL_FINANCE_INSURANCE,1,2026Q1,20261,2026年1 - 3 月,2026-03-31,0003060191,leaf,8,117,窯業・土石製品製造業,108,製造業,True,19,1千万円以上 - 1億円未満,6916.28,8658.76,-1742.4800000000005,-20.123897648162092,CALCULABLE,44303.23999999976,-3.9330757750449177,CALCULABLE,200733.32,0.0,NON_POSITIVE_COMPONENT,520.36,382.19,138.17000000000002,36.152175619456294,CALCULABLE,25970.25,0.5320318441293403,CALCULABLE,47867.520000000004,0.2886508429933282,CALCULABLE,601.11,481.24,119.87,24.90856952871747,CALCULABLE,41576.869999999995,0.28830934122746615,CALCULABLE,64984.09999999999,0.1844605064931268,CALCULABLE,7.523697710329831,4.413911460763434,3.1097862495663966,CALCULABLE,8.691232859282737,5.557839690671643,3.133393168611094,CALCULABLE,80.75,99.05000000000001,-18.30000000000001
EXCL_FINANCE_INSURANCE,1,2026Q1,20261,2026年1 - 3 月,2026-03-31,0003060191,leaf,8,117,窯業・土石製品製造業,108,製造業,True,24,1億円以上 - 10億円未満,6947.2,5319.75,1627.4499999999998,30.592603035856936,CALCULABLE,44303.23999999976,3.6734333651444198,CALCULABLE,200733.32,0.8107522956328325,CALCULABLE,686.98,403.64,283.34000000000003,70.19621444851849,CALCULABLE,25970.25,1.0910176066845718,CALCULABLE,47867.520000000004,0.5919253807174468,CALCULABLE,779.16,491.3,287.85999999999996,58.59149196010583,CALCULABLE,41576.869999999995,0.6923561105008625,CALCULABLE,64984.09999999999,0.4429698957129513,CALCULABLE,9.888588208198987,7.58757460406974,2.3010136041292473,CALCULABLE,11.215453707968678,9.235396400206778,1.9800573077619,CALCULABLE,92.17999999999995,87.66000000000003,4.519999999999925
EXCL_FINANCE_INSURANCE,1,2026Q1,20261,2026年1 - 3 月,2026-03-31,0003060191,leaf,8,117,窯業・土石製品製造業,108,製造業,True,25,10億円以上,11527.47,10807.96,719.5100000000002,6.657223009707658,CALCULABLE,44303.23999999976,1.6240572924237688,CALCULABLE,200733.32,0.3584407411783954,CALCULABLE,889.67,634.33,255.33999999999992,40.25349581448141,CALCULABLE,25970.25,0.9832019329810068,CALCULABLE,47867.520000000004,0.5334306017942854,CALCULABLE,1896.42,1225.93,670.49,54.69235600727611,CALCULABLE,41576.869999999995,1.6126514574088913,CALCULABLE,64984.09999999999,1.031775465075303,CALCULABLE,7.71782533374626,5.86910018171792,1.84872515202834,CALCULABLE,16.451311519353336,11.342843607859395,5.108467911493941,CALCULABLE,1006.7500000000001,591.6,415.1500000000001
EXCL_FINANCE_INSURANCE,1,2026Q1,20261,2026年1 - 3 月,2026-03-31,0003060191,leaf,9,118,鉄鋼業,108,製造業,True,19,1千万円以上 - 1億円未満,7465.15,4951.45,2513.7,50.766947055912915,CALCULABLE,44303.23999999976,5.673851393261562,CALCULABLE,200733.32,1.252258469097208,CALCULABLE,602.72,254.74,347.98,136.60202559472404,CALCULABLE,25970.25,1.3399177905488011,CALCULABLE,47867.520000000004,0.7269647560600591,CALCULABLE,660.7,299.88,360.82000000000005,120.3214619181006,CALCULABLE,41576.869999999995,0.8678382956677597,CALCULABLE,64984.09999999999,0.5552435134132813,CALCULABLE,8.073782844283103,5.144755576649264,2.929027267633839,CALCULABLE,8.850458463661147,6.056407718951014,2.794050744710132,CALCULABLE,57.98000000000002,45.139999999999986,12.840000000000032
EXCL_FINANCE_INSURANCE,1,2026Q1,20261,2026年1 - 3 月,2026-03-31,0003060191,leaf,9,118,鉄鋼業,108,製造業,True,24,1億円以上 - 10億円未満,5338.09,5245.22,92.86999999999989,1.7705644377166152,CALCULABLE,44303.23999999976,0.20962349480534698,CALCULABLE,200733.32,0.046265363418489705,CALCULABLE,170.1,201.8,-31.700000000000017,-15.708622398414274,CALCULABLE,25970.25,-0.12206274487153576,CALCULABLE,47867.520000000004,0.0,NON_POSITIVE_COMPONENT,182.91,237.73,-54.81999999999999,-23.05977369284482,CALCULABLE,41576.869999999995,-0.13185215722107027,CALCULABLE,64984.09999999999,0.0,NON_POSITIVE_COMPONENT,3.1865330108709298,3.847312410156295,-0.6607793992853654,CALCULABLE,3.4265064845291104,4.532317042945768,-1.1058105584166573,CALCULABLE,12.810000000000002,35.92999999999998,-23.119999999999976
EXCL_FINANCE_INSURANCE,1,2026Q1,20261,2026年1 - 3 月,2026-03-31,0003060191,leaf,9,118,鉄鋼業,108,製造業,True,25,10億円以上,32429.58,33134.36,-704.7799999999988,-2.127036707514496,CALCULABLE,44303.23999999976,-1.5908091597815481,CALCULABLE,200733.32,0.0,NON_POSITIVE_COMPONENT,871.1,1052.35,-181.2499999999999,-17.223357248063852,CALCULABLE,25970.25,-0.6979139592418243,CALCULABLE,47867.520000000004,0.0,NON_POSITIVE_COMPONENT,1028.94,800.93,228.0100000000001,28.468155768918656,CALCULABLE,41576.869999999995,0.5484058804811428,CALCULABLE,64984.09999999999,0.35087044369314974,CALCULABLE,2.6861279116164933,3.176008228316466,-0.4898803166999728,CALCULABLE,3.172844051634341,2.4172188628360405,0.7556251887983003,CALCULABLE,157.84000000000003,-251.41999999999996,409.26
EXCL_FINANCE_INSURANCE,1,2026Q1,20261,2026年1 - 3 月,2026-03-31,0003060191,leaf,10,119,非鉄金属製造業,108,製造業,True,19,1千万円以上 - 1億円未満,4363.04,4034.83,328.21000000000004,8.134419541839444,CALCULABLE,44303.23999999976,0.7408261788528375,CALCULABLE,200733.32,0.16350549076755172,CALCULABLE,244.12,124.14,119.98,96.64894473980989,CALCULABLE,25970.25,0.4619901618197746,CALCULABLE,47867.520000000004,0.25065012768574596,CALCULABLE,282.42,150.12,132.3,88.1294964028777,CALCULABLE,41576.869999999995,0.3182057716225392,CALCULABLE,64984.09999999999,0.20358826235956184,CALCULABLE,5.595181341449998,3.0767095515796203,2.518471789870378,CALCULABLE,6.4730096446514365,3.7206028506777242,2.7524067939737122,CALCULABLE,38.30000000000001,25.980000000000004,12.320000000000007
EXCL_FINANCE_INSURANCE,1,2026Q1,20261,2026年1 - 3 月,2026-03-31,0003060191,leaf,10,119,非鉄金属製造業,108,製造業,True,24,1億円以上 - 10億円未満,8534.78,7946.9,587.880000000001,7.39760158049052,CALCULABLE,44303.23999999976,1.3269458396270888,CALCULABLE,200733.32,0.2928661768758674,CALCULABLE,577.34,380.13,197.21000000000004,51.87962012995555,CALCULABLE,25970.25,0.7593688932528567,CALCULABLE,47867.520000000004,0.4119912625513083,CALCULABLE,534.28,339.17,195.10999999999996,57.52572456290355,CALCULABLE,41576.869999999995,0.4692753446808285,CALCULABLE,64984.09999999999,0.30024267474659183,CALCULABLE,6.764556321311152,4.783374649234292,1.9811816720768594,CALCULABLE,6.2600324788688155,4.267953541632587,1.9920789372362284,CALCULABLE,-43.06000000000006,-40.95999999999998,-2.1000000000000796
EXCL_FINANCE_INSURANCE,1,2026Q1,20261,2026年1 - 3 月,2026-03-31,0003060191,leaf,10,119,非鉄金属製造業,108,製造業,True,25,10億円以上,38751.35,31393.56,7357.789999999997,23.437259106644802,CALCULABLE,44303.23999999976,16.607792116332888,CALCULABLE,200733.32,3.6654552418103767,CALCULABLE,1947.24,777.54,1169.7,150.43599043136044,CALCULABLE,25970.25,4.5039997689664135,CALCULABLE,47867.520000000004,2.4436193895150615,CALCULABLE,2847.11,912.07,1935.04,212.15915445086452,CALCULABLE,41576.869999999995,4.65412620045713,CALCULABLE,64984.09999999999,2.9777130097977818,CALCULABLE,5.02496042073373,2.47675000860049,2.5482104121332396,CALCULABLE,7.347124680817572,2.9052773881012537,4.441847292716318,CALCULABLE,899.8700000000001,134.5300000000001,765.34
EXCL_FINANCE_INSURANCE,1,2026Q1,20261,2026年1 - 3 月,2026-03-31,0003060191,leaf,11,120,金属製品製造業,108,製造業,True,19,1千万円以上 - 1億円未満,25231.38,30448.07,-5216.689999999999,-17.133072802315542,CALCULABLE,44303.23999999976,-11.774962734102578,CALCULABLE,200733.32,0.0,NON_POSITIVE_COMPONENT,1794.51,1248.42,546.0899999999999,43.7424905080021,CALCULABLE,25970.25,2.102752187599272,CALCULABLE,47867.520000000004,1.1408362079338974,CALCULABLE,2182.55,1966.41,216.1400000000001,10.99160398899517,CALCULABLE,41576.869999999995,0.5198563528230964,CALCULABLE,64984.09999999999,0.3326044370853795,CALCULABLE,7.112215027477688,4.1001613566968285,3.012053670780859,CALCULABLE,8.650141213045027,6.458241852439252,2.191899360605775,CALCULABLE,388.0400000000002,717.99,-329.9499999999998
EXCL_FINANCE_INSURANCE,1,2026Q1,20261,2026年1 - 3 月,2026-03-31,0003060191,leaf,11,120,金属製品製造業,108,製造業,True,24,1億円以上 - 10億円未満,8735.96,10222.25,-1486.2900000000009,-14.539753968059877,CALCULABLE,44303.23999999976,-3.3548110702513156,CALCULABLE,200733.32,0.0,NON_POSITIVE_COMPONENT,1021.26,832.82,188.43999999999994,22.62673807065152,CALCULABLE,25970.25,0.72559948402499,CALCULABLE,47867.520000000004,0.3936698621528751,CALCULABLE,1180.9,840.69,340.21000000000004,40.46794894669854,CALCULABLE,41576.869999999995,0.818267464578262,CALCULABLE,64984.09999999999,0.5235280630184923,CALCULABLE,11.690300779765476,8.147130034972731,3.5431707447927447,CALCULABLE,13.517690099313645,8.22411895619849,5.293571143115155,CALCULABLE,159.6400000000001,7.8700000000000045,151.7700000000001
EXCL_FINANCE_INSURANCE,1,2026Q1,20261,2026年1 - 3 月,2026-03-31,0003060191,leaf,11,120,金属製品製造業,108,製造業,True,25,10億円以上,10513.39,10368.34,145.04999999999927,1.3989703269761566,CALCULABLE,44303.23999999976,0.32740269108986175,CALCULABLE,200733.32,0.07226005129591802,CALCULABLE,517.63,421.52,96.11000000000001,22.800816094135513,CALCULABLE,25970.25,0.37007729998748573,CALCULABLE,47867.520000000004,0.20078332865375104,CALCULABLE,769.67,508.68,260.98999999999995,51.307305182039784,CALCULABLE,41576.869999999995,0.6277288309581746,CALCULABLE,64984.09999999999,0.40162131967665937,CALCULABLE,4.923530849706897,4.065453100496319,0.8580777492105787,CALCULABLE,7.320854643459436,4.906089113590025,2.4147655298694106,CALCULABLE,252.03999999999996,87.16000000000003,164.87999999999994
EXCL_FINANCE_INSURANCE,1,2026Q1,20261,2026年1 - 3 月,2026-03-31,0003060191,leaf,12,154,はん用機械器具製造業,108,製造業,True,19,1千万円以上 - 1億円未満,7482.59,7932.71,-450.1199999999999,-5.674227344753557,CALCULABLE,44303.23999999976,-1.0159979270139212,CALCULABLE,200733.32,0.0,NON_POSITIVE_COMPONENT,948.9,590.35,358.54999999999995,60.735157110188865,CALCULABLE,25970.25,1.3806182073718964,CALCULABLE,47867.520000000004,0.7490465351035523,CALCULABLE,1005.93,724.24,281.68999999999994,38.89456533745719,CALCULABLE,41576.869999999995,0.6775161285589799,CALCULABLE,64984.09999999999,0.43347526548801935,CALCULABLE,12.68143784438276,7.441971280936779,5.239466563445981,CALCULABLE,13.443607093265832,9.129792971128404,4.313814122137428,CALCULABLE,57.02999999999997,133.89,-76.86000000000001
EXCL_FINANCE_INSURANCE,1,2026Q1,20261,2026年1 - 3 月,2026-03-31,0003060191,leaf,12,154,はん用機械器具製造業,108,製造業,True,24,1億円以上 - 10億円未満,4685.17,4674.72,10.449999999999818,0.22354280042440333,CALCULABLE,44303.23999999976,0.023587439654526112,CALCULABLE,200733.32,0.005205912003049527,CALCULABLE,614.95,510.99,103.96000000000004,20.34482083798117,CALCULABLE,25970.25,0.4003041942222352,CALCULABLE,47867.520000000004,0.2171827577447088,CALCULABLE,747.63,661.52,86.11000000000001,13.016991171846648,CALCULABLE,41576.869999999995,0.20711034765243277,CALCULABLE,64984.09999999999,0.13250933689933386,CALCULABLE,13.125457560771542,10.930922065920527,2.1945354948510154,CALCULABLE,15.957371877647983,14.151007974809184,1.8063639028387986,CALCULABLE,132.67999999999995,150.52999999999997,-17.850000000000023
EXCL_FINANCE_INSURANCE,1,2026Q1,20261,2026年1 - 3 月,2026-03-31,0003060191,leaf,12,154,はん用機械器具製造業,108,製造業,True,25,10億円以上,11906.0,9885.68,2020.3199999999997,20.436833884973016,CALCULABLE,44303.23999999976,4.560208237591676,CALCULABLE,200733.32,1.006469678277627,CALCULABLE,1227.4,745.98,481.4200000000001,64.53524223169522,CALCULABLE,25970.25,1.8537364869417896,CALCULABLE,47867.520000000004,1.0057341596138678,CALCULABLE,2062.46,1402.12,660.3400000000001,47.0958263201438,CALCULABLE,41576.869999999995,1.588238845300284,CALCULABLE,64984.09999999999,1.0161562597620037,CALCULABLE,10.309087854863094,7.5460666337571105,2.7630212211059835,CALCULABLE,17.32286242230808,14.18334398847626,3.139518433831821,CALCULABLE,835.06,656.1399999999999,178.92000000000007
EXCL_FINANCE_INSURANCE,1,2026Q1,20261,2026年1 - 3 月,2026-03-31,0003060191,leaf,13,121,生産用機械器具製造業,108,製造業,True,19,1千万円以上 - 1億円未満,17656.42,13476.13,4180.289999999999,31.019958994162256,CALCULABLE,44303.23999999976,9.435630441475663,CALCULABLE,200733.32,2.082509271505099,CALCULABLE,1400.31,637.34,762.9699999999999,119.71161389525213,CALCULABLE,25970.25,2.9378615916288826,CALCULABLE,47867.520000000004,1.5939200526787263,CALCULABLE,1408.66,889.01,519.6500000000001,58.45266082496261,CALCULABLE,41576.869999999995,1.2498535844569352,CALCULABLE,64984.09999999999,0.7996571469020886,CALCULABLE,7.930882930967886,4.729399315678908,3.2014836152889785,CALCULABLE,7.978174511027718,6.5969235975016565,1.3812509135260616,CALCULABLE,8.350000000000136,251.66999999999996,-243.31999999999982
EXCL_FINANCE_INSURANCE,1,2026Q1,20261,2026年1 - 3 月,2026-03-31,0003060191,leaf,13,121,生産用機械器具製造業,108,製造業,True,24,1億円以上 - 10億円未満,10424.02,13837.93,-3413.91,-24.67066967386018,CALCULABLE,44303.23999999976,-7.705779532151641,CALCULABLE,200733.32,0.0,NON_POSITIVE_COMPONENT,925.76,1134.71,-208.95000000000005,-18.414396629975947,CALCULABLE,25970.25,-0.8045744650128515,CALCULABLE,47867.520000000004,0.0,NON_POSITIVE_COMPONENT,1123.37,1196.92,-73.55000000000018,-6.1449386759349185,CALCULABLE,41576.869999999995,-0.17690124340769325,CALCULABLE,64984.09999999999,0.0,NON_POSITIVE_COMPONENT,8.881026705627963,8.199998121106264,0.6810285845216999,CALCULABLE,10.7767444805363,8.649559580081704,2.127184900454596,CALCULABLE,197.6099999999999,62.210000000000036,135.39999999999986
EXCL_FINANCE_INSURANCE,1,2026Q1,20261,2026年1 - 3 月,2026-03-31,0003060191,leaf,13,121,生産用機械器具製造業,108,製造業,True,25,10億円以上,54314.16,46334.6,7979.560000000005,17.221601136084065,CALCULABLE,44303.23999999976,18.011233489920937,CALCULABLE,200733.32,3.9752045151248456,CALCULABLE,6368.27,4375.05,1993.2200000000003,45.55879361378727,CALCULABLE,25970.25,7.675012754979256,CALCULABLE,47867.520000000004,4.164034401615124,CALCULABLE,7428.47,5407.04,2021.4300000000003,37.385149730721444,CALCULABLE,41576.869999999995,4.861909999478076,CALCULABLE,64984.09999999999,3.1106532213264484,CALCULABLE,11.724879847170609,9.442295822128605,2.282584025042004,CALCULABLE,13.67685701113669,11.6695514798876,2.0073055312490897,CALCULABLE,1060.1999999999998,1031.9899999999998,28.210000000000036
EXCL_FINANCE_INSURANCE,1,2026Q1,20261,2026年1 - 3 月,2026-03-31,0003060191,leaf,14,124,業務用機械器具製造業,108,製造業,True,19,1千万円以上 - 1億円未満,7779.43,8000.68,-221.25,-2.7653899418549455,CALCULABLE,44303.23999999976,-0.49939914101090843,CALCULABLE,200733.32,0.0,NON_POSITIVE_COMPONENT,559.96,977.71,-417.75,-42.72739360342024,CALCULABLE,25970.25,-1.6085713460594335,CALCULABLE,47867.520000000004,0.0,NON_POSITIVE_COMPONENT,611.99,1099.11,-487.1199999999999,-44.319494864026346,CALCULABLE,41576.869999999995,-1.1716129665364419,CALCULABLE,64984.09999999999,0.0,NON_POSITIVE_COMPONENT,7.197956662634667,12.22033627141693,-5.022379608782263,CALCULABLE,7.866771730062486,13.737707294879934,-5.870935564817448,CALCULABLE,52.02999999999997,121.39999999999986,-69.36999999999989
EXCL_FINANCE_INSURANCE,1,2026Q1,20261,2026年1 - 3 月,2026-03-31,0003060191,leaf,14,124,業務用機械器具製造業,108,製造業,True,24,1億円以上 - 10億円未満,7079.33,6207.53,871.8000000000002,14.044233374627279,CALCULABLE,44303.23999999976,1.9678019034273904,CALCULABLE,200733.32,0.43430756787164193,CALCULABLE,457.86,646.18,-188.31999999999994,-29.143582283574233,CALCULABLE,25970.25,-0.7251374168519746,CALCULABLE,47867.520000000004,0.0,NON_POSITIVE_COMPONENT,495.46,618.97,-123.51000000000005,-19.95411732394139,CALCULABLE,41576.869999999995,-0.2970642090181393,CALCULABLE,64984.09999999999,0.0,NON_POSITIVE_COMPONENT,6.467561195762876,10.409615418693104,-3.942054222930228,CALCULABLE,6.998684903797393,9.971276820248956,-2.972591916451563,CALCULABLE,37.599999999999966,-27.209999999999923,64.80999999999989
EXCL_FINANCE_INSURANCE,1,2026Q1,20261,2026年1 - 3 月,2026-03-31,0003060191,leaf,14,124,業務用機械器具製造業,108,製造業,True,25,10億円以上,25156.37,24662.06,494.3099999999977,2.0043337823360874,CALCULABLE,44303.23999999976,1.1157423249405696,CALCULABLE,200733.32,0.2462520920791813,CALCULABLE,2394.04,1868.81,525.23,28.105050807733267,CALCULABLE,25970.25,2.0224295106901167,CALCULABLE,47867.520000000004,1.0972575976361425,CALCULABLE,5750.18,6305.79,-555.6099999999997,-8.811108520899047,CALCULABLE,41576.869999999995,-1.336343981641715,CALCULABLE,64984.09999999999,0.0,NON_POSITIVE_COMPONENT,9.516635349217713,7.577671938191699,1.9389634110260143,CALCULABLE,22.857749349369566,25.568788657557395,-2.7110393081878286,CALCULABLE,3356.1400000000003,4436.98,-1080.8399999999992
EXCL_FINANCE_INSURANCE,1,2026Q1,20261,2026年1 - 3 月,2026-03-31,0003060191,leaf,15,122,電気機械器具製造業,108,製造業,True,19,1千万円以上 - 1億円未満,18418.09,12781.12,5636.969999999999,44.103881349991234,CALCULABLE,44303.23999999976,12.723606670753721,CALCULABLE,200733.32,2.8081884960603447,CALCULABLE,1801.95,974.45,827.5,84.91969829134382,CALCULABLE,25970.25,3.1863382139178484,CALCULABLE,47867.520000000004,1.7287296271041406,CALCULABLE,2007.82,1097.46,910.3599999999999,82.95154265303518,CALCULABLE,41576.869999999995,2.1895828137134905,CALCULABLE,64984.09999999999,1.4008965269966038,CALCULABLE,9.783587766158163,7.624136225933252,2.1594515402249117,CALCULABLE,10.901347533864802,8.586571442878245,2.314776090986557,CALCULABLE,205.8699999999999,123.00999999999999,82.8599999999999
EXCL_FINANCE_INSURANCE,1,2026Q1,20261,2026年1 - 3 月,2026-03-31,0003060191,leaf,15,122,電気機械器具製造業,108,製造業,True,24,1億円以上 - 10億円未満,21854.18,19150.06,2704.119999999999,14.120686828135254,CALCULABLE,44303.23999999976,6.103661944363468,CALCULABLE,200733.32,1.3471206474341175,CALCULABLE,486.61,203.05,283.56,139.65033243043587,CALCULABLE,25970.25,1.0918647298350999,CALCULABLE,47867.520000000004,0.592384982551843,CALCULABLE,-112.83,298.11,-410.94,-137.84844520479018,CALCULABLE,41576.869999999995,-0.9883860906316423,CALCULABLE,64984.09999999999,0.0,NON_POSITIVE_COMPONENT,2.2266220924326605,1.060309993806808,1.1663120986258526,CALCULABLE,-0.5162856716655578,1.5567053053619675,-2.0729909770275254,CALCULABLE,-599.44,95.06,-694.5
EXCL_FINANCE_INSURANCE,1,2026Q1,20261,2026年1 - 3 月,2026-03-31,0003060191,leaf,15,122,電気機械器具製造業,108,製造業,True,25,10億円以上,58105.23,53418.74,4686.490000000005,8.773119695447718,CALCULABLE,44303.23999999976,10.578210532683457,CALCULABLE,200733.32,2.3346846452796206,CALCULABLE,7222.98,5922.4,1300.58,21.960353910576803,CALCULABLE,25970.25,5.007961032335075,CALCULABLE,47867.520000000004,2.717040698995895,CALCULABLE,10227.53,7120.43,3107.1000000000004,43.636409598858506,CALCULABLE,41576.869999999995,7.473145525384668,CALCULABLE,64984.09999999999,4.781323431423996,CALCULABLE,12.430860354567049,11.086745962184805,1.3441143923822434,CALCULABLE,17.601737399542174,13.329460784735844,4.27227661480633,CALCULABLE,3004.550000000001,1198.0300000000007,1806.5200000000004
EXCL_FINANCE_INSURANCE,1,2026Q1,20261,2026年1 - 3 月,2026-03-31,0003060191,leaf,16,145,情報通信機械器具製造業,108,製造業,True,19,1千万円以上 - 1億円未満,12175.02,14484.62,-2309.6000000000004,-15.945188758835238,CALCULABLE,44303.23999999976,-5.213162739339184,CALCULABLE,200733.32,0.0,NON_POSITIVE_COMPONENT,1879.0,901.47,977.53,108.43733013855146,CALCULABLE,25970.25,3.7640376969801985,CALCULABLE,47867.520000000004,2.042157187169922,CALCULABLE,1969.36,1073.84,895.52,83.39417417864858,CALCULABLE,41576.869999999995,2.1538898911822852,CALCULABLE,64984.09999999999,1.3780601716419865,CALCULABLE,15.433239534719451,6.223635828899895,9.209603705819557,CALCULABLE,16.175414906915965,7.413656692408913,8.76175821450705,CALCULABLE,90.3599999999999,172.3699999999999,-82.00999999999999
EXCL_FINANCE_INSURANCE,1,2026Q1,20261,2026年1 - 3 月,2026-03-31,0003060191,leaf,16,145,情報通信機械器具製造業,108,製造業,True,24,1億円以上 - 10億円未満,16277.56,18980.32,-2702.76,-14.239802068669027,CALCULABLE,44303.23999999976,-6.1005921914514945,CALCULABLE,200733.32,0.0,NON_POSITIVE_COMPONENT,1074.16,343.57,730.5900000000001,212.6466222312775,CALCULABLE,25970.25,2.8131804661102615,CALCULABLE,47867.520000000004,1.5262750190525853,CALCULABLE,1204.72,350.79,853.9300000000001,243.43054248980872,CALCULABLE,41576.869999999995,2.0538583111234687,CALCULABLE,64984.09999999999,1.3140599008065053,CALCULABLE,6.599023440859687,1.8101380798637747,4.788885360995913,CALCULABLE,7.4011092571613935,1.84817748067472,5.552931776486673,CALCULABLE,130.55999999999995,7.220000000000027,123.33999999999992
EXCL_FINANCE_INSURANCE,1,2026Q1,20261,2026年1 - 3 月,2026-03-31,0003060191,leaf,16,145,情報通信機械器具製造業,108,製造業,True,25,10億円以上,74979.31,61718.39,13260.919999999998,21.486172921879533,CALCULABLE,44303.23999999976,29.932167489330514,CALCULABLE,200733.32,6.606237569328299,CALCULABLE,17413.44,7320.15,10093.289999999999,137.88364992520644,CALCULABLE,25970.25,38.86481647269471,CALCULABLE,47867.520000000004,21.085884541334078,CALCULABLE,21754.85,7651.16,14103.689999999999,184.3340094835293,CALCULABLE,41576.869999999995,33.92196189852675,CALCULABLE,64984.09999999999,21.70329357488986,CALCULABLE,23.224326817624753,11.860565384158594,11.36376143346616,CALCULABLE,29.014470792009156,12.39688851248388,16.617582279525276,CALCULABLE,4341.41,331.0100000000002,4010.3999999999996
EXCL_FINANCE_INSURANCE,1,2026Q1,20261,2026年1 - 3 月,2026-03-31,0003060191,leaf,17,123,自動車・同附属品製造業,108,製造業,True,19,1千万円以上 - 1億円未満,21858.49,20298.67,1559.8200000000033,7.684345821672078,CALCULABLE,44303.23999999976,3.520780872911353,CALCULABLE,200733.32,0.777060828765251,CALCULABLE,1061.25,756.98,304.27,40.195249544241584,CALCULABLE,25970.25,1.1716098227779863,CALCULABLE,47867.520000000004,0.6356502279625097,CALCULABLE,1309.77,854.04,455.73,53.36166924265844,CALCULABLE,41576.869999999995,1.0961142577591823,CALCULABLE,64984.09999999999,0.7012946243773478,CALCULABLE,4.8550929181292934,3.7292098447829347,1.1258830733463587,CALCULABLE,5.99204245123977,4.207369251285922,1.7846731999538479,CALCULABLE,248.51999999999998,97.05999999999995,151.46000000000004
EXCL_FINANCE_INSURANCE,1,2026Q1,20261,2026年1 - 3 月,2026-03-31,0003060191,leaf,17,123,自動車・同附属品製造業,108,製造業,True,24,1億円以上 - 10億円未満,18672.54,18485.66,186.88000000000102,1.010945781757333,CALCULABLE,44303.23999999976,0.4218201648457359,CALCULABLE,200733.32,0.09309864451003999,CALCULABLE,924.06,830.1,93.95999999999992,11.319118178532705,CALCULABLE,25970.25,0.3617985964709617,CALCULABLE,47867.520000000004,0.19629176527215095,CALCULABLE,1027.88,512.68,515.2000000000002,100.49153468050251,CALCULABLE,41576.869999999995,1.2391505180644917,CALCULABLE,64984.09999999999,0.7928093179716272,CALCULABLE,4.948764335221667,4.4905077773798725,0.45825655784179453,CALCULABLE,5.504767964079874,2.77339299759922,2.731374966480654,CALCULABLE,103.82000000000016,-317.4200000000001,421.24000000000024
EXCL_FINANCE_INSURANCE,1,2026Q1,20261,2026年1 - 3 月,2026-03-31,0003060191,leaf,17,123,自動車・同附属品製造業,108,製造業,True,25,10億円以上,201843.77,193123.6,8720.169999999984,4.51533111437441,CALCULABLE,44303.23999999976,19.682917095905474,CALCULABLE,200733.32,4.344156714988814,CALCULABLE,5043.03,6327.44,-1284.4099999999999,-20.29904669186906,CALCULABLE,25970.25,-4.945697480771267,CALCULABLE,47867.520000000004,0.0,NON_POSITIVE_COMPONENT,11317.97,10748.42,569.5499999999993,5.298918352650905,CALCULABLE,41576.869999999995,1.3698722390598412,CALCULABLE,64984.09999999999,0.8764451612009697,CALCULABLE,2.4984818704089804,3.276368087587431,-0.7778862171784504,CALCULABLE,5.607292214171386,5.565565264939138,0.04172694923224807,CALCULABLE,6274.94,4420.9800000000005,1853.9599999999991
EXCL_FINANCE_INSURANCE,1,2026Q1,20261,2026年1 - 3 月,2026-03-31,0003060191,leaf,18,125,その他の輸送用機械器具製造業,108,製造業,True,19,1千万円以上 - 1億円未満,6877.77,5447.92,1429.8500000000004,26.2457965608893,CALCULABLE,44303.23999999976,3.227416324404283,CALCULABLE,200733.32,0.71231323230244,CALCULABLE,847.81,497.15,350.65999999999997,70.53404405109123,CALCULABLE,25970.25,1.350237290746142,CALCULABLE,47867.520000000004,0.7325635420427045,CALCULABLE,823.73,551.43,272.30000000000007,49.38070108626664,CALCULABLE,41576.869999999995,0.6549314558791947,CALCULABLE,64984.09999999999,0.4190255770257649,CALCULABLE,12.326815232262781,9.125501108680009,3.2013141235827725,CALCULABLE,11.976701750712804,10.121844667322573,1.8548570833902307,CALCULABLE,-24.079999999999927,54.27999999999997,-78.3599999999999
EXCL_FINANCE_INSURANCE,1,2026Q1,20261,2026年1 - 3 月,2026-03-31,0003060191,leaf,18,125,その他の輸送用機械器具製造業,108,製造業,True,24,1億円以上 - 10億円未満,4333.02,5411.22,-1078.1999999999998,-19.925266390943253,CALCULABLE,44303.23999999976,-2.4336820512450235,CALCULABLE,200733.32,0.0,NON_POSITIVE_COMPONENT,192.1,24.25,167.85,692.1649484536082,CALCULABLE,25970.25,0.6463164582551189,CALCULABLE,47867.520000000004,0.35065530865187916,CALCULABLE,205.84,-1.88,207.72,,NEGATIVE_PROFIT_BASE_NOT_CALCULABLE,41576.869999999995,0.4996047080985173,CALCULABLE,64984.09999999999,0.3196474214461692,CALCULABLE,4.4333974918186385,0.4481429326473513,3.9852545591712873,CALCULABLE,4.750497343654079,-0.03474262735575341,4.785239971009832,CALCULABLE,13.740000000000009,-26.13,39.870000000000005
EXCL_FINANCE_INSURANCE,1,2026Q1,20261,2026年1 - 3 月,2026-03-31,0003060191,leaf,18,125,その他の輸送用機械器具製造業,108,製造業,True,25,10億円以上,13553.41,13095.3,458.1100000000006,3.498278008140332,CALCULABLE,44303.23999999976,1.0340327253717856,CALCULABLE,200733.32,0.22821821509254195,CALCULABLE,1015.9,828.23,187.66999999999996,22.659164724774516,CALCULABLE,25970.25,0.7226345529981419,CALCULABLE,47867.520000000004,0.3920612557324882,CALCULABLE,1721.36,1141.31,580.05,50.82317687569547,CALCULABLE,41576.869999999995,1.3951266653790917,CALCULABLE,64984.09999999999,0.892602959800936,CALCULABLE,7.495530645055378,6.324635556268279,1.1708950887870984,CALCULABLE,12.700567606233411,8.715416981665177,3.9851506245682344,CALCULABLE,705.4599999999999,313.0799999999999,392.38
EXCL_FINANCE_INSURANCE,1,2026Q1,20261,2026年1 - 3 月,2026-03-31,0003060191,leaf,19,126,その他の製造業,108,製造業,True,19,1千万円以上 - 1億円未満,40882.75,42152.5,-1269.75,-3.01227685190677,CALCULABLE,44303.23999999976,-2.866043205869383,CALCULABLE,200733.32,0.0,NON_POSITIVE_COMPONENT,2890.47,1893.21,997.2599999999998,52.67561443263029,CALCULABLE,25970.25,3.8400092413434597,CALCULABLE,47867.520000000004,2.083375115318278,CALCULABLE,3132.85,2548.96,583.8899999999999,22.90698951729333,CALCULABLE,41576.869999999995,1.4043625698615598,CALCULABLE,64984.09999999999,0.8985120975746373,CALCULABLE,7.070145721606301,4.491335033509282,2.578810688097019,CALCULABLE,7.663011905999475,6.046996026332958,1.6160158796665165,CALCULABLE,242.3800000000001,655.75,-413.3699999999999
EXCL_FINANCE_INSURANCE,1,2026Q1,20261,2026年1 - 3 月,2026-03-31,0003060191,leaf,19,126,その他の製造業,108,製造業,True,24,1億円以上 - 10億円未満,22255.1,26591.43,-4336.330000000002,-16.30724635719103,CALCULABLE,44303.23999999976,-9.787839444699813,CALCULABLE,200733.32,0.0,NON_POSITIVE_COMPONENT,1233.61,384.7,848.9099999999999,220.66805302833376,CALCULABLE,25970.25,3.268778698703324,CALCULABLE,47867.520000000004,1.7734572419878862,CALCULABLE,1663.16,1251.16,412.0,32.92944147830812,CALCULABLE,41576.869999999995,0.9909355850981568,CALCULABLE,64984.09999999999,0.6340012403033974,CALCULABLE,5.543044066303903,1.4467067021216984,4.0963373641822045,CALCULABLE,7.473163454668819,4.705124921826318,2.7680385328425006,CALCULABLE,429.5500000000002,866.46,-436.90999999999985
EXCL_FINANCE_INSURANCE,1,2026Q1,20261,2026年1 - 3 月,2026-03-31,0003060191,leaf,19,126,その他の製造業,108,製造業,True,25,10億円以上,34116.53,32389.97,1726.5599999999977,5.3305390526758645,CALCULABLE,44303.23999999976,3.897141608604714,CALCULABLE,200733.32,0.8601262610512284,CALCULABLE,2712.17,1728.54,983.6300000000001,56.90524951693337,CALCULABLE,25970.25,3.7875261116084755,CALCULABLE,47867.520000000004,2.0549006925781823,CALCULABLE,4605.59,3306.9,1298.69,39.27212797484047,CALCULABLE,41576.869999999995,3.123587706337683,CALCULABLE,64984.09999999999,1.9984734727417943,CALCULABLE,7.9497240780349,5.33665205617665,2.61307202185825,CALCULABLE,13.499585098484518,10.209642058946026,3.2899430395384925,CALCULABLE,1893.42,1578.3600000000001,315.05999999999995
EXCL_FINANCE_INSURANCE,1,2026Q1,20261,2026年1 - 3 月,2026-03-31,0003060191,leaf,20,101,農業、林業,105,農林水産業(集約),True,19,1千万円以上 - 1億円未満,5442.1,7577.9,-2135.7999999999993,-28.18458939811821,CALCULABLE,44303.23999999976,-4.820866374558634,CALCULABLE,200733.32,0.0,NON_POSITIVE_COMPONENT,280.91,-116.33,397.24,,NEGATIVE_PROFIT_BASE_NOT_CALCULABLE,25970.25,1.5295963650715723,CALCULABLE,47867.520000000004,0.8298737849798777,CALCULABLE,570.22,82.46,487.76000000000005,591.5110356536504,CALCULABLE,41576.869999999995,1.1731522839501871,CALCULABLE,64984.09999999999,0.7505836042970513,CALCULABLE,5.161794160342515,-1.5351218675358609,6.696916027878376,CALCULABLE,10.477940500909575,1.0881642671452514,9.389776233764325,CALCULABLE,289.31,198.79,90.52000000000001
EXCL_FINANCE_INSURANCE,1,2026Q1,20261,2026年1 - 3 月,2026-03-31,0003060191,leaf,20,101,農業、林業,105,農林水産業(集約),True,24,1億円以上 - 10億円未満,710.16,917.12,-206.96000000000004,-22.566294487090023,CALCULABLE,44303.23999999976,-0.4671441637225656,CALCULABLE,200733.32,0.0,NON_POSITIVE_COMPONENT,-66.91,-7.96,-58.949999999999996,,NEGATIVE_PROFIT_BASE_NOT_CALCULABLE,25970.25,-0.22699049874375485,CALCULABLE,47867.520000000004,0.0,NON_POSITIVE_COMPONENT,-56.99,-3.02,-53.97,,NEGATIVE_PROFIT_BASE_NOT_CALCULABLE,41576.869999999995,-0.1298077512809406,CALCULABLE,64984.09999999999,0.0,NON_POSITIVE_COMPONENT,-9.421820434831588,-0.8679344033496161,-8.553886031481971,CALCULABLE,-8.024952123465136,-0.3292916957431961,-7.69566042772194,CALCULABLE,9.919999999999995,4.9399999999999995,4.979999999999995
EXCL_FINANCE_INSURANCE,1,2026Q1,20261,2026年1 - 3 月,2026-03-31,0003060191,leaf,20,101,農業、林業,105,農林水産業(集約),True,25,10億円以上,604.55,518.71,85.83999999999992,16.54874592739679,CALCULABLE,44303.23999999976,0.19375558085593828,CALCULABLE,200733.32,0.04276320443461998,CALCULABLE,35.44,57.06,-21.620000000000005,-37.88994041359972,CALCULABLE,25970.25,-0.08324910233825245,CALCULABLE,47867.520000000004,0.0,NON_POSITIVE_COMPONENT,39.61,56.04,-16.43,-29.318344039971443,CALCULABLE,41576.869999999995,-0.03951716423097747,CALCULABLE,64984.09999999999,0.0,NON_POSITIVE_COMPONENT,5.8622115623190805,11.000366293304543,-5.1381547309854625,CALCULABLE,6.551980812174345,10.803724624549362,-4.251743812375017,CALCULABLE,4.170000000000002,-1.0200000000000031,5.190000000000005
EXCL_FINANCE_INSURANCE,1,2026Q1,20261,2026年1 - 3 月,2026-03-31,0003060191,leaf,21,103,漁業,105,農林水産業(集約),True,19,1千万円以上 - 1億円未満,1135.75,991.2,144.54999999999995,14.583333333333325,CALCULABLE,44303.23999999976,0.3262741054604601,CALCULABLE,200733.32,0.07201096459720785,CALCULABLE,50.64,-55.18,105.82,,NEGATIVE_PROFIT_BASE_NOT_CALCULABLE,25970.25,0.4074662354039718,CALCULABLE,47867.520000000004,0.2210684823446044,CALCULABLE,131.29,29.99,101.3,337.7792597532511,CALCULABLE,41576.869999999995,0.24364508439427982,CALCULABLE,64984.09999999999,0.15588428554061687,CALCULABLE,4.458727712965001,-5.566989507667473,10.025717220632474,CALCULABLE,11.559762271626678,3.0256255044390636,8.534136767187615,CALCULABLE,80.64999999999999,85.17,-4.52000000000001
EXCL_FINANCE_INSURANCE,1,2026Q1,20261,2026年1 - 3 月,2026-03-31,0003060191,leaf,21,103,漁業,105,農林水産業(集約),True,24,1億円以上 - 10億円未満,382.9,219.08,163.81999999999996,74.77633741099139,CALCULABLE,44303.23999999976,0.36976979561765877,CALCULABLE,200733.32,0.08161076596551084,CALCULABLE,-15.42,-10.16,-5.26,,NEGATIVE_PROFIT_BASE_NOT_CALCULABLE,25970.25,-0.020253944417169645,CALCULABLE,47867.520000000004,0.0,NON_POSITIVE_COMPONENT,-9.43,-0.7,-8.73,,NEGATIVE_PROFIT_BASE_NOT_CALCULABLE,41576.869999999995,-0.020997251596861433,CALCULABLE,64984.09999999999,0.0,NON_POSITIVE_COMPONENT,-4.0271611386785064,-4.637575314953441,0.6104141762749347,CALCULABLE,-2.4627840167145467,-0.3195179842979733,-2.1432660324165735,CALCULABLE,5.99,9.46,-3.4700000000000006
EXCL_FINANCE_INSURANCE,1,2026Q1,20261,2026年1 - 3 月,2026-03-31,0003060191,leaf,21,103,漁業,105,農林水産業(集約),True,25,10億円以上,668.45,618.92,49.530000000000086,8.002649777030978,CALCULABLE,44303.23999999976,0.1117976924486795,CALCULABLE,200733.32,0.02467452837426297,CALCULABLE,13.31,7.16,6.15,85.89385474860336,CALCULABLE,25970.25,0.023680942617032952,CALCULABLE,47867.520000000004,0.012847960370622918,CALCULABLE,12.86,6.94,5.919999999999999,85.30259365994235,CALCULABLE,41576.869999999995,0.014238686077138562,CALCULABLE,64984.09999999999,0.009109920734456583,CALCULABLE,1.991173610591667,1.156853874491049,0.834319736100618,CALCULABLE,1.92385369137557,1.1213080850513801,0.8025456063241898,CALCULABLE,-0.45000000000000107,-0.21999999999999975,-0.23000000000000131
EXCL_FINANCE_INSURANCE,1,2026Q1,20261,2026年1 - 3 月,2026-03-31,0003060191,leaf,22,106,鉱業、採石業、砂利採取業,106,鉱業、採石業、砂利採取業,True,19,1千万円以上 - 1億円未満,2589.36,2712.11,-122.75,-4.525996364454244,CALCULABLE,44303.23999999976,-0.27706777201848143,CALCULABLE,200733.32,0.0,NON_POSITIVE_COMPONENT,283.2,151.11,132.08999999999997,87.41314274369662,CALCULABLE,25970.25,0.5086204406965661,CALCULABLE,47867.520000000004,0.27594911957001317,CALCULABLE,322.07,184.41,137.66,74.64888021256981,CALCULABLE,41576.869999999995,0.33109755496265114,CALCULABLE,64984.09999999999,0.21183643383535358,CALCULABLE,10.937065529706182,5.571676665032023,5.365388864674158,CALCULABLE,12.438208669323693,6.799502970012278,5.638705699311415,CALCULABLE,38.870000000000005,33.29999999999998,5.570000000000022
EXCL_FINANCE_INSURANCE,1,2026Q1,20261,2026年1 - 3 月,2026-03-31,0003060191,leaf,22,106,鉱業、採石業、砂利採取業,106,鉱業、採石業、砂利採取業,True,24,1億円以上 - 10億円未満,1206.47,593.18,613.2900000000001,103.39020196230489,CALCULABLE,44303.23999999976,1.3843005613133563,CALCULABLE,200733.32,0.305524762904335,CALCULABLE,121.79,113.31,8.480000000000004,7.483893742829406,CALCULABLE,25970.25,0.03265274689307959,CALCULABLE,47867.520000000004,0.017715561616728846,CALCULABLE,156.24,117.76,38.480000000000004,32.676630434782616,CALCULABLE,41576.869999999995,0.09255145950140069,CALCULABLE,64984.09999999999,0.0592144847739678,CALCULABLE,10.09473919782506,19.102127516099667,-9.007388318274607,CALCULABLE,12.950176962543619,19.852321386425707,-6.902144423882088,CALCULABLE,34.45,4.450000000000003,30.0
EXCL_FINANCE_INSURANCE,1,2026Q1,20261,2026年1 - 3 月,2026-03-31,0003060191,leaf,22,106,鉱業、採石業、砂利採取業,106,鉱業、採石業、砂利採取業,True,25,10億円以上,4588.75,3776.37,812.3800000000001,21.512192926010965,CALCULABLE,44303.23999999976,1.8336807872291159,CALCULABLE,200733.32,0.40470610459688516,CALCULABLE,545.43,1653.75,-1108.3200000000002,-67.01859410430839,CALCULABLE,25970.25,-4.2676524099691,CALCULABLE,47867.520000000004,0.0,NON_POSITIVE_COMPONENT,1059.22,1446.53,-387.30999999999995,-26.775110091045462,CALCULABLE,41576.869999999995,-0.9315516054960365,CALCULABLE,64984.09999999999,0.0,NON_POSITIVE_COMPONENT,11.886243530373195,43.792054274342824,-31.90581074396963,CALCULABLE,23.08297466630346,38.30477416143015,-15.221799495126692,CALCULABLE,513.7900000000001,-207.22000000000003,721.0100000000001
EXCL_FINANCE_INSURANCE,1,2026Q1,20261,2026年1 - 3 月,2026-03-31,0003060191,leaf,23,107,建設業,107,建設業,True,19,1千万円以上 - 1億円未満,202169.46,200459.95,1709.5099999999802,0.852793787487216,CALCULABLE,44303.23999999976,3.858656838642026,CALCULABLE,200733.32,0.8516324046251914,CALCULABLE,22195.86,26459.19,-4263.329999999998,-16.112851527200945,CALCULABLE,25970.25,-16.416207006093504,CALCULABLE,47867.520000000004,0.0,NON_POSITIVE_COMPONENT,23727.72,27928.24,-4200.52,-15.04040354852293,CALCULABLE,41576.869999999995,-10.103021223098326,CALCULABLE,64984.09999999999,0.0,NON_POSITIVE_COMPONENT,10.97883923714294,13.1992400477003,-2.2204008105573596,CALCULABLE,11.736550119884576,13.93207969971059,-2.1955295798260135,CALCULABLE,1531.8600000000006,1469.050000000003,62.80999999999767
EXCL_FINANCE_INSURANCE,1,2026Q1,20261,2026年1 - 3 月,2026-03-31,0003060191,leaf,23,107,建設業,107,建設業,True,24,1億円以上 - 10億円未満,53213.14,63297.8,-10084.660000000003,-15.932086107258081,CALCULABLE,44303.23999999976,-22.762804706834213,CALCULABLE,200733.32,0.0,NON_POSITIVE_COMPONENT,5555.02,5886.15,-331.1299999999992,-5.625578688956267,CALCULABLE,25970.25,-1.2750358583379027,CALCULABLE,47867.520000000004,0.0,NON_POSITIVE_COMPONENT,5695.3,5783.27,-87.97000000000025,-1.5211117585725797,CALCULABLE,41576.869999999995,-0.21158398888612892,CALCULABLE,64984.09999999999,0.0,NON_POSITIVE_COMPONENT,10.439188516219868,9.299138358679132,1.1400501575407365,CALCULABLE,10.70280761481093,9.136605063683097,1.566202551127832,CALCULABLE,140.27999999999975,-102.8799999999992,243.15999999999894
EXCL_FINANCE_INSURANCE,1,2026Q1,20261,2026年1 - 3 月,2026-03-31,0003060191,leaf,23,107,建設業,107,建設業,True,25,10億円以上,107569.84,103267.98,4301.860000000001,4.165724942039151,CALCULABLE,44303.23999999976,9.710034751408756,CALCULABLE,200733.32,2.1430722114295726,CALCULABLE,9828.41,8560.37,1268.039999999999,14.812911124168693,CALCULABLE,25970.25,4.882663817252429,CALCULABLE,47867.520000000004,2.6490614094901908,CALCULABLE,10519.69,8744.08,1775.6100000000006,20.306424460892416,CALCULABLE,41576.869999999995,4.2706678015925705,CALCULABLE,64984.09999999999,2.7323760735318343,CALCULABLE,9.136771050324143,8.289471722018773,0.84729932830537,CALCULABLE,9.779404710465313,8.467368103840126,1.3120366066251865,CALCULABLE,691.2800000000007,183.70999999999913,507.5700000000015
EXCL_FINANCE_INSURANCE,1,2026Q1,20261,2026年1 - 3 月,2026-03-31,0003060191,leaf,24,135,電気業,135,電気業,True,19,1千万円以上 - 1億円未満,3061.41,2251.6,809.81,35.96597974773494,CALCULABLE,44303.23999999976,1.8278798570939832,CALCULABLE,200733.32,0.403425798965513,CALCULABLE,255.46,-54.58,310.04,,NEGATIVE_PROFIT_BASE_NOT_CALCULABLE,25970.25,1.193827552680471,CALCULABLE,47867.520000000004,0.6477043306191756,CALCULABLE,198.3,-63.87,262.17,,NEGATIVE_PROFIT_BASE_NOT_CALCULABLE,41576.869999999995,0.6305669474397665,CALCULABLE,64984.09999999999,0.40343714847170314,CALCULABLE,8.344520988694752,-2.4240540060401496,10.768574994734902,CALCULABLE,6.477407469107373,-2.8366494936933733,9.314056962800747,CALCULABLE,-57.16,-9.29,-47.87
EXCL_FINANCE_INSURANCE,1,2026Q1,20261,2026年1 - 3 月,2026-03-31,0003060191,leaf,24,135,電気業,135,電気業,True,24,1億円以上 - 10億円未満,8480.29,10869.9,-2389.6099999999988,-21.983734900965036,CALCULABLE,44303.23999999976,-5.393759011756277,CALCULABLE,200733.32,0.0,NON_POSITIVE_COMPONENT,615.4,791.56,-176.15999999999997,-22.25478801354287,CALCULABLE,25970.25,-0.6783146099864267,CALCULABLE,47867.520000000004,0.0,NON_POSITIVE_COMPONENT,508.11,744.28,-236.16999999999996,-31.731337668619332,CALCULABLE,41576.869999999995,-0.5680321775063876,CALCULABLE,64984.09999999999,0.0,NON_POSITIVE_COMPONENT,7.2568273018965135,7.282127710466517,-0.025300408570003263,CALCULABLE,5.991658304138184,6.847165107314694,-0.8555068031765103,CALCULABLE,-107.28999999999996,-47.27999999999997,-60.00999999999999
EXCL_FINANCE_INSURANCE,1,2026Q1,20261,2026年1 - 3 月,2026-03-31,0003060191,leaf,24,135,電気業,135,電気業,True,25,10億円以上,89504.31,99413.46,-9909.150000000009,-9.967614043410222,CALCULABLE,44303.23999999976,-22.36664857920112,CALCULABLE,200733.32,0.0,NON_POSITIVE_COMPONENT,68.76,1767.55,-1698.79,-96.10986959350514,CALCULABLE,25970.25,-6.5412924403885215,CALCULABLE,47867.520000000004,0.0,NON_POSITIVE_COMPONENT,-860.77,1196.98,-2057.75,-171.9118113920032,CALCULABLE,41576.869999999995,-4.949266262708088,CALCULABLE,64984.09999999999,0.0,NON_POSITIVE_COMPONENT,0.0768231161158608,1.777978555418954,-1.7011554393030932,CALCULABLE,-0.9617078775312609,1.2040421890556872,-2.165750066586948,CALCULABLE,-929.53,-570.5699999999999,-358.96000000000004
EXCL_FINANCE_INSURANCE,1,2026Q1,20261,2026年1 - 3 月,2026-03-31,0003060191,leaf,25,136,ガス・熱供給・水道業,136,ガス・熱供給・水道業,True,19,1千万円以上 - 1億円未満,835.15,804.18,30.970000000000027,3.851127856947456,CALCULABLE,44303.23999999976,0.06990459388523322,CALCULABLE,200733.32,0.015428430118128882,CALCULABLE,81.56,67.21,14.350000000000009,21.350989436095837,CALCULABLE,25970.25,0.05525553277307692,CALCULABLE,47867.520000000004,0.029978574198120157,CALCULABLE,85.47,72.78,12.689999999999998,17.43610882110469,CALCULABLE,41576.869999999995,0.030521778094406815,CALCULABLE,64984.09999999999,0.019527853736529394,CALCULABLE,9.765910315512185,8.35758163595215,1.4083286795600358,CALCULABLE,10.234089684487817,9.050212638961428,1.1838770455263887,CALCULABLE,3.9099999999999966,5.570000000000007,-1.6600000000000108
EXCL_FINANCE_INSURANCE,1,2026Q1,20261,2026年1 - 3 月,2026-03-31,0003060191,leaf,25,136,ガス・熱供給・水道業,136,ガス・熱供給・水道業,True,24,1億円以上 - 10億円未満,3467.31,3819.71,-352.4000000000001,-9.225831280385165,CALCULABLE,44303.23999999976,-0.7954271516033636,CALCULABLE,200733.32,0.0,NON_POSITIVE_COMPONENT,264.79,148.51,116.28000000000003,78.29775772675242,CALCULABLE,25970.25,0.4477430906518036,CALCULABLE,47867.520000000004,0.2429204604708997,CALCULABLE,277.13,153.88,123.25,80.09487912659215,CALCULABLE,41576.869999999995,0.2964388613188054,CALCULABLE,64984.09999999999,0.1896617788043537,CALCULABLE,7.636755871266199,3.8879914967366633,3.7487643745295354,CALCULABLE,7.9926513637373064,4.028578085770909,3.9640732779663974,CALCULABLE,12.339999999999975,5.3700000000000045,6.96999999999997
EXCL_FINANCE_INSURANCE,1,2026Q1,20261,2026年1 - 3 月,2026-03-31,0003060191,leaf,25,136,ガス・熱供給・水道業,136,ガス・熱供給・水道業,True,25,10億円以上,16547.05,17481.77,-934.7200000000012,-5.346827008935595,CALCULABLE,44303.23999999976,-2.109823119031489,CALCULABLE,200733.32,0.0,NON_POSITIVE_COMPONENT,565.86,1019.21,-453.35,-44.480529037195474,CALCULABLE,25970.25,-1.7456512740539658,CALCULABLE,47867.520000000004,0.0,NON_POSITIVE_COMPONENT,570.81,1011.4,-440.59000000000003,-43.5623887680443,CALCULABLE,41576.869999999995,-1.0596997801902839,CALCULABLE,64984.09999999999,0.0,NON_POSITIVE_COMPONENT,3.419703209937723,5.830130473058507,-2.4104272631207837,CALCULABLE,3.449617907723733,5.785455362929497,-2.335837455205764,CALCULABLE,4.949999999999932,-7.810000000000059,12.759999999999991
EXCL_FINANCE_INSURANCE,1,2026Q1,20261,2026年1 - 3 月,2026-03-31,0003060191,leaf,26,142,情報通信業,142,情報通信業,True,19,1千万円以上 - 1億円未満,68438.27,59099.55,9338.720000000001,15.80167700092472,CALCULABLE,44303.23999999976,21.07909037804019,CALCULABLE,200733.32,4.652301869963591,CALCULABLE,965.7,2847.73,-1882.03,-66.08877948401006,CALCULABLE,25970.25,-7.246869013582849,CALCULABLE,47867.520000000004,0.0,NON_POSITIVE_COMPONENT,1243.82,2397.15,-1153.3300000000002,-48.11255032017188,CALCULABLE,41576.869999999995,-2.7739702387409158,CALCULABLE,64984.09999999999,0.0,NON_POSITIVE_COMPONENT,1.4110526171979507,4.8185307671547415,-3.4074781499567908,CALCULABLE,1.8174334330777209,4.05612225473798,-2.2386888216602596,CALCULABLE,278.1199999999999,-450.5799999999999,728.6999999999998
EXCL_FINANCE_INSURANCE,1,2026Q1,20261,2026年1 - 3 月,2026-03-31,0003060191,leaf,26,142,情報通信業,142,情報通信業,True,24,1億円以上 - 10億円未満,77960.2,88787.31,-10827.11,-12.194434091989049,CALCULABLE,44303.23999999976,-24.438641507934992,CALCULABLE,200733.32,0.0,NON_POSITIVE_COMPONENT,8764.28,6472.6,2291.6800000000003,35.40586472205916,CALCULABLE,25970.25,8.824250825463754,CALCULABLE,47867.520000000004,4.787546962951079,CALCULABLE,8911.74,8464.12,447.619999999999,5.288441090154672,CALCULABLE,41576.869999999995,1.0766082199068834,CALCULABLE,64984.09999999999,0.6888146485063255,CALCULABLE,11.241992709100286,7.290005745190389,3.9519869639098966,CALCULABLE,11.431140505026924,9.533028988038945,1.8981115169879796,CALCULABLE,147.45999999999913,1991.5200000000004,-1844.0600000000013
EXCL_FINANCE_INSURANCE,1,2026Q1,20261,2026年1 - 3 月,2026-03-31,0003060191,leaf,26,142,情報通信業,142,情報通信業,True,25,10億円以上,117610.91,107039.29,10571.62000000001,9.876392117324407,CALCULABLE,44303.23999999976,23.861956823022577,CALCULABLE,200733.32,5.266499851643967,CALCULABLE,11102.25,9833.96,1268.2900000000009,12.897042493563138,CALCULABLE,25970.25,4.883626457196218,CALCULABLE,47867.520000000004,2.6495836843020086,CALCULABLE,12947.74,12200.84,746.8999999999996,6.121709652778007,CALCULABLE,41576.869999999995,1.796431525509255,CALCULABLE,64984.09999999999,1.1493580737441924,CALCULABLE,9.439813024148865,9.1872433010346,0.25256972311426473,CALCULABLE,11.008961668607103,11.398468730500735,-0.3895070618936316,CALCULABLE,1845.4899999999998,2366.880000000001,-521.3900000000012
EXCL_FINANCE_INSURANCE,1,2026Q1,20261,2026年1 - 3 月,2026-03-31,0003060191,leaf,27,131,陸運業,134,運輸業、郵便業(集約),True,19,1千万円以上 - 1億円未満,53880.98,46406.12,7474.860000000001,16.107487546901144,CALCULABLE,44303.23999999976,16.872039155601353,CALCULABLE,200733.32,3.723776401446457,CALCULABLE,1684.23,1475.76,208.47000000000003,14.126280696048132,CALCULABLE,25970.25,0.8027261963207903,CALCULABLE,47867.520000000004,0.43551452007540814,CALCULABLE,1917.87,1679.3,238.56999999999994,14.20651461918656,CALCULABLE,41576.869999999995,0.5738046178079301,CALCULABLE,64984.09999999999,0.3671205725708288,CALCULABLE,3.125834014154902,3.1800977974456814,-0.05426378329077952,CALCULABLE,3.5594564167169933,3.6187037399377493,-0.05924732322075599,CALCULABLE,233.63999999999987,203.53999999999996,30.09999999999991
EXCL_FINANCE_INSURANCE,1,2026Q1,20261,2026年1 - 3 月,2026-03-31,0003060191,leaf,27,131,陸運業,134,運輸業、郵便業(集約),True,24,1億円以上 - 10億円未満,16350.24,17143.41,-793.1700000000001,-4.62667578970578,CALCULABLE,44303.23999999976,-1.7903205273474454,CALCULABLE,200733.32,0.0,NON_POSITIVE_COMPONENT,816.09,260.2,555.8900000000001,213.63950807071487,CALCULABLE,25970.25,2.14048767339552,CALCULABLE,47867.520000000004,1.161309380557004,CALCULABLE,864.07,278.76,585.3100000000001,209.96914908882195,CALCULABLE,41576.869999999995,1.4077779303733062,CALCULABLE,64984.09999999999,0.9006972474805377,CALCULABLE,4.9913028799577255,1.517784384786924,3.4735184951708016,CALCULABLE,5.284754229907329,1.626047559966191,3.658706669941138,CALCULABLE,47.98000000000002,18.560000000000002,29.420000000000016
EXCL_FINANCE_INSURANCE,1,2026Q1,20261,2026年1 - 3 月,2026-03-31,0003060191,leaf,27,131,陸運業,134,運輸業、郵便業(集約),True,25,10億円以上,35981.08,34421.45,1559.6300000000047,4.530982860977684,CALCULABLE,44303.23999999976,3.520352010372183,CALCULABLE,200733.32,0.7769661758197416,CALCULABLE,1705.78,1002.85,702.93,70.09323428229546,CALCULABLE,25970.25,2.7066739827302393,CALCULABLE,47867.520000000004,1.4684905338734906,CALCULABLE,1494.15,862.66,631.4900000000001,73.20265226160944,CALCULABLE,41576.869999999995,1.5188493025088232,CALCULABLE,64984.09999999999,0.9717607845611468,CALCULABLE,4.740769315429109,2.913444959465682,1.8273243559634267,CALCULABLE,4.152599088187459,2.5061698446753407,1.646429243512118,CALCULABLE,-211.62999999999988,-140.19000000000005,-71.43999999999983
EXCL_FINANCE_INSURANCE,1,2026Q1,20261,2026年1 - 3 月,2026-03-31,0003060191,leaf,28,132,水運業,134,運輸業、郵便業(集約),True,19,1千万円以上 - 1億円未満,5142.86,4496.49,646.3699999999999,14.374990270188515,CALCULABLE,44303.23999999976,1.4589677865546706,CALCULABLE,200733.32,0.3220043388910221,CALCULABLE,222.64,383.63,-160.99,-41.96491410994969,CALCULABLE,25970.25,-0.6199016181977456,CALCULABLE,47867.520000000004,0.0,NON_POSITIVE_COMPONENT,292.56,783.82,-491.26000000000005,-62.67510397795413,CALCULABLE,41576.869999999995,-1.1815704260566033,CALCULABLE,64984.09999999999,0.0,NON_POSITIVE_COMPONENT,4.329108706050719,8.531765888504145,-4.202657182453426,CALCULABLE,5.688663506298052,17.431819041074263,-11.74315553477621,CALCULABLE,69.92000000000002,400.19000000000005,-330.27000000000004
EXCL_FINANCE_INSURANCE,1,2026Q1,20261,2026年1 - 3 月,2026-03-31,0003060191,leaf,28,132,水運業,134,運輸業、郵便業(集約),True,24,1億円以上 - 10億円未満,4065.55,3381.28,684.27,20.237010836133052,CALCULABLE,44303.23999999976,1.5445145772634319,CALCULABLE,200733.32,0.34088511065327864,CALCULABLE,151.43,-39.73,191.16,,NEGATIVE_PROFIT_BASE_NOT_CALCULABLE,25970.25,0.7360730066133364,CALCULABLE,47867.520000000004,0.3993522121054109,CALCULABLE,200.79,28.63,172.16,601.3272790778904,CALCULABLE,41576.869999999995,0.4140763842973269,CALCULABLE,64984.09999999999,0.2649263435209536,CALCULABLE,3.7247112936749023,-1.174998817016041,4.899710110690943,CALCULABLE,4.9388151664596425,0.8467207684663796,4.092094397993263,CALCULABLE,49.359999999999985,68.36,-19.000000000000014
EXCL_FINANCE_INSURANCE,1,2026Q1,20261,2026年1 - 3 月,2026-03-31,0003060191,leaf,28,132,水運業,134,運輸業、郵便業(集約),True,25,10億円以上,11503.75,10980.65,523.1000000000004,4.763834563527669,CALCULABLE,44303.23999999976,1.180726285481611,CALCULABLE,200733.32,0.26059450419093366,CALCULABLE,410.93,425.01,-14.079999999999984,-3.3128632267475977,CALCULABLE,25970.25,-0.05421588163379245,CALCULABLE,47867.520000000004,0.0,NON_POSITIVE_COMPONENT,530.12,443.68,86.44,19.482509917057335,CALCULABLE,41576.869999999995,0.20790405819389482,CALCULABLE,64984.09999999999,0.13301715342676132,CALCULABLE,3.57213951972183,3.8705358972374126,-0.2983963775155827,CALCULABLE,4.608236444637618,4.040562261796889,0.5676741828407295,CALCULABLE,119.19,18.670000000000016,100.51999999999998
EXCL_FINANCE_INSURANCE,1,2026Q1,20261,2026年1 - 3 月,2026-03-31,0003060191,leaf,29,133,その他の運輸業,134,運輸業、郵便業(集約),True,19,1千万円以上 - 1億円未満,13132.3,13298.69,-166.39000000000124,-1.251175867698251,CALCULABLE,44303.23999999976,-0.37557072575279404,CALCULABLE,200733.32,0.0,NON_POSITIVE_COMPONENT,790.1,378.76,411.34000000000003,108.60175308902735,CALCULABLE,25970.25,1.5838892579008674,CALCULABLE,47867.520000000004,0.859330084366184,CALCULABLE,891.18,342.11,549.0699999999999,160.49516237467478,CALCULABLE,41576.869999999995,1.3206140818200118,CALCULABLE,64984.09999999999,0.844929759741229,CALCULABLE,6.0164632242638385,2.8481000760225252,3.1683631482413133,CALCULABLE,6.78616845487843,2.572509021565282,4.213659433313148,CALCULABLE,101.07999999999993,-36.64999999999998,137.7299999999999
EXCL_FINANCE_INSURANCE,1,2026Q1,20261,2026年1 - 3 月,2026-03-31,0003060191,leaf,29,133,その他の運輸業,134,運輸業、郵便業(集約),True,24,1億円以上 - 10億円未満,11966.72,10298.38,1668.3400000000001,16.200023693046873,CALCULABLE,44303.23999999976,3.765729097917013,CALCULABLE,200733.32,0.831122605853378,CALCULABLE,382.9,301.42,81.47999999999996,27.032048304691124,CALCULABLE,25970.25,0.313743610477373,CALCULABLE,47867.520000000004,0.17021980666639916,CALCULABLE,439.83,404.84,34.99000000000001,8.642920660013843,CALCULABLE,41576.869999999995,0.08415736922957406,CALCULABLE,64984.09999999999,0.05384394028693175,CALCULABLE,3.1997071879345382,2.926868109353122,0.2728390785814163,CALCULABLE,3.675443229222377,3.931103726993954,-0.25566049777157707,CALCULABLE,56.93000000000001,103.41999999999996,-46.48999999999995
EXCL_FINANCE_INSURANCE,1,2026Q1,20261,2026年1 - 3 月,2026-03-31,0003060191,leaf,29,133,その他の運輸業,134,運輸業、郵便業(集約),True,25,10億円以上,31334.95,31685.55,-350.59999999999854,-1.1064980724652007,CALCULABLE,44303.23999999976,-0.7913642433375087,CALCULABLE,200733.32,0.0,NON_POSITIVE_COMPONENT,1897.71,988.47,909.24,91.9845822331482,CALCULABLE,25970.25,3.5010829699367543,CALCULABLE,47867.520000000004,1.8994925995748264,CALCULABLE,2002.33,911.29,1091.04,119.724785743287,CALCULABLE,41576.869999999995,2.6241513610812937,CALCULABLE,64984.09999999999,1.6789337699529578,CALCULABLE,6.056208801992663,3.1196239295199235,2.9365848724727397,CALCULABLE,6.390085192412945,2.87604286496526,3.5140423274476853,CALCULABLE,104.61999999999989,-77.18000000000006,181.79999999999995
EXCL_FINANCE_INSURANCE,1,2026Q1,20261,2026年1 - 3 月,2026-03-31,0003060191,leaf,30,127,卸売業,129,卸売業・小売業(集約),True,19,1千万円以上 - 1億円未満,295159.22,296679.8,-1520.5800000000163,-0.5125323665446824,CALCULABLE,44303.23999999976,-3.4322094727158206,CALCULABLE,200733.32,0.0,NON_POSITIVE_COMPONENT,10577.99,9802.13,775.8600000000006,7.915218427015369,CALCULABLE,25970.25,2.9874953071302763,CALCULABLE,47867.520000000004,1.6208485419758545,CALCULABLE,12373.77,11084.2,1289.5699999999997,11.634308294689744,CALCULABLE,41576.869999999995,3.1016524331918203,CALCULABLE,64984.09999999999,1.9844392705292524,CALCULABLE,3.583825028403314,3.303942499624174,0.27988252877913977,CALCULABLE,4.192235634719458,3.736081795929484,0.4561538387899735,CALCULABLE,1795.7800000000007,1282.0700000000015,513.7099999999991
EXCL_FINANCE_INSURANCE,1,2026Q1,20261,2026年1 - 3 月,2026-03-31,0003060191,leaf,30,127,卸売業,129,卸売業・小売業(集約),True,24,1億円以上 - 10億円未満,251317.92,240277.5,11040.420000000013,4.5948621905921305,CALCULABLE,44303.23999999976,24.92011870915101,CALCULABLE,200733.32,5.500043540354941,CALCULABLE,7064.03,7166.28,-102.25,-1.4268211680258047,CALCULABLE,25970.25,-0.3937197370067673,CALCULABLE,47867.520000000004,0.0,NON_POSITIVE_COMPONENT,8032.68,8073.3,-40.61999999999989,-0.5031399799338532,CALCULABLE,41576.869999999995,-0.09769855210360928,CALCULABLE,64984.09999999999,0.0,NON_POSITIVE_COMPONENT,2.810794391422625,2.9825014826606733,-0.17170709123804828,CALCULABLE,3.196222537573126,3.3599900115491463,-0.1637674739760202,CALCULABLE,968.6500000000005,907.0200000000004,61.63000000000011
EXCL_FINANCE_INSURANCE,1,2026Q1,20261,2026年1 - 3 月,2026-03-31,0003060191,leaf,30,127,卸売業,129,卸売業・小売業(集約),True,25,10億円以上,271915.52,307782.07,-35866.54999999999,-11.653229182583635,CALCULABLE,44303.23999999976,-80.95694581254143,CALCULABLE,200733.32,0.0,NON_POSITIVE_COMPONENT,5707.86,4551.21,1156.6499999999996,25.41412064044506,CALCULABLE,25970.25,4.453749963901001,CALCULABLE,47867.520000000004,2.416356644338373,CALCULABLE,14744.46,11190.43,3554.029999999999,31.759548113879443,CALCULABLE,41576.869999999995,8.548094168704857,CALCULABLE,64984.09999999999,5.4690762817366085,CALCULABLE,2.0991299062296993,1.4787118690832122,0.6204180371464871,CALCULABLE,5.422441499477483,3.6358290786724514,1.786612420805032,CALCULABLE,9036.599999999999,6639.22,2397.3799999999983
EXCL_FINANCE_INSURANCE,1,2026Q1,20261,2026年1 - 3 月,2026-03-31,0003060191,leaf,31,128,小売業,129,卸売業・小売業(集約),True,19,1千万円以上 - 1億円未満,248893.74,233967.77,14925.970000000001,6.379498338595946,CALCULABLE,44303.23999999976,33.69047049380606,CALCULABLE,200733.32,7.435721184704164,CALCULABLE,4942.22,6621.99,-1679.7699999999995,-25.366543893905003,CALCULABLE,25970.25,-6.4680547934655985,CALCULABLE,47867.520000000004,0.0,NON_POSITIVE_COMPONENT,6279.8,7573.44,-1293.6399999999994,-17.081273503190086,CALCULABLE,41576.869999999995,-3.111441529869852,CALCULABLE,64984.09999999999,0.0,NON_POSITIVE_COMPONENT,1.9856746899299276,2.8303000879138183,-0.8446253979838907,CALCULABLE,2.5230847509463277,3.2369586631526213,-0.7138739122062936,CALCULABLE,1337.58,951.4499999999998,386.1300000000001
EXCL_FINANCE_INSURANCE,1,2026Q1,20261,2026年1 - 3 月,2026-03-31,0003060191,leaf,31,128,小売業,129,卸売業・小売業(集約),True,24,1億円以上 - 10億円未満,116764.1,111114.3,5649.800000000003,5.0846740698542,CALCULABLE,44303.23999999976,12.752566178004212,CALCULABLE,200733.32,2.8145800607492584,CALCULABLE,2614.43,3223.37,-608.94,-18.89140868097674,CALCULABLE,25970.25,-2.344759869466024,CALCULABLE,47867.520000000004,0.0,NON_POSITIVE_COMPONENT,3151.15,4139.78,-988.6299999999997,-23.881220741198806,CALCULABLE,41576.869999999995,-2.3778365230475496,CALCULABLE,64984.09999999999,0.0,NON_POSITIVE_COMPONENT,2.239070056635558,2.900949742742383,-0.661879686106825,CALCULABLE,2.6987318876264195,3.7256950725514173,-1.0269631849249978,CALCULABLE,536.7200000000003,916.4099999999999,-379.6899999999996
EXCL_FINANCE_INSURANCE,1,2026Q1,20261,2026年1 - 3 月,2026-03-31,0003060191,leaf,31,128,小売業,129,卸売業・小売業(集約),True,25,10億円以上,91379.67,86059.15,5320.520000000004,6.1823989662923795,CALCULABLE,44303.23999999976,12.009324825904457,CALCULABLE,200733.32,2.6505415244464663,CALCULABLE,5470.77,4959.98,510.7900000000009,10.298227008979888,CALCULABLE,25970.25,1.9668274275372815,CALCULABLE,47867.520000000004,1.0670910045057709,CALCULABLE,5808.57,5144.57,664.0,12.906812425528269,CALCULABLE,41576.869999999995,1.5970418167601363,CALCULABLE,64984.09999999999,1.0217884067025629,CALCULABLE,5.9868568139937475,5.7634545542222995,0.223402259771448,CALCULABLE,6.356523283570624,5.977946563497316,0.37857672007330834,CALCULABLE,337.7999999999993,184.59000000000015,153.20999999999913
EXCL_FINANCE_INSURANCE,1,2026Q1,20261,2026年1 - 3 月,2026-03-31,0003060191,leaf,32,130,不動産業,155,不動産業、物品賃貸業(集約),True,19,1千万円以上 - 1億円未満,43511.77,50264.9,-6753.130000000005,-13.435080941173672,CALCULABLE,44303.23999999976,-15.242970942983044,CALCULABLE,200733.32,0.0,NON_POSITIVE_COMPONENT,6677.62,7311.71,-634.0900000000001,-8.67225313914256,CALCULABLE,25970.25,-2.441601447810476,CALCULABLE,47867.520000000004,0.0,NON_POSITIVE_COMPONENT,7731.07,8177.03,-445.96000000000004,-5.453813915321337,CALCULABLE,41576.869999999995,-1.0726156153649855,CALCULABLE,64984.09999999999,0.0,NON_POSITIVE_COMPONENT,15.346698146271686,14.546353419583049,0.8003447266886372,CALCULABLE,17.7677672041381,16.267872809853394,1.4998943942847056,CALCULABLE,1053.4499999999998,865.3199999999997,188.1300000000001
EXCL_FINANCE_INSURANCE,1,2026Q1,20261,2026年1 - 3 月,2026-03-31,0003060191,leaf,32,130,不動産業,155,不動産業、物品賃貸業(集約),True,24,1億円以上 - 10億円未満,49442.85,49653.22,-210.37000000000262,-0.4236784643574021,CALCULABLE,44303.23999999976,-0.4748411177151011,CALCULABLE,200733.32,0.0,NON_POSITIVE_COMPONENT,6453.51,5504.44,949.0700000000006,17.241899266773753,CALCULABLE,25970.25,3.6544507657800778,CALCULABLE,47867.520000000004,1.9827014225930244,CALCULABLE,6898.11,6114.42,783.6899999999996,12.817078316504249,CALCULABLE,41576.869999999995,1.8849182249649858,CALCULABLE,64984.09999999999,1.2059719223625467,CALCULABLE,13.052463601916154,11.085766441733284,1.9666971601828696,CALCULABLE,13.951683610471482,12.314246689338576,1.637436921132906,CALCULABLE,444.59999999999945,609.9800000000005,-165.38000000000102
EXCL_FINANCE_INSURANCE,1,2026Q1,20261,2026年1 - 3 月,2026-03-31,0003060191,leaf,32,130,不動産業,155,不動産業、物品賃貸業(集約),True,25,10億円以上,50780.64,43943.25,6837.389999999999,15.55959106347391,CALCULABLE,44303.23999999976,15.433160193250057,CALCULABLE,200733.32,3.406205805792481,CALCULABLE,8791.22,7074.13,1717.0899999999992,24.27280810502492,CALCULABLE,25970.25,6.611757684273348,CALCULABLE,47867.520000000004,3.58717142647039,CALCULABLE,8948.13,7221.14,1726.9899999999989,23.915752914359768,CALCULABLE,41576.869999999995,4.153727781817147,CALCULABLE,64984.09999999999,2.6575577718241834,CALCULABLE,17.312148881936107,16.09833137057455,1.2138175113615581,CALCULABLE,17.62114459368767,16.432876494114566,1.1882680995731043,CALCULABLE,156.90999999999985,147.01000000000022,9.899999999999636
EXCL_FINANCE_INSURANCE,1,2026Q1,20261,2026年1 - 3 月,2026-03-31,0003060191,leaf,33,150,リース業,155,不動産業、物品賃貸業(集約),True,19,1千万円以上 - 1億円未満,8989.68,7726.2,1263.4800000000005,16.3531878543139,CALCULABLE,44303.23999999976,2.8518907420766686,CALCULABLE,200733.32,0.6294321241735057,CALCULABLE,689.83,699.35,-9.519999999999982,-1.3612640308858226,CALCULABLE,25970.25,-0.036657329059211916,CALCULABLE,47867.520000000004,0.0,NON_POSITIVE_COMPONENT,849.9,1007.28,-157.38,-15.62425542053848,CALCULABLE,41576.869999999995,-0.37852777277365995,CALCULABLE,64984.09999999999,0.0,NON_POSITIVE_COMPONENT,7.673576812522804,9.051668349253191,-1.3780915367303868,CALCULABLE,9.454174119657207,13.037198105148715,-3.583023985491508,CALCULABLE,160.06999999999994,307.92999999999995,-147.86
EXCL_FINANCE_INSURANCE,1,2026Q1,20261,2026年1 - 3 月,2026-03-31,0003060191,leaf,33,150,リース業,155,不動産業、物品賃貸業(集約),True,24,1億円以上 - 10億円未満,7464.92,7167.36,297.5600000000004,4.151598356996167,CALCULABLE,44303.23999999976,0.6716438797704232,CALCULABLE,200733.32,0.14823647613659777,CALCULABLE,272.97,341.86,-68.88999999999999,-20.151524015678923,CALCULABLE,25970.25,-0.26526506290852025,CALCULABLE,47867.520000000004,0.0,NON_POSITIVE_COMPONENT,464.2,386.2,78.0,20.196789228379085,CALCULABLE,41576.869999999995,0.18760430980013648,CALCULABLE,64984.09999999999,0.12002936102831309,CALCULABLE,3.656703621740086,4.769678096258595,-1.1129744745185088,CALCULABLE,6.218418951576172,5.388315921064381,0.8301030305117916,CALCULABLE,191.22999999999996,44.339999999999975,146.89
EXCL_FINANCE_INSURANCE,1,2026Q1,20261,2026年1 - 3 月,2026-03-31,0003060191,leaf,33,150,リース業,155,不動産業、物品賃貸業(集約),True,25,10億円以上,23454.24,21372.5,2081.7400000000016,9.740273716224124,CALCULABLE,44303.23999999976,4.698843696307568,CALCULABLE,200733.32,1.0370674883472268,CALCULABLE,2354.24,2467.35,-113.11000000000013,-4.584270573692429,CALCULABLE,25970.25,-0.43553681616465045,CALCULABLE,47867.520000000004,0.0,NON_POSITIVE_COMPONENT,3256.69,2836.87,419.82000000000016,14.798704205691493,CALCULABLE,41576.869999999995,1.0097441197473505,CALCULABLE,64984.09999999999,0.646034953165467,CALCULABLE,10.037588086418488,11.544508129605802,-1.5069200431873142,CALCULABLE,13.885293234826623,13.273458884080009,0.611834350746614,CALCULABLE,902.4500000000003,369.52,532.9300000000003
EXCL_FINANCE_INSURANCE,1,2026Q1,20261,2026年1 - 3 月,2026-03-31,0003060191,leaf,34,151,その他の物品賃貸業,155,不動産業、物品賃貸業(集約),True,19,1千万円以上 - 1億円未満,3126.25,2612.59,513.6599999999999,19.660949479252388,CALCULABLE,44303.23999999976,1.1594185887984776,CALCULABLE,200733.32,0.25589174731927905,CALCULABLE,153.11,115.22,37.890000000000015,32.884915813226876,CALCULABLE,25970.25,0.14589770987957382,CALCULABLE,47867.520000000004,0.07915597047852074,CALCULABLE,178.12,121.09,57.03,47.09720042943266,CALCULABLE,41576.869999999995,0.1371676126654075,CALCULABLE,64984.09999999999,0.08775992896723969,CALCULABLE,4.897560975609756,4.410182998480435,0.48737797712932096,CALCULABLE,5.697560975609757,4.634864253480263,1.0626967221294938,CALCULABLE,25.00999999999999,5.8700000000000045,19.139999999999986
EXCL_FINANCE_INSURANCE,1,2026Q1,20261,2026年1 - 3 月,2026-03-31,0003060191,leaf,34,151,その他の物品賃貸業,155,不動産業、物品賃貸業(集約),True,24,1億円以上 - 10億円未満,5052.94,5132.61,-79.67000000000007,-1.552231710572205,CALCULABLE,44303.23999999976,-0.17982883418910334,CALCULABLE,200733.32,0.0,NON_POSITIVE_COMPONENT,285.62,195.07,90.55000000000001,46.41923412108475,CALCULABLE,25970.25,0.34866818763777785,CALCULABLE,47867.520000000004,0.189167936839009,CALCULABLE,353.61,260.63,92.98000000000002,35.67509496220698,CALCULABLE,41576.869999999995,0.22363395801559866,CALCULABLE,64984.09999999999,0.14308115369759683,CALCULABLE,5.652550792212059,3.8006004742226667,1.8519503179893926,CALCULABLE,6.9981040740638125,5.0779233177662055,1.920180756297607,CALCULABLE,67.99000000000001,65.56,2.430000000000007
EXCL_FINANCE_INSURANCE,1,2026Q1,20261,2026年1 - 3 月,2026-03-31,0003060191,leaf,34,151,その他の物品賃貸業,155,不動産業、物品賃貸業(集約),True,25,10億円以上,2654.66,1343.24,1311.4199999999998,97.63110092016318,CALCULABLE,44303.23999999976,2.960099532223844,CALCULABLE,200733.32,0.6533145568458689,CALCULABLE,146.67,96.83,49.83999999999999,51.471651347722805,CALCULABLE,25970.25,0.19191189919234505,CALCULABLE,47867.520000000004,0.10412070648322701,CALCULABLE,204.3,101.83,102.47000000000001,100.62849847785525,CALCULABLE,41576.869999999995,0.2464591490412819,CALCULABLE,64984.09999999999,0.1576847259560416,CALCULABLE,5.525001318436259,7.208689437479526,-1.6836881190432669,CALCULABLE,7.695900793321933,7.580923736636788,0.11497705668514513,CALCULABLE,57.630000000000024,5.0,52.630000000000024
EXCL_FINANCE_INSURANCE,1,2026Q1,20261,2026年1 - 3 月,2026-03-31,0003060191,leaf,35,139,宿泊業,137,サービス業(集約),True,19,1千万円以上 - 1億円未満,10564.26,12217.05,-1652.789999999999,-13.528552310091213,CALCULABLE,44303.23999999976,-3.7306300848425713,CALCULABLE,200733.32,0.0,NON_POSITIVE_COMPONENT,250.93,149.99,100.94,67.29781985465696,CALCULABLE,25970.25,0.3886755037013506,CALCULABLE,47867.520000000004,0.2108736780179963,CALCULABLE,251.98,109.28,142.7,130.58199121522694,CALCULABLE,41576.869999999995,0.3432196795958907,CALCULABLE,64984.09999999999,0.21959217716333687,CALCULABLE,2.37527285394339,1.227710453832963,1.147562400110427,CALCULABLE,2.385212026209124,0.8944876218072285,1.4907244044018952,CALCULABLE,1.049999999999983,-40.71000000000001,41.75999999999999
EXCL_FINANCE_INSURANCE,1,2026Q1,20261,2026年1 - 3 月,2026-03-31,0003060191,leaf,35,139,宿泊業,137,サービス業(集約),True,24,1億円以上 - 10億円未満,5737.37,6393.81,-656.4400000000005,-10.266804925388783,CALCULABLE,44303.23999999976,-1.481697501130852,CALCULABLE,200733.32,0.0,NON_POSITIVE_COMPONENT,401.4,509.89,-108.49000000000001,-21.277138206279787,CALCULABLE,25970.25,-0.4177472300035618,CALCULABLE,47867.520000000004,0.0,NON_POSITIVE_COMPONENT,352.88,424.19,-71.31,-16.81086305664914,CALCULABLE,41576.869999999995,-0.17151363245958634,CALCULABLE,64984.09999999999,0.0,NON_POSITIVE_COMPONENT,6.996236951774071,7.974744323024925,-0.9785073712508545,CALCULABLE,6.1505533022970456,6.634385444672268,-0.4838321423752223,CALCULABLE,-48.51999999999998,-85.69999999999999,37.18000000000001
EXCL_FINANCE_INSURANCE,1,2026Q1,20261,2026年1 - 3 月,2026-03-31,0003060191,leaf,35,139,宿泊業,137,サービス業(集約),True,25,10億円以上,1434.33,1148.1,286.23,24.93075516070029,CALCULABLE,44303.23999999976,0.6460701294081461,CALCULABLE,200733.32,0.14259217154381743,CALCULABLE,164.56,100.67,63.89,63.46478593424059,CALCULABLE,25970.25,0.24601226403288376,CALCULABLE,47867.520000000004,0.13347255090717045,CALCULABLE,172.89,103.28,69.60999999999999,67.39930286599534,CALCULABLE,41576.869999999995,0.1674248205793269,CALCULABLE,64984.09999999999,0.10711851052795991,CALCULABLE,11.472952528358189,8.76839996515983,2.7045525631983587,CALCULABLE,12.05371148898789,8.995732079087189,3.0579794099007014,CALCULABLE,8.329999999999984,2.6099999999999994,5.719999999999985
EXCL_FINANCE_INSURANCE,1,2026Q1,20261,2026年1 - 3 月,2026-03-31,0003060191,leaf,36,148,飲食サービス業,137,サービス業(集約),True,19,1千万円以上 - 1億円未満,35046.69,34485.34,561.3500000000058,1.6277931434053095,CALCULABLE,44303.23999999976,1.2670630861309666,CALCULABLE,200733.32,0.27964963664229026,CALCULABLE,415.33,1143.23,-727.9000000000001,-63.67047750671344,CALCULABLE,25970.25,-2.8028224603151686,CALCULABLE,47867.520000000004,0.0,NON_POSITIVE_COMPONENT,859.36,1054.78,-195.41999999999996,-18.52708621703104,CALCULABLE,41576.869999999995,-0.47002095155311113,CALCULABLE,64984.09999999999,0.0,NON_POSITIVE_COMPONENT,1.1850762511381245,3.3151188302043715,-2.130042579066247,CALCULABLE,2.4520432600054383,3.0586330307313196,-0.6065897707258814,CALCULABLE,444.03000000000003,-88.45000000000005,532.48
EXCL_FINANCE_INSURANCE,1,2026Q1,20261,2026年1 - 3 月,2026-03-31,0003060191,leaf,36,148,飲食サービス業,137,サービス業(集約),True,24,1億円以上 - 10億円未満,4820.1,5665.05,-844.9499999999998,-14.91513755394921,CALCULABLE,44303.23999999976,-1.9071968551284384,CALCULABLE,200733.32,0.0,NON_POSITIVE_COMPONENT,123.94,157.64,-33.69999999999999,-21.37782288759198,CALCULABLE,25970.25,-0.12976386442179028,CALCULABLE,47867.520000000004,0.0,NON_POSITIVE_COMPONENT,132.42,158.29,-25.870000000000005,-16.3434203045044,CALCULABLE,41576.869999999995,-0.062222096083711945,CALCULABLE,64984.09999999999,0.0,NON_POSITIVE_COMPONENT,2.5713159478019127,2.7826762341020816,-0.2113602863001689,CALCULABLE,2.747245907761249,2.7941500957626144,-0.0469041880013652,CALCULABLE,8.47999999999999,0.6500000000000057,7.829999999999984
EXCL_FINANCE_INSURANCE,1,2026Q1,20261,2026年1 - 3 月,2026-03-31,0003060191,leaf,36,148,飲食サービス業,137,サービス業(集約),True,25,10億円以上,9048.73,7107.01,1941.7199999999993,27.321194144935767,CALCULABLE,44303.23999999976,4.382794576649496,CALCULABLE,200733.32,0.967313249240335,CALCULABLE,545.46,355.41,190.05,53.473453194901666,CALCULABLE,25970.25,0.7317988852629451,CALCULABLE,47867.520000000004,0.39703331194095703,CALCULABLE,2978.56,371.94,2606.62,700.8173361294831,CALCULABLE,41576.869999999995,6.269399307836304,CALCULABLE,64984.09999999999,4.011165808251557,CALCULABLE,6.028028242637365,5.000837201579849,1.0271910410575167,CALCULABLE,32.916884468870215,5.233424464015106,27.68346000485511,CALCULABLE,2433.1,16.529999999999973,2416.5699999999997
EXCL_FINANCE_INSURANCE,1,2026Q1,20261,2026年1 - 3 月,2026-03-31,0003060191,leaf,37,140,生活関連サービス業,137,サービス業(集約),True,19,1千万円以上 - 1億円未満,13851.05,23744.44,-9893.39,-41.66613320844795,CALCULABLE,44303.23999999976,-22.33107556016231,CALCULABLE,200733.32,0.0,NON_POSITIVE_COMPONENT,891.01,1197.19,-306.18000000000006,-25.574887862411156,CALCULABLE,25970.25,-1.1789643919484798,CALCULABLE,47867.520000000004,0.0,NON_POSITIVE_COMPONENT,1115.15,1428.51,-313.3599999999999,-21.936143254159923,CALCULABLE,41576.869999999995,-0.7536882887047532,CALCULABLE,64984.09999999999,0.0,NON_POSITIVE_COMPONENT,6.432797513545904,5.0419803541376425,1.390817159408262,CALCULABLE,8.051014183040275,6.0161873684955305,2.0348268145447443,CALCULABLE,224.1400000000001,231.31999999999994,-7.179999999999836
EXCL_FINANCE_INSURANCE,1,2026Q1,20261,2026年1 - 3 月,2026-03-31,0003060191,leaf,37,140,生活関連サービス業,137,サービス業(集約),True,24,1億円以上 - 10億円未満,8103.27,17032.68,-8929.41,-52.42516151304433,CALCULABLE,44303.23999999976,-20.155207610098152,CALCULABLE,200733.32,0.0,NON_POSITIVE_COMPONENT,324.93,514.74,-189.81,-36.87492714768621,CALCULABLE,25970.25,-0.7308747509169146,CALCULABLE,47867.520000000004,0.0,NON_POSITIVE_COMPONENT,371.71,504.75,-133.04000000000002,-26.357602773650324,CALCULABLE,41576.869999999995,-0.31998560738218157,CALCULABLE,64984.09999999999,0.0,NON_POSITIVE_COMPONENT,4.009862685064178,3.0220728622859117,0.9877898227782662,CALCULABLE,4.587160491998909,2.963420906163915,1.623739585834994,CALCULABLE,46.77999999999997,-9.990000000000009,56.76999999999998
EXCL_FINANCE_INSURANCE,1,2026Q1,20261,2026年1 - 3 月,2026-03-31,0003060191,leaf,37,140,生活関連サービス業,137,サービス業(集約),True,25,10億円以上,723.9,915.05,-191.14999999999998,-20.889568876017705,CALCULABLE,44303.23999999976,-0.43145828612083686,CALCULABLE,200733.32,0.0,NON_POSITIVE_COMPONENT,26.17,49.39,-23.22,-47.013565499088884,CALCULABLE,25970.25,-0.08940999797845611,CALCULABLE,47867.520000000004,0.0,NON_POSITIVE_COMPONENT,26.79,58.29,-31.5,-54.040144107050956,CALCULABLE,41576.869999999995,-0.07576327895774743,CALCULABLE,64984.09999999999,0.0,NON_POSITIVE_COMPONENT,3.615140212736566,5.3975192612425555,-1.7823790485059896,CALCULABLE,3.7007874015748032,6.370143707994099,-2.6693563064192953,CALCULABLE,0.6199999999999974,8.899999999999999,-8.280000000000001
EXCL_FINANCE_INSURANCE,1,2026Q1,20261,2026年1 - 3 月,2026-03-31,0003060191,leaf,38,141,娯楽業,137,サービス業(集約),True,19,1千万円以上 - 1億円未満,20555.42,24565.91,-4010.4900000000016,-16.325428205183535,CALCULABLE,44303.23999999976,-9.052362761730347,CALCULABLE,200733.32,0.0,NON_POSITIVE_COMPONENT,739.79,768.73,-28.940000000000055,-3.764650787662771,CALCULABLE,25970.25,-0.11143519989218453,CALCULABLE,47867.520000000004,0.0,NON_POSITIVE_COMPONENT,844.68,998.57,-153.8900000000001,-15.411037784031178,CALCULABLE,41576.869999999995,-0.3701336825018336,CALCULABLE,64984.09999999999,0.0,NON_POSITIVE_COMPONENT,3.5990021123382543,3.129255134452581,0.4697469778856731,CALCULABLE,4.109281153097334,4.064860613752961,0.04442053934437329,CALCULABLE,104.88999999999999,229.84000000000003,-124.95000000000005
EXCL_FINANCE_INSURANCE,1,2026Q1,20261,2026年1 - 3 月,2026-03-31,0003060191,leaf,38,141,娯楽業,137,サービス業(集約),True,24,1億円以上 - 10億円未満,10495.43,8454.12,2041.3099999999995,24.14574195776733,CALCULABLE,44303.23999999976,4.607586262314022,CALCULABLE,200733.32,1.0169263378894942,CALCULABLE,867.21,442.11,425.1,96.15254122277261,CALCULABLE,25970.25,1.6368729604066192,CALCULABLE,47867.520000000004,0.8880760900084232,CALCULABLE,745.72,365.23,380.49,104.17818908632914,CALCULABLE,41576.869999999995,0.9151482543058196,CALCULABLE,64984.09999999999,0.5855124561238827,CALCULABLE,8.262739115977144,5.229521227519837,3.0332178884573073,CALCULABLE,7.105187686450199,4.320142131883626,2.7850455545665724,CALCULABLE,-121.49000000000001,-76.88,-44.610000000000014
EXCL_FINANCE_INSURANCE,1,2026Q1,20261,2026年1 - 3 月,2026-03-31,0003060191,leaf,38,141,娯楽業,137,サービス業(集約),True,25,10億円以上,7467.16,7418.54,48.61999999999989,0.6553850218506518,CALCULABLE,44303.23999999976,0.10974366660316526,CALCULABLE,200733.32,0.024221190582609745,CALCULABLE,558.57,714.4,-155.82999999999993,-21.812709966405365,CALCULABLE,25970.25,-0.6000327297580883,CALCULABLE,47867.520000000004,0.0,NON_POSITIVE_COMPONENT,524.67,712.09,-187.42000000000007,-26.319706778637542,CALCULABLE,41576.869999999995,-0.4507794838813025,CALCULABLE,64984.09999999999,0.0,NON_POSITIVE_COMPONENT,7.4803539766122595,9.629927182437514,-2.149573205825255,CALCULABLE,7.026366115095967,9.598788980041896,-2.5724228649459286,CALCULABLE,-33.90000000000009,-2.3099999999999454,-31.590000000000146
EXCL_FINANCE_INSURANCE,1,2026Q1,20261,2026年1 - 3 月,2026-03-31,0003060191,leaf,39,138,広告業,137,サービス業(集約),True,19,1千万円以上 - 1億円未満,14969.43,13027.51,1941.92,14.90630212527182,CALCULABLE,44303.23999999976,4.383246010901258,CALCULABLE,200733.32,0.9674128839198196,CALCULABLE,800.72,1046.68,-245.96000000000004,-23.49906370619482,CALCULABLE,25970.25,-0.947083682290313,CALCULABLE,47867.520000000004,0.0,NON_POSITIVE_COMPONENT,855.39,1217.59,-362.19999999999993,-29.747287674833068,CALCULABLE,41576.869999999995,-0.8711574488411465,CALCULABLE,64984.09999999999,0.0,NON_POSITIVE_COMPONENT,5.3490346659826065,8.03438262568979,-2.685347959707184,CALCULABLE,5.714245632599237,9.34629871709943,-3.6320530845001926,CALCULABLE,54.66999999999996,170.90999999999985,-116.2399999999999
EXCL_FINANCE_INSURANCE,1,2026Q1,20261,2026年1 - 3 月,2026-03-31,0003060191,leaf,39,138,広告業,137,サービス業(集約),True,24,1億円以上 - 10億円未満,7036.32,6359.2,677.1199999999999,10.647880236507735,CALCULABLE,44303.23999999976,1.5283758027629661,CALCULABLE,200733.32,0.33732317086171837,CALCULABLE,538.85,361.17,177.68,49.19566962926045,CALCULABLE,25970.25,0.6841674608446203,CALCULABLE,47867.520000000004,0.3711911542524033,CALCULABLE,550.38,368.02,182.36,49.551654801369494,CALCULABLE,41576.869999999995,0.4386092555788833,CALCULABLE,64984.09999999999,0.28062249073234846,CALCULABLE,7.658122427632627,5.6794879859101774,1.9786344417224493,CALCULABLE,7.821986492939491,5.787205937853818,2.034780555085673,CALCULABLE,11.529999999999973,6.849999999999966,4.680000000000007
EXCL_FINANCE_INSURANCE,1,2026Q1,20261,2026年1 - 3 月,2026-03-31,0003060191,leaf,39,138,広告業,137,サービス業(集約),True,25,10億円以上,6686.92,8394.65,-1707.7299999999996,-20.343075649371922,CALCULABLE,44303.23999999976,-3.854639073801394,CALCULABLE,200733.32,0.0,NON_POSITIVE_COMPONENT,466.92,518.43,-51.509999999999934,-9.935767606041301,CALCULABLE,25970.25,-0.19834233401680745,CALCULABLE,47867.520000000004,0.0,NON_POSITIVE_COMPONENT,493.02,559.92,-66.89999999999998,-11.948135447921127,CALCULABLE,41576.869999999995,-0.16090677340550164,CALCULABLE,64984.09999999999,0.0,NON_POSITIVE_COMPONENT,6.982586900994778,6.175719059162681,0.8068678418320969,CALCULABLE,7.372901126378063,6.6699624165391045,0.7029387098389588,CALCULABLE,26.099999999999966,41.49000000000001,-15.390000000000043
EXCL_FINANCE_INSURANCE,1,2026Q1,20261,2026年1 - 3 月,2026-03-31,0003060191,leaf,40,158,純粋持株会社,137,サービス業(集約),True,19,1千万円以上 - 1億円未満,2794.23,1675.42,1118.81,66.77788256079072,CALCULABLE,44303.23999999976,2.5253457760651505,CALCULABLE,200733.32,0.557361378768607,CALCULABLE,-24.76,153.97,-178.73,-116.08105475092549,CALCULABLE,25970.25,-0.6882105486085038,CALCULABLE,47867.520000000004,0.0,NON_POSITIVE_COMPONENT,684.18,375.12,309.05999999999995,82.38963531669864,CALCULABLE,41576.869999999995,0.7433459998311561,CALCULABLE,64984.09999999999,0.475593260505262,CALCULABLE,-0.8861117374017171,9.189934464194053,-10.07604620159577,CALCULABLE,24.485457532128706,22.389609769490633,2.0958477626380727,CALCULABLE,708.9399999999999,221.15,487.78999999999996
EXCL_FINANCE_INSURANCE,1,2026Q1,20261,2026年1 - 3 月,2026-03-31,0003060191,leaf,40,158,純粋持株会社,137,サービス業(集約),True,24,1億円以上 - 10億円未満,3077.17,2148.14,929.0300000000002,43.248112320426046,CALCULABLE,44303.23999999976,2.0969798145688787,CALCULABLE,200733.32,0.46281803140604666,CALCULABLE,294.77,307.1,-12.330000000000041,-4.014978834255956,CALCULABLE,25970.25,-0.04747740202731988,CALCULABLE,47867.520000000004,0.0,NON_POSITIVE_COMPONENT,695.7,417.42,278.28000000000003,66.66666666666667,CALCULABLE,41576.869999999995,0.6693144529638716,CALCULABLE,64984.09999999999,0.4282278280379356,CALCULABLE,9.579256264684759,14.296088709302001,-4.716832444617243,CALCULABLE,22.60843567303724,19.431694396082193,3.1767412769550454,CALCULABLE,400.93000000000006,110.32,290.61000000000007
EXCL_FINANCE_INSURANCE,1,2026Q1,20261,2026年1 - 3 月,2026-03-31,0003060191,leaf,40,158,純粋持株会社,137,サービス業(集約),True,25,10億円以上,29011.58,32517.0,-3505.4199999999983,-10.780268782483004,CALCULABLE,44303.23999999976,-7.912333274045008,CALCULABLE,200733.32,0.0,NON_POSITIVE_COMPONENT,13674.96,15551.21,-1876.25,-12.064977580522672,CALCULABLE,25970.25,-7.224612778082613,CALCULABLE,47867.520000000004,0.0,NON_POSITIVE_COMPONENT,8022.64,14015.26,-5992.62,-42.757822544854676,CALCULABLE,41576.869999999995,-14.41335049992941,CALCULABLE,64984.09999999999,0.0,NON_POSITIVE_COMPONENT,47.13621250548918,47.824860842021096,-0.6886483365319123,CALCULABLE,27.653233639808654,43.10133161115724,-15.448097971348588,CALCULABLE,-5652.319999999999,-1535.949999999999,-4116.37
EXCL_FINANCE_INSURANCE,1,2026Q1,20261,2026年1 - 3 月,2026-03-31,0003060191,leaf,41,159,その他の学術研究、専門・技術サービス業,137,サービス業(集約),True,19,1千万円以上 - 1億円未満,48808.33,50023.99,-1215.6599999999962,-2.430154012104979,CALCULABLE,44303.23999999976,-2.743952812480538,CALCULABLE,200733.32,0.0,NON_POSITIVE_COMPONENT,8989.68,9352.92,-363.2399999999998,-3.8837069065062013,CALCULABLE,25970.25,-1.3986773327172428,CALCULABLE,47867.520000000004,0.0,NON_POSITIVE_COMPONENT,9174.65,9029.69,144.95999999999913,1.605370727012767,CALCULABLE,41576.869999999995,0.3486553942131746,CALCULABLE,64984.09999999999,0.22306995095723284,CALCULABLE,18.41833146104364,18.696869242137623,-0.2785377810939842,CALCULABLE,18.797303656978222,18.050719264896703,0.7465843920815196,CALCULABLE,184.96999999999935,-323.22999999999956,508.1999999999989
EXCL_FINANCE_INSURANCE,1,2026Q1,20261,2026年1 - 3 月,2026-03-31,0003060191,leaf,41,159,その他の学術研究、専門・技術サービス業,137,サービス業(集約),True,24,1億円以上 - 10億円未満,17331.66,17908.14,-576.4799999999996,-3.2190947803624526,CALCULABLE,44303.23999999976,-1.3012140872766929,CALCULABLE,200733.32,0.0,NON_POSITIVE_COMPONENT,2425.1,1860.31,564.79,30.35999376448011,CALCULABLE,25970.25,2.1747576553941528,CALCULABLE,47867.520000000004,1.17990236385758,CALCULABLE,2700.45,2000.02,700.4299999999998,35.0211497885021,CALCULABLE,41576.869999999995,1.6846626501706357,CALCULABLE,64984.09999999999,1.0778482736546322,CALCULABLE,13.992312334767702,10.388069336067286,3.604242998700416,CALCULABLE,15.581023398797345,11.16821735813993,4.412806040657415,CALCULABLE,275.3499999999999,139.71000000000004,135.63999999999987
EXCL_FINANCE_INSURANCE,1,2026Q1,20261,2026年1 - 3 月,2026-03-31,0003060191,leaf,41,159,その他の学術研究、専門・技術サービス業,137,サービス業(集約),True,25,10億円以上,4224.9,4503.05,-278.15000000000055,-6.176924528930405,CALCULABLE,44303.23999999976,-0.627832185636992,CALCULABLE,200733.32,0.0,NON_POSITIVE_COMPONENT,446.36,643.3,-196.93999999999994,-30.614021451888696,CALCULABLE,25970.25,-0.758329242113572,CALCULABLE,47867.520000000004,0.0,NON_POSITIVE_COMPONENT,482.88,543.62,-60.74000000000001,-11.173246017438654,CALCULABLE,41576.869999999995,-0.14609084329820887,CALCULABLE,64984.09999999999,0.0,NON_POSITIVE_COMPONENT,10.5649837865985,14.285872908362107,-3.720889121763607,CALCULABLE,11.429382943975005,12.072262133442889,-0.6428791894678838,CALCULABLE,36.51999999999998,-99.67999999999995,136.19999999999993
EXCL_FINANCE_INSURANCE,1,2026Q1,20261,2026年1 - 3 月,2026-03-31,0003060191,leaf,42,153,教育、学習支援業,137,サービス業(集約),True,19,1千万円以上 - 1億円未満,4375.88,6058.98,-1683.0999999999995,-27.778602999184677,CALCULABLE,44303.23999999976,-3.7990449456969935,CALCULABLE,200733.32,0.0,NON_POSITIVE_COMPONENT,530.17,712.53,-182.36,-25.593308351929046,CALCULABLE,25970.25,-0.7021880805922162,CALCULABLE,47867.520000000004,0.0,NON_POSITIVE_COMPONENT,512.78,805.7,-292.9200000000001,-36.35596375822268,CALCULABLE,41576.869999999995,-0.704526338803282,CALCULABLE,64984.09999999999,0.0,NON_POSITIVE_COMPONENT,12.115734435130761,11.759900181218622,0.3558342539121391,CALCULABLE,11.71832865617887,13.297617750842553,-1.5792890946636824,CALCULABLE,-17.389999999999986,93.17000000000007,-110.56000000000006
EXCL_FINANCE_INSURANCE,1,2026Q1,20261,2026年1 - 3 月,2026-03-31,0003060191,leaf,42,153,教育、学習支援業,137,サービス業(集約),True,24,1億円以上 - 10億円未満,1796.82,1391.17,405.64999999999986,29.158909407189615,CALCULABLE,44303.23999999976,0.9156215211348021,CALCULABLE,200733.32,0.2020840386638351,CALCULABLE,122.29,8.28,114.01,1376.9323671497586,CALCULABLE,25970.25,0.4390023199622646,CALCULABLE,47867.520000000004,0.2381782051796291,CALCULABLE,123.32,6.33,116.99,1848.1832543443918,CALCULABLE,41576.869999999995,0.28138241286561494,CALCULABLE,64984.09999999999,0.18002865316285063,CALCULABLE,6.805912667935575,0.5951824723074821,6.210730195628092,CALCULABLE,6.863236161663383,0.4550126871626041,6.408223474500779,CALCULABLE,1.029999999999987,-1.9499999999999993,2.979999999999986
EXCL_FINANCE_INSURANCE,1,2026Q1,20261,2026年1 - 3 月,2026-03-31,0003060191,leaf,42,153,教育、学習支援業,137,サービス業(集約),True,25,10億円以上,725.92,712.68,13.240000000000009,1.8577762810798593,CALCULABLE,44303.23999999976,0.029884947466596305,CALCULABLE,200733.32,0.006595815781854257,CALCULABLE,144.63,96.41,48.22,50.015558552017424,CALCULABLE,25970.25,0.18567399235663884,CALCULABLE,47867.520000000004,0.10073636570267269,CALCULABLE,179.41,118.39,61.019999999999996,51.541515330686714,CALCULABLE,41576.869999999995,0.14676429466672214,CALCULABLE,64984.09999999999,0.09389989243522646,CALCULABLE,19.92368305047388,13.527810518044564,6.3958725324293155,CALCULABLE,24.714844610976417,16.61194364932368,8.102900961652736,CALCULABLE,34.78,21.980000000000004,12.799999999999997
EXCL_FINANCE_INSURANCE,1,2026Q1,20261,2026年1 - 3 月,2026-03-31,0003060191,leaf,43,152,医療、福祉業,137,サービス業(集約),True,19,1千万円以上 - 1億円未満,16235.29,9521.8,6713.490000000002,70.50652187611588,CALCULABLE,44303.23999999976,15.153496674283954,CALCULABLE,200733.32,3.344482121852018,CALCULABLE,355.94,481.2,-125.25999999999999,-26.030756442227766,CALCULABLE,25970.25,-0.4823211174324467,CALCULABLE,47867.520000000004,0.0,NON_POSITIVE_COMPONENT,462.14,551.28,-89.13999999999999,-16.16964156145697,CALCULABLE,41576.869999999995,-0.2143980535331303,CALCULABLE,64984.09999999999,0.0,NON_POSITIVE_COMPONENT,2.1923846140105905,5.053666323594279,-2.8612817095836887,CALCULABLE,2.8465152146958874,5.789661618601525,-2.943146403905638,CALCULABLE,106.19999999999999,70.07999999999998,36.120000000000005
EXCL_FINANCE_INSURANCE,1,2026Q1,20261,2026年1 - 3 月,2026-03-31,0003060191,leaf,43,152,医療、福祉業,137,サービス業(集約),True,24,1億円以上 - 10億円未満,7688.95,10601.49,-2912.54,-27.472930691817854,CALCULABLE,44303.23999999976,-6.574101578123893,CALCULABLE,200733.32,0.0,NON_POSITIVE_COMPONENT,328.21,236.6,91.60999999999999,38.719357565511416,CALCULABLE,25970.25,0.35274978099941273,CALCULABLE,47867.520000000004,0.19138238204110006,CALCULABLE,306.28,263.88,42.39999999999998,16.067909655904188,CALCULABLE,41576.869999999995,0.10197977866058697,CALCULABLE,64984.09999999999,0.06524672958462144,CALCULABLE,4.2685932409496745,2.231761761790088,2.0368314791595865,CALCULABLE,3.9833787448221143,2.4890840815772126,1.4942946632449017,CALCULABLE,-21.930000000000007,27.28,-49.21000000000001
EXCL_FINANCE_INSURANCE,1,2026Q1,20261,2026年1 - 3 月,2026-03-31,0003060191,leaf,43,152,医療、福祉業,137,サービス業(集約),True,25,10億円以上,1547.4,1562.07,-14.669999999999845,-0.9391384509016776,CALCULABLE,44303.23999999976,-0.03311270236668904,CALCULABLE,200733.32,0.0,NON_POSITIVE_COMPONENT,-4.96,37.25,-42.21,-113.31543624161074,CALCULABLE,25970.25,-0.16253212810812373,CALCULABLE,47867.520000000004,0.0,NON_POSITIVE_COMPONENT,42.56,136.57,-94.00999999999999,-68.83649410558688,CALCULABLE,41576.869999999995,-0.22611129697834398,CALCULABLE,64984.09999999999,0.0,NON_POSITIVE_COMPONENT,-0.32053767610184825,2.384656257402037,-2.7051939335038853,CALCULABLE,2.750420059454569,8.742886042238824,-5.992465982784255,CALCULABLE,47.52,99.32,-51.79999999999999
EXCL_FINANCE_INSURANCE,1,2026Q1,20261,2026年1 - 3 月,2026-03-31,0003060191,leaf,44,160,職業紹介・労働者派遣業,137,サービス業(集約),True,19,1千万円以上 - 1億円未満,19955.92,20023.36,-67.44000000000233,-0.3368066098796696,CALCULABLE,44303.23999999976,-0.15222362969390657,CALCULABLE,200733.32,0.0,NON_POSITIVE_COMPONENT,117.1,659.08,-541.98,-82.23280937063787,CALCULABLE,25970.25,-2.086926386923499,CALCULABLE,47867.520000000004,0.0,NON_POSITIVE_COMPONENT,250.81,676.77,-425.96,-62.9401421457807,CALCULABLE,41576.869999999995,-1.0245119461854633,CALCULABLE,64984.09999999999,0.0,NON_POSITIVE_COMPONENT,0.5867932924164859,3.2915554632189608,-2.704762170802475,CALCULABLE,1.2568200313490934,3.3799022741438,-2.1230822427947067,CALCULABLE,133.71,17.68999999999994,116.02000000000007
EXCL_FINANCE_INSURANCE,1,2026Q1,20261,2026年1 - 3 月,2026-03-31,0003060191,leaf,44,160,職業紹介・労働者派遣業,137,サービス業(集約),True,24,1億円以上 - 10億円未満,11357.98,10765.02,592.9599999999991,5.508210853300777,CALCULABLE,44303.23999999976,1.3384122696218208,CALCULABLE,200733.32,0.29539689773476524,CALCULABLE,787.05,459.44,327.60999999999996,71.3063729757966,CALCULABLE,25970.25,1.2614818879294576,CALCULABLE,47867.520000000004,0.6844098043934591,CALCULABLE,772.08,410.62,361.46000000000004,88.02786030880134,CALCULABLE,41576.869999999995,0.8693776130815043,CALCULABLE,64984.09999999999,0.5562283697088981,CALCULABLE,6.92948922255542,4.26789731928041,2.66159190327501,CALCULABLE,6.797687616988232,3.8143914270479757,2.983296189940256,CALCULABLE,-14.969999999999914,-48.81999999999999,33.85000000000008
EXCL_FINANCE_INSURANCE,1,2026Q1,20261,2026年1 - 3 月,2026-03-31,0003060191,leaf,44,160,職業紹介・労働者派遣業,137,サービス業(集約),True,25,10億円以上,2271.27,2412.52,-141.25,-5.854873741979338,CALCULABLE,44303.23999999976,-0.3188254403063992,CALCULABLE,200733.32,0.0,NON_POSITIVE_COMPONENT,118.81,108.53,10.280000000000001,9.472035381922051,CALCULABLE,25970.25,0.039583754488308746,CALCULABLE,47867.520000000004,0.021475940261789207,CALCULABLE,115.13,108.28,6.849999999999994,6.3261913557443705,CALCULABLE,41576.869999999995,0.01647550669398633,CALCULABLE,64984.09999999999,0.010541040039024924,CALCULABLE,5.2309941134255284,4.498615555518711,0.7323785579068174,CALCULABLE,5.068970223707441,4.488252947125828,0.5807172765816135,CALCULABLE,-3.680000000000007,-0.25,-3.430000000000007
EXCL_FINANCE_INSURANCE,1,2026Q1,20261,2026年1 - 3 月,2026-03-31,0003060191,leaf,45,143,その他のサービス業,137,サービス業(集約),True,19,1千万円以上 - 1億円未満,58589.8,53978.69,4611.110000000001,8.542463701879388,CALCULABLE,44303.23999999976,10.408064963194624,CALCULABLE,200733.32,2.2971323345820216,CALCULABLE,2714.82,2142.06,572.7600000000002,26.73874681381474,CALCULABLE,25970.25,2.2054466168019182,CALCULABLE,47867.520000000004,1.196552484858209,CALCULABLE,3130.57,2110.69,1019.8800000000001,48.319743780469906,CALCULABLE,41576.869999999995,2.452998506140554,CALCULABLE,64984.09999999999,1.5694300605840512,CALCULABLE,4.633605166769642,3.968343803823323,0.6652613629463189,CALCULABLE,5.343199669567058,3.910228277121953,1.432971392445105,CALCULABLE,415.75,-31.36999999999989,447.1199999999999
EXCL_FINANCE_INSURANCE,1,2026Q1,20261,2026年1 - 3 月,2026-03-31,0003060191,leaf,45,143,その他のサービス業,137,サービス業(集約),True,24,1億円以上 - 10億円未満,32691.84,33573.9,-882.0600000000013,-2.627219357894084,CALCULABLE,44303.23999999976,-1.990960480542746,CALCULABLE,200733.32,0.0,NON_POSITIVE_COMPONENT,2918.9,2825.11,93.78999999999996,3.3198707306972164,CALCULABLE,25970.25,0.36114400130919017,CALCULABLE,47867.520000000004,0.19593661840011756,CALCULABLE,3562.93,2990.33,572.5999999999999,19.14838830496968,CALCULABLE,41576.869999999995,1.3772080486097198,CALCULABLE,64984.09999999999,0.8811386169847701,CALCULABLE,8.928527730467298,8.414601818674624,0.5139259117926738,CALCULABLE,10.898530030735499,8.906710271967212,1.9918197587682869,CALCULABLE,644.0299999999997,165.2199999999998,478.80999999999995
EXCL_FINANCE_INSURANCE,1,2026Q1,20261,2026年1 - 3 月,2026-03-31,0003060191,leaf,45,143,その他のサービス業,137,サービス業(集約),True,25,10億円以上,22815.71,21621.51,1194.2000000000007,5.523203513538144,CALCULABLE,44303.23999999976,2.6955139172665636,CALCULABLE,200733.32,0.5949186712001777,CALCULABLE,1374.46,1422.8,-48.33999999999992,-3.397526005060436,CALCULABLE,25970.25,-0.1861360595296538,CALCULABLE,47867.520000000004,0.0,NON_POSITIVE_COMPONENT,1587.99,1530.61,57.38000000000011,3.7488321649538525,CALCULABLE,41576.869999999995,0.1380094268760494,CALCULABLE,64984.09999999999,0.08829852225390537,CALCULABLE,6.024182460243402,6.580483971748505,-0.5563015115051027,CALCULABLE,6.960072686758378,7.0791077958939965,-0.1190351091356181,CALCULABLE,213.52999999999997,107.80999999999995,105.72000000000003
