check_id,taxonomy,scope,parent_major_code,industry_code,capital_size_code,metric_id,measure,expected_oku_yen,actual_oku_yen,difference_oku_yen,tolerance_oku_yen,status
major_grand_26_sales_current,major,TAXONOMY_TO_ALL_INDUSTRY,,,26,sales,current,4086614.05,4086614.05,0.0,0.01,PASS
major_grand_26_sales_previous,major,TAXONOMY_TO_ALL_INDUSTRY,,,26,sales,previous,4042310.81,4042310.81,0.0,0.01,PASS
major_grand_26_sales_yoy_delta,major,TAXONOMY_TO_ALL_INDUSTRY,,,26,sales,yoy_delta,44303.23999999976,44303.2399999997,-5.820766091346741e-11,0.01,PASS
major_grand_26_operating_profit_current,major,TAXONOMY_TO_ALL_INDUSTRY,,,26,operating_profit,current,262834.36,262834.36,0.0,0.01,PASS
major_grand_26_operating_profit_previous,major,TAXONOMY_TO_ALL_INDUSTRY,,,26,operating_profit,previous,236864.11,236864.11,0.0,0.01,PASS
major_grand_26_operating_profit_yoy_delta,major,TAXONOMY_TO_ALL_INDUSTRY,,,26,operating_profit,yoy_delta,25970.25,25970.25,0.0,0.01,PASS
major_grand_26_ordinary_profit_current,major,TAXONOMY_TO_ALL_INDUSTRY,,,26,ordinary_profit,current,326270.86,326270.86,0.0,0.01,PASS
major_grand_26_ordinary_profit_previous,major,TAXONOMY_TO_ALL_INDUSTRY,,,26,ordinary_profit,previous,284693.99,284693.99,0.0,0.01,PASS
major_grand_26_ordinary_profit_yoy_delta,major,TAXONOMY_TO_ALL_INDUSTRY,,,26,ordinary_profit,yoy_delta,41576.869999999995,41576.86999999999,-7.275957614183426e-12,0.01,PASS
major_grand_26_capex_including_software_current,major,TAXONOMY_TO_ALL_INDUSTRY,,,26,capex_including_software,current,188063.9,188063.9,0.0,0.01,PASS
major_grand_26_capex_including_software_previous,major,TAXONOMY_TO_ALL_INDUSTRY,,,26,capex_including_software,previous,187975.12,187975.12,0.0,0.01,PASS
major_grand_26_capex_including_software_yoy_delta,major,TAXONOMY_TO_ALL_INDUSTRY,,,26,capex_including_software,yoy_delta,88.77999999999884,88.78000000000196,3.126388037344441e-12,0.01,PASS
major_grand_26_capex_excluding_software_current,major,TAXONOMY_TO_ALL_INDUSTRY,,,26,capex_excluding_software,current,165661.68,165661.68,0.0,0.01,PASS
major_grand_26_capex_excluding_software_previous,major,TAXONOMY_TO_ALL_INDUSTRY,,,26,capex_excluding_software,previous,168004.32,168004.32,0.0,0.01,PASS
major_grand_26_capex_excluding_software_yoy_delta,major,TAXONOMY_TO_ALL_INDUSTRY,,,26,capex_excluding_software,yoy_delta,-2342.640000000014,-2342.640000000006,8.185452315956354e-12,0.01,PASS
major_grand_19_sales_current,major,TAXONOMY_TO_ALL_INDUSTRY,,,19,sales,current,1474569.93,1474569.93,0.0,0.01,PASS
major_grand_19_sales_previous,major,TAXONOMY_TO_ALL_INDUSTRY,,,19,sales,previous,1444228.83,1444228.8299999998,-2.3283064365386963e-10,0.01,PASS
major_grand_19_sales_yoy_delta,major,TAXONOMY_TO_ALL_INDUSTRY,,,19,sales,yoy_delta,30341.09999999986,30341.10000000002,1.6007106751203537e-10,0.01,PASS
major_grand_19_operating_profit_current,major,TAXONOMY_TO_ALL_INDUSTRY,,,19,operating_profit,current,82472.22,82472.22,0.0,0.01,PASS
major_grand_19_operating_profit_previous,major,TAXONOMY_TO_ALL_INDUSTRY,,,19,operating_profit,previous,84061.13,84061.13,0.0,0.01,PASS
major_grand_19_operating_profit_yoy_delta,major,TAXONOMY_TO_ALL_INDUSTRY,,,19,operating_profit,yoy_delta,-1588.9100000000035,-1588.910000000002,1.5916157281026244e-12,0.01,PASS
major_grand_19_ordinary_profit_current,major,TAXONOMY_TO_ALL_INDUSTRY,,,19,ordinary_profit,current,94161.62,94161.62,0.0,0.01,PASS
major_grand_19_ordinary_profit_previous,major,TAXONOMY_TO_ALL_INDUSTRY,,,19,ordinary_profit,previous,92758.82,92758.82,0.0,0.01,PASS
major_grand_19_ordinary_profit_yoy_delta,major,TAXONOMY_TO_ALL_INDUSTRY,,,19,ordinary_profit,yoy_delta,1402.7999999999884,1402.8,1.1596057447604835e-11,0.01,PASS
major_grand_19_capex_including_software_current,major,TAXONOMY_TO_ALL_INDUSTRY,,,19,capex_including_software,current,36991.94,36991.94,0.0,0.01,PASS
major_grand_19_capex_including_software_previous,major,TAXONOMY_TO_ALL_INDUSTRY,,,19,capex_including_software,previous,35963.66,35963.66,0.0,0.01,PASS
major_grand_19_capex_including_software_yoy_delta,major,TAXONOMY_TO_ALL_INDUSTRY,,,19,capex_including_software,yoy_delta,1028.2799999999988,1028.28,1.1368683772161603e-12,0.01,PASS
major_grand_19_capex_excluding_software_current,major,TAXONOMY_TO_ALL_INDUSTRY,,,19,capex_excluding_software,current,33094.4,33094.4,0.0,0.01,PASS
major_grand_19_capex_excluding_software_previous,major,TAXONOMY_TO_ALL_INDUSTRY,,,19,capex_excluding_software,previous,33850.23,33850.23,0.0,0.01,PASS
major_grand_19_capex_excluding_software_yoy_delta,major,TAXONOMY_TO_ALL_INDUSTRY,,,19,capex_excluding_software,yoy_delta,-755.8300000000017,-755.8299999999999,1.8189894035458565e-12,0.01,PASS
major_grand_24_sales_current,major,TAXONOMY_TO_ALL_INDUSTRY,,,24,sales,current,938212.46,938212.46,0.0,0.01,PASS
major_grand_24_sales_previous,major,TAXONOMY_TO_ALL_INDUSTRY,,,24,sales,previous,952162.4,952162.4,0.0,0.01,PASS
major_grand_24_sales_yoy_delta,major,TAXONOMY_TO_ALL_INDUSTRY,,,24,sales,yoy_delta,-13949.94000000006,-13949.939999999968,9.276845958083868e-11,0.01,PASS
major_grand_24_operating_profit_current,major,TAXONOMY_TO_ALL_INDUSTRY,,,24,operating_profit,current,54046.32,54046.32,0.0,0.01,PASS
major_grand_24_operating_profit_previous,major,TAXONOMY_TO_ALL_INDUSTRY,,,24,operating_profit,previous,46202.57,46202.57,0.0,0.01,PASS
major_grand_24_operating_profit_yoy_delta,major,TAXONOMY_TO_ALL_INDUSTRY,,,24,operating_profit,yoy_delta,7843.75,7843.75,0.0,0.01,PASS
major_grand_24_ordinary_profit_current,major,TAXONOMY_TO_ALL_INDUSTRY,,,24,ordinary_profit,current,59048.11,59048.11,0.0,0.01,PASS
major_grand_24_ordinary_profit_previous,major,TAXONOMY_TO_ALL_INDUSTRY,,,24,ordinary_profit,previous,53105.14,53105.14,0.0,0.01,PASS
major_grand_24_ordinary_profit_yoy_delta,major,TAXONOMY_TO_ALL_INDUSTRY,,,24,ordinary_profit,yoy_delta,5942.970000000001,5942.97,-9.094947017729282e-13,0.01,PASS
major_grand_24_capex_including_software_current,major,TAXONOMY_TO_ALL_INDUSTRY,,,24,capex_including_software,current,35237.91,35237.91,0.0,0.01,PASS
major_grand_24_capex_including_software_previous,major,TAXONOMY_TO_ALL_INDUSTRY,,,24,capex_including_software,previous,37159.82,37159.82,0.0,0.01,PASS
major_grand_24_capex_including_software_yoy_delta,major,TAXONOMY_TO_ALL_INDUSTRY,,,24,capex_including_software,yoy_delta,-1921.9099999999962,-1921.9099999999996,-3.410605131648481e-12,0.01,PASS
major_grand_24_capex_excluding_software_current,major,TAXONOMY_TO_ALL_INDUSTRY,,,24,capex_excluding_software,current,30602.99,30602.99,0.0,0.01,PASS
major_grand_24_capex_excluding_software_previous,major,TAXONOMY_TO_ALL_INDUSTRY,,,24,capex_excluding_software,previous,32611.65,32611.65,0.0,0.01,PASS
major_grand_24_capex_excluding_software_yoy_delta,major,TAXONOMY_TO_ALL_INDUSTRY,,,24,capex_excluding_software,yoy_delta,-2008.6599999999999,-2008.6600000000005,-6.821210263296962e-13,0.01,PASS
major_grand_25_sales_current,major,TAXONOMY_TO_ALL_INDUSTRY,,,25,sales,current,1673831.66,1673831.66,0.0,0.01,PASS
major_grand_25_sales_previous,major,TAXONOMY_TO_ALL_INDUSTRY,,,25,sales,previous,1645919.58,1645919.58,0.0,0.01,PASS
major_grand_25_sales_yoy_delta,major,TAXONOMY_TO_ALL_INDUSTRY,,,25,sales,yoy_delta,27912.07999999984,27912.079999999973,1.3096723705530167e-10,0.01,PASS
major_grand_25_operating_profit_current,major,TAXONOMY_TO_ALL_INDUSTRY,,,25,operating_profit,current,126315.82,126315.81999999999,-1.4551915228366852e-11,0.01,PASS
major_grand_25_operating_profit_previous,major,TAXONOMY_TO_ALL_INDUSTRY,,,25,operating_profit,previous,106600.41,106600.41,0.0,0.01,PASS
major_grand_25_operating_profit_yoy_delta,major,TAXONOMY_TO_ALL_INDUSTRY,,,25,operating_profit,yoy_delta,19715.410000000003,19715.409999999996,-7.275957614183426e-12,0.01,PASS
major_grand_25_ordinary_profit_current,major,TAXONOMY_TO_ALL_INDUSTRY,,,25,ordinary_profit,current,173061.13,173061.13,0.0,0.01,PASS
major_grand_25_ordinary_profit_previous,major,TAXONOMY_TO_ALL_INDUSTRY,,,25,ordinary_profit,previous,138830.03,138830.03,0.0,0.01,PASS
major_grand_25_ordinary_profit_yoy_delta,major,TAXONOMY_TO_ALL_INDUSTRY,,,25,ordinary_profit,yoy_delta,34231.100000000006,34231.09999999999,-1.4551915228366852e-11,0.01,PASS
major_grand_25_capex_including_software_current,major,TAXONOMY_TO_ALL_INDUSTRY,,,25,capex_including_software,current,115834.05,115834.05,0.0,0.01,PASS
major_grand_25_capex_including_software_previous,major,TAXONOMY_TO_ALL_INDUSTRY,,,25,capex_including_software,previous,114851.64,114851.64,0.0,0.01,PASS
major_grand_25_capex_including_software_yoy_delta,major,TAXONOMY_TO_ALL_INDUSTRY,,,25,capex_including_software,yoy_delta,982.4100000000035,982.4100000000035,0.0,0.01,PASS
major_grand_25_capex_excluding_software_current,major,TAXONOMY_TO_ALL_INDUSTRY,,,25,capex_excluding_software,current,101964.29,101964.29,0.0,0.01,PASS
major_grand_25_capex_excluding_software_previous,major,TAXONOMY_TO_ALL_INDUSTRY,,,25,capex_excluding_software,previous,101542.44,101542.44,0.0,0.01,PASS
major_grand_25_capex_excluding_software_yoy_delta,major,TAXONOMY_TO_ALL_INDUSTRY,,,25,capex_excluding_software,yoy_delta,421.84999999999127,421.850000000001,9.72022462519817e-12,0.01,PASS
leaf_parent_108_26_sales_current,leaf,CHILDREN_TO_MAJOR_PARENT,108,,26,sales,current,1225320.64,1225320.64,0.0,0.01,PASS
leaf_parent_108_26_sales_previous,leaf,CHILDREN_TO_MAJOR_PARENT,108,,26,sales,previous,1172657.85,1172657.85,0.0,0.01,PASS
leaf_parent_108_26_sales_yoy_delta,leaf,CHILDREN_TO_MAJOR_PARENT,108,,26,sales,yoy_delta,52662.789999999804,52662.790000000015,2.1100277081131935e-10,0.01,PASS
leaf_parent_108_26_operating_profit_current,leaf,CHILDREN_TO_MAJOR_PARENT,108,,26,operating_profit,current,88629.4,88629.4,0.0,0.01,PASS
leaf_parent_108_26_operating_profit_previous,leaf,CHILDREN_TO_MAJOR_PARENT,108,,26,operating_profit,previous,60876.83,60876.83,0.0,0.01,PASS
leaf_parent_108_26_operating_profit_yoy_delta,leaf,CHILDREN_TO_MAJOR_PARENT,108,,26,operating_profit,yoy_delta,27752.569999999992,27752.57,7.275957614183426e-12,0.01,PASS
leaf_parent_108_26_ordinary_profit_current,leaf,CHILDREN_TO_MAJOR_PARENT,108,,26,ordinary_profit,current,129231.15,129231.15000000001,1.4551915228366852e-11,0.01,PASS
leaf_parent_108_26_ordinary_profit_previous,leaf,CHILDREN_TO_MAJOR_PARENT,108,,26,ordinary_profit,previous,90447.82,90447.82,0.0,0.01,PASS
leaf_parent_108_26_ordinary_profit_yoy_delta,leaf,CHILDREN_TO_MAJOR_PARENT,108,,26,ordinary_profit,yoy_delta,38783.32999999999,38783.33,1.4551915228366852e-11,0.01,PASS
leaf_parent_108_26_capex_including_software_current,leaf,CHILDREN_TO_MAJOR_PARENT,108,,26,capex_including_software,current,61980.91,61980.91,0.0,0.01,PASS
leaf_parent_108_26_capex_including_software_previous,leaf,CHILDREN_TO_MAJOR_PARENT,108,,26,capex_including_software,previous,62251.69,62251.69,0.0,0.01,PASS
leaf_parent_108_26_capex_including_software_yoy_delta,leaf,CHILDREN_TO_MAJOR_PARENT,108,,26,capex_including_software,yoy_delta,-270.77999999999884,-270.7799999999987,1.1368683772161603e-13,0.01,PASS
leaf_parent_108_26_capex_excluding_software_current,leaf,CHILDREN_TO_MAJOR_PARENT,108,,26,capex_excluding_software,current,55286.81,55286.810000000005,7.275957614183426e-12,0.01,PASS
leaf_parent_108_26_capex_excluding_software_previous,leaf,CHILDREN_TO_MAJOR_PARENT,108,,26,capex_excluding_software,previous,55975.11,55975.11,0.0,0.01,PASS
leaf_parent_108_26_capex_excluding_software_yoy_delta,leaf,CHILDREN_TO_MAJOR_PARENT,108,,26,capex_excluding_software,yoy_delta,-688.3000000000029,-688.2999999999988,4.092726157978177e-12,0.01,PASS
leaf_parent_108_19_sales_current,leaf,CHILDREN_TO_MAJOR_PARENT,108,,19,sales,current,273315.33,273315.33,0.0,0.01,PASS
leaf_parent_108_19_sales_previous,leaf,CHILDREN_TO_MAJOR_PARENT,108,,19,sales,previous,265557.29,265557.29,0.0,0.01,PASS
leaf_parent_108_19_sales_yoy_delta,leaf,CHILDREN_TO_MAJOR_PARENT,108,,19,sales,yoy_delta,7758.040000000037,7758.040000000002,-3.54702933691442e-11,0.01,PASS
leaf_parent_108_19_operating_profit_current,leaf,CHILDREN_TO_MAJOR_PARENT,108,,19,operating_profit,current,16840.42,16840.42,0.0,0.01,PASS
leaf_parent_108_19_operating_profit_previous,leaf,CHILDREN_TO_MAJOR_PARENT,108,,19,operating_profit,previous,10165.85,10165.85,0.0,0.01,PASS
leaf_parent_108_19_operating_profit_yoy_delta,leaf,CHILDREN_TO_MAJOR_PARENT,108,,19,operating_profit,yoy_delta,6674.569999999998,6674.57,1.8189894035458565e-12,0.01,PASS
leaf_parent_108_19_ordinary_profit_current,leaf,CHILDREN_TO_MAJOR_PARENT,108,,19,ordinary_profit,current,19226.77,19226.77,0.0,0.01,PASS
leaf_parent_108_19_ordinary_profit_previous,leaf,CHILDREN_TO_MAJOR_PARENT,108,,19,ordinary_profit,previous,13001.41,13001.41,0.0,0.01,PASS
leaf_parent_108_19_ordinary_profit_yoy_delta,leaf,CHILDREN_TO_MAJOR_PARENT,108,,19,ordinary_profit,yoy_delta,6225.360000000001,6225.360000000001,0.0,0.01,PASS
leaf_parent_108_19_capex_including_software_current,leaf,CHILDREN_TO_MAJOR_PARENT,108,,19,capex_including_software,current,9355.54,9355.54,0.0,0.01,PASS
leaf_parent_108_19_capex_including_software_previous,leaf,CHILDREN_TO_MAJOR_PARENT,108,,19,capex_including_software,previous,9487.02,9487.02,0.0,0.01,PASS
leaf_parent_108_19_capex_including_software_yoy_delta,leaf,CHILDREN_TO_MAJOR_PARENT,108,,19,capex_including_software,yoy_delta,-131.47999999999956,-131.4799999999999,-3.410605131648481e-13,0.01,PASS
leaf_parent_108_19_capex_excluding_software_current,leaf,CHILDREN_TO_MAJOR_PARENT,108,,19,capex_excluding_software,current,8716.79,8716.79,0.0,0.01,PASS
leaf_parent_108_19_capex_excluding_software_previous,leaf,CHILDREN_TO_MAJOR_PARENT,108,,19,capex_excluding_software,previous,9182.94,9182.94,0.0,0.01,PASS
leaf_parent_108_19_capex_excluding_software_yoy_delta,leaf,CHILDREN_TO_MAJOR_PARENT,108,,19,capex_excluding_software,yoy_delta,-466.14999999999964,-466.15,-3.410605131648481e-13,0.01,PASS
leaf_parent_108_24_sales_current,leaf,CHILDREN_TO_MAJOR_PARENT,108,,24,sales,current,220229.84,220229.84,0.0,0.01,PASS
leaf_parent_108_24_sales_previous,leaf,CHILDREN_TO_MAJOR_PARENT,108,,24,sales,previous,219197.52,219197.52,0.0,0.01,PASS
leaf_parent_108_24_sales_yoy_delta,leaf,CHILDREN_TO_MAJOR_PARENT,108,,24,sales,yoy_delta,1032.320000000007,1032.3199999999954,-1.1596057447604835e-11,0.01,PASS
leaf_parent_108_24_operating_profit_current,leaf,CHILDREN_TO_MAJOR_PARENT,108,,24,operating_profit,current,11633.74,11633.74,0.0,0.01,PASS
leaf_parent_108_24_operating_profit_previous,leaf,CHILDREN_TO_MAJOR_PARENT,108,,24,operating_profit,previous,8173.26,8173.26,0.0,0.01,PASS
leaf_parent_108_24_operating_profit_yoy_delta,leaf,CHILDREN_TO_MAJOR_PARENT,108,,24,operating_profit,yoy_delta,3460.4799999999996,3460.48,4.547473508864641e-13,0.01,PASS
leaf_parent_108_24_ordinary_profit_current,leaf,CHILDREN_TO_MAJOR_PARENT,108,,24,ordinary_profit,current,12847.7,12847.7,0.0,0.01,PASS
leaf_parent_108_24_ordinary_profit_previous,leaf,CHILDREN_TO_MAJOR_PARENT,108,,24,ordinary_profit,previous,10249.91,10249.91,0.0,0.01,PASS
leaf_parent_108_24_ordinary_profit_yoy_delta,leaf,CHILDREN_TO_MAJOR_PARENT,108,,24,ordinary_profit,yoy_delta,2597.790000000001,2597.79,-9.094947017729282e-13,0.01,PASS
leaf_parent_108_24_capex_including_software_current,leaf,CHILDREN_TO_MAJOR_PARENT,108,,24,capex_including_software,current,10823.36,10823.36,0.0,0.01,PASS
leaf_parent_108_24_capex_including_software_previous,leaf,CHILDREN_TO_MAJOR_PARENT,108,,24,capex_including_software,previous,11361.0,11361.0,0.0,0.01,PASS
leaf_parent_108_24_capex_including_software_yoy_delta,leaf,CHILDREN_TO_MAJOR_PARENT,108,,24,capex_including_software,yoy_delta,-537.6399999999994,-537.6399999999999,-4.547473508864641e-13,0.01,PASS
leaf_parent_108_24_capex_excluding_software_current,leaf,CHILDREN_TO_MAJOR_PARENT,108,,24,capex_excluding_software,current,10022.59,10022.59,0.0,0.01,PASS
leaf_parent_108_24_capex_excluding_software_previous,leaf,CHILDREN_TO_MAJOR_PARENT,108,,24,capex_excluding_software,previous,10585.35,10585.35,0.0,0.01,PASS
leaf_parent_108_24_capex_excluding_software_yoy_delta,leaf,CHILDREN_TO_MAJOR_PARENT,108,,24,capex_excluding_software,yoy_delta,-562.7600000000002,-562.7600000000002,0.0,0.01,PASS
leaf_parent_108_25_sales_current,leaf,CHILDREN_TO_MAJOR_PARENT,108,,25,sales,current,731775.47,731775.47,0.0,0.01,PASS
leaf_parent_108_25_sales_previous,leaf,CHILDREN_TO_MAJOR_PARENT,108,,25,sales,previous,687903.04,687903.04,0.0,0.01,PASS
leaf_parent_108_25_sales_yoy_delta,leaf,CHILDREN_TO_MAJOR_PARENT,108,,25,sales,yoy_delta,43872.429999999935,43872.429999999986,5.093170329928398e-11,0.01,PASS
leaf_parent_108_25_operating_profit_current,leaf,CHILDREN_TO_MAJOR_PARENT,108,,25,operating_profit,current,60155.24,60155.24,0.0,0.01,PASS
leaf_parent_108_25_operating_profit_previous,leaf,CHILDREN_TO_MAJOR_PARENT,108,,25,operating_profit,previous,42537.72,42537.72,0.0,0.01,PASS
leaf_parent_108_25_operating_profit_yoy_delta,leaf,CHILDREN_TO_MAJOR_PARENT,108,,25,operating_profit,yoy_delta,17617.519999999997,17617.52,3.637978807091713e-12,0.01,PASS
leaf_parent_108_25_ordinary_profit_current,leaf,CHILDREN_TO_MAJOR_PARENT,108,,25,ordinary_profit,current,97156.68,97156.68,0.0,0.01,PASS
leaf_parent_108_25_ordinary_profit_previous,leaf,CHILDREN_TO_MAJOR_PARENT,108,,25,ordinary_profit,previous,67196.5,67196.5,0.0,0.01,PASS
leaf_parent_108_25_ordinary_profit_yoy_delta,leaf,CHILDREN_TO_MAJOR_PARENT,108,,25,ordinary_profit,yoy_delta,29960.179999999993,29960.18,7.275957614183426e-12,0.01,PASS
leaf_parent_108_25_capex_including_software_current,leaf,CHILDREN_TO_MAJOR_PARENT,108,,25,capex_including_software,current,41802.01,41802.01,0.0,0.01,PASS
leaf_parent_108_25_capex_including_software_previous,leaf,CHILDREN_TO_MAJOR_PARENT,108,,25,capex_including_software,previous,41403.67,41403.67,0.0,0.01,PASS
leaf_parent_108_25_capex_including_software_yoy_delta,leaf,CHILDREN_TO_MAJOR_PARENT,108,,25,capex_including_software,yoy_delta,398.3400000000038,398.3400000000006,-3.183231456205249e-12,0.01,PASS
leaf_parent_108_25_capex_excluding_software_current,leaf,CHILDREN_TO_MAJOR_PARENT,108,,25,capex_excluding_software,current,36547.43,36547.43,0.0,0.01,PASS
leaf_parent_108_25_capex_excluding_software_previous,leaf,CHILDREN_TO_MAJOR_PARENT,108,,25,capex_excluding_software,previous,36206.82,36206.82,0.0,0.01,PASS
leaf_parent_108_25_capex_excluding_software_yoy_delta,leaf,CHILDREN_TO_MAJOR_PARENT,108,,25,capex_excluding_software,yoy_delta,340.6100000000006,340.6099999999988,-1.7621459846850485e-12,0.01,PASS
leaf_parent_105_26_sales_current,leaf,CHILDREN_TO_MAJOR_PARENT,105,,26,sales,current,8943.91,8943.91,0.0,0.01,PASS
leaf_parent_105_26_sales_previous,leaf,CHILDREN_TO_MAJOR_PARENT,105,,26,sales,previous,10842.93,10842.93,0.0,0.01,PASS
leaf_parent_105_26_sales_yoy_delta,leaf,CHILDREN_TO_MAJOR_PARENT,105,,26,sales,yoy_delta,-1899.0200000000004,-1899.0199999999993,1.1368683772161603e-12,0.01,PASS
leaf_parent_105_26_operating_profit_current,leaf,CHILDREN_TO_MAJOR_PARENT,105,,26,operating_profit,current,297.97,297.97,0.0,0.01,PASS
leaf_parent_105_26_operating_profit_previous,leaf,CHILDREN_TO_MAJOR_PARENT,105,,26,operating_profit,previous,-125.41,-125.41,0.0,0.01,PASS
leaf_parent_105_26_operating_profit_yoy_delta,leaf,CHILDREN_TO_MAJOR_PARENT,105,,26,operating_profit,yoy_delta,423.38,423.38,0.0,0.01,PASS
leaf_parent_105_26_ordinary_profit_current,leaf,CHILDREN_TO_MAJOR_PARENT,105,,26,ordinary_profit,current,687.56,687.5600000000001,1.1368683772161603e-13,0.01,PASS
leaf_parent_105_26_ordinary_profit_previous,leaf,CHILDREN_TO_MAJOR_PARENT,105,,26,ordinary_profit,previous,171.71,171.70999999999998,-2.842170943040401e-14,0.01,PASS
leaf_parent_105_26_ordinary_profit_yoy_delta,leaf,CHILDREN_TO_MAJOR_PARENT,105,,26,ordinary_profit,yoy_delta,515.8499999999999,515.85,1.1368683772161603e-13,0.01,PASS
leaf_parent_105_26_capex_including_software_current,leaf,CHILDREN_TO_MAJOR_PARENT,105,,26,capex_including_software,current,486.45,486.45,0.0,0.01,PASS
leaf_parent_105_26_capex_including_software_previous,leaf,CHILDREN_TO_MAJOR_PARENT,105,,26,capex_including_software,previous,554.6,554.6,0.0,0.01,PASS
leaf_parent_105_26_capex_including_software_yoy_delta,leaf,CHILDREN_TO_MAJOR_PARENT,105,,26,capex_including_software,yoy_delta,-68.15000000000003,-68.15000000000003,0.0,0.01,PASS
leaf_parent_105_26_capex_excluding_software_current,leaf,CHILDREN_TO_MAJOR_PARENT,105,,26,capex_excluding_software,current,470.6,470.59999999999997,-5.684341886080802e-14,0.01,PASS
leaf_parent_105_26_capex_excluding_software_previous,leaf,CHILDREN_TO_MAJOR_PARENT,105,,26,capex_excluding_software,previous,549.7,549.7,0.0,0.01,PASS
leaf_parent_105_26_capex_excluding_software_yoy_delta,leaf,CHILDREN_TO_MAJOR_PARENT,105,,26,capex_excluding_software,yoy_delta,-79.10000000000002,-79.10000000000005,-2.842170943040401e-14,0.01,PASS
leaf_parent_105_19_sales_current,leaf,CHILDREN_TO_MAJOR_PARENT,105,,19,sales,current,6577.85,6577.85,0.0,0.01,PASS
leaf_parent_105_19_sales_previous,leaf,CHILDREN_TO_MAJOR_PARENT,105,,19,sales,previous,8569.1,8569.1,0.0,0.01,PASS
leaf_parent_105_19_sales_yoy_delta,leaf,CHILDREN_TO_MAJOR_PARENT,105,,19,sales,yoy_delta,-1991.25,-1991.2499999999993,6.821210263296962e-13,0.01,PASS
leaf_parent_105_19_operating_profit_current,leaf,CHILDREN_TO_MAJOR_PARENT,105,,19,operating_profit,current,331.55,331.55,0.0,0.01,PASS
leaf_parent_105_19_operating_profit_previous,leaf,CHILDREN_TO_MAJOR_PARENT,105,,19,operating_profit,previous,-171.51,-171.51,0.0,0.01,PASS
leaf_parent_105_19_operating_profit_yoy_delta,leaf,CHILDREN_TO_MAJOR_PARENT,105,,19,operating_profit,yoy_delta,503.06,503.06,0.0,0.01,PASS
leaf_parent_105_19_ordinary_profit_current,leaf,CHILDREN_TO_MAJOR_PARENT,105,,19,ordinary_profit,current,701.51,701.51,0.0,0.01,PASS
leaf_parent_105_19_ordinary_profit_previous,leaf,CHILDREN_TO_MAJOR_PARENT,105,,19,ordinary_profit,previous,112.45,112.44999999999999,-1.4210854715202004e-14,0.01,PASS
leaf_parent_105_19_ordinary_profit_yoy_delta,leaf,CHILDREN_TO_MAJOR_PARENT,105,,19,ordinary_profit,yoy_delta,589.06,589.0600000000001,1.1368683772161603e-13,0.01,PASS
leaf_parent_105_19_capex_including_software_current,leaf,CHILDREN_TO_MAJOR_PARENT,105,,19,capex_including_software,current,300.68,300.68,0.0,0.01,PASS
leaf_parent_105_19_capex_including_software_previous,leaf,CHILDREN_TO_MAJOR_PARENT,105,,19,capex_including_software,previous,327.05,327.04999999999995,-5.684341886080802e-14,0.01,PASS
leaf_parent_105_19_capex_including_software_yoy_delta,leaf,CHILDREN_TO_MAJOR_PARENT,105,,19,capex_including_software,yoy_delta,-26.370000000000005,-26.369999999999976,2.842170943040401e-14,0.01,PASS
leaf_parent_105_19_capex_excluding_software_current,leaf,CHILDREN_TO_MAJOR_PARENT,105,,19,capex_excluding_software,current,286.88,286.88,0.0,0.01,PASS
leaf_parent_105_19_capex_excluding_software_previous,leaf,CHILDREN_TO_MAJOR_PARENT,105,,19,capex_excluding_software,previous,325.09,325.09000000000003,5.684341886080802e-14,0.01,PASS
leaf_parent_105_19_capex_excluding_software_yoy_delta,leaf,CHILDREN_TO_MAJOR_PARENT,105,,19,capex_excluding_software,yoy_delta,-38.20999999999998,-38.21000000000001,-2.842170943040401e-14,0.01,PASS
leaf_parent_105_24_sales_current,leaf,CHILDREN_TO_MAJOR_PARENT,105,,24,sales,current,1093.06,1093.06,0.0,0.01,PASS
leaf_parent_105_24_sales_previous,leaf,CHILDREN_TO_MAJOR_PARENT,105,,24,sales,previous,1136.2,1136.2,0.0,0.01,PASS
leaf_parent_105_24_sales_yoy_delta,leaf,CHILDREN_TO_MAJOR_PARENT,105,,24,sales,yoy_delta,-43.1400000000001,-43.14000000000007,2.842170943040401e-14,0.01,PASS
leaf_parent_105_24_operating_profit_current,leaf,CHILDREN_TO_MAJOR_PARENT,105,,24,operating_profit,current,-82.33,-82.33,0.0,0.01,PASS
leaf_parent_105_24_operating_profit_previous,leaf,CHILDREN_TO_MAJOR_PARENT,105,,24,operating_profit,previous,-18.12,-18.12,0.0,0.01,PASS
leaf_parent_105_24_operating_profit_yoy_delta,leaf,CHILDREN_TO_MAJOR_PARENT,105,,24,operating_profit,yoy_delta,-64.21,-64.21,0.0,0.01,PASS
leaf_parent_105_24_ordinary_profit_current,leaf,CHILDREN_TO_MAJOR_PARENT,105,,24,ordinary_profit,current,-66.42,-66.42,0.0,0.01,PASS
leaf_parent_105_24_ordinary_profit_previous,leaf,CHILDREN_TO_MAJOR_PARENT,105,,24,ordinary_profit,previous,-3.72,-3.7199999999999998,4.440892098500626e-16,0.01,PASS
leaf_parent_105_24_ordinary_profit_yoy_delta,leaf,CHILDREN_TO_MAJOR_PARENT,105,,24,ordinary_profit,yoy_delta,-62.7,-62.7,0.0,0.01,PASS
leaf_parent_105_24_capex_including_software_current,leaf,CHILDREN_TO_MAJOR_PARENT,105,,24,capex_including_software,current,152.46,152.46,0.0,0.01,PASS
leaf_parent_105_24_capex_including_software_previous,leaf,CHILDREN_TO_MAJOR_PARENT,105,,24,capex_including_software,previous,168.03,168.03,0.0,0.01,PASS
leaf_parent_105_24_capex_including_software_yoy_delta,leaf,CHILDREN_TO_MAJOR_PARENT,105,,24,capex_including_software,yoy_delta,-15.569999999999993,-15.569999999999993,0.0,0.01,PASS
leaf_parent_105_24_capex_excluding_software_current,leaf,CHILDREN_TO_MAJOR_PARENT,105,,24,capex_excluding_software,current,151.32,151.32,0.0,0.01,PASS
leaf_parent_105_24_capex_excluding_software_previous,leaf,CHILDREN_TO_MAJOR_PARENT,105,,24,capex_excluding_software,previous,167.17,167.17,0.0,0.01,PASS
leaf_parent_105_24_capex_excluding_software_yoy_delta,leaf,CHILDREN_TO_MAJOR_PARENT,105,,24,capex_excluding_software,yoy_delta,-15.849999999999994,-15.850000000000001,-7.105427357601002e-15,0.01,PASS
leaf_parent_105_25_sales_current,leaf,CHILDREN_TO_MAJOR_PARENT,105,,25,sales,current,1273.0,1273.0,0.0,0.01,PASS
leaf_parent_105_25_sales_previous,leaf,CHILDREN_TO_MAJOR_PARENT,105,,25,sales,previous,1137.63,1137.63,0.0,0.01,PASS
leaf_parent_105_25_sales_yoy_delta,leaf,CHILDREN_TO_MAJOR_PARENT,105,,25,sales,yoy_delta,135.3699999999999,135.37,1.1368683772161603e-13,0.01,PASS
leaf_parent_105_25_operating_profit_current,leaf,CHILDREN_TO_MAJOR_PARENT,105,,25,operating_profit,current,48.75,48.75,0.0,0.01,PASS
leaf_parent_105_25_operating_profit_previous,leaf,CHILDREN_TO_MAJOR_PARENT,105,,25,operating_profit,previous,64.22,64.22,0.0,0.01,PASS
leaf_parent_105_25_operating_profit_yoy_delta,leaf,CHILDREN_TO_MAJOR_PARENT,105,,25,operating_profit,yoy_delta,-15.469999999999999,-15.470000000000004,-5.329070518200751e-15,0.01,PASS
leaf_parent_105_25_ordinary_profit_current,leaf,CHILDREN_TO_MAJOR_PARENT,105,,25,ordinary_profit,current,52.47,52.47,0.0,0.01,PASS
leaf_parent_105_25_ordinary_profit_previous,leaf,CHILDREN_TO_MAJOR_PARENT,105,,25,ordinary_profit,previous,62.98,62.98,0.0,0.01,PASS
leaf_parent_105_25_ordinary_profit_yoy_delta,leaf,CHILDREN_TO_MAJOR_PARENT,105,,25,ordinary_profit,yoy_delta,-10.509999999999998,-10.510000000000002,-3.552713678800501e-15,0.01,PASS
leaf_parent_105_25_capex_including_software_current,leaf,CHILDREN_TO_MAJOR_PARENT,105,,25,capex_including_software,current,33.31,33.31,0.0,0.01,PASS
leaf_parent_105_25_capex_including_software_previous,leaf,CHILDREN_TO_MAJOR_PARENT,105,,25,capex_including_software,previous,59.52,59.52,0.0,0.01,PASS
leaf_parent_105_25_capex_including_software_yoy_delta,leaf,CHILDREN_TO_MAJOR_PARENT,105,,25,capex_including_software,yoy_delta,-26.21,-26.21,0.0,0.01,PASS
leaf_parent_105_25_capex_excluding_software_current,leaf,CHILDREN_TO_MAJOR_PARENT,105,,25,capex_excluding_software,current,32.4,32.4,0.0,0.01,PASS
leaf_parent_105_25_capex_excluding_software_previous,leaf,CHILDREN_TO_MAJOR_PARENT,105,,25,capex_excluding_software,previous,57.44,57.44,0.0,0.01,PASS
leaf_parent_105_25_capex_excluding_software_yoy_delta,leaf,CHILDREN_TO_MAJOR_PARENT,105,,25,capex_excluding_software,yoy_delta,-25.04,-25.040000000000003,-3.552713678800501e-15,0.01,PASS
leaf_parent_106_26_sales_current,leaf,CHILDREN_TO_MAJOR_PARENT,106,,26,sales,current,8384.58,8384.58,0.0,0.01,PASS
leaf_parent_106_26_sales_previous,leaf,CHILDREN_TO_MAJOR_PARENT,106,,26,sales,previous,7081.66,7081.66,0.0,0.01,PASS
leaf_parent_106_26_sales_yoy_delta,leaf,CHILDREN_TO_MAJOR_PARENT,106,,26,sales,yoy_delta,1302.92,1302.92,0.0,0.01,PASS
leaf_parent_106_26_operating_profit_current,leaf,CHILDREN_TO_MAJOR_PARENT,106,,26,operating_profit,current,950.42,950.42,0.0,0.01,PASS
leaf_parent_106_26_operating_profit_previous,leaf,CHILDREN_TO_MAJOR_PARENT,106,,26,operating_profit,previous,1918.17,1918.17,0.0,0.01,PASS
leaf_parent_106_26_operating_profit_yoy_delta,leaf,CHILDREN_TO_MAJOR_PARENT,106,,26,operating_profit,yoy_delta,-967.7500000000001,-967.7500000000001,0.0,0.01,PASS
leaf_parent_106_26_ordinary_profit_current,leaf,CHILDREN_TO_MAJOR_PARENT,106,,26,ordinary_profit,current,1537.53,1537.53,0.0,0.01,PASS
leaf_parent_106_26_ordinary_profit_previous,leaf,CHILDREN_TO_MAJOR_PARENT,106,,26,ordinary_profit,previous,1748.7,1748.7,0.0,0.01,PASS
leaf_parent_106_26_ordinary_profit_yoy_delta,leaf,CHILDREN_TO_MAJOR_PARENT,106,,26,ordinary_profit,yoy_delta,-211.17000000000007,-211.17000000000007,0.0,0.01,PASS
leaf_parent_106_26_capex_including_software_current,leaf,CHILDREN_TO_MAJOR_PARENT,106,,26,capex_including_software,current,525.24,525.24,0.0,0.01,PASS
leaf_parent_106_26_capex_including_software_previous,leaf,CHILDREN_TO_MAJOR_PARENT,106,,26,capex_including_software,previous,366.62,366.62,0.0,0.01,PASS
leaf_parent_106_26_capex_including_software_yoy_delta,leaf,CHILDREN_TO_MAJOR_PARENT,106,,26,capex_including_software,yoy_delta,158.62,158.62,0.0,0.01,PASS
leaf_parent_106_26_capex_excluding_software_current,leaf,CHILDREN_TO_MAJOR_PARENT,106,,26,capex_excluding_software,current,523.34,523.34,0.0,0.01,PASS
leaf_parent_106_26_capex_excluding_software_previous,leaf,CHILDREN_TO_MAJOR_PARENT,106,,26,capex_excluding_software,previous,346.15,346.15,0.0,0.01,PASS
leaf_parent_106_26_capex_excluding_software_yoy_delta,leaf,CHILDREN_TO_MAJOR_PARENT,106,,26,capex_excluding_software,yoy_delta,177.19000000000005,177.19000000000005,0.0,0.01,PASS
leaf_parent_106_19_sales_current,leaf,CHILDREN_TO_MAJOR_PARENT,106,,19,sales,current,2589.36,2589.36,0.0,0.01,PASS
leaf_parent_106_19_sales_previous,leaf,CHILDREN_TO_MAJOR_PARENT,106,,19,sales,previous,2712.11,2712.11,0.0,0.01,PASS
leaf_parent_106_19_sales_yoy_delta,leaf,CHILDREN_TO_MAJOR_PARENT,106,,19,sales,yoy_delta,-122.75,-122.75,0.0,0.01,PASS
leaf_parent_106_19_operating_profit_current,leaf,CHILDREN_TO_MAJOR_PARENT,106,,19,operating_profit,current,283.2,283.2,0.0,0.01,PASS
leaf_parent_106_19_operating_profit_previous,leaf,CHILDREN_TO_MAJOR_PARENT,106,,19,operating_profit,previous,151.11,151.11,0.0,0.01,PASS
leaf_parent_106_19_operating_profit_yoy_delta,leaf,CHILDREN_TO_MAJOR_PARENT,106,,19,operating_profit,yoy_delta,132.08999999999997,132.08999999999997,0.0,0.01,PASS
leaf_parent_106_19_ordinary_profit_current,leaf,CHILDREN_TO_MAJOR_PARENT,106,,19,ordinary_profit,current,322.07,322.07,0.0,0.01,PASS
leaf_parent_106_19_ordinary_profit_previous,leaf,CHILDREN_TO_MAJOR_PARENT,106,,19,ordinary_profit,previous,184.41,184.41,0.0,0.01,PASS
leaf_parent_106_19_ordinary_profit_yoy_delta,leaf,CHILDREN_TO_MAJOR_PARENT,106,,19,ordinary_profit,yoy_delta,137.66,137.66,0.0,0.01,PASS
leaf_parent_106_19_capex_including_software_current,leaf,CHILDREN_TO_MAJOR_PARENT,106,,19,capex_including_software,current,187.78,187.78,0.0,0.01,PASS
leaf_parent_106_19_capex_including_software_previous,leaf,CHILDREN_TO_MAJOR_PARENT,106,,19,capex_including_software,previous,165.46,165.46,0.0,0.01,PASS
leaf_parent_106_19_capex_including_software_yoy_delta,leaf,CHILDREN_TO_MAJOR_PARENT,106,,19,capex_including_software,yoy_delta,22.319999999999993,22.319999999999993,0.0,0.01,PASS
leaf_parent_106_19_capex_excluding_software_current,leaf,CHILDREN_TO_MAJOR_PARENT,106,,19,capex_excluding_software,current,187.18,187.18,0.0,0.01,PASS
leaf_parent_106_19_capex_excluding_software_previous,leaf,CHILDREN_TO_MAJOR_PARENT,106,,19,capex_excluding_software,previous,164.8,164.8,0.0,0.01,PASS
leaf_parent_106_19_capex_excluding_software_yoy_delta,leaf,CHILDREN_TO_MAJOR_PARENT,106,,19,capex_excluding_software,yoy_delta,22.379999999999995,22.379999999999995,0.0,0.01,PASS
leaf_parent_106_24_sales_current,leaf,CHILDREN_TO_MAJOR_PARENT,106,,24,sales,current,1206.47,1206.47,0.0,0.01,PASS
leaf_parent_106_24_sales_previous,leaf,CHILDREN_TO_MAJOR_PARENT,106,,24,sales,previous,593.18,593.18,0.0,0.01,PASS
leaf_parent_106_24_sales_yoy_delta,leaf,CHILDREN_TO_MAJOR_PARENT,106,,24,sales,yoy_delta,613.2900000000001,613.2900000000001,0.0,0.01,PASS
leaf_parent_106_24_operating_profit_current,leaf,CHILDREN_TO_MAJOR_PARENT,106,,24,operating_profit,current,121.79,121.79,0.0,0.01,PASS
leaf_parent_106_24_operating_profit_previous,leaf,CHILDREN_TO_MAJOR_PARENT,106,,24,operating_profit,previous,113.31,113.31,0.0,0.01,PASS
leaf_parent_106_24_operating_profit_yoy_delta,leaf,CHILDREN_TO_MAJOR_PARENT,106,,24,operating_profit,yoy_delta,8.480000000000004,8.480000000000004,0.0,0.01,PASS
leaf_parent_106_24_ordinary_profit_current,leaf,CHILDREN_TO_MAJOR_PARENT,106,,24,ordinary_profit,current,156.24,156.24,0.0,0.01,PASS
leaf_parent_106_24_ordinary_profit_previous,leaf,CHILDREN_TO_MAJOR_PARENT,106,,24,ordinary_profit,previous,117.76,117.76,0.0,0.01,PASS
leaf_parent_106_24_ordinary_profit_yoy_delta,leaf,CHILDREN_TO_MAJOR_PARENT,106,,24,ordinary_profit,yoy_delta,38.480000000000004,38.480000000000004,0.0,0.01,PASS
leaf_parent_106_24_capex_including_software_current,leaf,CHILDREN_TO_MAJOR_PARENT,106,,24,capex_including_software,current,75.02,75.02,0.0,0.01,PASS
leaf_parent_106_24_capex_including_software_previous,leaf,CHILDREN_TO_MAJOR_PARENT,106,,24,capex_including_software,previous,31.7,31.7,0.0,0.01,PASS
leaf_parent_106_24_capex_including_software_yoy_delta,leaf,CHILDREN_TO_MAJOR_PARENT,106,,24,capex_including_software,yoy_delta,43.31999999999999,43.31999999999999,0.0,0.01,PASS
leaf_parent_106_24_capex_excluding_software_current,leaf,CHILDREN_TO_MAJOR_PARENT,106,,24,capex_excluding_software,current,74.34,74.34,0.0,0.01,PASS
leaf_parent_106_24_capex_excluding_software_previous,leaf,CHILDREN_TO_MAJOR_PARENT,106,,24,capex_excluding_software,previous,31.51,31.51,0.0,0.01,PASS
leaf_parent_106_24_capex_excluding_software_yoy_delta,leaf,CHILDREN_TO_MAJOR_PARENT,106,,24,capex_excluding_software,yoy_delta,42.83,42.83,0.0,0.01,PASS
leaf_parent_106_25_sales_current,leaf,CHILDREN_TO_MAJOR_PARENT,106,,25,sales,current,4588.75,4588.75,0.0,0.01,PASS
leaf_parent_106_25_sales_previous,leaf,CHILDREN_TO_MAJOR_PARENT,106,,25,sales,previous,3776.37,3776.37,0.0,0.01,PASS
leaf_parent_106_25_sales_yoy_delta,leaf,CHILDREN_TO_MAJOR_PARENT,106,,25,sales,yoy_delta,812.3800000000001,812.3800000000001,0.0,0.01,PASS
leaf_parent_106_25_operating_profit_current,leaf,CHILDREN_TO_MAJOR_PARENT,106,,25,operating_profit,current,545.43,545.43,0.0,0.01,PASS
leaf_parent_106_25_operating_profit_previous,leaf,CHILDREN_TO_MAJOR_PARENT,106,,25,operating_profit,previous,1653.75,1653.75,0.0,0.01,PASS
leaf_parent_106_25_operating_profit_yoy_delta,leaf,CHILDREN_TO_MAJOR_PARENT,106,,25,operating_profit,yoy_delta,-1108.3200000000002,-1108.3200000000002,0.0,0.01,PASS
leaf_parent_106_25_ordinary_profit_current,leaf,CHILDREN_TO_MAJOR_PARENT,106,,25,ordinary_profit,current,1059.22,1059.22,0.0,0.01,PASS
leaf_parent_106_25_ordinary_profit_previous,leaf,CHILDREN_TO_MAJOR_PARENT,106,,25,ordinary_profit,previous,1446.53,1446.53,0.0,0.01,PASS
leaf_parent_106_25_ordinary_profit_yoy_delta,leaf,CHILDREN_TO_MAJOR_PARENT,106,,25,ordinary_profit,yoy_delta,-387.30999999999995,-387.30999999999995,0.0,0.01,PASS
leaf_parent_106_25_capex_including_software_current,leaf,CHILDREN_TO_MAJOR_PARENT,106,,25,capex_including_software,current,262.44,262.44,0.0,0.01,PASS
leaf_parent_106_25_capex_including_software_previous,leaf,CHILDREN_TO_MAJOR_PARENT,106,,25,capex_including_software,previous,169.46,169.46,0.0,0.01,PASS
leaf_parent_106_25_capex_including_software_yoy_delta,leaf,CHILDREN_TO_MAJOR_PARENT,106,,25,capex_including_software,yoy_delta,92.97999999999999,92.97999999999999,0.0,0.01,PASS
leaf_parent_106_25_capex_excluding_software_current,leaf,CHILDREN_TO_MAJOR_PARENT,106,,25,capex_excluding_software,current,261.82,261.82,0.0,0.01,PASS
leaf_parent_106_25_capex_excluding_software_previous,leaf,CHILDREN_TO_MAJOR_PARENT,106,,25,capex_excluding_software,previous,149.84,149.84,0.0,0.01,PASS
leaf_parent_106_25_capex_excluding_software_yoy_delta,leaf,CHILDREN_TO_MAJOR_PARENT,106,,25,capex_excluding_software,yoy_delta,111.97999999999999,111.97999999999999,0.0,0.01,PASS
leaf_parent_107_26_sales_current,leaf,CHILDREN_TO_MAJOR_PARENT,107,,26,sales,current,362952.44,362952.44,0.0,0.01,PASS
leaf_parent_107_26_sales_previous,leaf,CHILDREN_TO_MAJOR_PARENT,107,,26,sales,previous,367025.73,367025.73,0.0,0.01,PASS
leaf_parent_107_26_sales_yoy_delta,leaf,CHILDREN_TO_MAJOR_PARENT,107,,26,sales,yoy_delta,-4073.289999999979,-4073.289999999979,0.0,0.01,PASS
leaf_parent_107_26_operating_profit_current,leaf,CHILDREN_TO_MAJOR_PARENT,107,,26,operating_profit,current,37579.29,37579.29,0.0,0.01,PASS
leaf_parent_107_26_operating_profit_previous,leaf,CHILDREN_TO_MAJOR_PARENT,107,,26,operating_profit,previous,40905.71,40905.71,0.0,0.01,PASS
leaf_parent_107_26_operating_profit_yoy_delta,leaf,CHILDREN_TO_MAJOR_PARENT,107,,26,operating_profit,yoy_delta,-3326.4199999999983,-3326.4199999999983,0.0,0.01,PASS
leaf_parent_107_26_ordinary_profit_current,leaf,CHILDREN_TO_MAJOR_PARENT,107,,26,ordinary_profit,current,39942.71,39942.71,0.0,0.01,PASS
leaf_parent_107_26_ordinary_profit_previous,leaf,CHILDREN_TO_MAJOR_PARENT,107,,26,ordinary_profit,previous,42455.59,42455.59,0.0,0.01,PASS
leaf_parent_107_26_ordinary_profit_yoy_delta,leaf,CHILDREN_TO_MAJOR_PARENT,107,,26,ordinary_profit,yoy_delta,-2512.8799999999974,-2512.8799999999974,0.0,0.01,PASS
leaf_parent_107_26_capex_including_software_current,leaf,CHILDREN_TO_MAJOR_PARENT,107,,26,capex_including_software,current,6692.58,6692.58,0.0,0.01,PASS
leaf_parent_107_26_capex_including_software_previous,leaf,CHILDREN_TO_MAJOR_PARENT,107,,26,capex_including_software,previous,6774.43,6774.43,0.0,0.01,PASS
leaf_parent_107_26_capex_including_software_yoy_delta,leaf,CHILDREN_TO_MAJOR_PARENT,107,,26,capex_including_software,yoy_delta,-81.85000000000036,-81.85000000000036,0.0,0.01,PASS
leaf_parent_107_26_capex_excluding_software_current,leaf,CHILDREN_TO_MAJOR_PARENT,107,,26,capex_excluding_software,current,5936.33,5936.33,0.0,0.01,PASS
leaf_parent_107_26_capex_excluding_software_previous,leaf,CHILDREN_TO_MAJOR_PARENT,107,,26,capex_excluding_software,previous,6164.66,6164.66,0.0,0.01,PASS
leaf_parent_107_26_capex_excluding_software_yoy_delta,leaf,CHILDREN_TO_MAJOR_PARENT,107,,26,capex_excluding_software,yoy_delta,-228.32999999999993,-228.32999999999993,0.0,0.01,PASS
leaf_parent_107_19_sales_current,leaf,CHILDREN_TO_MAJOR_PARENT,107,,19,sales,current,202169.46,202169.46,0.0,0.01,PASS
leaf_parent_107_19_sales_previous,leaf,CHILDREN_TO_MAJOR_PARENT,107,,19,sales,previous,200459.95,200459.95,0.0,0.01,PASS
leaf_parent_107_19_sales_yoy_delta,leaf,CHILDREN_TO_MAJOR_PARENT,107,,19,sales,yoy_delta,1709.5099999999802,1709.5099999999802,0.0,0.01,PASS
leaf_parent_107_19_operating_profit_current,leaf,CHILDREN_TO_MAJOR_PARENT,107,,19,operating_profit,current,22195.86,22195.86,0.0,0.01,PASS
leaf_parent_107_19_operating_profit_previous,leaf,CHILDREN_TO_MAJOR_PARENT,107,,19,operating_profit,previous,26459.19,26459.19,0.0,0.01,PASS
leaf_parent_107_19_operating_profit_yoy_delta,leaf,CHILDREN_TO_MAJOR_PARENT,107,,19,operating_profit,yoy_delta,-4263.329999999998,-4263.329999999998,0.0,0.01,PASS
leaf_parent_107_19_ordinary_profit_current,leaf,CHILDREN_TO_MAJOR_PARENT,107,,19,ordinary_profit,current,23727.72,23727.72,0.0,0.01,PASS
leaf_parent_107_19_ordinary_profit_previous,leaf,CHILDREN_TO_MAJOR_PARENT,107,,19,ordinary_profit,previous,27928.24,27928.24,0.0,0.01,PASS
leaf_parent_107_19_ordinary_profit_yoy_delta,leaf,CHILDREN_TO_MAJOR_PARENT,107,,19,ordinary_profit,yoy_delta,-4200.52,-4200.52,0.0,0.01,PASS
leaf_parent_107_19_capex_including_software_current,leaf,CHILDREN_TO_MAJOR_PARENT,107,,19,capex_including_software,current,3401.25,3401.25,0.0,0.01,PASS
leaf_parent_107_19_capex_including_software_previous,leaf,CHILDREN_TO_MAJOR_PARENT,107,,19,capex_including_software,previous,4013.44,4013.44,0.0,0.01,PASS
leaf_parent_107_19_capex_including_software_yoy_delta,leaf,CHILDREN_TO_MAJOR_PARENT,107,,19,capex_including_software,yoy_delta,-612.19,-612.19,0.0,0.01,PASS
leaf_parent_107_19_capex_excluding_software_current,leaf,CHILDREN_TO_MAJOR_PARENT,107,,19,capex_excluding_software,current,3155.73,3155.73,0.0,0.01,PASS
leaf_parent_107_19_capex_excluding_software_previous,leaf,CHILDREN_TO_MAJOR_PARENT,107,,19,capex_excluding_software,previous,3867.32,3867.32,0.0,0.01,PASS
leaf_parent_107_19_capex_excluding_software_yoy_delta,leaf,CHILDREN_TO_MAJOR_PARENT,107,,19,capex_excluding_software,yoy_delta,-711.5900000000001,-711.5900000000001,0.0,0.01,PASS
leaf_parent_107_24_sales_current,leaf,CHILDREN_TO_MAJOR_PARENT,107,,24,sales,current,53213.14,53213.14,0.0,0.01,PASS
leaf_parent_107_24_sales_previous,leaf,CHILDREN_TO_MAJOR_PARENT,107,,24,sales,previous,63297.8,63297.8,0.0,0.01,PASS
leaf_parent_107_24_sales_yoy_delta,leaf,CHILDREN_TO_MAJOR_PARENT,107,,24,sales,yoy_delta,-10084.660000000003,-10084.660000000003,0.0,0.01,PASS
leaf_parent_107_24_operating_profit_current,leaf,CHILDREN_TO_MAJOR_PARENT,107,,24,operating_profit,current,5555.02,5555.02,0.0,0.01,PASS
leaf_parent_107_24_operating_profit_previous,leaf,CHILDREN_TO_MAJOR_PARENT,107,,24,operating_profit,previous,5886.15,5886.15,0.0,0.01,PASS
leaf_parent_107_24_operating_profit_yoy_delta,leaf,CHILDREN_TO_MAJOR_PARENT,107,,24,operating_profit,yoy_delta,-331.1299999999992,-331.1299999999992,0.0,0.01,PASS
leaf_parent_107_24_ordinary_profit_current,leaf,CHILDREN_TO_MAJOR_PARENT,107,,24,ordinary_profit,current,5695.3,5695.3,0.0,0.01,PASS
leaf_parent_107_24_ordinary_profit_previous,leaf,CHILDREN_TO_MAJOR_PARENT,107,,24,ordinary_profit,previous,5783.27,5783.27,0.0,0.01,PASS
leaf_parent_107_24_ordinary_profit_yoy_delta,leaf,CHILDREN_TO_MAJOR_PARENT,107,,24,ordinary_profit,yoy_delta,-87.97000000000025,-87.97000000000025,0.0,0.01,PASS
leaf_parent_107_24_capex_including_software_current,leaf,CHILDREN_TO_MAJOR_PARENT,107,,24,capex_including_software,current,710.35,710.35,0.0,0.01,PASS
leaf_parent_107_24_capex_including_software_previous,leaf,CHILDREN_TO_MAJOR_PARENT,107,,24,capex_including_software,previous,598.62,598.62,0.0,0.01,PASS
leaf_parent_107_24_capex_including_software_yoy_delta,leaf,CHILDREN_TO_MAJOR_PARENT,107,,24,capex_including_software,yoy_delta,111.73000000000002,111.73000000000002,0.0,0.01,PASS
leaf_parent_107_24_capex_excluding_software_current,leaf,CHILDREN_TO_MAJOR_PARENT,107,,24,capex_excluding_software,current,640.39,640.39,0.0,0.01,PASS
leaf_parent_107_24_capex_excluding_software_previous,leaf,CHILDREN_TO_MAJOR_PARENT,107,,24,capex_excluding_software,previous,506.9,506.9,0.0,0.01,PASS
leaf_parent_107_24_capex_excluding_software_yoy_delta,leaf,CHILDREN_TO_MAJOR_PARENT,107,,24,capex_excluding_software,yoy_delta,133.49,133.49,0.0,0.01,PASS
leaf_parent_107_25_sales_current,leaf,CHILDREN_TO_MAJOR_PARENT,107,,25,sales,current,107569.84,107569.84,0.0,0.01,PASS
leaf_parent_107_25_sales_previous,leaf,CHILDREN_TO_MAJOR_PARENT,107,,25,sales,previous,103267.98,103267.98,0.0,0.01,PASS
leaf_parent_107_25_sales_yoy_delta,leaf,CHILDREN_TO_MAJOR_PARENT,107,,25,sales,yoy_delta,4301.860000000001,4301.860000000001,0.0,0.01,PASS
leaf_parent_107_25_operating_profit_current,leaf,CHILDREN_TO_MAJOR_PARENT,107,,25,operating_profit,current,9828.41,9828.41,0.0,0.01,PASS
leaf_parent_107_25_operating_profit_previous,leaf,CHILDREN_TO_MAJOR_PARENT,107,,25,operating_profit,previous,8560.37,8560.37,0.0,0.01,PASS
leaf_parent_107_25_operating_profit_yoy_delta,leaf,CHILDREN_TO_MAJOR_PARENT,107,,25,operating_profit,yoy_delta,1268.039999999999,1268.039999999999,0.0,0.01,PASS
leaf_parent_107_25_ordinary_profit_current,leaf,CHILDREN_TO_MAJOR_PARENT,107,,25,ordinary_profit,current,10519.69,10519.69,0.0,0.01,PASS
leaf_parent_107_25_ordinary_profit_previous,leaf,CHILDREN_TO_MAJOR_PARENT,107,,25,ordinary_profit,previous,8744.08,8744.08,0.0,0.01,PASS
leaf_parent_107_25_ordinary_profit_yoy_delta,leaf,CHILDREN_TO_MAJOR_PARENT,107,,25,ordinary_profit,yoy_delta,1775.6100000000006,1775.6100000000006,0.0,0.01,PASS
leaf_parent_107_25_capex_including_software_current,leaf,CHILDREN_TO_MAJOR_PARENT,107,,25,capex_including_software,current,2580.98,2580.98,0.0,0.01,PASS
leaf_parent_107_25_capex_including_software_previous,leaf,CHILDREN_TO_MAJOR_PARENT,107,,25,capex_including_software,previous,2162.37,2162.37,0.0,0.01,PASS
leaf_parent_107_25_capex_including_software_yoy_delta,leaf,CHILDREN_TO_MAJOR_PARENT,107,,25,capex_including_software,yoy_delta,418.6100000000001,418.6100000000001,0.0,0.01,PASS
leaf_parent_107_25_capex_excluding_software_current,leaf,CHILDREN_TO_MAJOR_PARENT,107,,25,capex_excluding_software,current,2140.21,2140.21,0.0,0.01,PASS
leaf_parent_107_25_capex_excluding_software_previous,leaf,CHILDREN_TO_MAJOR_PARENT,107,,25,capex_excluding_software,previous,1790.44,1790.44,0.0,0.01,PASS
leaf_parent_107_25_capex_excluding_software_yoy_delta,leaf,CHILDREN_TO_MAJOR_PARENT,107,,25,capex_excluding_software,yoy_delta,349.77,349.77,0.0,0.01,PASS
leaf_parent_135_26_sales_current,leaf,CHILDREN_TO_MAJOR_PARENT,135,,26,sales,current,101046.01,101046.01,0.0,0.01,PASS
leaf_parent_135_26_sales_previous,leaf,CHILDREN_TO_MAJOR_PARENT,135,,26,sales,previous,112534.96,112534.96,0.0,0.01,PASS
leaf_parent_135_26_sales_yoy_delta,leaf,CHILDREN_TO_MAJOR_PARENT,135,,26,sales,yoy_delta,-11488.950000000012,-11488.950000000012,0.0,0.01,PASS
leaf_parent_135_26_operating_profit_current,leaf,CHILDREN_TO_MAJOR_PARENT,135,,26,operating_profit,current,939.62,939.62,0.0,0.01,PASS
leaf_parent_135_26_operating_profit_previous,leaf,CHILDREN_TO_MAJOR_PARENT,135,,26,operating_profit,previous,2504.53,2504.53,0.0,0.01,PASS
leaf_parent_135_26_operating_profit_yoy_delta,leaf,CHILDREN_TO_MAJOR_PARENT,135,,26,operating_profit,yoy_delta,-1564.9100000000003,-1564.9100000000003,0.0,0.01,PASS
leaf_parent_135_26_ordinary_profit_current,leaf,CHILDREN_TO_MAJOR_PARENT,135,,26,ordinary_profit,current,-154.36,-154.36,0.0,0.01,PASS
leaf_parent_135_26_ordinary_profit_previous,leaf,CHILDREN_TO_MAJOR_PARENT,135,,26,ordinary_profit,previous,1877.39,1877.39,0.0,0.01,PASS
leaf_parent_135_26_ordinary_profit_yoy_delta,leaf,CHILDREN_TO_MAJOR_PARENT,135,,26,ordinary_profit,yoy_delta,-2031.75,-2031.75,0.0,0.01,PASS
leaf_parent_135_26_capex_including_software_current,leaf,CHILDREN_TO_MAJOR_PARENT,135,,26,capex_including_software,current,15019.34,15019.34,0.0,0.01,PASS
leaf_parent_135_26_capex_including_software_previous,leaf,CHILDREN_TO_MAJOR_PARENT,135,,26,capex_including_software,previous,12733.45,12733.45,0.0,0.01,PASS
leaf_parent_135_26_capex_including_software_yoy_delta,leaf,CHILDREN_TO_MAJOR_PARENT,135,,26,capex_including_software,yoy_delta,2285.8899999999994,2285.8899999999994,0.0,0.01,PASS
leaf_parent_135_26_capex_excluding_software_current,leaf,CHILDREN_TO_MAJOR_PARENT,135,,26,capex_excluding_software,current,14381.85,14381.85,0.0,0.01,PASS
leaf_parent_135_26_capex_excluding_software_previous,leaf,CHILDREN_TO_MAJOR_PARENT,135,,26,capex_excluding_software,previous,12455.47,12455.47,0.0,0.01,PASS
leaf_parent_135_26_capex_excluding_software_yoy_delta,leaf,CHILDREN_TO_MAJOR_PARENT,135,,26,capex_excluding_software,yoy_delta,1926.380000000001,1926.380000000001,0.0,0.01,PASS
leaf_parent_135_19_sales_current,leaf,CHILDREN_TO_MAJOR_PARENT,135,,19,sales,current,3061.41,3061.41,0.0,0.01,PASS
leaf_parent_135_19_sales_previous,leaf,CHILDREN_TO_MAJOR_PARENT,135,,19,sales,previous,2251.6,2251.6,0.0,0.01,PASS
leaf_parent_135_19_sales_yoy_delta,leaf,CHILDREN_TO_MAJOR_PARENT,135,,19,sales,yoy_delta,809.81,809.81,0.0,0.01,PASS
leaf_parent_135_19_operating_profit_current,leaf,CHILDREN_TO_MAJOR_PARENT,135,,19,operating_profit,current,255.46,255.46,0.0,0.01,PASS
leaf_parent_135_19_operating_profit_previous,leaf,CHILDREN_TO_MAJOR_PARENT,135,,19,operating_profit,previous,-54.58,-54.58,0.0,0.01,PASS
leaf_parent_135_19_operating_profit_yoy_delta,leaf,CHILDREN_TO_MAJOR_PARENT,135,,19,operating_profit,yoy_delta,310.04,310.04,0.0,0.01,PASS
leaf_parent_135_19_ordinary_profit_current,leaf,CHILDREN_TO_MAJOR_PARENT,135,,19,ordinary_profit,current,198.3,198.3,0.0,0.01,PASS
leaf_parent_135_19_ordinary_profit_previous,leaf,CHILDREN_TO_MAJOR_PARENT,135,,19,ordinary_profit,previous,-63.87,-63.87,0.0,0.01,PASS
leaf_parent_135_19_ordinary_profit_yoy_delta,leaf,CHILDREN_TO_MAJOR_PARENT,135,,19,ordinary_profit,yoy_delta,262.17,262.17,0.0,0.01,PASS
leaf_parent_135_19_capex_including_software_current,leaf,CHILDREN_TO_MAJOR_PARENT,135,,19,capex_including_software,current,179.79,179.79,0.0,0.01,PASS
leaf_parent_135_19_capex_including_software_previous,leaf,CHILDREN_TO_MAJOR_PARENT,135,,19,capex_including_software,previous,237.36,237.36,0.0,0.01,PASS
leaf_parent_135_19_capex_including_software_yoy_delta,leaf,CHILDREN_TO_MAJOR_PARENT,135,,19,capex_including_software,yoy_delta,-57.57000000000002,-57.57000000000002,0.0,0.01,PASS
leaf_parent_135_19_capex_excluding_software_current,leaf,CHILDREN_TO_MAJOR_PARENT,135,,19,capex_excluding_software,current,143.43,143.43,0.0,0.01,PASS
leaf_parent_135_19_capex_excluding_software_previous,leaf,CHILDREN_TO_MAJOR_PARENT,135,,19,capex_excluding_software,previous,235.04,235.04,0.0,0.01,PASS
leaf_parent_135_19_capex_excluding_software_yoy_delta,leaf,CHILDREN_TO_MAJOR_PARENT,135,,19,capex_excluding_software,yoy_delta,-91.60999999999999,-91.60999999999999,0.0,0.01,PASS
leaf_parent_135_24_sales_current,leaf,CHILDREN_TO_MAJOR_PARENT,135,,24,sales,current,8480.29,8480.29,0.0,0.01,PASS
leaf_parent_135_24_sales_previous,leaf,CHILDREN_TO_MAJOR_PARENT,135,,24,sales,previous,10869.9,10869.9,0.0,0.01,PASS
leaf_parent_135_24_sales_yoy_delta,leaf,CHILDREN_TO_MAJOR_PARENT,135,,24,sales,yoy_delta,-2389.6099999999988,-2389.6099999999988,0.0,0.01,PASS
leaf_parent_135_24_operating_profit_current,leaf,CHILDREN_TO_MAJOR_PARENT,135,,24,operating_profit,current,615.4,615.4,0.0,0.01,PASS
leaf_parent_135_24_operating_profit_previous,leaf,CHILDREN_TO_MAJOR_PARENT,135,,24,operating_profit,previous,791.56,791.56,0.0,0.01,PASS
leaf_parent_135_24_operating_profit_yoy_delta,leaf,CHILDREN_TO_MAJOR_PARENT,135,,24,operating_profit,yoy_delta,-176.15999999999997,-176.15999999999997,0.0,0.01,PASS
leaf_parent_135_24_ordinary_profit_current,leaf,CHILDREN_TO_MAJOR_PARENT,135,,24,ordinary_profit,current,508.11,508.11,0.0,0.01,PASS
leaf_parent_135_24_ordinary_profit_previous,leaf,CHILDREN_TO_MAJOR_PARENT,135,,24,ordinary_profit,previous,744.28,744.28,0.0,0.01,PASS
leaf_parent_135_24_ordinary_profit_yoy_delta,leaf,CHILDREN_TO_MAJOR_PARENT,135,,24,ordinary_profit,yoy_delta,-236.16999999999996,-236.16999999999996,0.0,0.01,PASS
leaf_parent_135_24_capex_including_software_current,leaf,CHILDREN_TO_MAJOR_PARENT,135,,24,capex_including_software,current,874.6,874.6,0.0,0.01,PASS
leaf_parent_135_24_capex_including_software_previous,leaf,CHILDREN_TO_MAJOR_PARENT,135,,24,capex_including_software,previous,550.17,550.17,0.0,0.01,PASS
leaf_parent_135_24_capex_including_software_yoy_delta,leaf,CHILDREN_TO_MAJOR_PARENT,135,,24,capex_including_software,yoy_delta,324.43000000000006,324.43000000000006,0.0,0.01,PASS
leaf_parent_135_24_capex_excluding_software_current,leaf,CHILDREN_TO_MAJOR_PARENT,135,,24,capex_excluding_software,current,854.46,854.46,0.0,0.01,PASS
leaf_parent_135_24_capex_excluding_software_previous,leaf,CHILDREN_TO_MAJOR_PARENT,135,,24,capex_excluding_software,previous,539.1,539.1,0.0,0.01,PASS
leaf_parent_135_24_capex_excluding_software_yoy_delta,leaf,CHILDREN_TO_MAJOR_PARENT,135,,24,capex_excluding_software,yoy_delta,315.36,315.36,0.0,0.01,PASS
leaf_parent_135_25_sales_current,leaf,CHILDREN_TO_MAJOR_PARENT,135,,25,sales,current,89504.31,89504.31,0.0,0.01,PASS
leaf_parent_135_25_sales_previous,leaf,CHILDREN_TO_MAJOR_PARENT,135,,25,sales,previous,99413.46,99413.46,0.0,0.01,PASS
leaf_parent_135_25_sales_yoy_delta,leaf,CHILDREN_TO_MAJOR_PARENT,135,,25,sales,yoy_delta,-9909.150000000009,-9909.150000000009,0.0,0.01,PASS
leaf_parent_135_25_operating_profit_current,leaf,CHILDREN_TO_MAJOR_PARENT,135,,25,operating_profit,current,68.76,68.76,0.0,0.01,PASS
leaf_parent_135_25_operating_profit_previous,leaf,CHILDREN_TO_MAJOR_PARENT,135,,25,operating_profit,previous,1767.55,1767.55,0.0,0.01,PASS
leaf_parent_135_25_operating_profit_yoy_delta,leaf,CHILDREN_TO_MAJOR_PARENT,135,,25,operating_profit,yoy_delta,-1698.79,-1698.79,0.0,0.01,PASS
leaf_parent_135_25_ordinary_profit_current,leaf,CHILDREN_TO_MAJOR_PARENT,135,,25,ordinary_profit,current,-860.77,-860.77,0.0,0.01,PASS
leaf_parent_135_25_ordinary_profit_previous,leaf,CHILDREN_TO_MAJOR_PARENT,135,,25,ordinary_profit,previous,1196.98,1196.98,0.0,0.01,PASS
leaf_parent_135_25_ordinary_profit_yoy_delta,leaf,CHILDREN_TO_MAJOR_PARENT,135,,25,ordinary_profit,yoy_delta,-2057.75,-2057.75,0.0,0.01,PASS
leaf_parent_135_25_capex_including_software_current,leaf,CHILDREN_TO_MAJOR_PARENT,135,,25,capex_including_software,current,13964.95,13964.95,0.0,0.01,PASS
leaf_parent_135_25_capex_including_software_previous,leaf,CHILDREN_TO_MAJOR_PARENT,135,,25,capex_including_software,previous,11945.92,11945.92,0.0,0.01,PASS
leaf_parent_135_25_capex_including_software_yoy_delta,leaf,CHILDREN_TO_MAJOR_PARENT,135,,25,capex_including_software,yoy_delta,2019.0300000000007,2019.0300000000007,0.0,0.01,PASS
leaf_parent_135_25_capex_excluding_software_current,leaf,CHILDREN_TO_MAJOR_PARENT,135,,25,capex_excluding_software,current,13383.96,13383.96,0.0,0.01,PASS
leaf_parent_135_25_capex_excluding_software_previous,leaf,CHILDREN_TO_MAJOR_PARENT,135,,25,capex_excluding_software,previous,11681.33,11681.33,0.0,0.01,PASS
leaf_parent_135_25_capex_excluding_software_yoy_delta,leaf,CHILDREN_TO_MAJOR_PARENT,135,,25,capex_excluding_software,yoy_delta,1702.6299999999992,1702.6299999999992,0.0,0.01,PASS
leaf_parent_136_26_sales_current,leaf,CHILDREN_TO_MAJOR_PARENT,136,,26,sales,current,20849.51,20849.51,0.0,0.01,PASS
leaf_parent_136_26_sales_previous,leaf,CHILDREN_TO_MAJOR_PARENT,136,,26,sales,previous,22105.66,22105.66,0.0,0.01,PASS
leaf_parent_136_26_sales_yoy_delta,leaf,CHILDREN_TO_MAJOR_PARENT,136,,26,sales,yoy_delta,-1256.1500000000015,-1256.1500000000015,0.0,0.01,PASS
leaf_parent_136_26_operating_profit_current,leaf,CHILDREN_TO_MAJOR_PARENT,136,,26,operating_profit,current,912.21,912.21,0.0,0.01,PASS
leaf_parent_136_26_operating_profit_previous,leaf,CHILDREN_TO_MAJOR_PARENT,136,,26,operating_profit,previous,1234.93,1234.93,0.0,0.01,PASS
leaf_parent_136_26_operating_profit_yoy_delta,leaf,CHILDREN_TO_MAJOR_PARENT,136,,26,operating_profit,yoy_delta,-322.72,-322.72,0.0,0.01,PASS
leaf_parent_136_26_ordinary_profit_current,leaf,CHILDREN_TO_MAJOR_PARENT,136,,26,ordinary_profit,current,933.41,933.41,0.0,0.01,PASS
leaf_parent_136_26_ordinary_profit_previous,leaf,CHILDREN_TO_MAJOR_PARENT,136,,26,ordinary_profit,previous,1238.06,1238.06,0.0,0.01,PASS
leaf_parent_136_26_ordinary_profit_yoy_delta,leaf,CHILDREN_TO_MAJOR_PARENT,136,,26,ordinary_profit,yoy_delta,-304.65,-304.65,0.0,0.01,PASS
leaf_parent_136_26_capex_including_software_current,leaf,CHILDREN_TO_MAJOR_PARENT,136,,26,capex_including_software,current,1516.25,1516.25,0.0,0.01,PASS
leaf_parent_136_26_capex_including_software_previous,leaf,CHILDREN_TO_MAJOR_PARENT,136,,26,capex_including_software,previous,1510.78,1510.78,0.0,0.01,PASS
leaf_parent_136_26_capex_including_software_yoy_delta,leaf,CHILDREN_TO_MAJOR_PARENT,136,,26,capex_including_software,yoy_delta,5.470000000000027,5.470000000000027,0.0,0.01,PASS
leaf_parent_136_26_capex_excluding_software_current,leaf,CHILDREN_TO_MAJOR_PARENT,136,,26,capex_excluding_software,current,1326.6,1326.6,0.0,0.01,PASS
leaf_parent_136_26_capex_excluding_software_previous,leaf,CHILDREN_TO_MAJOR_PARENT,136,,26,capex_excluding_software,previous,1317.41,1317.41,0.0,0.01,PASS
leaf_parent_136_26_capex_excluding_software_yoy_delta,leaf,CHILDREN_TO_MAJOR_PARENT,136,,26,capex_excluding_software,yoy_delta,9.189999999999827,9.189999999999827,0.0,0.01,PASS
leaf_parent_136_19_sales_current,leaf,CHILDREN_TO_MAJOR_PARENT,136,,19,sales,current,835.15,835.15,0.0,0.01,PASS
leaf_parent_136_19_sales_previous,leaf,CHILDREN_TO_MAJOR_PARENT,136,,19,sales,previous,804.18,804.18,0.0,0.01,PASS
leaf_parent_136_19_sales_yoy_delta,leaf,CHILDREN_TO_MAJOR_PARENT,136,,19,sales,yoy_delta,30.970000000000027,30.970000000000027,0.0,0.01,PASS
leaf_parent_136_19_operating_profit_current,leaf,CHILDREN_TO_MAJOR_PARENT,136,,19,operating_profit,current,81.56,81.56,0.0,0.01,PASS
leaf_parent_136_19_operating_profit_previous,leaf,CHILDREN_TO_MAJOR_PARENT,136,,19,operating_profit,previous,67.21,67.21,0.0,0.01,PASS
leaf_parent_136_19_operating_profit_yoy_delta,leaf,CHILDREN_TO_MAJOR_PARENT,136,,19,operating_profit,yoy_delta,14.350000000000009,14.350000000000009,0.0,0.01,PASS
leaf_parent_136_19_ordinary_profit_current,leaf,CHILDREN_TO_MAJOR_PARENT,136,,19,ordinary_profit,current,85.47,85.47,0.0,0.01,PASS
leaf_parent_136_19_ordinary_profit_previous,leaf,CHILDREN_TO_MAJOR_PARENT,136,,19,ordinary_profit,previous,72.78,72.78,0.0,0.01,PASS
leaf_parent_136_19_ordinary_profit_yoy_delta,leaf,CHILDREN_TO_MAJOR_PARENT,136,,19,ordinary_profit,yoy_delta,12.689999999999998,12.689999999999998,0.0,0.01,PASS
leaf_parent_136_19_capex_including_software_current,leaf,CHILDREN_TO_MAJOR_PARENT,136,,19,capex_including_software,current,44.14,44.14,0.0,0.01,PASS
leaf_parent_136_19_capex_including_software_previous,leaf,CHILDREN_TO_MAJOR_PARENT,136,,19,capex_including_software,previous,65.44,65.44,0.0,0.01,PASS
leaf_parent_136_19_capex_including_software_yoy_delta,leaf,CHILDREN_TO_MAJOR_PARENT,136,,19,capex_including_software,yoy_delta,-21.299999999999997,-21.299999999999997,0.0,0.01,PASS
leaf_parent_136_19_capex_excluding_software_current,leaf,CHILDREN_TO_MAJOR_PARENT,136,,19,capex_excluding_software,current,42.11,42.11,0.0,0.01,PASS
leaf_parent_136_19_capex_excluding_software_previous,leaf,CHILDREN_TO_MAJOR_PARENT,136,,19,capex_excluding_software,previous,65.15,65.15,0.0,0.01,PASS
leaf_parent_136_19_capex_excluding_software_yoy_delta,leaf,CHILDREN_TO_MAJOR_PARENT,136,,19,capex_excluding_software,yoy_delta,-23.040000000000006,-23.040000000000006,0.0,0.01,PASS
leaf_parent_136_24_sales_current,leaf,CHILDREN_TO_MAJOR_PARENT,136,,24,sales,current,3467.31,3467.31,0.0,0.01,PASS
leaf_parent_136_24_sales_previous,leaf,CHILDREN_TO_MAJOR_PARENT,136,,24,sales,previous,3819.71,3819.71,0.0,0.01,PASS
leaf_parent_136_24_sales_yoy_delta,leaf,CHILDREN_TO_MAJOR_PARENT,136,,24,sales,yoy_delta,-352.4000000000001,-352.4000000000001,0.0,0.01,PASS
leaf_parent_136_24_operating_profit_current,leaf,CHILDREN_TO_MAJOR_PARENT,136,,24,operating_profit,current,264.79,264.79,0.0,0.01,PASS
leaf_parent_136_24_operating_profit_previous,leaf,CHILDREN_TO_MAJOR_PARENT,136,,24,operating_profit,previous,148.51,148.51,0.0,0.01,PASS
leaf_parent_136_24_operating_profit_yoy_delta,leaf,CHILDREN_TO_MAJOR_PARENT,136,,24,operating_profit,yoy_delta,116.28000000000003,116.28000000000003,0.0,0.01,PASS
leaf_parent_136_24_ordinary_profit_current,leaf,CHILDREN_TO_MAJOR_PARENT,136,,24,ordinary_profit,current,277.13,277.13,0.0,0.01,PASS
leaf_parent_136_24_ordinary_profit_previous,leaf,CHILDREN_TO_MAJOR_PARENT,136,,24,ordinary_profit,previous,153.88,153.88,0.0,0.01,PASS
leaf_parent_136_24_ordinary_profit_yoy_delta,leaf,CHILDREN_TO_MAJOR_PARENT,136,,24,ordinary_profit,yoy_delta,123.25,123.25,0.0,0.01,PASS
leaf_parent_136_24_capex_including_software_current,leaf,CHILDREN_TO_MAJOR_PARENT,136,,24,capex_including_software,current,166.36,166.36,0.0,0.01,PASS
leaf_parent_136_24_capex_including_software_previous,leaf,CHILDREN_TO_MAJOR_PARENT,136,,24,capex_including_software,previous,252.67,252.67,0.0,0.01,PASS
leaf_parent_136_24_capex_including_software_yoy_delta,leaf,CHILDREN_TO_MAJOR_PARENT,136,,24,capex_including_software,yoy_delta,-86.30999999999997,-86.30999999999997,0.0,0.01,PASS
leaf_parent_136_24_capex_excluding_software_current,leaf,CHILDREN_TO_MAJOR_PARENT,136,,24,capex_excluding_software,current,163.52,163.52,0.0,0.01,PASS
leaf_parent_136_24_capex_excluding_software_previous,leaf,CHILDREN_TO_MAJOR_PARENT,136,,24,capex_excluding_software,previous,247.8,247.8,0.0,0.01,PASS
leaf_parent_136_24_capex_excluding_software_yoy_delta,leaf,CHILDREN_TO_MAJOR_PARENT,136,,24,capex_excluding_software,yoy_delta,-84.28,-84.28,0.0,0.01,PASS
leaf_parent_136_25_sales_current,leaf,CHILDREN_TO_MAJOR_PARENT,136,,25,sales,current,16547.05,16547.05,0.0,0.01,PASS
leaf_parent_136_25_sales_previous,leaf,CHILDREN_TO_MAJOR_PARENT,136,,25,sales,previous,17481.77,17481.77,0.0,0.01,PASS
leaf_parent_136_25_sales_yoy_delta,leaf,CHILDREN_TO_MAJOR_PARENT,136,,25,sales,yoy_delta,-934.7200000000012,-934.7200000000012,0.0,0.01,PASS
leaf_parent_136_25_operating_profit_current,leaf,CHILDREN_TO_MAJOR_PARENT,136,,25,operating_profit,current,565.86,565.86,0.0,0.01,PASS
leaf_parent_136_25_operating_profit_previous,leaf,CHILDREN_TO_MAJOR_PARENT,136,,25,operating_profit,previous,1019.21,1019.21,0.0,0.01,PASS
leaf_parent_136_25_operating_profit_yoy_delta,leaf,CHILDREN_TO_MAJOR_PARENT,136,,25,operating_profit,yoy_delta,-453.35,-453.35,0.0,0.01,PASS
leaf_parent_136_25_ordinary_profit_current,leaf,CHILDREN_TO_MAJOR_PARENT,136,,25,ordinary_profit,current,570.81,570.81,0.0,0.01,PASS
leaf_parent_136_25_ordinary_profit_previous,leaf,CHILDREN_TO_MAJOR_PARENT,136,,25,ordinary_profit,previous,1011.4,1011.4,0.0,0.01,PASS
leaf_parent_136_25_ordinary_profit_yoy_delta,leaf,CHILDREN_TO_MAJOR_PARENT,136,,25,ordinary_profit,yoy_delta,-440.59000000000003,-440.59000000000003,0.0,0.01,PASS
leaf_parent_136_25_capex_including_software_current,leaf,CHILDREN_TO_MAJOR_PARENT,136,,25,capex_including_software,current,1305.75,1305.75,0.0,0.01,PASS
leaf_parent_136_25_capex_including_software_previous,leaf,CHILDREN_TO_MAJOR_PARENT,136,,25,capex_including_software,previous,1192.67,1192.67,0.0,0.01,PASS
leaf_parent_136_25_capex_including_software_yoy_delta,leaf,CHILDREN_TO_MAJOR_PARENT,136,,25,capex_including_software,yoy_delta,113.07999999999993,113.07999999999993,0.0,0.01,PASS
leaf_parent_136_25_capex_excluding_software_current,leaf,CHILDREN_TO_MAJOR_PARENT,136,,25,capex_excluding_software,current,1120.97,1120.97,0.0,0.01,PASS
leaf_parent_136_25_capex_excluding_software_previous,leaf,CHILDREN_TO_MAJOR_PARENT,136,,25,capex_excluding_software,previous,1004.46,1004.46,0.0,0.01,PASS
leaf_parent_136_25_capex_excluding_software_yoy_delta,leaf,CHILDREN_TO_MAJOR_PARENT,136,,25,capex_excluding_software,yoy_delta,116.50999999999999,116.50999999999999,0.0,0.01,PASS
leaf_parent_142_26_sales_current,leaf,CHILDREN_TO_MAJOR_PARENT,142,,26,sales,current,264009.38,264009.38,0.0,0.01,PASS
leaf_parent_142_26_sales_previous,leaf,CHILDREN_TO_MAJOR_PARENT,142,,26,sales,previous,254926.15,254926.15,0.0,0.01,PASS
leaf_parent_142_26_sales_yoy_delta,leaf,CHILDREN_TO_MAJOR_PARENT,142,,26,sales,yoy_delta,9083.23000000001,9083.23000000001,0.0,0.01,PASS
leaf_parent_142_26_operating_profit_current,leaf,CHILDREN_TO_MAJOR_PARENT,142,,26,operating_profit,current,20832.23,20832.23,0.0,0.01,PASS
leaf_parent_142_26_operating_profit_previous,leaf,CHILDREN_TO_MAJOR_PARENT,142,,26,operating_profit,previous,19154.29,19154.29,0.0,0.01,PASS
leaf_parent_142_26_operating_profit_yoy_delta,leaf,CHILDREN_TO_MAJOR_PARENT,142,,26,operating_profit,yoy_delta,1677.9399999999987,1677.9399999999987,0.0,0.01,PASS
leaf_parent_142_26_ordinary_profit_current,leaf,CHILDREN_TO_MAJOR_PARENT,142,,26,ordinary_profit,current,23103.3,23103.3,0.0,0.01,PASS
leaf_parent_142_26_ordinary_profit_previous,leaf,CHILDREN_TO_MAJOR_PARENT,142,,26,ordinary_profit,previous,23062.11,23062.11,0.0,0.01,PASS
leaf_parent_142_26_ordinary_profit_yoy_delta,leaf,CHILDREN_TO_MAJOR_PARENT,142,,26,ordinary_profit,yoy_delta,41.18999999999869,41.18999999999869,0.0,0.01,PASS
leaf_parent_142_26_capex_including_software_current,leaf,CHILDREN_TO_MAJOR_PARENT,142,,26,capex_including_software,current,18295.9,18295.9,0.0,0.01,PASS
leaf_parent_142_26_capex_including_software_previous,leaf,CHILDREN_TO_MAJOR_PARENT,142,,26,capex_including_software,previous,17220.87,17220.87,0.0,0.01,PASS
leaf_parent_142_26_capex_including_software_yoy_delta,leaf,CHILDREN_TO_MAJOR_PARENT,142,,26,capex_including_software,yoy_delta,1075.0300000000025,1075.0300000000025,0.0,0.01,PASS
leaf_parent_142_26_capex_excluding_software_current,leaf,CHILDREN_TO_MAJOR_PARENT,142,,26,capex_excluding_software,current,12160.24,12160.24,0.0,0.01,PASS
leaf_parent_142_26_capex_excluding_software_previous,leaf,CHILDREN_TO_MAJOR_PARENT,142,,26,capex_excluding_software,previous,11753.82,11753.82,0.0,0.01,PASS
leaf_parent_142_26_capex_excluding_software_yoy_delta,leaf,CHILDREN_TO_MAJOR_PARENT,142,,26,capex_excluding_software,yoy_delta,406.4200000000001,406.4200000000001,0.0,0.01,PASS
leaf_parent_142_19_sales_current,leaf,CHILDREN_TO_MAJOR_PARENT,142,,19,sales,current,68438.27,68438.27,0.0,0.01,PASS
leaf_parent_142_19_sales_previous,leaf,CHILDREN_TO_MAJOR_PARENT,142,,19,sales,previous,59099.55,59099.55,0.0,0.01,PASS
leaf_parent_142_19_sales_yoy_delta,leaf,CHILDREN_TO_MAJOR_PARENT,142,,19,sales,yoy_delta,9338.720000000001,9338.720000000001,0.0,0.01,PASS
leaf_parent_142_19_operating_profit_current,leaf,CHILDREN_TO_MAJOR_PARENT,142,,19,operating_profit,current,965.7,965.7,0.0,0.01,PASS
leaf_parent_142_19_operating_profit_previous,leaf,CHILDREN_TO_MAJOR_PARENT,142,,19,operating_profit,previous,2847.73,2847.73,0.0,0.01,PASS
leaf_parent_142_19_operating_profit_yoy_delta,leaf,CHILDREN_TO_MAJOR_PARENT,142,,19,operating_profit,yoy_delta,-1882.03,-1882.03,0.0,0.01,PASS
leaf_parent_142_19_ordinary_profit_current,leaf,CHILDREN_TO_MAJOR_PARENT,142,,19,ordinary_profit,current,1243.82,1243.82,0.0,0.01,PASS
leaf_parent_142_19_ordinary_profit_previous,leaf,CHILDREN_TO_MAJOR_PARENT,142,,19,ordinary_profit,previous,2397.15,2397.15,0.0,0.01,PASS
leaf_parent_142_19_ordinary_profit_yoy_delta,leaf,CHILDREN_TO_MAJOR_PARENT,142,,19,ordinary_profit,yoy_delta,-1153.3300000000002,-1153.3300000000002,0.0,0.01,PASS
leaf_parent_142_19_capex_including_software_current,leaf,CHILDREN_TO_MAJOR_PARENT,142,,19,capex_including_software,current,2335.86,2335.86,0.0,0.01,PASS
leaf_parent_142_19_capex_including_software_previous,leaf,CHILDREN_TO_MAJOR_PARENT,142,,19,capex_including_software,previous,943.26,943.26,0.0,0.01,PASS
leaf_parent_142_19_capex_including_software_yoy_delta,leaf,CHILDREN_TO_MAJOR_PARENT,142,,19,capex_including_software,yoy_delta,1392.6000000000001,1392.6000000000001,0.0,0.01,PASS
leaf_parent_142_19_capex_excluding_software_current,leaf,CHILDREN_TO_MAJOR_PARENT,142,,19,capex_excluding_software,current,1069.43,1069.43,0.0,0.01,PASS
leaf_parent_142_19_capex_excluding_software_previous,leaf,CHILDREN_TO_MAJOR_PARENT,142,,19,capex_excluding_software,previous,341.07,341.07,0.0,0.01,PASS
leaf_parent_142_19_capex_excluding_software_yoy_delta,leaf,CHILDREN_TO_MAJOR_PARENT,142,,19,capex_excluding_software,yoy_delta,728.3600000000001,728.3600000000001,0.0,0.01,PASS
leaf_parent_142_24_sales_current,leaf,CHILDREN_TO_MAJOR_PARENT,142,,24,sales,current,77960.2,77960.2,0.0,0.01,PASS
leaf_parent_142_24_sales_previous,leaf,CHILDREN_TO_MAJOR_PARENT,142,,24,sales,previous,88787.31,88787.31,0.0,0.01,PASS
leaf_parent_142_24_sales_yoy_delta,leaf,CHILDREN_TO_MAJOR_PARENT,142,,24,sales,yoy_delta,-10827.11,-10827.11,0.0,0.01,PASS
leaf_parent_142_24_operating_profit_current,leaf,CHILDREN_TO_MAJOR_PARENT,142,,24,operating_profit,current,8764.28,8764.28,0.0,0.01,PASS
leaf_parent_142_24_operating_profit_previous,leaf,CHILDREN_TO_MAJOR_PARENT,142,,24,operating_profit,previous,6472.6,6472.6,0.0,0.01,PASS
leaf_parent_142_24_operating_profit_yoy_delta,leaf,CHILDREN_TO_MAJOR_PARENT,142,,24,operating_profit,yoy_delta,2291.6800000000003,2291.6800000000003,0.0,0.01,PASS
leaf_parent_142_24_ordinary_profit_current,leaf,CHILDREN_TO_MAJOR_PARENT,142,,24,ordinary_profit,current,8911.74,8911.74,0.0,0.01,PASS
leaf_parent_142_24_ordinary_profit_previous,leaf,CHILDREN_TO_MAJOR_PARENT,142,,24,ordinary_profit,previous,8464.12,8464.12,0.0,0.01,PASS
leaf_parent_142_24_ordinary_profit_yoy_delta,leaf,CHILDREN_TO_MAJOR_PARENT,142,,24,ordinary_profit,yoy_delta,447.619999999999,447.619999999999,0.0,0.01,PASS
leaf_parent_142_24_capex_including_software_current,leaf,CHILDREN_TO_MAJOR_PARENT,142,,24,capex_including_software,current,3959.69,3959.69,0.0,0.01,PASS
leaf_parent_142_24_capex_including_software_previous,leaf,CHILDREN_TO_MAJOR_PARENT,142,,24,capex_including_software,previous,3728.74,3728.74,0.0,0.01,PASS
leaf_parent_142_24_capex_including_software_yoy_delta,leaf,CHILDREN_TO_MAJOR_PARENT,142,,24,capex_including_software,yoy_delta,230.95000000000027,230.95000000000027,0.0,0.01,PASS
leaf_parent_142_24_capex_excluding_software_current,leaf,CHILDREN_TO_MAJOR_PARENT,142,,24,capex_excluding_software,current,2510.94,2510.94,0.0,0.01,PASS
leaf_parent_142_24_capex_excluding_software_previous,leaf,CHILDREN_TO_MAJOR_PARENT,142,,24,capex_excluding_software,previous,2227.92,2227.92,0.0,0.01,PASS
leaf_parent_142_24_capex_excluding_software_yoy_delta,leaf,CHILDREN_TO_MAJOR_PARENT,142,,24,capex_excluding_software,yoy_delta,283.02,283.02,0.0,0.01,PASS
leaf_parent_142_25_sales_current,leaf,CHILDREN_TO_MAJOR_PARENT,142,,25,sales,current,117610.91,117610.91,0.0,0.01,PASS
leaf_parent_142_25_sales_previous,leaf,CHILDREN_TO_MAJOR_PARENT,142,,25,sales,previous,107039.29,107039.29,0.0,0.01,PASS
leaf_parent_142_25_sales_yoy_delta,leaf,CHILDREN_TO_MAJOR_PARENT,142,,25,sales,yoy_delta,10571.62000000001,10571.62000000001,0.0,0.01,PASS
leaf_parent_142_25_operating_profit_current,leaf,CHILDREN_TO_MAJOR_PARENT,142,,25,operating_profit,current,11102.25,11102.25,0.0,0.01,PASS
leaf_parent_142_25_operating_profit_previous,leaf,CHILDREN_TO_MAJOR_PARENT,142,,25,operating_profit,previous,9833.96,9833.96,0.0,0.01,PASS
leaf_parent_142_25_operating_profit_yoy_delta,leaf,CHILDREN_TO_MAJOR_PARENT,142,,25,operating_profit,yoy_delta,1268.2900000000009,1268.2900000000009,0.0,0.01,PASS
leaf_parent_142_25_ordinary_profit_current,leaf,CHILDREN_TO_MAJOR_PARENT,142,,25,ordinary_profit,current,12947.74,12947.74,0.0,0.01,PASS
leaf_parent_142_25_ordinary_profit_previous,leaf,CHILDREN_TO_MAJOR_PARENT,142,,25,ordinary_profit,previous,12200.84,12200.84,0.0,0.01,PASS
leaf_parent_142_25_ordinary_profit_yoy_delta,leaf,CHILDREN_TO_MAJOR_PARENT,142,,25,ordinary_profit,yoy_delta,746.8999999999996,746.8999999999996,0.0,0.01,PASS
leaf_parent_142_25_capex_including_software_current,leaf,CHILDREN_TO_MAJOR_PARENT,142,,25,capex_including_software,current,12000.35,12000.35,0.0,0.01,PASS
leaf_parent_142_25_capex_including_software_previous,leaf,CHILDREN_TO_MAJOR_PARENT,142,,25,capex_including_software,previous,12548.87,12548.87,0.0,0.01,PASS
leaf_parent_142_25_capex_including_software_yoy_delta,leaf,CHILDREN_TO_MAJOR_PARENT,142,,25,capex_including_software,yoy_delta,-548.5200000000004,-548.5200000000004,0.0,0.01,PASS
leaf_parent_142_25_capex_excluding_software_current,leaf,CHILDREN_TO_MAJOR_PARENT,142,,25,capex_excluding_software,current,8579.87,8579.87,0.0,0.01,PASS
leaf_parent_142_25_capex_excluding_software_previous,leaf,CHILDREN_TO_MAJOR_PARENT,142,,25,capex_excluding_software,previous,9184.83,9184.83,0.0,0.01,PASS
leaf_parent_142_25_capex_excluding_software_yoy_delta,leaf,CHILDREN_TO_MAJOR_PARENT,142,,25,capex_excluding_software,yoy_delta,-604.9599999999991,-604.9599999999991,0.0,0.01,PASS
leaf_parent_134_26_sales_current,leaf,CHILDREN_TO_MAJOR_PARENT,134,,26,sales,current,183358.43,183358.43,0.0,0.01,PASS
leaf_parent_134_26_sales_previous,leaf,CHILDREN_TO_MAJOR_PARENT,134,,26,sales,previous,172112.02,172112.02,0.0,0.01,PASS
leaf_parent_134_26_sales_yoy_delta,leaf,CHILDREN_TO_MAJOR_PARENT,134,,26,sales,yoy_delta,11246.410000000003,11246.410000000007,3.637978807091713e-12,0.01,PASS
leaf_parent_134_26_operating_profit_current,leaf,CHILDREN_TO_MAJOR_PARENT,134,,26,operating_profit,current,8061.81,8061.81,0.0,0.01,PASS
leaf_parent_134_26_operating_profit_previous,leaf,CHILDREN_TO_MAJOR_PARENT,134,,26,operating_profit,previous,5176.37,5176.37,0.0,0.01,PASS
leaf_parent_134_26_operating_profit_yoy_delta,leaf,CHILDREN_TO_MAJOR_PARENT,134,,26,operating_profit,yoy_delta,2885.4400000000005,2885.4400000000005,0.0,0.01,PASS
leaf_parent_134_26_ordinary_profit_current,leaf,CHILDREN_TO_MAJOR_PARENT,134,,26,ordinary_profit,current,8632.9,8632.9,0.0,0.01,PASS
leaf_parent_134_26_ordinary_profit_previous,leaf,CHILDREN_TO_MAJOR_PARENT,134,,26,ordinary_profit,previous,5735.09,5735.09,0.0,0.01,PASS
leaf_parent_134_26_ordinary_profit_yoy_delta,leaf,CHILDREN_TO_MAJOR_PARENT,134,,26,ordinary_profit,yoy_delta,2897.8099999999995,2897.8100000000004,9.094947017729282e-13,0.01,PASS
leaf_parent_134_26_capex_including_software_current,leaf,CHILDREN_TO_MAJOR_PARENT,134,,26,capex_including_software,current,24868.6,24868.6,0.0,0.01,PASS
leaf_parent_134_26_capex_including_software_previous,leaf,CHILDREN_TO_MAJOR_PARENT,134,,26,capex_including_software,previous,24761.78,24761.78,0.0,0.01,PASS
leaf_parent_134_26_capex_including_software_yoy_delta,leaf,CHILDREN_TO_MAJOR_PARENT,134,,26,capex_including_software,yoy_delta,106.81999999999971,106.81999999999994,2.2737367544323206e-13,0.01,PASS
leaf_parent_134_26_capex_excluding_software_current,leaf,CHILDREN_TO_MAJOR_PARENT,134,,26,capex_excluding_software,current,23451.25,23451.25,0.0,0.01,PASS
leaf_parent_134_26_capex_excluding_software_previous,leaf,CHILDREN_TO_MAJOR_PARENT,134,,26,capex_excluding_software,previous,23518.22,23518.219999999998,-3.637978807091713e-12,0.01,PASS
leaf_parent_134_26_capex_excluding_software_yoy_delta,leaf,CHILDREN_TO_MAJOR_PARENT,134,,26,capex_excluding_software,yoy_delta,-66.97000000000116,-66.96999999999707,4.092726157978177e-12,0.01,PASS
leaf_parent_134_19_sales_current,leaf,CHILDREN_TO_MAJOR_PARENT,134,,19,sales,current,72156.14,72156.14,0.0,0.01,PASS
leaf_parent_134_19_sales_previous,leaf,CHILDREN_TO_MAJOR_PARENT,134,,19,sales,previous,64201.3,64201.3,0.0,0.01,PASS
leaf_parent_134_19_sales_yoy_delta,leaf,CHILDREN_TO_MAJOR_PARENT,134,,19,sales,yoy_delta,7954.8399999999965,7954.839999999999,2.7284841053187847e-12,0.01,PASS
leaf_parent_134_19_operating_profit_current,leaf,CHILDREN_TO_MAJOR_PARENT,134,,19,operating_profit,current,2696.97,2696.9700000000003,4.547473508864641e-13,0.01,PASS
leaf_parent_134_19_operating_profit_previous,leaf,CHILDREN_TO_MAJOR_PARENT,134,,19,operating_profit,previous,2238.15,2238.15,0.0,0.01,PASS
leaf_parent_134_19_operating_profit_yoy_delta,leaf,CHILDREN_TO_MAJOR_PARENT,134,,19,operating_profit,yoy_delta,458.8199999999997,458.82000000000005,3.410605131648481e-13,0.01,PASS
leaf_parent_134_19_ordinary_profit_current,leaf,CHILDREN_TO_MAJOR_PARENT,134,,19,ordinary_profit,current,3101.61,3101.6099999999997,-4.547473508864641e-13,0.01,PASS
leaf_parent_134_19_ordinary_profit_previous,leaf,CHILDREN_TO_MAJOR_PARENT,134,,19,ordinary_profit,previous,2805.23,2805.23,0.0,0.01,PASS
leaf_parent_134_19_ordinary_profit_yoy_delta,leaf,CHILDREN_TO_MAJOR_PARENT,134,,19,ordinary_profit,yoy_delta,296.3800000000001,296.3799999999998,-2.8421709430404007e-13,0.01,PASS
leaf_parent_134_19_capex_including_software_current,leaf,CHILDREN_TO_MAJOR_PARENT,134,,19,capex_including_software,current,3408.26,3408.26,0.0,0.01,PASS
leaf_parent_134_19_capex_including_software_previous,leaf,CHILDREN_TO_MAJOR_PARENT,134,,19,capex_including_software,previous,2779.02,2779.02,0.0,0.01,PASS
leaf_parent_134_19_capex_including_software_yoy_delta,leaf,CHILDREN_TO_MAJOR_PARENT,134,,19,capex_including_software,yoy_delta,629.2400000000002,629.24,-2.2737367544323206e-13,0.01,PASS
leaf_parent_134_19_capex_excluding_software_current,leaf,CHILDREN_TO_MAJOR_PARENT,134,,19,capex_excluding_software,current,3282.64,3282.64,0.0,0.01,PASS
leaf_parent_134_19_capex_excluding_software_previous,leaf,CHILDREN_TO_MAJOR_PARENT,134,,19,capex_excluding_software,previous,2741.64,2741.64,0.0,0.01,PASS
leaf_parent_134_19_capex_excluding_software_yoy_delta,leaf,CHILDREN_TO_MAJOR_PARENT,134,,19,capex_excluding_software,yoy_delta,541.0,540.9999999999998,-2.2737367544323206e-13,0.01,PASS
leaf_parent_134_24_sales_current,leaf,CHILDREN_TO_MAJOR_PARENT,134,,24,sales,current,32382.51,32382.51,0.0,0.01,PASS
leaf_parent_134_24_sales_previous,leaf,CHILDREN_TO_MAJOR_PARENT,134,,24,sales,previous,30823.07,30823.07,0.0,0.01,PASS
leaf_parent_134_24_sales_yoy_delta,leaf,CHILDREN_TO_MAJOR_PARENT,134,,24,sales,yoy_delta,1559.4399999999987,1559.44,1.3642420526593924e-12,0.01,PASS
leaf_parent_134_24_operating_profit_current,leaf,CHILDREN_TO_MAJOR_PARENT,134,,24,operating_profit,current,1350.42,1350.42,0.0,0.01,PASS
leaf_parent_134_24_operating_profit_previous,leaf,CHILDREN_TO_MAJOR_PARENT,134,,24,operating_profit,previous,521.89,521.89,0.0,0.01,PASS
leaf_parent_134_24_operating_profit_yoy_delta,leaf,CHILDREN_TO_MAJOR_PARENT,134,,24,operating_profit,yoy_delta,828.5300000000001,828.5300000000001,0.0,0.01,PASS
leaf_parent_134_24_ordinary_profit_current,leaf,CHILDREN_TO_MAJOR_PARENT,134,,24,ordinary_profit,current,1504.69,1504.69,0.0,0.01,PASS
leaf_parent_134_24_ordinary_profit_previous,leaf,CHILDREN_TO_MAJOR_PARENT,134,,24,ordinary_profit,previous,712.23,712.23,0.0,0.01,PASS
leaf_parent_134_24_ordinary_profit_yoy_delta,leaf,CHILDREN_TO_MAJOR_PARENT,134,,24,ordinary_profit,yoy_delta,792.46,792.46,0.0,0.01,PASS
leaf_parent_134_24_capex_including_software_current,leaf,CHILDREN_TO_MAJOR_PARENT,134,,24,capex_including_software,current,3007.88,3007.88,0.0,0.01,PASS
leaf_parent_134_24_capex_including_software_previous,leaf,CHILDREN_TO_MAJOR_PARENT,134,,24,capex_including_software,previous,4333.58,4333.58,0.0,0.01,PASS
leaf_parent_134_24_capex_including_software_yoy_delta,leaf,CHILDREN_TO_MAJOR_PARENT,134,,24,capex_including_software,yoy_delta,-1325.6999999999998,-1325.6999999999998,0.0,0.01,PASS
leaf_parent_134_24_capex_excluding_software_current,leaf,CHILDREN_TO_MAJOR_PARENT,134,,24,capex_excluding_software,current,2740.98,2740.98,0.0,0.01,PASS
leaf_parent_134_24_capex_excluding_software_previous,leaf,CHILDREN_TO_MAJOR_PARENT,134,,24,capex_excluding_software,previous,4111.19,4111.19,0.0,0.01,PASS
leaf_parent_134_24_capex_excluding_software_yoy_delta,leaf,CHILDREN_TO_MAJOR_PARENT,134,,24,capex_excluding_software,yoy_delta,-1370.2099999999996,-1370.21,-4.547473508864641e-13,0.01,PASS
leaf_parent_134_25_sales_current,leaf,CHILDREN_TO_MAJOR_PARENT,134,,25,sales,current,78819.78,78819.78,0.0,0.01,PASS
leaf_parent_134_25_sales_previous,leaf,CHILDREN_TO_MAJOR_PARENT,134,,25,sales,previous,77087.65,77087.65,0.0,0.01,PASS
leaf_parent_134_25_sales_yoy_delta,leaf,CHILDREN_TO_MAJOR_PARENT,134,,25,sales,yoy_delta,1732.1300000000047,1732.1300000000065,1.8189894035458565e-12,0.01,PASS
leaf_parent_134_25_operating_profit_current,leaf,CHILDREN_TO_MAJOR_PARENT,134,,25,operating_profit,current,4014.42,4014.42,0.0,0.01,PASS
leaf_parent_134_25_operating_profit_previous,leaf,CHILDREN_TO_MAJOR_PARENT,134,,25,operating_profit,previous,2416.33,2416.33,0.0,0.01,PASS
leaf_parent_134_25_operating_profit_yoy_delta,leaf,CHILDREN_TO_MAJOR_PARENT,134,,25,operating_profit,yoy_delta,1598.0900000000001,1598.09,-2.2737367544323206e-13,0.01,PASS
leaf_parent_134_25_ordinary_profit_current,leaf,CHILDREN_TO_MAJOR_PARENT,134,,25,ordinary_profit,current,4026.6,4026.6,0.0,0.01,PASS
leaf_parent_134_25_ordinary_profit_previous,leaf,CHILDREN_TO_MAJOR_PARENT,134,,25,ordinary_profit,previous,2217.63,2217.63,0.0,0.01,PASS
leaf_parent_134_25_ordinary_profit_yoy_delta,leaf,CHILDREN_TO_MAJOR_PARENT,134,,25,ordinary_profit,yoy_delta,1808.9699999999998,1808.97,2.2737367544323206e-13,0.01,PASS
leaf_parent_134_25_capex_including_software_current,leaf,CHILDREN_TO_MAJOR_PARENT,134,,25,capex_including_software,current,18452.46,18452.46,0.0,0.01,PASS
leaf_parent_134_25_capex_including_software_previous,leaf,CHILDREN_TO_MAJOR_PARENT,134,,25,capex_including_software,previous,17649.18,17649.18,0.0,0.01,PASS
leaf_parent_134_25_capex_including_software_yoy_delta,leaf,CHILDREN_TO_MAJOR_PARENT,134,,25,capex_including_software,yoy_delta,803.2799999999988,803.280000000001,2.1600499167107046e-12,0.01,PASS
leaf_parent_134_25_capex_excluding_software_current,leaf,CHILDREN_TO_MAJOR_PARENT,134,,25,capex_excluding_software,current,17427.63,17427.63,0.0,0.01,PASS
leaf_parent_134_25_capex_excluding_software_previous,leaf,CHILDREN_TO_MAJOR_PARENT,134,,25,capex_excluding_software,previous,16665.39,16665.39,0.0,0.01,PASS
leaf_parent_134_25_capex_excluding_software_yoy_delta,leaf,CHILDREN_TO_MAJOR_PARENT,134,,25,capex_excluding_software,yoy_delta,762.2400000000016,762.2400000000005,-1.1368683772161603e-12,0.01,PASS
leaf_parent_129_26_sales_current,leaf,CHILDREN_TO_MAJOR_PARENT,129,,26,sales,current,1275430.17,1275430.17,0.0,0.01,PASS
leaf_parent_129_26_sales_previous,leaf,CHILDREN_TO_MAJOR_PARENT,129,,26,sales,previous,1275880.59,1275880.5899999999,-2.3283064365386963e-10,0.01,PASS
leaf_parent_129_26_sales_yoy_delta,leaf,CHILDREN_TO_MAJOR_PARENT,129,,26,sales,yoy_delta,-450.4200000001583,-450.4199999999255,2.3283064365386963e-10,0.01,PASS
leaf_parent_129_26_operating_profit_current,leaf,CHILDREN_TO_MAJOR_PARENT,129,,26,operating_profit,current,36377.3,36377.3,0.0,0.01,PASS
leaf_parent_129_26_operating_profit_previous,leaf,CHILDREN_TO_MAJOR_PARENT,129,,26,operating_profit,previous,36324.96,36324.96,0.0,0.01,PASS
leaf_parent_129_26_operating_profit_yoy_delta,leaf,CHILDREN_TO_MAJOR_PARENT,129,,26,operating_profit,yoy_delta,52.34000000000378,52.340000000001965,-1.8189894035458565e-12,0.01,PASS
leaf_parent_129_26_ordinary_profit_current,leaf,CHILDREN_TO_MAJOR_PARENT,129,,26,ordinary_profit,current,50390.43,50390.43000000001,7.275957614183426e-12,0.01,PASS
leaf_parent_129_26_ordinary_profit_previous,leaf,CHILDREN_TO_MAJOR_PARENT,129,,26,ordinary_profit,previous,47205.72,47205.72,0.0,0.01,PASS
leaf_parent_129_26_ordinary_profit_yoy_delta,leaf,CHILDREN_TO_MAJOR_PARENT,129,,26,ordinary_profit,yoy_delta,3184.709999999999,3184.7100000000028,3.637978807091713e-12,0.01,PASS
leaf_parent_129_26_capex_including_software_current,leaf,CHILDREN_TO_MAJOR_PARENT,129,,26,capex_including_software,current,21340.72,21340.72,0.0,0.01,PASS
leaf_parent_129_26_capex_including_software_previous,leaf,CHILDREN_TO_MAJOR_PARENT,129,,26,capex_including_software,previous,20892.74,20892.74,0.0,0.01,PASS
leaf_parent_129_26_capex_including_software_yoy_delta,leaf,CHILDREN_TO_MAJOR_PARENT,129,,26,capex_including_software,yoy_delta,447.97999999999956,447.97999999999956,0.0,0.01,PASS
leaf_parent_129_26_capex_excluding_software_current,leaf,CHILDREN_TO_MAJOR_PARENT,129,,26,capex_excluding_software,current,18264.37,18264.370000000003,3.637978807091713e-12,0.01,PASS
leaf_parent_129_26_capex_excluding_software_previous,leaf,CHILDREN_TO_MAJOR_PARENT,129,,26,capex_excluding_software,previous,18662.33,18662.33,0.0,0.01,PASS
leaf_parent_129_26_capex_excluding_software_yoy_delta,leaf,CHILDREN_TO_MAJOR_PARENT,129,,26,capex_excluding_software,yoy_delta,-397.96000000000276,-397.9599999999991,3.637978807091713e-12,0.01,PASS
leaf_parent_129_19_sales_current,leaf,CHILDREN_TO_MAJOR_PARENT,129,,19,sales,current,544052.96,544052.96,0.0,0.01,PASS
leaf_parent_129_19_sales_previous,leaf,CHILDREN_TO_MAJOR_PARENT,129,,19,sales,previous,530647.57,530647.57,0.0,0.01,PASS
leaf_parent_129_19_sales_yoy_delta,leaf,CHILDREN_TO_MAJOR_PARENT,129,,19,sales,yoy_delta,13405.390000000014,13405.389999999985,-2.9103830456733704e-11,0.01,PASS
leaf_parent_129_19_operating_profit_current,leaf,CHILDREN_TO_MAJOR_PARENT,129,,19,operating_profit,current,15520.21,15520.21,0.0,0.01,PASS
leaf_parent_129_19_operating_profit_previous,leaf,CHILDREN_TO_MAJOR_PARENT,129,,19,operating_profit,previous,16424.12,16424.12,0.0,0.01,PASS
leaf_parent_129_19_operating_profit_yoy_delta,leaf,CHILDREN_TO_MAJOR_PARENT,129,,19,operating_profit,yoy_delta,-903.9099999999999,-903.909999999999,9.094947017729282e-13,0.01,PASS
leaf_parent_129_19_ordinary_profit_current,leaf,CHILDREN_TO_MAJOR_PARENT,129,,19,ordinary_profit,current,18653.57,18653.57,0.0,0.01,PASS
leaf_parent_129_19_ordinary_profit_previous,leaf,CHILDREN_TO_MAJOR_PARENT,129,,19,ordinary_profit,previous,18657.64,18657.64,0.0,0.01,PASS
leaf_parent_129_19_ordinary_profit_yoy_delta,leaf,CHILDREN_TO_MAJOR_PARENT,129,,19,ordinary_profit,yoy_delta,-4.069999999999709,-4.069999999999709,0.0,0.01,PASS
leaf_parent_129_19_capex_including_software_current,leaf,CHILDREN_TO_MAJOR_PARENT,129,,19,capex_including_software,current,8261.16,8261.16,0.0,0.01,PASS
leaf_parent_129_19_capex_including_software_previous,leaf,CHILDREN_TO_MAJOR_PARENT,129,,19,capex_including_software,previous,7133.92,7133.92,0.0,0.01,PASS
leaf_parent_129_19_capex_including_software_yoy_delta,leaf,CHILDREN_TO_MAJOR_PARENT,129,,19,capex_including_software,yoy_delta,1127.2399999999998,1127.2399999999998,0.0,0.01,PASS
leaf_parent_129_19_capex_excluding_software_current,leaf,CHILDREN_TO_MAJOR_PARENT,129,,19,capex_excluding_software,current,7300.41,7300.41,0.0,0.01,PASS
leaf_parent_129_19_capex_excluding_software_previous,leaf,CHILDREN_TO_MAJOR_PARENT,129,,19,capex_excluding_software,previous,6805.75,6805.75,0.0,0.01,PASS
leaf_parent_129_19_capex_excluding_software_yoy_delta,leaf,CHILDREN_TO_MAJOR_PARENT,129,,19,capex_excluding_software,yoy_delta,494.65999999999985,494.65999999999985,0.0,0.01,PASS
leaf_parent_129_24_sales_current,leaf,CHILDREN_TO_MAJOR_PARENT,129,,24,sales,current,368082.02,368082.02,0.0,0.01,PASS
leaf_parent_129_24_sales_previous,leaf,CHILDREN_TO_MAJOR_PARENT,129,,24,sales,previous,351391.8,351391.8,0.0,0.01,PASS
leaf_parent_129_24_sales_yoy_delta,leaf,CHILDREN_TO_MAJOR_PARENT,129,,24,sales,yoy_delta,16690.22000000003,16690.220000000016,-1.4551915228366852e-11,0.01,PASS
leaf_parent_129_24_operating_profit_current,leaf,CHILDREN_TO_MAJOR_PARENT,129,,24,operating_profit,current,9678.46,9678.46,0.0,0.01,PASS
leaf_parent_129_24_operating_profit_previous,leaf,CHILDREN_TO_MAJOR_PARENT,129,,24,operating_profit,previous,10389.65,10389.65,0.0,0.01,PASS
leaf_parent_129_24_operating_profit_yoy_delta,leaf,CHILDREN_TO_MAJOR_PARENT,129,,24,operating_profit,yoy_delta,-711.1900000000005,-711.19,4.547473508864641e-13,0.01,PASS
leaf_parent_129_24_ordinary_profit_current,leaf,CHILDREN_TO_MAJOR_PARENT,129,,24,ordinary_profit,current,11183.83,11183.83,0.0,0.01,PASS
leaf_parent_129_24_ordinary_profit_previous,leaf,CHILDREN_TO_MAJOR_PARENT,129,,24,ordinary_profit,previous,12213.08,12213.08,0.0,0.01,PASS
leaf_parent_129_24_ordinary_profit_yoy_delta,leaf,CHILDREN_TO_MAJOR_PARENT,129,,24,ordinary_profit,yoy_delta,-1029.25,-1029.2499999999995,4.547473508864641e-13,0.01,PASS
leaf_parent_129_24_capex_including_software_current,leaf,CHILDREN_TO_MAJOR_PARENT,129,,24,capex_including_software,current,6100.57,6100.57,0.0,0.01,PASS
leaf_parent_129_24_capex_including_software_previous,leaf,CHILDREN_TO_MAJOR_PARENT,129,,24,capex_including_software,previous,5725.23,5725.23,0.0,0.01,PASS
leaf_parent_129_24_capex_including_software_yoy_delta,leaf,CHILDREN_TO_MAJOR_PARENT,129,,24,capex_including_software,yoy_delta,375.34000000000015,375.3399999999997,-4.547473508864641e-13,0.01,PASS
leaf_parent_129_24_capex_excluding_software_current,leaf,CHILDREN_TO_MAJOR_PARENT,129,,24,capex_excluding_software,current,5240.66,5240.66,0.0,0.01,PASS
leaf_parent_129_24_capex_excluding_software_previous,leaf,CHILDREN_TO_MAJOR_PARENT,129,,24,capex_excluding_software,previous,5090.06,5090.0599999999995,-9.094947017729282e-13,0.01,PASS
leaf_parent_129_24_capex_excluding_software_yoy_delta,leaf,CHILDREN_TO_MAJOR_PARENT,129,,24,capex_excluding_software,yoy_delta,150.59999999999945,150.5999999999999,4.547473508864641e-13,0.01,PASS
leaf_parent_129_25_sales_current,leaf,CHILDREN_TO_MAJOR_PARENT,129,,25,sales,current,363295.19,363295.19,0.0,0.01,PASS
leaf_parent_129_25_sales_previous,leaf,CHILDREN_TO_MAJOR_PARENT,129,,25,sales,previous,393841.22,393841.22,0.0,0.01,PASS
leaf_parent_129_25_sales_yoy_delta,leaf,CHILDREN_TO_MAJOR_PARENT,129,,25,sales,yoy_delta,-30546.02999999997,-30546.029999999984,-1.4551915228366852e-11,0.01,PASS
leaf_parent_129_25_operating_profit_current,leaf,CHILDREN_TO_MAJOR_PARENT,129,,25,operating_profit,current,11178.63,11178.630000000001,1.8189894035458565e-12,0.01,PASS
leaf_parent_129_25_operating_profit_previous,leaf,CHILDREN_TO_MAJOR_PARENT,129,,25,operating_profit,previous,9511.19,9511.189999999999,-1.8189894035458565e-12,0.01,PASS
leaf_parent_129_25_operating_profit_yoy_delta,leaf,CHILDREN_TO_MAJOR_PARENT,129,,25,operating_profit,yoy_delta,1667.4399999999987,1667.4400000000005,1.8189894035458565e-12,0.01,PASS
leaf_parent_129_25_ordinary_profit_current,leaf,CHILDREN_TO_MAJOR_PARENT,129,,25,ordinary_profit,current,20553.03,20553.03,0.0,0.01,PASS
leaf_parent_129_25_ordinary_profit_previous,leaf,CHILDREN_TO_MAJOR_PARENT,129,,25,ordinary_profit,previous,16335.0,16335.0,0.0,0.01,PASS
leaf_parent_129_25_ordinary_profit_yoy_delta,leaf,CHILDREN_TO_MAJOR_PARENT,129,,25,ordinary_profit,yoy_delta,4218.029999999999,4218.029999999999,0.0,0.01,PASS
leaf_parent_129_25_capex_including_software_current,leaf,CHILDREN_TO_MAJOR_PARENT,129,,25,capex_including_software,current,6978.99,6978.99,0.0,0.01,PASS
leaf_parent_129_25_capex_including_software_previous,leaf,CHILDREN_TO_MAJOR_PARENT,129,,25,capex_including_software,previous,8033.59,8033.59,0.0,0.01,PASS
leaf_parent_129_25_capex_including_software_yoy_delta,leaf,CHILDREN_TO_MAJOR_PARENT,129,,25,capex_including_software,yoy_delta,-1054.6000000000004,-1054.6000000000004,0.0,0.01,PASS
leaf_parent_129_25_capex_excluding_software_current,leaf,CHILDREN_TO_MAJOR_PARENT,129,,25,capex_excluding_software,current,5723.3,5723.3,0.0,0.01,PASS
leaf_parent_129_25_capex_excluding_software_previous,leaf,CHILDREN_TO_MAJOR_PARENT,129,,25,capex_excluding_software,previous,6766.52,6766.52,0.0,0.01,PASS
leaf_parent_129_25_capex_excluding_software_yoy_delta,leaf,CHILDREN_TO_MAJOR_PARENT,129,,25,capex_excluding_software,yoy_delta,-1043.2200000000003,-1043.2199999999998,4.547473508864641e-13,0.01,PASS
leaf_parent_155_26_sales_current,leaf,CHILDREN_TO_MAJOR_PARENT,155,,26,sales,current,194477.95,194477.95,0.0,0.01,PASS
leaf_parent_155_26_sales_previous,leaf,CHILDREN_TO_MAJOR_PARENT,155,,26,sales,previous,189215.87,189215.87,0.0,0.01,PASS
leaf_parent_155_26_sales_yoy_delta,leaf,CHILDREN_TO_MAJOR_PARENT,155,,26,sales,yoy_delta,5262.080000000016,5262.080000000013,-3.637978807091713e-12,0.01,PASS
leaf_parent_155_26_operating_profit_current,leaf,CHILDREN_TO_MAJOR_PARENT,155,,26,operating_profit,current,25824.79,25824.789999999997,-3.637978807091713e-12,0.01,PASS
leaf_parent_155_26_operating_profit_previous,leaf,CHILDREN_TO_MAJOR_PARENT,155,,26,operating_profit,previous,23805.96,23805.96,0.0,0.01,PASS
leaf_parent_155_26_operating_profit_yoy_delta,leaf,CHILDREN_TO_MAJOR_PARENT,155,,26,operating_profit,yoy_delta,2018.8300000000017,2018.8299999999997,-2.0463630789890885e-12,0.01,PASS
leaf_parent_155_26_ordinary_profit_current,leaf,CHILDREN_TO_MAJOR_PARENT,155,,26,ordinary_profit,current,28884.13,28884.13,0.0,0.01,PASS
leaf_parent_155_26_ordinary_profit_previous,leaf,CHILDREN_TO_MAJOR_PARENT,155,,26,ordinary_profit,previous,26226.49,26226.49,0.0,0.01,PASS
leaf_parent_155_26_ordinary_profit_yoy_delta,leaf,CHILDREN_TO_MAJOR_PARENT,155,,26,ordinary_profit,yoy_delta,2657.6399999999994,2657.640000000001,1.3642420526593924e-12,0.01,PASS
leaf_parent_155_26_capex_including_software_current,leaf,CHILDREN_TO_MAJOR_PARENT,155,,26,capex_including_software,current,20721.52,20721.52,0.0,0.01,PASS
leaf_parent_155_26_capex_including_software_previous,leaf,CHILDREN_TO_MAJOR_PARENT,155,,26,capex_including_software,previous,23640.0,23640.0,0.0,0.01,PASS
leaf_parent_155_26_capex_including_software_yoy_delta,leaf,CHILDREN_TO_MAJOR_PARENT,155,,26,capex_including_software,yoy_delta,-2918.4799999999996,-2918.4800000000005,-9.094947017729282e-13,0.01,PASS
leaf_parent_155_26_capex_excluding_software_current,leaf,CHILDREN_TO_MAJOR_PARENT,155,,26,capex_excluding_software,current,20224.27,20224.27,0.0,0.01,PASS
leaf_parent_155_26_capex_excluding_software_previous,leaf,CHILDREN_TO_MAJOR_PARENT,155,,26,capex_excluding_software,previous,22855.52,22855.52,0.0,0.01,PASS
leaf_parent_155_26_capex_excluding_software_yoy_delta,leaf,CHILDREN_TO_MAJOR_PARENT,155,,26,capex_excluding_software,yoy_delta,-2631.25,-2631.249999999999,9.094947017729282e-13,0.01,PASS
leaf_parent_155_19_sales_current,leaf,CHILDREN_TO_MAJOR_PARENT,155,,19,sales,current,55627.7,55627.7,0.0,0.01,PASS
leaf_parent_155_19_sales_previous,leaf,CHILDREN_TO_MAJOR_PARENT,155,,19,sales,previous,60603.69,60603.69,0.0,0.01,PASS
leaf_parent_155_19_sales_yoy_delta,leaf,CHILDREN_TO_MAJOR_PARENT,155,,19,sales,yoy_delta,-4975.990000000005,-4975.990000000004,9.094947017729282e-13,0.01,PASS
leaf_parent_155_19_operating_profit_current,leaf,CHILDREN_TO_MAJOR_PARENT,155,,19,operating_profit,current,7520.56,7520.5599999999995,-9.094947017729282e-13,0.01,PASS
leaf_parent_155_19_operating_profit_previous,leaf,CHILDREN_TO_MAJOR_PARENT,155,,19,operating_profit,previous,8126.28,8126.28,0.0,0.01,PASS
leaf_parent_155_19_operating_profit_yoy_delta,leaf,CHILDREN_TO_MAJOR_PARENT,155,,19,operating_profit,yoy_delta,-605.7199999999993,-605.7200000000001,-7.958078640513122e-13,0.01,PASS
leaf_parent_155_19_ordinary_profit_current,leaf,CHILDREN_TO_MAJOR_PARENT,155,,19,ordinary_profit,current,8759.09,8759.09,0.0,0.01,PASS
leaf_parent_155_19_ordinary_profit_previous,leaf,CHILDREN_TO_MAJOR_PARENT,155,,19,ordinary_profit,previous,9305.4,9305.4,0.0,0.01,PASS
leaf_parent_155_19_ordinary_profit_yoy_delta,leaf,CHILDREN_TO_MAJOR_PARENT,155,,19,ordinary_profit,yoy_delta,-546.3099999999995,-546.3100000000001,-5.684341886080801e-13,0.01,PASS
leaf_parent_155_19_capex_including_software_current,leaf,CHILDREN_TO_MAJOR_PARENT,155,,19,capex_including_software,current,3762.73,3762.73,0.0,0.01,PASS
leaf_parent_155_19_capex_including_software_previous,leaf,CHILDREN_TO_MAJOR_PARENT,155,,19,capex_including_software,previous,4273.92,4273.92,0.0,0.01,PASS
leaf_parent_155_19_capex_including_software_yoy_delta,leaf,CHILDREN_TO_MAJOR_PARENT,155,,19,capex_including_software,yoy_delta,-511.19000000000005,-511.1899999999998,2.2737367544323206e-13,0.01,PASS
leaf_parent_155_19_capex_excluding_software_current,leaf,CHILDREN_TO_MAJOR_PARENT,155,,19,capex_excluding_software,current,3754.7,3754.7,0.0,0.01,PASS
leaf_parent_155_19_capex_excluding_software_previous,leaf,CHILDREN_TO_MAJOR_PARENT,155,,19,capex_excluding_software,previous,4247.76,4247.76,0.0,0.01,PASS
leaf_parent_155_19_capex_excluding_software_yoy_delta,leaf,CHILDREN_TO_MAJOR_PARENT,155,,19,capex_excluding_software,yoy_delta,-493.0600000000004,-493.0600000000003,1.1368683772161603e-13,0.01,PASS
leaf_parent_155_24_sales_current,leaf,CHILDREN_TO_MAJOR_PARENT,155,,24,sales,current,61960.71,61960.71,0.0,0.01,PASS
leaf_parent_155_24_sales_previous,leaf,CHILDREN_TO_MAJOR_PARENT,155,,24,sales,previous,61953.19,61953.19,0.0,0.01,PASS
leaf_parent_155_24_sales_yoy_delta,leaf,CHILDREN_TO_MAJOR_PARENT,155,,24,sales,yoy_delta,7.519999999996799,7.519999999997708,9.094947017729282e-13,0.01,PASS
leaf_parent_155_24_operating_profit_current,leaf,CHILDREN_TO_MAJOR_PARENT,155,,24,operating_profit,current,7012.1,7012.1,0.0,0.01,PASS
leaf_parent_155_24_operating_profit_previous,leaf,CHILDREN_TO_MAJOR_PARENT,155,,24,operating_profit,previous,6041.37,6041.37,0.0,0.01,PASS
leaf_parent_155_24_operating_profit_yoy_delta,leaf,CHILDREN_TO_MAJOR_PARENT,155,,24,operating_profit,yoy_delta,970.7300000000005,970.7300000000007,2.2737367544323206e-13,0.01,PASS
leaf_parent_155_24_ordinary_profit_current,leaf,CHILDREN_TO_MAJOR_PARENT,155,,24,ordinary_profit,current,7715.92,7715.92,0.0,0.01,PASS
leaf_parent_155_24_ordinary_profit_previous,leaf,CHILDREN_TO_MAJOR_PARENT,155,,24,ordinary_profit,previous,6761.25,6761.25,0.0,0.01,PASS
leaf_parent_155_24_ordinary_profit_yoy_delta,leaf,CHILDREN_TO_MAJOR_PARENT,155,,24,ordinary_profit,yoy_delta,954.6700000000001,954.6699999999996,-4.547473508864641e-13,0.01,PASS
leaf_parent_155_24_capex_including_software_current,leaf,CHILDREN_TO_MAJOR_PARENT,155,,24,capex_including_software,current,4292.29,4292.29,0.0,0.01,PASS
leaf_parent_155_24_capex_including_software_previous,leaf,CHILDREN_TO_MAJOR_PARENT,155,,24,capex_including_software,previous,5518.52,5518.52,0.0,0.01,PASS
leaf_parent_155_24_capex_including_software_yoy_delta,leaf,CHILDREN_TO_MAJOR_PARENT,155,,24,capex_including_software,yoy_delta,-1226.2300000000005,-1226.23,4.547473508864641e-13,0.01,PASS
leaf_parent_155_24_capex_excluding_software_current,leaf,CHILDREN_TO_MAJOR_PARENT,155,,24,capex_excluding_software,current,4111.85,4111.849999999999,-9.094947017729282e-13,0.01,PASS
leaf_parent_155_24_capex_excluding_software_previous,leaf,CHILDREN_TO_MAJOR_PARENT,155,,24,capex_excluding_software,previous,5207.85,5207.85,0.0,0.01,PASS
leaf_parent_155_24_capex_excluding_software_yoy_delta,leaf,CHILDREN_TO_MAJOR_PARENT,155,,24,capex_excluding_software,yoy_delta,-1096.0,-1096.0000000000005,-4.547473508864641e-13,0.01,PASS
leaf_parent_155_25_sales_current,leaf,CHILDREN_TO_MAJOR_PARENT,155,,25,sales,current,76889.54,76889.54000000001,1.4551915228366852e-11,0.01,PASS
leaf_parent_155_25_sales_previous,leaf,CHILDREN_TO_MAJOR_PARENT,155,,25,sales,previous,66658.99,66658.99,0.0,0.01,PASS
leaf_parent_155_25_sales_yoy_delta,leaf,CHILDREN_TO_MAJOR_PARENT,155,,25,sales,yoy_delta,10230.549999999988,10230.550000000001,1.2732925824820995e-11,0.01,PASS
leaf_parent_155_25_operating_profit_current,leaf,CHILDREN_TO_MAJOR_PARENT,155,,25,operating_profit,current,11292.13,11292.13,0.0,0.01,PASS
leaf_parent_155_25_operating_profit_previous,leaf,CHILDREN_TO_MAJOR_PARENT,155,,25,operating_profit,previous,9638.31,9638.31,0.0,0.01,PASS
leaf_parent_155_25_operating_profit_yoy_delta,leaf,CHILDREN_TO_MAJOR_PARENT,155,,25,operating_profit,yoy_delta,1653.8199999999997,1653.819999999999,-6.821210263296962e-13,0.01,PASS
leaf_parent_155_25_ordinary_profit_current,leaf,CHILDREN_TO_MAJOR_PARENT,155,,25,ordinary_profit,current,12409.12,12409.119999999999,-1.8189894035458565e-12,0.01,PASS
leaf_parent_155_25_ordinary_profit_previous,leaf,CHILDREN_TO_MAJOR_PARENT,155,,25,ordinary_profit,previous,10159.84,10159.84,0.0,0.01,PASS
leaf_parent_155_25_ordinary_profit_yoy_delta,leaf,CHILDREN_TO_MAJOR_PARENT,155,,25,ordinary_profit,yoy_delta,2249.2800000000007,2249.279999999999,-1.8189894035458565e-12,0.01,PASS
leaf_parent_155_25_capex_including_software_current,leaf,CHILDREN_TO_MAJOR_PARENT,155,,25,capex_including_software,current,12666.5,12666.5,0.0,0.01,PASS
leaf_parent_155_25_capex_including_software_previous,leaf,CHILDREN_TO_MAJOR_PARENT,155,,25,capex_including_software,previous,13847.56,13847.56,0.0,0.01,PASS
leaf_parent_155_25_capex_including_software_yoy_delta,leaf,CHILDREN_TO_MAJOR_PARENT,155,,25,capex_including_software,yoy_delta,-1181.0599999999995,-1181.0600000000004,-9.094947017729282e-13,0.01,PASS
leaf_parent_155_25_capex_excluding_software_current,leaf,CHILDREN_TO_MAJOR_PARENT,155,,25,capex_excluding_software,current,12357.72,12357.72,0.0,0.01,PASS
leaf_parent_155_25_capex_excluding_software_previous,leaf,CHILDREN_TO_MAJOR_PARENT,155,,25,capex_excluding_software,previous,13399.91,13399.91,0.0,0.01,PASS
leaf_parent_155_25_capex_excluding_software_yoy_delta,leaf,CHILDREN_TO_MAJOR_PARENT,155,,25,capex_excluding_software,yoy_delta,-1042.1900000000005,-1042.1899999999996,9.094947017729282e-13,0.01,PASS
leaf_parent_137_26_sales_current,leaf,CHILDREN_TO_MAJOR_PARENT,137,,26,sales,current,441841.03,441841.03,0.0,0.01,PASS
leaf_parent_137_26_sales_previous,leaf,CHILDREN_TO_MAJOR_PARENT,137,,26,sales,previous,457927.39,457927.39,0.0,0.01,PASS
leaf_parent_137_26_sales_yoy_delta,leaf,CHILDREN_TO_MAJOR_PARENT,137,,26,sales,yoy_delta,-16086.359999999986,-16086.359999999993,-7.275957614183426e-12,0.01,PASS
leaf_parent_137_26_operating_profit_current,leaf,CHILDREN_TO_MAJOR_PARENT,137,,26,operating_profit,current,42429.32,42429.32,0.0,0.01,PASS
leaf_parent_137_26_operating_profit_previous,leaf,CHILDREN_TO_MAJOR_PARENT,137,,26,operating_profit,previous,45087.77,45087.770000000004,7.275957614183426e-12,0.01,PASS
leaf_parent_137_26_operating_profit_yoy_delta,leaf,CHILDREN_TO_MAJOR_PARENT,137,,26,operating_profit,yoy_delta,-2658.449999999997,-2658.450000000002,-5.002220859751105e-12,0.01,PASS
leaf_parent_137_26_ordinary_profit_current,leaf,CHILDREN_TO_MAJOR_PARENT,137,,26,ordinary_profit,current,43082.1,43082.1,0.0,0.01,PASS
leaf_parent_137_26_ordinary_profit_previous,leaf,CHILDREN_TO_MAJOR_PARENT,137,,26,ordinary_profit,previous,44525.31,44525.31,0.0,0.01,PASS
leaf_parent_137_26_ordinary_profit_yoy_delta,leaf,CHILDREN_TO_MAJOR_PARENT,137,,26,ordinary_profit,yoy_delta,-1443.2099999999991,-1443.2099999999996,-4.547473508864641e-13,0.01,PASS
leaf_parent_137_26_capex_including_software_current,leaf,CHILDREN_TO_MAJOR_PARENT,137,,26,capex_including_software,current,16616.39,16616.39,0.0,0.01,PASS
leaf_parent_137_26_capex_including_software_previous,leaf,CHILDREN_TO_MAJOR_PARENT,137,,26,capex_including_software,previous,17268.16,17268.16,0.0,0.01,PASS
leaf_parent_137_26_capex_including_software_yoy_delta,leaf,CHILDREN_TO_MAJOR_PARENT,137,,26,capex_including_software,yoy_delta,-651.7700000000004,-651.77,4.547473508864641e-13,0.01,PASS
leaf_parent_137_26_capex_excluding_software_current,leaf,CHILDREN_TO_MAJOR_PARENT,137,,26,capex_excluding_software,current,13636.02,13636.02,0.0,0.01,PASS
leaf_parent_137_26_capex_excluding_software_previous,leaf,CHILDREN_TO_MAJOR_PARENT,137,,26,capex_excluding_software,previous,14405.93,14405.93,0.0,0.01,PASS
leaf_parent_137_26_capex_excluding_software_yoy_delta,leaf,CHILDREN_TO_MAJOR_PARENT,137,,26,capex_excluding_software,yoy_delta,-769.9099999999999,-769.9100000000003,-4.547473508864641e-13,0.01,PASS
leaf_parent_137_19_sales_current,leaf,CHILDREN_TO_MAJOR_PARENT,137,,19,sales,current,245746.3,245746.30000000002,2.9103830456733704e-11,0.01,PASS
leaf_parent_137_19_sales_previous,leaf,CHILDREN_TO_MAJOR_PARENT,137,,19,sales,previous,249322.49,249322.49,0.0,0.01,PASS
leaf_parent_137_19_sales_yoy_delta,leaf,CHILDREN_TO_MAJOR_PARENT,137,,19,sales,yoy_delta,-3576.1900000000023,-3576.18999999999,1.2278178473934531e-11,0.01,PASS
leaf_parent_137_19_operating_profit_current,leaf,CHILDREN_TO_MAJOR_PARENT,137,,19,operating_profit,current,15780.73,15780.73,0.0,0.01,PASS
leaf_parent_137_19_operating_profit_previous,leaf,CHILDREN_TO_MAJOR_PARENT,137,,19,operating_profit,previous,17807.58,17807.58,0.0,0.01,PASS
leaf_parent_137_19_operating_profit_yoy_delta,leaf,CHILDREN_TO_MAJOR_PARENT,137,,19,operating_profit,yoy_delta,-2026.8500000000022,-2026.85,2.2737367544323206e-12,0.01,PASS
leaf_parent_137_19_ordinary_profit_current,leaf,CHILDREN_TO_MAJOR_PARENT,137,,19,ordinary_profit,current,18141.69,18141.69,0.0,0.01,PASS
leaf_parent_137_19_ordinary_profit_previous,leaf,CHILDREN_TO_MAJOR_PARENT,137,,19,ordinary_profit,previous,18357.98,18357.98,0.0,0.01,PASS
leaf_parent_137_19_ordinary_profit_yoy_delta,leaf,CHILDREN_TO_MAJOR_PARENT,137,,19,ordinary_profit,yoy_delta,-216.29000000000087,-216.29000000000076,1.1368683772161603e-13,0.01,PASS
leaf_parent_137_19_capex_including_software_current,leaf,CHILDREN_TO_MAJOR_PARENT,137,,19,capex_including_software,current,5754.75,5754.75,0.0,0.01,PASS
leaf_parent_137_19_capex_including_software_previous,leaf,CHILDREN_TO_MAJOR_PARENT,137,,19,capex_including_software,previous,6537.77,6537.7699999999995,-9.094947017729282e-13,0.01,PASS
leaf_parent_137_19_capex_including_software_yoy_delta,leaf,CHILDREN_TO_MAJOR_PARENT,137,,19,capex_including_software,yoy_delta,-783.0200000000004,-783.0199999999999,5.684341886080801e-13,0.01,PASS
leaf_parent_137_19_capex_excluding_software_current,leaf,CHILDREN_TO_MAJOR_PARENT,137,,19,capex_excluding_software,current,5155.1,5155.1,0.0,0.01,PASS
leaf_parent_137_19_capex_excluding_software_previous,leaf,CHILDREN_TO_MAJOR_PARENT,137,,19,capex_excluding_software,previous,5873.67,5873.67,0.0,0.01,PASS
leaf_parent_137_19_capex_excluding_software_yoy_delta,leaf,CHILDREN_TO_MAJOR_PARENT,137,,19,capex_excluding_software,yoy_delta,-718.5699999999997,-718.5700000000002,-4.547473508864641e-13,0.01,PASS
leaf_parent_137_24_sales_current,leaf,CHILDREN_TO_MAJOR_PARENT,137,,24,sales,current,110136.91,110136.91,0.0,0.01,PASS
leaf_parent_137_24_sales_previous,leaf,CHILDREN_TO_MAJOR_PARENT,137,,24,sales,previous,120292.72,120292.72,0.0,0.01,PASS
leaf_parent_137_24_sales_yoy_delta,leaf,CHILDREN_TO_MAJOR_PARENT,137,,24,sales,yoy_delta,-10155.809999999998,-10155.810000000003,-5.4569682106375694e-12,0.01,PASS
leaf_parent_137_24_operating_profit_current,leaf,CHILDREN_TO_MAJOR_PARENT,137,,24,operating_profit,current,9132.65,9132.65,0.0,0.01,PASS
leaf_parent_137_24_operating_profit_previous,leaf,CHILDREN_TO_MAJOR_PARENT,137,,24,operating_profit,previous,7682.39,7682.39,0.0,0.01,PASS
leaf_parent_137_24_operating_profit_yoy_delta,leaf,CHILDREN_TO_MAJOR_PARENT,137,,24,operating_profit,yoy_delta,1450.2599999999993,1450.2599999999998,4.547473508864641e-13,0.01,PASS
leaf_parent_137_24_ordinary_profit_current,leaf,CHILDREN_TO_MAJOR_PARENT,137,,24,ordinary_profit,current,10313.87,10313.869999999999,-1.8189894035458565e-12,0.01,PASS
leaf_parent_137_24_ordinary_profit_previous,leaf,CHILDREN_TO_MAJOR_PARENT,137,,24,ordinary_profit,previous,7909.08,7909.08,0.0,0.01,PASS
leaf_parent_137_24_ordinary_profit_yoy_delta,leaf,CHILDREN_TO_MAJOR_PARENT,137,,24,ordinary_profit,yoy_delta,2404.790000000001,2404.79,-9.094947017729282e-13,0.01,PASS
leaf_parent_137_24_capex_including_software_current,leaf,CHILDREN_TO_MAJOR_PARENT,137,,24,capex_including_software,current,5075.33,5075.33,0.0,0.01,PASS
leaf_parent_137_24_capex_including_software_previous,leaf,CHILDREN_TO_MAJOR_PARENT,137,,24,capex_including_software,previous,4891.56,4891.56,0.0,0.01,PASS
leaf_parent_137_24_capex_including_software_yoy_delta,leaf,CHILDREN_TO_MAJOR_PARENT,137,,24,capex_including_software,yoy_delta,183.76999999999953,183.7699999999999,3.694822225952521e-13,0.01,PASS
leaf_parent_137_24_capex_excluding_software_current,leaf,CHILDREN_TO_MAJOR_PARENT,137,,24,capex_excluding_software,current,4091.94,4091.94,0.0,0.01,PASS
leaf_parent_137_24_capex_excluding_software_previous,leaf,CHILDREN_TO_MAJOR_PARENT,137,,24,capex_excluding_software,previous,3896.8,3896.8,0.0,0.01,PASS
leaf_parent_137_24_capex_excluding_software_yoy_delta,leaf,CHILDREN_TO_MAJOR_PARENT,137,,24,capex_excluding_software,yoy_delta,195.13999999999987,195.1399999999999,2.842170943040401e-14,0.01,PASS
leaf_parent_137_25_sales_current,leaf,CHILDREN_TO_MAJOR_PARENT,137,,25,sales,current,85957.82,85957.82,0.0,0.01,PASS
leaf_parent_137_25_sales_previous,leaf,CHILDREN_TO_MAJOR_PARENT,137,,25,sales,previous,88312.18,88312.18,0.0,0.01,PASS
leaf_parent_137_25_sales_yoy_delta,leaf,CHILDREN_TO_MAJOR_PARENT,137,,25,sales,yoy_delta,-2354.359999999986,-2354.3599999999983,-1.2278178473934531e-11,0.01,PASS
leaf_parent_137_25_operating_profit_current,leaf,CHILDREN_TO_MAJOR_PARENT,137,,25,operating_profit,current,17515.94,17515.94,0.0,0.01,PASS
leaf_parent_137_25_operating_profit_previous,leaf,CHILDREN_TO_MAJOR_PARENT,137,,25,operating_profit,previous,19597.8,19597.8,0.0,0.01,PASS
leaf_parent_137_25_operating_profit_yoy_delta,leaf,CHILDREN_TO_MAJOR_PARENT,137,,25,operating_profit,yoy_delta,-2081.8600000000006,-2081.8599999999997,9.094947017729282e-13,0.01,PASS
leaf_parent_137_25_ordinary_profit_current,leaf,CHILDREN_TO_MAJOR_PARENT,137,,25,ordinary_profit,current,14626.54,14626.54,0.0,0.01,PASS
leaf_parent_137_25_ordinary_profit_previous,leaf,CHILDREN_TO_MAJOR_PARENT,137,,25,ordinary_profit,previous,18258.25,18258.25,0.0,0.01,PASS
leaf_parent_137_25_ordinary_profit_yoy_delta,leaf,CHILDREN_TO_MAJOR_PARENT,137,,25,ordinary_profit,yoy_delta,-3631.709999999999,-3631.71,-9.094947017729282e-13,0.01,PASS
leaf_parent_137_25_capex_including_software_current,leaf,CHILDREN_TO_MAJOR_PARENT,137,,25,capex_including_software,current,5786.31,5786.31,0.0,0.01,PASS
leaf_parent_137_25_capex_including_software_previous,leaf,CHILDREN_TO_MAJOR_PARENT,137,,25,capex_including_software,previous,5838.83,5838.83,0.0,0.01,PASS
leaf_parent_137_25_capex_including_software_yoy_delta,leaf,CHILDREN_TO_MAJOR_PARENT,137,,25,capex_including_software,yoy_delta,-52.51999999999953,-52.520000000000124,-5.968558980384842e-13,0.01,PASS
leaf_parent_137_25_capex_excluding_software_current,leaf,CHILDREN_TO_MAJOR_PARENT,137,,25,capex_excluding_software,current,4388.98,4388.9800000000005,9.094947017729282e-13,0.01,PASS
leaf_parent_137_25_capex_excluding_software_previous,leaf,CHILDREN_TO_MAJOR_PARENT,137,,25,capex_excluding_software,previous,4635.46,4635.46,0.0,0.01,PASS
leaf_parent_137_25_capex_excluding_software_yoy_delta,leaf,CHILDREN_TO_MAJOR_PARENT,137,,25,capex_excluding_software,yoy_delta,-246.48000000000047,-246.47999999999988,5.968558980384842e-13,0.01,PASS
leaf_grand_26_sales_current,leaf,TAXONOMY_TO_ALL_INDUSTRY,,,26,sales,current,4086614.05,4086614.0500000003,4.656612873077393e-10,0.01,PASS
leaf_grand_26_sales_previous,leaf,TAXONOMY_TO_ALL_INDUSTRY,,,26,sales,previous,4042310.81,4042310.81,0.0,0.01,PASS
leaf_grand_26_sales_yoy_delta,leaf,TAXONOMY_TO_ALL_INDUSTRY,,,26,sales,yoy_delta,44303.23999999976,44303.240000000136,3.7834979593753815e-10,0.01,PASS
leaf_grand_26_operating_profit_current,leaf,TAXONOMY_TO_ALL_INDUSTRY,,,26,operating_profit,current,262834.36,262834.36,0.0,0.01,PASS
leaf_grand_26_operating_profit_previous,leaf,TAXONOMY_TO_ALL_INDUSTRY,,,26,operating_profit,previous,236864.11,236864.11,0.0,0.01,PASS
leaf_grand_26_operating_profit_yoy_delta,leaf,TAXONOMY_TO_ALL_INDUSTRY,,,26,operating_profit,yoy_delta,25970.25,25970.25,0.0,0.01,PASS
leaf_grand_26_ordinary_profit_current,leaf,TAXONOMY_TO_ALL_INDUSTRY,,,26,ordinary_profit,current,326270.86,326270.86,0.0,0.01,PASS
leaf_grand_26_ordinary_profit_previous,leaf,TAXONOMY_TO_ALL_INDUSTRY,,,26,ordinary_profit,previous,284693.99,284693.99,0.0,0.01,PASS
leaf_grand_26_ordinary_profit_yoy_delta,leaf,TAXONOMY_TO_ALL_INDUSTRY,,,26,ordinary_profit,yoy_delta,41576.869999999995,41576.87000000001,1.4551915228366852e-11,0.01,PASS
leaf_grand_26_capex_including_software_current,leaf,TAXONOMY_TO_ALL_INDUSTRY,,,26,capex_including_software,current,188063.9,188063.9,0.0,0.01,PASS
leaf_grand_26_capex_including_software_previous,leaf,TAXONOMY_TO_ALL_INDUSTRY,,,26,capex_including_software,previous,187975.12,187975.12,0.0,0.01,PASS
leaf_grand_26_capex_including_software_yoy_delta,leaf,TAXONOMY_TO_ALL_INDUSTRY,,,26,capex_including_software,yoy_delta,88.77999999999884,88.78000000000179,2.9558577807620168e-12,0.01,PASS
leaf_grand_26_capex_excluding_software_current,leaf,TAXONOMY_TO_ALL_INDUSTRY,,,26,capex_excluding_software,current,165661.68,165661.68,0.0,0.01,PASS
leaf_grand_26_capex_excluding_software_previous,leaf,TAXONOMY_TO_ALL_INDUSTRY,,,26,capex_excluding_software,previous,168004.32,168004.32,0.0,0.01,PASS
leaf_grand_26_capex_excluding_software_yoy_delta,leaf,TAXONOMY_TO_ALL_INDUSTRY,,,26,capex_excluding_software,yoy_delta,-2342.640000000014,-2342.6399999999935,2.0463630789890885e-11,0.01,PASS
leaf_grand_19_sales_current,leaf,TAXONOMY_TO_ALL_INDUSTRY,,,19,sales,current,1474569.93,1474569.93,0.0,0.01,PASS
leaf_grand_19_sales_previous,leaf,TAXONOMY_TO_ALL_INDUSTRY,,,19,sales,previous,1444228.83,1444228.83,0.0,0.01,PASS
leaf_grand_19_sales_yoy_delta,leaf,TAXONOMY_TO_ALL_INDUSTRY,,,19,sales,yoy_delta,30341.09999999986,30341.099999999973,1.127773430198431e-10,0.01,PASS
leaf_grand_19_operating_profit_current,leaf,TAXONOMY_TO_ALL_INDUSTRY,,,19,operating_profit,current,82472.22,82472.22,0.0,0.01,PASS
leaf_grand_19_operating_profit_previous,leaf,TAXONOMY_TO_ALL_INDUSTRY,,,19,operating_profit,previous,84061.13,84061.13,0.0,0.01,PASS
leaf_grand_19_operating_profit_yoy_delta,leaf,TAXONOMY_TO_ALL_INDUSTRY,,,19,operating_profit,yoy_delta,-1588.9100000000035,-1588.9099999999974,6.139089236967266e-12,0.01,PASS
leaf_grand_19_ordinary_profit_current,leaf,TAXONOMY_TO_ALL_INDUSTRY,,,19,ordinary_profit,current,94161.62,94161.62,0.0,0.01,PASS
leaf_grand_19_ordinary_profit_previous,leaf,TAXONOMY_TO_ALL_INDUSTRY,,,19,ordinary_profit,previous,92758.82,92758.82,0.0,0.01,PASS
leaf_grand_19_ordinary_profit_yoy_delta,leaf,TAXONOMY_TO_ALL_INDUSTRY,,,19,ordinary_profit,yoy_delta,1402.7999999999884,1402.7999999999988,1.0459189070388675e-11,0.01,PASS
leaf_grand_19_capex_including_software_current,leaf,TAXONOMY_TO_ALL_INDUSTRY,,,19,capex_including_software,current,36991.94,36991.94,0.0,0.01,PASS
leaf_grand_19_capex_including_software_previous,leaf,TAXONOMY_TO_ALL_INDUSTRY,,,19,capex_including_software,previous,35963.66,35963.659999999996,-7.275957614183426e-12,0.01,PASS
leaf_grand_19_capex_including_software_yoy_delta,leaf,TAXONOMY_TO_ALL_INDUSTRY,,,19,capex_including_software,yoy_delta,1028.2799999999988,1028.2800000000004,1.5916157281026244e-12,0.01,PASS
leaf_grand_19_capex_excluding_software_current,leaf,TAXONOMY_TO_ALL_INDUSTRY,,,19,capex_excluding_software,current,33094.4,33094.4,0.0,0.01,PASS
leaf_grand_19_capex_excluding_software_previous,leaf,TAXONOMY_TO_ALL_INDUSTRY,,,19,capex_excluding_software,previous,33850.23,33850.23,0.0,0.01,PASS
leaf_grand_19_capex_excluding_software_yoy_delta,leaf,TAXONOMY_TO_ALL_INDUSTRY,,,19,capex_excluding_software,yoy_delta,-755.8300000000017,-755.8300000000008,9.094947017729282e-13,0.01,PASS
leaf_grand_24_sales_current,leaf,TAXONOMY_TO_ALL_INDUSTRY,,,24,sales,current,938212.46,938212.46,0.0,0.01,PASS
leaf_grand_24_sales_previous,leaf,TAXONOMY_TO_ALL_INDUSTRY,,,24,sales,previous,952162.4,952162.4,0.0,0.01,PASS
leaf_grand_24_sales_yoy_delta,leaf,TAXONOMY_TO_ALL_INDUSTRY,,,24,sales,yoy_delta,-13949.94000000006,-13949.939999999997,6.366462912410498e-11,0.01,PASS
leaf_grand_24_operating_profit_current,leaf,TAXONOMY_TO_ALL_INDUSTRY,,,24,operating_profit,current,54046.32,54046.32,0.0,0.01,PASS
leaf_grand_24_operating_profit_previous,leaf,TAXONOMY_TO_ALL_INDUSTRY,,,24,operating_profit,previous,46202.57,46202.57,0.0,0.01,PASS
leaf_grand_24_operating_profit_yoy_delta,leaf,TAXONOMY_TO_ALL_INDUSTRY,,,24,operating_profit,yoy_delta,7843.75,7843.750000000002,1.8189894035458565e-12,0.01,PASS
leaf_grand_24_ordinary_profit_current,leaf,TAXONOMY_TO_ALL_INDUSTRY,,,24,ordinary_profit,current,59048.11,59048.11,0.0,0.01,PASS
leaf_grand_24_ordinary_profit_previous,leaf,TAXONOMY_TO_ALL_INDUSTRY,,,24,ordinary_profit,previous,53105.14,53105.14,0.0,0.01,PASS
leaf_grand_24_ordinary_profit_yoy_delta,leaf,TAXONOMY_TO_ALL_INDUSTRY,,,24,ordinary_profit,yoy_delta,5942.970000000001,5942.969999999998,-2.7284841053187847e-12,0.01,PASS
leaf_grand_24_capex_including_software_current,leaf,TAXONOMY_TO_ALL_INDUSTRY,,,24,capex_including_software,current,35237.91,35237.91,0.0,0.01,PASS
leaf_grand_24_capex_including_software_previous,leaf,TAXONOMY_TO_ALL_INDUSTRY,,,24,capex_including_software,previous,37159.82,37159.82,0.0,0.01,PASS
leaf_grand_24_capex_including_software_yoy_delta,leaf,TAXONOMY_TO_ALL_INDUSTRY,,,24,capex_including_software,yoy_delta,-1921.9099999999962,-1921.9099999999996,-3.410605131648481e-12,0.01,PASS
leaf_grand_24_capex_excluding_software_current,leaf,TAXONOMY_TO_ALL_INDUSTRY,,,24,capex_excluding_software,current,30602.99,30602.989999999998,-3.637978807091713e-12,0.01,PASS
leaf_grand_24_capex_excluding_software_previous,leaf,TAXONOMY_TO_ALL_INDUSTRY,,,24,capex_excluding_software,previous,32611.65,32611.65,0.0,0.01,PASS
leaf_grand_24_capex_excluding_software_yoy_delta,leaf,TAXONOMY_TO_ALL_INDUSTRY,,,24,capex_excluding_software,yoy_delta,-2008.6599999999999,-2008.660000000001,-1.1368683772161603e-12,0.01,PASS
leaf_grand_25_sales_current,leaf,TAXONOMY_TO_ALL_INDUSTRY,,,25,sales,current,1673831.66,1673831.66,0.0,0.01,PASS
leaf_grand_25_sales_previous,leaf,TAXONOMY_TO_ALL_INDUSTRY,,,25,sales,previous,1645919.58,1645919.58,0.0,0.01,PASS
leaf_grand_25_sales_yoy_delta,leaf,TAXONOMY_TO_ALL_INDUSTRY,,,25,sales,yoy_delta,27912.07999999984,27912.08000000001,1.673470251262188e-10,0.01,PASS
leaf_grand_25_operating_profit_current,leaf,TAXONOMY_TO_ALL_INDUSTRY,,,25,operating_profit,current,126315.82,126315.81999999999,-1.4551915228366852e-11,0.01,PASS
leaf_grand_25_operating_profit_previous,leaf,TAXONOMY_TO_ALL_INDUSTRY,,,25,operating_profit,previous,106600.41,106600.41,0.0,0.01,PASS
leaf_grand_25_operating_profit_yoy_delta,leaf,TAXONOMY_TO_ALL_INDUSTRY,,,25,operating_profit,yoy_delta,19715.410000000003,19715.41,-3.637978807091713e-12,0.01,PASS
leaf_grand_25_ordinary_profit_current,leaf,TAXONOMY_TO_ALL_INDUSTRY,,,25,ordinary_profit,current,173061.13,173061.13,0.0,0.01,PASS
leaf_grand_25_ordinary_profit_previous,leaf,TAXONOMY_TO_ALL_INDUSTRY,,,25,ordinary_profit,previous,138830.03,138830.03,0.0,0.01,PASS
leaf_grand_25_ordinary_profit_yoy_delta,leaf,TAXONOMY_TO_ALL_INDUSTRY,,,25,ordinary_profit,yoy_delta,34231.100000000006,34231.1,-7.275957614183426e-12,0.01,PASS
leaf_grand_25_capex_including_software_current,leaf,TAXONOMY_TO_ALL_INDUSTRY,,,25,capex_including_software,current,115834.05,115834.05,0.0,0.01,PASS
leaf_grand_25_capex_including_software_previous,leaf,TAXONOMY_TO_ALL_INDUSTRY,,,25,capex_including_software,previous,114851.64,114851.64,0.0,0.01,PASS
leaf_grand_25_capex_including_software_yoy_delta,leaf,TAXONOMY_TO_ALL_INDUSTRY,,,25,capex_including_software,yoy_delta,982.4100000000035,982.4100000000011,-2.3874235921539366e-12,0.01,PASS
leaf_grand_25_capex_excluding_software_current,leaf,TAXONOMY_TO_ALL_INDUSTRY,,,25,capex_excluding_software,current,101964.29,101964.29,0.0,0.01,PASS
leaf_grand_25_capex_excluding_software_previous,leaf,TAXONOMY_TO_ALL_INDUSTRY,,,25,capex_excluding_software,previous,101542.44,101542.44,0.0,0.01,PASS
leaf_grand_25_capex_excluding_software_yoy_delta,leaf,TAXONOMY_TO_ALL_INDUSTRY,,,25,capex_excluding_software,yoy_delta,421.84999999999127,421.84999999999997,8.697043085703626e-12,0.01,PASS
cross_row_major_108_sales_current,major,CAPITAL_COLUMNS_TO_INDUSTRY,,108,26,sales,current,1225320.64,1225320.64,0.0,0.01,PASS
cross_row_major_108_sales_previous,major,CAPITAL_COLUMNS_TO_INDUSTRY,,108,26,sales,previous,1172657.85,1172657.85,0.0,0.01,PASS
cross_row_major_108_sales_yoy_delta,major,CAPITAL_COLUMNS_TO_INDUSTRY,,108,26,sales,yoy_delta,52662.789999999804,52662.78999999998,1.7462298274040222e-10,0.01,PASS
cross_row_major_108_operating_profit_current,major,CAPITAL_COLUMNS_TO_INDUSTRY,,108,26,operating_profit,current,88629.4,88629.4,0.0,0.01,PASS
cross_row_major_108_operating_profit_previous,major,CAPITAL_COLUMNS_TO_INDUSTRY,,108,26,operating_profit,previous,60876.83,60876.83,0.0,0.01,PASS
cross_row_major_108_operating_profit_yoy_delta,major,CAPITAL_COLUMNS_TO_INDUSTRY,,108,26,operating_profit,yoy_delta,27752.569999999992,27752.569999999992,0.0,0.01,PASS
cross_row_major_108_ordinary_profit_current,major,CAPITAL_COLUMNS_TO_INDUSTRY,,108,26,ordinary_profit,current,129231.15,129231.15,0.0,0.01,PASS
cross_row_major_108_ordinary_profit_previous,major,CAPITAL_COLUMNS_TO_INDUSTRY,,108,26,ordinary_profit,previous,90447.82,90447.82,0.0,0.01,PASS
cross_row_major_108_ordinary_profit_yoy_delta,major,CAPITAL_COLUMNS_TO_INDUSTRY,,108,26,ordinary_profit,yoy_delta,38783.32999999999,38783.329999999994,7.275957614183426e-12,0.01,PASS
cross_row_major_105_sales_current,major,CAPITAL_COLUMNS_TO_INDUSTRY,,105,26,sales,current,8943.91,8943.91,0.0,0.01,PASS
cross_row_major_105_sales_previous,major,CAPITAL_COLUMNS_TO_INDUSTRY,,105,26,sales,previous,10842.93,10842.93,0.0,0.01,PASS
cross_row_major_105_sales_yoy_delta,major,CAPITAL_COLUMNS_TO_INDUSTRY,,105,26,sales,yoy_delta,-1899.0200000000004,-1899.0200000000002,2.2737367544323206e-13,0.01,PASS
cross_row_major_105_operating_profit_current,major,CAPITAL_COLUMNS_TO_INDUSTRY,,105,26,operating_profit,current,297.97,297.97,0.0,0.01,PASS
cross_row_major_105_operating_profit_previous,major,CAPITAL_COLUMNS_TO_INDUSTRY,,105,26,operating_profit,previous,-125.41,-125.41,0.0,0.01,PASS
cross_row_major_105_operating_profit_yoy_delta,major,CAPITAL_COLUMNS_TO_INDUSTRY,,105,26,operating_profit,yoy_delta,423.38,423.38,0.0,0.01,PASS
cross_row_major_105_ordinary_profit_current,major,CAPITAL_COLUMNS_TO_INDUSTRY,,105,26,ordinary_profit,current,687.56,687.56,0.0,0.01,PASS
cross_row_major_105_ordinary_profit_previous,major,CAPITAL_COLUMNS_TO_INDUSTRY,,105,26,ordinary_profit,previous,171.71,171.71,0.0,0.01,PASS
cross_row_major_105_ordinary_profit_yoy_delta,major,CAPITAL_COLUMNS_TO_INDUSTRY,,105,26,ordinary_profit,yoy_delta,515.8499999999999,515.8499999999999,0.0,0.01,PASS
cross_row_major_106_sales_current,major,CAPITAL_COLUMNS_TO_INDUSTRY,,106,26,sales,current,8384.58,8384.58,0.0,0.01,PASS
cross_row_major_106_sales_previous,major,CAPITAL_COLUMNS_TO_INDUSTRY,,106,26,sales,previous,7081.66,7081.66,0.0,0.01,PASS
cross_row_major_106_sales_yoy_delta,major,CAPITAL_COLUMNS_TO_INDUSTRY,,106,26,sales,yoy_delta,1302.92,1302.92,0.0,0.01,PASS
cross_row_major_106_operating_profit_current,major,CAPITAL_COLUMNS_TO_INDUSTRY,,106,26,operating_profit,current,950.42,950.42,0.0,0.01,PASS
cross_row_major_106_operating_profit_previous,major,CAPITAL_COLUMNS_TO_INDUSTRY,,106,26,operating_profit,previous,1918.17,1918.17,0.0,0.01,PASS
cross_row_major_106_operating_profit_yoy_delta,major,CAPITAL_COLUMNS_TO_INDUSTRY,,106,26,operating_profit,yoy_delta,-967.7500000000001,-967.7500000000002,-1.1368683772161603e-13,0.01,PASS
cross_row_major_106_ordinary_profit_current,major,CAPITAL_COLUMNS_TO_INDUSTRY,,106,26,ordinary_profit,current,1537.53,1537.53,0.0,0.01,PASS
cross_row_major_106_ordinary_profit_previous,major,CAPITAL_COLUMNS_TO_INDUSTRY,,106,26,ordinary_profit,previous,1748.7,1748.7,0.0,0.01,PASS
cross_row_major_106_ordinary_profit_yoy_delta,major,CAPITAL_COLUMNS_TO_INDUSTRY,,106,26,ordinary_profit,yoy_delta,-211.17000000000007,-211.16999999999996,1.1368683772161603e-13,0.01,PASS
cross_row_major_107_sales_current,major,CAPITAL_COLUMNS_TO_INDUSTRY,,107,26,sales,current,362952.44,362952.44,0.0,0.01,PASS
cross_row_major_107_sales_previous,major,CAPITAL_COLUMNS_TO_INDUSTRY,,107,26,sales,previous,367025.73,367025.73,0.0,0.01,PASS
cross_row_major_107_sales_yoy_delta,major,CAPITAL_COLUMNS_TO_INDUSTRY,,107,26,sales,yoy_delta,-4073.289999999979,-4073.2900000000227,-4.3655745685100555e-11,0.01,PASS
cross_row_major_107_operating_profit_current,major,CAPITAL_COLUMNS_TO_INDUSTRY,,107,26,operating_profit,current,37579.29,37579.29,0.0,0.01,PASS
cross_row_major_107_operating_profit_previous,major,CAPITAL_COLUMNS_TO_INDUSTRY,,107,26,operating_profit,previous,40905.71,40905.71,0.0,0.01,PASS
cross_row_major_107_operating_profit_yoy_delta,major,CAPITAL_COLUMNS_TO_INDUSTRY,,107,26,operating_profit,yoy_delta,-3326.4199999999983,-3326.4199999999983,0.0,0.01,PASS
cross_row_major_107_ordinary_profit_current,major,CAPITAL_COLUMNS_TO_INDUSTRY,,107,26,ordinary_profit,current,39942.71,39942.71,0.0,0.01,PASS
cross_row_major_107_ordinary_profit_previous,major,CAPITAL_COLUMNS_TO_INDUSTRY,,107,26,ordinary_profit,previous,42455.59,42455.590000000004,7.275957614183426e-12,0.01,PASS
cross_row_major_107_ordinary_profit_yoy_delta,major,CAPITAL_COLUMNS_TO_INDUSTRY,,107,26,ordinary_profit,yoy_delta,-2512.8799999999974,-2512.88,-2.7284841053187847e-12,0.01,PASS
cross_row_major_135_sales_current,major,CAPITAL_COLUMNS_TO_INDUSTRY,,135,26,sales,current,101046.01,101046.01,0.0,0.01,PASS
cross_row_major_135_sales_previous,major,CAPITAL_COLUMNS_TO_INDUSTRY,,135,26,sales,previous,112534.96,112534.96,0.0,0.01,PASS
cross_row_major_135_sales_yoy_delta,major,CAPITAL_COLUMNS_TO_INDUSTRY,,135,26,sales,yoy_delta,-11488.950000000012,-11488.950000000008,3.637978807091713e-12,0.01,PASS
cross_row_major_135_operating_profit_current,major,CAPITAL_COLUMNS_TO_INDUSTRY,,135,26,operating_profit,current,939.62,939.62,0.0,0.01,PASS
cross_row_major_135_operating_profit_previous,major,CAPITAL_COLUMNS_TO_INDUSTRY,,135,26,operating_profit,previous,2504.53,2504.5299999999997,-4.547473508864641e-13,0.01,PASS
cross_row_major_135_operating_profit_yoy_delta,major,CAPITAL_COLUMNS_TO_INDUSTRY,,135,26,operating_profit,yoy_delta,-1564.9100000000003,-1564.9099999999999,4.547473508864641e-13,0.01,PASS
cross_row_major_135_ordinary_profit_current,major,CAPITAL_COLUMNS_TO_INDUSTRY,,135,26,ordinary_profit,current,-154.36,-154.35999999999996,5.684341886080802e-14,0.01,PASS
cross_row_major_135_ordinary_profit_previous,major,CAPITAL_COLUMNS_TO_INDUSTRY,,135,26,ordinary_profit,previous,1877.39,1877.39,0.0,0.01,PASS
cross_row_major_135_ordinary_profit_yoy_delta,major,CAPITAL_COLUMNS_TO_INDUSTRY,,135,26,ordinary_profit,yoy_delta,-2031.75,-2031.75,0.0,0.01,PASS
cross_row_major_136_sales_current,major,CAPITAL_COLUMNS_TO_INDUSTRY,,136,26,sales,current,20849.51,20849.51,0.0,0.01,PASS
cross_row_major_136_sales_previous,major,CAPITAL_COLUMNS_TO_INDUSTRY,,136,26,sales,previous,22105.66,22105.66,0.0,0.01,PASS
cross_row_major_136_sales_yoy_delta,major,CAPITAL_COLUMNS_TO_INDUSTRY,,136,26,sales,yoy_delta,-1256.1500000000015,-1256.1500000000012,2.2737367544323206e-13,0.01,PASS
cross_row_major_136_operating_profit_current,major,CAPITAL_COLUMNS_TO_INDUSTRY,,136,26,operating_profit,current,912.21,912.21,0.0,0.01,PASS
cross_row_major_136_operating_profit_previous,major,CAPITAL_COLUMNS_TO_INDUSTRY,,136,26,operating_profit,previous,1234.93,1234.93,0.0,0.01,PASS
cross_row_major_136_operating_profit_yoy_delta,major,CAPITAL_COLUMNS_TO_INDUSTRY,,136,26,operating_profit,yoy_delta,-322.72,-322.71999999999997,5.684341886080802e-14,0.01,PASS
cross_row_major_136_ordinary_profit_current,major,CAPITAL_COLUMNS_TO_INDUSTRY,,136,26,ordinary_profit,current,933.41,933.41,0.0,0.01,PASS
cross_row_major_136_ordinary_profit_previous,major,CAPITAL_COLUMNS_TO_INDUSTRY,,136,26,ordinary_profit,previous,1238.06,1238.06,0.0,0.01,PASS
cross_row_major_136_ordinary_profit_yoy_delta,major,CAPITAL_COLUMNS_TO_INDUSTRY,,136,26,ordinary_profit,yoy_delta,-304.65,-304.65000000000003,-5.684341886080802e-14,0.01,PASS
cross_row_major_142_sales_current,major,CAPITAL_COLUMNS_TO_INDUSTRY,,142,26,sales,current,264009.38,264009.38,0.0,0.01,PASS
cross_row_major_142_sales_previous,major,CAPITAL_COLUMNS_TO_INDUSTRY,,142,26,sales,previous,254926.15,254926.15,0.0,0.01,PASS
cross_row_major_142_sales_yoy_delta,major,CAPITAL_COLUMNS_TO_INDUSTRY,,142,26,sales,yoy_delta,9083.23000000001,9083.23000000001,0.0,0.01,PASS
cross_row_major_142_operating_profit_current,major,CAPITAL_COLUMNS_TO_INDUSTRY,,142,26,operating_profit,current,20832.23,20832.23,0.0,0.01,PASS
cross_row_major_142_operating_profit_previous,major,CAPITAL_COLUMNS_TO_INDUSTRY,,142,26,operating_profit,previous,19154.29,19154.29,0.0,0.01,PASS
cross_row_major_142_operating_profit_yoy_delta,major,CAPITAL_COLUMNS_TO_INDUSTRY,,142,26,operating_profit,yoy_delta,1677.9399999999987,1677.9400000000012,2.5011104298755527e-12,0.01,PASS
cross_row_major_142_ordinary_profit_current,major,CAPITAL_COLUMNS_TO_INDUSTRY,,142,26,ordinary_profit,current,23103.3,23103.3,0.0,0.01,PASS
cross_row_major_142_ordinary_profit_previous,major,CAPITAL_COLUMNS_TO_INDUSTRY,,142,26,ordinary_profit,previous,23062.11,23062.11,0.0,0.01,PASS
cross_row_major_142_ordinary_profit_yoy_delta,major,CAPITAL_COLUMNS_TO_INDUSTRY,,142,26,ordinary_profit,yoy_delta,41.18999999999869,41.18999999999846,-2.2737367544323206e-13,0.01,PASS
cross_row_major_134_sales_current,major,CAPITAL_COLUMNS_TO_INDUSTRY,,134,26,sales,current,183358.43,183358.43,0.0,0.01,PASS
cross_row_major_134_sales_previous,major,CAPITAL_COLUMNS_TO_INDUSTRY,,134,26,sales,previous,172112.02,172112.02,0.0,0.01,PASS
cross_row_major_134_sales_yoy_delta,major,CAPITAL_COLUMNS_TO_INDUSTRY,,134,26,sales,yoy_delta,11246.410000000003,11246.41,-3.637978807091713e-12,0.01,PASS
cross_row_major_134_operating_profit_current,major,CAPITAL_COLUMNS_TO_INDUSTRY,,134,26,operating_profit,current,8061.81,8061.8099999999995,-9.094947017729282e-13,0.01,PASS
cross_row_major_134_operating_profit_previous,major,CAPITAL_COLUMNS_TO_INDUSTRY,,134,26,operating_profit,previous,5176.37,5176.37,0.0,0.01,PASS
cross_row_major_134_operating_profit_yoy_delta,major,CAPITAL_COLUMNS_TO_INDUSTRY,,134,26,operating_profit,yoy_delta,2885.4400000000005,2885.44,-4.547473508864641e-13,0.01,PASS
cross_row_major_134_ordinary_profit_current,major,CAPITAL_COLUMNS_TO_INDUSTRY,,134,26,ordinary_profit,current,8632.9,8632.9,0.0,0.01,PASS
cross_row_major_134_ordinary_profit_previous,major,CAPITAL_COLUMNS_TO_INDUSTRY,,134,26,ordinary_profit,previous,5735.09,5735.09,0.0,0.01,PASS
cross_row_major_134_ordinary_profit_yoy_delta,major,CAPITAL_COLUMNS_TO_INDUSTRY,,134,26,ordinary_profit,yoy_delta,2897.8099999999995,2897.81,4.547473508864641e-13,0.01,PASS
cross_row_major_129_sales_current,major,CAPITAL_COLUMNS_TO_INDUSTRY,,129,26,sales,current,1275430.17,1275430.17,0.0,0.01,PASS
cross_row_major_129_sales_previous,major,CAPITAL_COLUMNS_TO_INDUSTRY,,129,26,sales,previous,1275880.59,1275880.5899999999,-2.3283064365386963e-10,0.01,PASS
cross_row_major_129_sales_yoy_delta,major,CAPITAL_COLUMNS_TO_INDUSTRY,,129,26,sales,yoy_delta,-450.4200000001583,-450.4199999999255,2.3283064365386963e-10,0.01,PASS
cross_row_major_129_operating_profit_current,major,CAPITAL_COLUMNS_TO_INDUSTRY,,129,26,operating_profit,current,36377.3,36377.299999999996,-7.275957614183426e-12,0.01,PASS
cross_row_major_129_operating_profit_previous,major,CAPITAL_COLUMNS_TO_INDUSTRY,,129,26,operating_profit,previous,36324.96,36324.96,0.0,0.01,PASS
cross_row_major_129_operating_profit_yoy_delta,major,CAPITAL_COLUMNS_TO_INDUSTRY,,129,26,operating_profit,yoy_delta,52.34000000000378,52.33999999999833,-5.4569682106375694e-12,0.01,PASS
cross_row_major_129_ordinary_profit_current,major,CAPITAL_COLUMNS_TO_INDUSTRY,,129,26,ordinary_profit,current,50390.43,50390.43,0.0,0.01,PASS
cross_row_major_129_ordinary_profit_previous,major,CAPITAL_COLUMNS_TO_INDUSTRY,,129,26,ordinary_profit,previous,47205.72,47205.72,0.0,0.01,PASS
cross_row_major_129_ordinary_profit_yoy_delta,major,CAPITAL_COLUMNS_TO_INDUSTRY,,129,26,ordinary_profit,yoy_delta,3184.709999999999,3184.709999999999,0.0,0.01,PASS
cross_row_major_155_sales_current,major,CAPITAL_COLUMNS_TO_INDUSTRY,,155,26,sales,current,194477.95,194477.94999999998,-2.9103830456733704e-11,0.01,PASS
cross_row_major_155_sales_previous,major,CAPITAL_COLUMNS_TO_INDUSTRY,,155,26,sales,previous,189215.87,189215.87,0.0,0.01,PASS
cross_row_major_155_sales_yoy_delta,major,CAPITAL_COLUMNS_TO_INDUSTRY,,155,26,sales,yoy_delta,5262.080000000016,5262.07999999998,-3.637978807091713e-11,0.01,PASS
cross_row_major_155_operating_profit_current,major,CAPITAL_COLUMNS_TO_INDUSTRY,,155,26,operating_profit,current,25824.79,25824.79,0.0,0.01,PASS
cross_row_major_155_operating_profit_previous,major,CAPITAL_COLUMNS_TO_INDUSTRY,,155,26,operating_profit,previous,23805.96,23805.96,0.0,0.01,PASS
cross_row_major_155_operating_profit_yoy_delta,major,CAPITAL_COLUMNS_TO_INDUSTRY,,155,26,operating_profit,yoy_delta,2018.8300000000017,2018.8300000000008,-9.094947017729282e-13,0.01,PASS
cross_row_major_155_ordinary_profit_current,major,CAPITAL_COLUMNS_TO_INDUSTRY,,155,26,ordinary_profit,current,28884.13,28884.13,0.0,0.01,PASS
cross_row_major_155_ordinary_profit_previous,major,CAPITAL_COLUMNS_TO_INDUSTRY,,155,26,ordinary_profit,previous,26226.49,26226.489999999998,-3.637978807091713e-12,0.01,PASS
cross_row_major_155_ordinary_profit_yoy_delta,major,CAPITAL_COLUMNS_TO_INDUSTRY,,155,26,ordinary_profit,yoy_delta,2657.6399999999994,2657.6400000000012,1.8189894035458565e-12,0.01,PASS
cross_row_major_137_sales_current,major,CAPITAL_COLUMNS_TO_INDUSTRY,,137,26,sales,current,441841.03,441841.03,0.0,0.01,PASS
cross_row_major_137_sales_previous,major,CAPITAL_COLUMNS_TO_INDUSTRY,,137,26,sales,previous,457927.39,457927.39,0.0,0.01,PASS
cross_row_major_137_sales_yoy_delta,major,CAPITAL_COLUMNS_TO_INDUSTRY,,137,26,sales,yoy_delta,-16086.359999999986,-16086.359999999986,0.0,0.01,PASS
cross_row_major_137_operating_profit_current,major,CAPITAL_COLUMNS_TO_INDUSTRY,,137,26,operating_profit,current,42429.32,42429.32,0.0,0.01,PASS
cross_row_major_137_operating_profit_previous,major,CAPITAL_COLUMNS_TO_INDUSTRY,,137,26,operating_profit,previous,45087.77,45087.770000000004,7.275957614183426e-12,0.01,PASS
cross_row_major_137_operating_profit_yoy_delta,major,CAPITAL_COLUMNS_TO_INDUSTRY,,137,26,operating_profit,yoy_delta,-2658.449999999997,-2658.4500000000035,-6.366462912410498e-12,0.01,PASS
cross_row_major_137_ordinary_profit_current,major,CAPITAL_COLUMNS_TO_INDUSTRY,,137,26,ordinary_profit,current,43082.1,43082.1,0.0,0.01,PASS
cross_row_major_137_ordinary_profit_previous,major,CAPITAL_COLUMNS_TO_INDUSTRY,,137,26,ordinary_profit,previous,44525.31,44525.31,0.0,0.01,PASS
cross_row_major_137_ordinary_profit_yoy_delta,major,CAPITAL_COLUMNS_TO_INDUSTRY,,137,26,ordinary_profit,yoy_delta,-1443.2099999999991,-1443.2099999999991,0.0,0.01,PASS
cross_column_major_19_sales_current,major,INDUSTRY_ROWS_TO_CAPITAL,,,19,sales,current,1474569.93,1474569.93,0.0,0.01,PASS
cross_column_major_19_sales_previous,major,INDUSTRY_ROWS_TO_CAPITAL,,,19,sales,previous,1444228.83,1444228.8299999998,-2.3283064365386963e-10,0.01,PASS
cross_column_major_19_sales_yoy_delta,major,INDUSTRY_ROWS_TO_CAPITAL,,,19,sales,yoy_delta,30341.09999999986,30341.10000000002,1.6007106751203537e-10,0.01,PASS
cross_column_major_19_operating_profit_current,major,INDUSTRY_ROWS_TO_CAPITAL,,,19,operating_profit,current,82472.22,82472.22,0.0,0.01,PASS
cross_column_major_19_operating_profit_previous,major,INDUSTRY_ROWS_TO_CAPITAL,,,19,operating_profit,previous,84061.13,84061.13,0.0,0.01,PASS
cross_column_major_19_operating_profit_yoy_delta,major,INDUSTRY_ROWS_TO_CAPITAL,,,19,operating_profit,yoy_delta,-1588.9100000000035,-1588.910000000002,1.5916157281026244e-12,0.01,PASS
cross_column_major_19_ordinary_profit_current,major,INDUSTRY_ROWS_TO_CAPITAL,,,19,ordinary_profit,current,94161.62,94161.62,0.0,0.01,PASS
cross_column_major_19_ordinary_profit_previous,major,INDUSTRY_ROWS_TO_CAPITAL,,,19,ordinary_profit,previous,92758.82,92758.82,0.0,0.01,PASS
cross_column_major_19_ordinary_profit_yoy_delta,major,INDUSTRY_ROWS_TO_CAPITAL,,,19,ordinary_profit,yoy_delta,1402.7999999999884,1402.8,1.1596057447604835e-11,0.01,PASS
cross_column_major_24_sales_current,major,INDUSTRY_ROWS_TO_CAPITAL,,,24,sales,current,938212.46,938212.46,0.0,0.01,PASS
cross_column_major_24_sales_previous,major,INDUSTRY_ROWS_TO_CAPITAL,,,24,sales,previous,952162.4,952162.4,0.0,0.01,PASS
cross_column_major_24_sales_yoy_delta,major,INDUSTRY_ROWS_TO_CAPITAL,,,24,sales,yoy_delta,-13949.94000000006,-13949.939999999968,9.276845958083868e-11,0.01,PASS
cross_column_major_24_operating_profit_current,major,INDUSTRY_ROWS_TO_CAPITAL,,,24,operating_profit,current,54046.32,54046.32,0.0,0.01,PASS
cross_column_major_24_operating_profit_previous,major,INDUSTRY_ROWS_TO_CAPITAL,,,24,operating_profit,previous,46202.57,46202.57,0.0,0.01,PASS
cross_column_major_24_operating_profit_yoy_delta,major,INDUSTRY_ROWS_TO_CAPITAL,,,24,operating_profit,yoy_delta,7843.75,7843.75,0.0,0.01,PASS
cross_column_major_24_ordinary_profit_current,major,INDUSTRY_ROWS_TO_CAPITAL,,,24,ordinary_profit,current,59048.11,59048.11,0.0,0.01,PASS
cross_column_major_24_ordinary_profit_previous,major,INDUSTRY_ROWS_TO_CAPITAL,,,24,ordinary_profit,previous,53105.14,53105.14,0.0,0.01,PASS
cross_column_major_24_ordinary_profit_yoy_delta,major,INDUSTRY_ROWS_TO_CAPITAL,,,24,ordinary_profit,yoy_delta,5942.970000000001,5942.97,-9.094947017729282e-13,0.01,PASS
cross_column_major_25_sales_current,major,INDUSTRY_ROWS_TO_CAPITAL,,,25,sales,current,1673831.66,1673831.66,0.0,0.01,PASS
cross_column_major_25_sales_previous,major,INDUSTRY_ROWS_TO_CAPITAL,,,25,sales,previous,1645919.58,1645919.58,0.0,0.01,PASS
cross_column_major_25_sales_yoy_delta,major,INDUSTRY_ROWS_TO_CAPITAL,,,25,sales,yoy_delta,27912.07999999984,27912.079999999973,1.3096723705530167e-10,0.01,PASS
cross_column_major_25_operating_profit_current,major,INDUSTRY_ROWS_TO_CAPITAL,,,25,operating_profit,current,126315.82,126315.81999999999,-1.4551915228366852e-11,0.01,PASS
cross_column_major_25_operating_profit_previous,major,INDUSTRY_ROWS_TO_CAPITAL,,,25,operating_profit,previous,106600.41,106600.41,0.0,0.01,PASS
cross_column_major_25_operating_profit_yoy_delta,major,INDUSTRY_ROWS_TO_CAPITAL,,,25,operating_profit,yoy_delta,19715.410000000003,19715.409999999996,-7.275957614183426e-12,0.01,PASS
cross_column_major_25_ordinary_profit_current,major,INDUSTRY_ROWS_TO_CAPITAL,,,25,ordinary_profit,current,173061.13,173061.13,0.0,0.01,PASS
cross_column_major_25_ordinary_profit_previous,major,INDUSTRY_ROWS_TO_CAPITAL,,,25,ordinary_profit,previous,138830.03,138830.03,0.0,0.01,PASS
cross_column_major_25_ordinary_profit_yoy_delta,major,INDUSTRY_ROWS_TO_CAPITAL,,,25,ordinary_profit,yoy_delta,34231.100000000006,34231.09999999999,-1.4551915228366852e-11,0.01,PASS
cross_grand_major_sales_current,major,CROSS_TO_ALL_INDUSTRY_ALL_CAPITAL,,,26,sales,current,4086614.05,4086614.05,0.0,0.01,PASS
cross_grand_major_sales_previous,major,CROSS_TO_ALL_INDUSTRY_ALL_CAPITAL,,,26,sales,previous,4042310.81,4042310.81,0.0,0.01,PASS
cross_grand_major_sales_yoy_delta,major,CROSS_TO_ALL_INDUSTRY_ALL_CAPITAL,,,26,sales,yoy_delta,44303.23999999976,44303.24000000003,2.6921043172478676e-10,0.01,PASS
cross_grand_major_operating_profit_current,major,CROSS_TO_ALL_INDUSTRY_ALL_CAPITAL,,,26,operating_profit,current,262834.36,262834.36,0.0,0.01,PASS
cross_grand_major_operating_profit_previous,major,CROSS_TO_ALL_INDUSTRY_ALL_CAPITAL,,,26,operating_profit,previous,236864.11,236864.11,0.0,0.01,PASS
cross_grand_major_operating_profit_yoy_delta,major,CROSS_TO_ALL_INDUSTRY_ALL_CAPITAL,,,26,operating_profit,yoy_delta,25970.25,25970.249999999993,-7.275957614183426e-12,0.01,PASS
cross_grand_major_ordinary_profit_current,major,CROSS_TO_ALL_INDUSTRY_ALL_CAPITAL,,,26,ordinary_profit,current,326270.86,326270.86,0.0,0.01,PASS
cross_grand_major_ordinary_profit_previous,major,CROSS_TO_ALL_INDUSTRY_ALL_CAPITAL,,,26,ordinary_profit,previous,284693.99,284693.99,0.0,0.01,PASS
cross_grand_major_ordinary_profit_yoy_delta,major,CROSS_TO_ALL_INDUSTRY_ALL_CAPITAL,,,26,ordinary_profit,yoy_delta,41576.869999999995,41576.869999999995,0.0,0.01,PASS
cross_row_leaf_109_sales_current,leaf,CAPITAL_COLUMNS_TO_INDUSTRY,,109,26,sales,current,125099.58,125099.57999999999,-1.4551915228366852e-11,0.01,PASS
cross_row_leaf_109_sales_previous,leaf,CAPITAL_COLUMNS_TO_INDUSTRY,,109,26,sales,previous,118066.5,118066.5,0.0,0.01,PASS
cross_row_leaf_109_sales_yoy_delta,leaf,CAPITAL_COLUMNS_TO_INDUSTRY,,109,26,sales,yoy_delta,7033.080000000002,7033.0799999999945,-7.275957614183426e-12,0.01,PASS
cross_row_leaf_109_operating_profit_current,leaf,CAPITAL_COLUMNS_TO_INDUSTRY,,109,26,operating_profit,current,2353.71,2353.71,0.0,0.01,PASS
cross_row_leaf_109_operating_profit_previous,leaf,CAPITAL_COLUMNS_TO_INDUSTRY,,109,26,operating_profit,previous,1001.17,1001.17,0.0,0.01,PASS
cross_row_leaf_109_operating_profit_yoy_delta,leaf,CAPITAL_COLUMNS_TO_INDUSTRY,,109,26,operating_profit,yoy_delta,1352.54,1352.54,0.0,0.01,PASS
cross_row_leaf_109_ordinary_profit_current,leaf,CAPITAL_COLUMNS_TO_INDUSTRY,,109,26,ordinary_profit,current,4976.31,4976.3099999999995,-9.094947017729282e-13,0.01,PASS
cross_row_leaf_109_ordinary_profit_previous,leaf,CAPITAL_COLUMNS_TO_INDUSTRY,,109,26,ordinary_profit,previous,4021.62,4021.6200000000003,4.547473508864641e-13,0.01,PASS
cross_row_leaf_109_ordinary_profit_yoy_delta,leaf,CAPITAL_COLUMNS_TO_INDUSTRY,,109,26,ordinary_profit,yoy_delta,954.6900000000005,954.6899999999995,-1.0231815394945443e-12,0.01,PASS
cross_row_leaf_110_sales_current,leaf,CAPITAL_COLUMNS_TO_INDUSTRY,,110,26,sales,current,20709.91,20709.91,0.0,0.01,PASS
cross_row_leaf_110_sales_previous,leaf,CAPITAL_COLUMNS_TO_INDUSTRY,,110,26,sales,previous,22458.89,22458.89,0.0,0.01,PASS
cross_row_leaf_110_sales_yoy_delta,leaf,CAPITAL_COLUMNS_TO_INDUSTRY,,110,26,sales,yoy_delta,-1748.9799999999996,-1748.9799999999996,0.0,0.01,PASS
cross_row_leaf_110_operating_profit_current,leaf,CAPITAL_COLUMNS_TO_INDUSTRY,,110,26,operating_profit,current,1361.88,1361.88,0.0,0.01,PASS
cross_row_leaf_110_operating_profit_previous,leaf,CAPITAL_COLUMNS_TO_INDUSTRY,,110,26,operating_profit,previous,773.89,773.89,0.0,0.01,PASS
cross_row_leaf_110_operating_profit_yoy_delta,leaf,CAPITAL_COLUMNS_TO_INDUSTRY,,110,26,operating_profit,yoy_delta,587.9900000000001,587.9900000000001,0.0,0.01,PASS
cross_row_leaf_110_ordinary_profit_current,leaf,CAPITAL_COLUMNS_TO_INDUSTRY,,110,26,ordinary_profit,current,2072.27,2072.27,0.0,0.01,PASS
cross_row_leaf_110_ordinary_profit_previous,leaf,CAPITAL_COLUMNS_TO_INDUSTRY,,110,26,ordinary_profit,previous,1155.3,1155.3,0.0,0.01,PASS
cross_row_leaf_110_ordinary_profit_yoy_delta,leaf,CAPITAL_COLUMNS_TO_INDUSTRY,,110,26,ordinary_profit,yoy_delta,916.97,916.9700000000001,1.1368683772161603e-13,0.01,PASS
cross_row_leaf_112_sales_current,leaf,CAPITAL_COLUMNS_TO_INDUSTRY,,112,26,sales,current,6651.92,6651.92,0.0,0.01,PASS
cross_row_leaf_112_sales_previous,leaf,CAPITAL_COLUMNS_TO_INDUSTRY,,112,26,sales,previous,7257.07,7257.07,0.0,0.01,PASS
cross_row_leaf_112_sales_yoy_delta,leaf,CAPITAL_COLUMNS_TO_INDUSTRY,,112,26,sales,yoy_delta,-605.1499999999996,-605.1499999999999,-2.2737367544323206e-13,0.01,PASS
cross_row_leaf_112_operating_profit_current,leaf,CAPITAL_COLUMNS_TO_INDUSTRY,,112,26,operating_profit,current,253.66,253.66,0.0,0.01,PASS
cross_row_leaf_112_operating_profit_previous,leaf,CAPITAL_COLUMNS_TO_INDUSTRY,,112,26,operating_profit,previous,206.72,206.72,0.0,0.01,PASS
cross_row_leaf_112_operating_profit_yoy_delta,leaf,CAPITAL_COLUMNS_TO_INDUSTRY,,112,26,operating_profit,yoy_delta,46.94,46.93999999999998,-1.4210854715202004e-14,0.01,PASS
cross_row_leaf_112_ordinary_profit_current,leaf,CAPITAL_COLUMNS_TO_INDUSTRY,,112,26,ordinary_profit,current,314.67,314.67,0.0,0.01,PASS
cross_row_leaf_112_ordinary_profit_previous,leaf,CAPITAL_COLUMNS_TO_INDUSTRY,,112,26,ordinary_profit,previous,124.88,124.88,0.0,0.01,PASS
cross_row_leaf_112_ordinary_profit_yoy_delta,leaf,CAPITAL_COLUMNS_TO_INDUSTRY,,112,26,ordinary_profit,yoy_delta,189.79000000000002,189.79,-2.842170943040401e-14,0.01,PASS
cross_row_leaf_113_sales_current,leaf,CAPITAL_COLUMNS_TO_INDUSTRY,,113,26,sales,current,19451.0,19451.0,0.0,0.01,PASS
cross_row_leaf_113_sales_previous,leaf,CAPITAL_COLUMNS_TO_INDUSTRY,,113,26,sales,previous,19587.11,19587.11,0.0,0.01,PASS
cross_row_leaf_113_sales_yoy_delta,leaf,CAPITAL_COLUMNS_TO_INDUSTRY,,113,26,sales,yoy_delta,-136.11000000000058,-136.10999999999967,9.094947017729282e-13,0.01,PASS
cross_row_leaf_113_operating_profit_current,leaf,CAPITAL_COLUMNS_TO_INDUSTRY,,113,26,operating_profit,current,727.89,727.89,0.0,0.01,PASS
cross_row_leaf_113_operating_profit_previous,leaf,CAPITAL_COLUMNS_TO_INDUSTRY,,113,26,operating_profit,previous,684.72,684.72,0.0,0.01,PASS
cross_row_leaf_113_operating_profit_yoy_delta,leaf,CAPITAL_COLUMNS_TO_INDUSTRY,,113,26,operating_profit,yoy_delta,43.16999999999996,43.17000000000006,9.947598300641403e-14,0.01,PASS
cross_row_leaf_113_ordinary_profit_current,leaf,CAPITAL_COLUMNS_TO_INDUSTRY,,113,26,ordinary_profit,current,1108.94,1108.94,0.0,0.01,PASS
cross_row_leaf_113_ordinary_profit_previous,leaf,CAPITAL_COLUMNS_TO_INDUSTRY,,113,26,ordinary_profit,previous,986.87,986.87,0.0,0.01,PASS
cross_row_leaf_113_ordinary_profit_yoy_delta,leaf,CAPITAL_COLUMNS_TO_INDUSTRY,,113,26,ordinary_profit,yoy_delta,122.07000000000005,122.06999999999994,-1.1368683772161603e-13,0.01,PASS
cross_row_leaf_114_sales_current,leaf,CAPITAL_COLUMNS_TO_INDUSTRY,,114,26,sales,current,19329.12,19329.12,0.0,0.01,PASS
cross_row_leaf_114_sales_previous,leaf,CAPITAL_COLUMNS_TO_INDUSTRY,,114,26,sales,previous,18778.23,18778.23,0.0,0.01,PASS
cross_row_leaf_114_sales_yoy_delta,leaf,CAPITAL_COLUMNS_TO_INDUSTRY,,114,26,sales,yoy_delta,550.8899999999994,550.8899999999999,4.547473508864641e-13,0.01,PASS
cross_row_leaf_114_operating_profit_current,leaf,CAPITAL_COLUMNS_TO_INDUSTRY,,114,26,operating_profit,current,750.32,750.32,0.0,0.01,PASS
cross_row_leaf_114_operating_profit_previous,leaf,CAPITAL_COLUMNS_TO_INDUSTRY,,114,26,operating_profit,previous,657.53,657.53,0.0,0.01,PASS
cross_row_leaf_114_operating_profit_yoy_delta,leaf,CAPITAL_COLUMNS_TO_INDUSTRY,,114,26,operating_profit,yoy_delta,92.79000000000008,92.79,-7.105427357601002e-14,0.01,PASS
cross_row_leaf_114_ordinary_profit_current,leaf,CAPITAL_COLUMNS_TO_INDUSTRY,,114,26,ordinary_profit,current,1074.81,1074.81,0.0,0.01,PASS
cross_row_leaf_114_ordinary_profit_previous,leaf,CAPITAL_COLUMNS_TO_INDUSTRY,,114,26,ordinary_profit,previous,863.09,863.09,0.0,0.01,PASS
cross_row_leaf_114_ordinary_profit_yoy_delta,leaf,CAPITAL_COLUMNS_TO_INDUSTRY,,114,26,ordinary_profit,yoy_delta,211.7199999999999,211.71999999999994,2.842170943040401e-14,0.01,PASS
cross_row_leaf_115_sales_current,leaf,CAPITAL_COLUMNS_TO_INDUSTRY,,115,26,sales,current,119922.1,119922.09999999999,-1.4551915228366852e-11,0.01,PASS
cross_row_leaf_115_sales_previous,leaf,CAPITAL_COLUMNS_TO_INDUSTRY,,115,26,sales,previous,117797.39,117797.38999999998,-1.4551915228366852e-11,0.01,PASS
cross_row_leaf_115_sales_yoy_delta,leaf,CAPITAL_COLUMNS_TO_INDUSTRY,,115,26,sales,yoy_delta,2124.7100000000064,2124.709999999999,-7.275957614183426e-12,0.01,PASS
cross_row_leaf_115_operating_profit_current,leaf,CAPITAL_COLUMNS_TO_INDUSTRY,,115,26,operating_profit,current,9647.59,9647.59,0.0,0.01,PASS
cross_row_leaf_115_operating_profit_previous,leaf,CAPITAL_COLUMNS_TO_INDUSTRY,,115,26,operating_profit,previous,10193.64,10193.64,0.0,0.01,PASS
cross_row_leaf_115_operating_profit_yoy_delta,leaf,CAPITAL_COLUMNS_TO_INDUSTRY,,115,26,operating_profit,yoy_delta,-546.0499999999993,-546.0499999999997,-4.547473508864641e-13,0.01,PASS
cross_row_leaf_115_ordinary_profit_current,leaf,CAPITAL_COLUMNS_TO_INDUSTRY,,115,26,ordinary_profit,current,20114.23,20114.23,0.0,0.01,PASS
cross_row_leaf_115_ordinary_profit_previous,leaf,CAPITAL_COLUMNS_TO_INDUSTRY,,115,26,ordinary_profit,previous,17845.57,17845.57,0.0,0.01,PASS
cross_row_leaf_115_ordinary_profit_yoy_delta,leaf,CAPITAL_COLUMNS_TO_INDUSTRY,,115,26,ordinary_profit,yoy_delta,2268.66,2268.6600000000003,4.547473508864641e-13,0.01,PASS
cross_row_leaf_116_sales_current,leaf,CAPITAL_COLUMNS_TO_INDUSTRY,,116,26,sales,current,34717.08,34717.08,0.0,0.01,PASS
cross_row_leaf_116_sales_previous,leaf,CAPITAL_COLUMNS_TO_INDUSTRY,,116,26,sales,previous,33639.65,33639.65,0.0,0.01,PASS
cross_row_leaf_116_sales_yoy_delta,leaf,CAPITAL_COLUMNS_TO_INDUSTRY,,116,26,sales,yoy_delta,1077.4300000000003,1077.4299999999996,-6.821210263296962e-13,0.01,PASS
cross_row_leaf_116_operating_profit_current,leaf,CAPITAL_COLUMNS_TO_INDUSTRY,,116,26,operating_profit,current,2995.33,2995.33,0.0,0.01,PASS
cross_row_leaf_116_operating_profit_previous,leaf,CAPITAL_COLUMNS_TO_INDUSTRY,,116,26,operating_profit,previous,222.73,222.73000000000002,2.842170943040401e-14,0.01,PASS
cross_row_leaf_116_operating_profit_yoy_delta,leaf,CAPITAL_COLUMNS_TO_INDUSTRY,,116,26,operating_profit,yoy_delta,2772.6,2772.6,0.0,0.01,PASS
cross_row_leaf_116_ordinary_profit_current,leaf,CAPITAL_COLUMNS_TO_INDUSTRY,,116,26,ordinary_profit,current,3130.0,3130.0,0.0,0.01,PASS
cross_row_leaf_116_ordinary_profit_previous,leaf,CAPITAL_COLUMNS_TO_INDUSTRY,,116,26,ordinary_profit,previous,386.81,386.81,0.0,0.01,PASS
cross_row_leaf_116_ordinary_profit_yoy_delta,leaf,CAPITAL_COLUMNS_TO_INDUSTRY,,116,26,ordinary_profit,yoy_delta,2743.19,2743.19,0.0,0.01,PASS
cross_row_leaf_117_sales_current,leaf,CAPITAL_COLUMNS_TO_INDUSTRY,,117,26,sales,current,25390.95,25390.949999999997,-3.637978807091713e-12,0.01,PASS
cross_row_leaf_117_sales_previous,leaf,CAPITAL_COLUMNS_TO_INDUSTRY,,117,26,sales,previous,24786.47,24786.47,0.0,0.01,PASS
cross_row_leaf_117_sales_yoy_delta,leaf,CAPITAL_COLUMNS_TO_INDUSTRY,,117,26,sales,yoy_delta,604.4799999999996,604.4799999999996,0.0,0.01,PASS
cross_row_leaf_117_operating_profit_current,leaf,CAPITAL_COLUMNS_TO_INDUSTRY,,117,26,operating_profit,current,2097.01,2097.01,0.0,0.01,PASS
cross_row_leaf_117_operating_profit_previous,leaf,CAPITAL_COLUMNS_TO_INDUSTRY,,117,26,operating_profit,previous,1420.16,1420.16,0.0,0.01,PASS
cross_row_leaf_117_operating_profit_yoy_delta,leaf,CAPITAL_COLUMNS_TO_INDUSTRY,,117,26,operating_profit,yoy_delta,676.8500000000001,676.8499999999999,-2.2737367544323206e-13,0.01,PASS
cross_row_leaf_117_ordinary_profit_current,leaf,CAPITAL_COLUMNS_TO_INDUSTRY,,117,26,ordinary_profit,current,3276.69,3276.69,0.0,0.01,PASS
cross_row_leaf_117_ordinary_profit_previous,leaf,CAPITAL_COLUMNS_TO_INDUSTRY,,117,26,ordinary_profit,previous,2198.47,2198.4700000000003,4.547473508864641e-13,0.01,PASS
cross_row_leaf_117_ordinary_profit_yoy_delta,leaf,CAPITAL_COLUMNS_TO_INDUSTRY,,117,26,ordinary_profit,yoy_delta,1078.2200000000003,1078.22,-2.2737367544323206e-13,0.01,PASS
cross_row_leaf_118_sales_current,leaf,CAPITAL_COLUMNS_TO_INDUSTRY,,118,26,sales,current,45232.82,45232.82,0.0,0.01,PASS
cross_row_leaf_118_sales_previous,leaf,CAPITAL_COLUMNS_TO_INDUSTRY,,118,26,sales,previous,43331.03,43331.03,0.0,0.01,PASS
cross_row_leaf_118_sales_yoy_delta,leaf,CAPITAL_COLUMNS_TO_INDUSTRY,,118,26,sales,yoy_delta,1901.7900000000009,1901.7900000000009,0.0,0.01,PASS
cross_row_leaf_118_operating_profit_current,leaf,CAPITAL_COLUMNS_TO_INDUSTRY,,118,26,operating_profit,current,1643.92,1643.92,0.0,0.01,PASS
cross_row_leaf_118_operating_profit_previous,leaf,CAPITAL_COLUMNS_TO_INDUSTRY,,118,26,operating_profit,previous,1508.89,1508.8899999999999,-2.2737367544323206e-13,0.01,PASS
cross_row_leaf_118_operating_profit_yoy_delta,leaf,CAPITAL_COLUMNS_TO_INDUSTRY,,118,26,operating_profit,yoy_delta,135.02999999999997,135.03000000000011,1.4210854715202004e-13,0.01,PASS
cross_row_leaf_118_ordinary_profit_current,leaf,CAPITAL_COLUMNS_TO_INDUSTRY,,118,26,ordinary_profit,current,1872.55,1872.5500000000002,2.2737367544323206e-13,0.01,PASS
cross_row_leaf_118_ordinary_profit_previous,leaf,CAPITAL_COLUMNS_TO_INDUSTRY,,118,26,ordinary_profit,previous,1338.54,1338.54,0.0,0.01,PASS
cross_row_leaf_118_ordinary_profit_yoy_delta,leaf,CAPITAL_COLUMNS_TO_INDUSTRY,,118,26,ordinary_profit,yoy_delta,534.01,534.0100000000002,2.2737367544323206e-13,0.01,PASS
cross_row_leaf_119_sales_current,leaf,CAPITAL_COLUMNS_TO_INDUSTRY,,119,26,sales,current,51649.17,51649.17,0.0,0.01,PASS
cross_row_leaf_119_sales_previous,leaf,CAPITAL_COLUMNS_TO_INDUSTRY,,119,26,sales,previous,43375.29,43375.29,0.0,0.01,PASS
cross_row_leaf_119_sales_yoy_delta,leaf,CAPITAL_COLUMNS_TO_INDUSTRY,,119,26,sales,yoy_delta,8273.879999999997,8273.879999999997,0.0,0.01,PASS
cross_row_leaf_119_operating_profit_current,leaf,CAPITAL_COLUMNS_TO_INDUSTRY,,119,26,operating_profit,current,2768.7,2768.7,0.0,0.01,PASS
cross_row_leaf_119_operating_profit_previous,leaf,CAPITAL_COLUMNS_TO_INDUSTRY,,119,26,operating_profit,previous,1281.81,1281.81,0.0,0.01,PASS
cross_row_leaf_119_operating_profit_yoy_delta,leaf,CAPITAL_COLUMNS_TO_INDUSTRY,,119,26,operating_profit,yoy_delta,1486.8899999999999,1486.89,2.2737367544323206e-13,0.01,PASS
cross_row_leaf_119_ordinary_profit_current,leaf,CAPITAL_COLUMNS_TO_INDUSTRY,,119,26,ordinary_profit,current,3663.81,3663.81,0.0,0.01,PASS
cross_row_leaf_119_ordinary_profit_previous,leaf,CAPITAL_COLUMNS_TO_INDUSTRY,,119,26,ordinary_profit,previous,1401.36,1401.3600000000001,2.2737367544323206e-13,0.01,PASS
cross_row_leaf_119_ordinary_profit_yoy_delta,leaf,CAPITAL_COLUMNS_TO_INDUSTRY,,119,26,ordinary_profit,yoy_delta,2262.45,2262.45,0.0,0.01,PASS
cross_row_leaf_120_sales_current,leaf,CAPITAL_COLUMNS_TO_INDUSTRY,,120,26,sales,current,44480.73,44480.729999999996,-7.275957614183426e-12,0.01,PASS
cross_row_leaf_120_sales_previous,leaf,CAPITAL_COLUMNS_TO_INDUSTRY,,120,26,sales,previous,51038.66,51038.66,0.0,0.01,PASS
cross_row_leaf_120_sales_yoy_delta,leaf,CAPITAL_COLUMNS_TO_INDUSTRY,,120,26,sales,yoy_delta,-6557.93,-6557.93,0.0,0.01,PASS
cross_row_leaf_120_operating_profit_current,leaf,CAPITAL_COLUMNS_TO_INDUSTRY,,120,26,operating_profit,current,3333.4,3333.4,0.0,0.01,PASS
cross_row_leaf_120_operating_profit_previous,leaf,CAPITAL_COLUMNS_TO_INDUSTRY,,120,26,operating_profit,previous,2502.76,2502.76,0.0,0.01,PASS
cross_row_leaf_120_operating_profit_yoy_delta,leaf,CAPITAL_COLUMNS_TO_INDUSTRY,,120,26,operating_profit,yoy_delta,830.6399999999999,830.6399999999999,0.0,0.01,PASS
cross_row_leaf_120_ordinary_profit_current,leaf,CAPITAL_COLUMNS_TO_INDUSTRY,,120,26,ordinary_profit,current,4133.12,4133.12,0.0,0.01,PASS
cross_row_leaf_120_ordinary_profit_previous,leaf,CAPITAL_COLUMNS_TO_INDUSTRY,,120,26,ordinary_profit,previous,3315.78,3315.78,0.0,0.01,PASS
cross_row_leaf_120_ordinary_profit_yoy_delta,leaf,CAPITAL_COLUMNS_TO_INDUSTRY,,120,26,ordinary_profit,yoy_delta,817.3399999999997,817.3400000000001,4.547473508864641e-13,0.01,PASS
cross_row_leaf_154_sales_current,leaf,CAPITAL_COLUMNS_TO_INDUSTRY,,154,26,sales,current,24073.76,24073.760000000002,3.637978807091713e-12,0.01,PASS
cross_row_leaf_154_sales_previous,leaf,CAPITAL_COLUMNS_TO_INDUSTRY,,154,26,sales,previous,22493.11,22493.11,0.0,0.01,PASS
cross_row_leaf_154_sales_yoy_delta,leaf,CAPITAL_COLUMNS_TO_INDUSTRY,,154,26,sales,yoy_delta,1580.6499999999978,1580.6499999999996,1.8189894035458565e-12,0.01,PASS
cross_row_leaf_154_operating_profit_current,leaf,CAPITAL_COLUMNS_TO_INDUSTRY,,154,26,operating_profit,current,2791.25,2791.25,0.0,0.01,PASS
cross_row_leaf_154_operating_profit_previous,leaf,CAPITAL_COLUMNS_TO_INDUSTRY,,154,26,operating_profit,previous,1847.32,1847.3200000000002,2.2737367544323206e-13,0.01,PASS
cross_row_leaf_154_operating_profit_yoy_delta,leaf,CAPITAL_COLUMNS_TO_INDUSTRY,,154,26,operating_profit,yoy_delta,943.9300000000001,943.9300000000001,0.0,0.01,PASS
cross_row_leaf_154_ordinary_profit_current,leaf,CAPITAL_COLUMNS_TO_INDUSTRY,,154,26,ordinary_profit,current,3816.02,3816.02,0.0,0.01,PASS
cross_row_leaf_154_ordinary_profit_previous,leaf,CAPITAL_COLUMNS_TO_INDUSTRY,,154,26,ordinary_profit,previous,2787.88,2787.88,0.0,0.01,PASS
cross_row_leaf_154_ordinary_profit_yoy_delta,leaf,CAPITAL_COLUMNS_TO_INDUSTRY,,154,26,ordinary_profit,yoy_delta,1028.1399999999999,1028.14,2.2737367544323206e-13,0.01,PASS
cross_row_leaf_121_sales_current,leaf,CAPITAL_COLUMNS_TO_INDUSTRY,,121,26,sales,current,82394.6,82394.6,0.0,0.01,PASS
cross_row_leaf_121_sales_previous,leaf,CAPITAL_COLUMNS_TO_INDUSTRY,,121,26,sales,previous,73648.66,73648.66,0.0,0.01,PASS
cross_row_leaf_121_sales_yoy_delta,leaf,CAPITAL_COLUMNS_TO_INDUSTRY,,121,26,sales,yoy_delta,8745.940000000002,8745.940000000004,1.8189894035458565e-12,0.01,PASS
cross_row_leaf_121_operating_profit_current,leaf,CAPITAL_COLUMNS_TO_INDUSTRY,,121,26,operating_profit,current,8694.34,8694.34,0.0,0.01,PASS
cross_row_leaf_121_operating_profit_previous,leaf,CAPITAL_COLUMNS_TO_INDUSTRY,,121,26,operating_profit,previous,6147.1,6147.1,0.0,0.01,PASS
cross_row_leaf_121_operating_profit_yoy_delta,leaf,CAPITAL_COLUMNS_TO_INDUSTRY,,121,26,operating_profit,yoy_delta,2547.24,2547.2400000000002,4.547473508864641e-13,0.01,PASS
cross_row_leaf_121_ordinary_profit_current,leaf,CAPITAL_COLUMNS_TO_INDUSTRY,,121,26,ordinary_profit,current,9960.5,9960.5,0.0,0.01,PASS
cross_row_leaf_121_ordinary_profit_previous,leaf,CAPITAL_COLUMNS_TO_INDUSTRY,,121,26,ordinary_profit,previous,7492.97,7492.97,0.0,0.01,PASS
cross_row_leaf_121_ordinary_profit_yoy_delta,leaf,CAPITAL_COLUMNS_TO_INDUSTRY,,121,26,ordinary_profit,yoy_delta,2467.5299999999997,2467.53,4.547473508864641e-13,0.01,PASS
cross_row_leaf_124_sales_current,leaf,CAPITAL_COLUMNS_TO_INDUSTRY,,124,26,sales,current,40015.13,40015.13,0.0,0.01,PASS
cross_row_leaf_124_sales_previous,leaf,CAPITAL_COLUMNS_TO_INDUSTRY,,124,26,sales,previous,38870.27,38870.270000000004,7.275957614183426e-12,0.01,PASS
cross_row_leaf_124_sales_yoy_delta,leaf,CAPITAL_COLUMNS_TO_INDUSTRY,,124,26,sales,yoy_delta,1144.8600000000006,1144.8599999999979,-2.7284841053187847e-12,0.01,PASS
cross_row_leaf_124_operating_profit_current,leaf,CAPITAL_COLUMNS_TO_INDUSTRY,,124,26,operating_profit,current,3411.86,3411.86,0.0,0.01,PASS
cross_row_leaf_124_operating_profit_previous,leaf,CAPITAL_COLUMNS_TO_INDUSTRY,,124,26,operating_profit,previous,3492.7,3492.7,0.0,0.01,PASS
cross_row_leaf_124_operating_profit_yoy_delta,leaf,CAPITAL_COLUMNS_TO_INDUSTRY,,124,26,operating_profit,yoy_delta,-80.83999999999969,-80.83999999999992,-2.2737367544323206e-13,0.01,PASS
cross_row_leaf_124_ordinary_profit_current,leaf,CAPITAL_COLUMNS_TO_INDUSTRY,,124,26,ordinary_profit,current,6857.63,6857.63,0.0,0.01,PASS
cross_row_leaf_124_ordinary_profit_previous,leaf,CAPITAL_COLUMNS_TO_INDUSTRY,,124,26,ordinary_profit,previous,8023.87,8023.87,0.0,0.01,PASS
cross_row_leaf_124_ordinary_profit_yoy_delta,leaf,CAPITAL_COLUMNS_TO_INDUSTRY,,124,26,ordinary_profit,yoy_delta,-1166.2399999999998,-1166.2399999999996,2.2737367544323206e-13,0.01,PASS
cross_row_leaf_122_sales_current,leaf,CAPITAL_COLUMNS_TO_INDUSTRY,,122,26,sales,current,98377.5,98377.5,0.0,0.01,PASS
cross_row_leaf_122_sales_previous,leaf,CAPITAL_COLUMNS_TO_INDUSTRY,,122,26,sales,previous,85349.92,85349.92,0.0,0.01,PASS
cross_row_leaf_122_sales_yoy_delta,leaf,CAPITAL_COLUMNS_TO_INDUSTRY,,122,26,sales,yoy_delta,13027.580000000002,13027.580000000004,1.8189894035458565e-12,0.01,PASS
cross_row_leaf_122_operating_profit_current,leaf,CAPITAL_COLUMNS_TO_INDUSTRY,,122,26,operating_profit,current,9511.54,9511.539999999999,-1.8189894035458565e-12,0.01,PASS
cross_row_leaf_122_operating_profit_previous,leaf,CAPITAL_COLUMNS_TO_INDUSTRY,,122,26,operating_profit,previous,7099.9,7099.9,0.0,0.01,PASS
cross_row_leaf_122_operating_profit_yoy_delta,leaf,CAPITAL_COLUMNS_TO_INDUSTRY,,122,26,operating_profit,yoy_delta,2411.6400000000012,2411.64,-1.3642420526593924e-12,0.01,PASS
cross_row_leaf_122_ordinary_profit_current,leaf,CAPITAL_COLUMNS_TO_INDUSTRY,,122,26,ordinary_profit,current,12122.52,12122.52,0.0,0.01,PASS
cross_row_leaf_122_ordinary_profit_previous,leaf,CAPITAL_COLUMNS_TO_INDUSTRY,,122,26,ordinary_profit,previous,8516.0,8516.0,0.0,0.01,PASS
cross_row_leaf_122_ordinary_profit_yoy_delta,leaf,CAPITAL_COLUMNS_TO_INDUSTRY,,122,26,ordinary_profit,yoy_delta,3606.5200000000004,3606.5200000000004,0.0,0.01,PASS
cross_row_leaf_145_sales_current,leaf,CAPITAL_COLUMNS_TO_INDUSTRY,,145,26,sales,current,103431.89,103431.89,0.0,0.01,PASS
cross_row_leaf_145_sales_previous,leaf,CAPITAL_COLUMNS_TO_INDUSTRY,,145,26,sales,previous,95183.33,95183.33,0.0,0.01,PASS
cross_row_leaf_145_sales_yoy_delta,leaf,CAPITAL_COLUMNS_TO_INDUSTRY,,145,26,sales,yoy_delta,8248.559999999998,8248.559999999998,0.0,0.01,PASS
cross_row_leaf_145_operating_profit_current,leaf,CAPITAL_COLUMNS_TO_INDUSTRY,,145,26,operating_profit,current,20366.6,20366.6,0.0,0.01,PASS
cross_row_leaf_145_operating_profit_previous,leaf,CAPITAL_COLUMNS_TO_INDUSTRY,,145,26,operating_profit,previous,8565.19,8565.19,0.0,0.01,PASS
cross_row_leaf_145_operating_profit_yoy_delta,leaf,CAPITAL_COLUMNS_TO_INDUSTRY,,145,26,operating_profit,yoy_delta,11801.409999999998,11801.41,1.8189894035458565e-12,0.01,PASS
cross_row_leaf_145_ordinary_profit_current,leaf,CAPITAL_COLUMNS_TO_INDUSTRY,,145,26,ordinary_profit,current,24928.93,24928.93,0.0,0.01,PASS
cross_row_leaf_145_ordinary_profit_previous,leaf,CAPITAL_COLUMNS_TO_INDUSTRY,,145,26,ordinary_profit,previous,9075.79,9075.789999999999,-1.8189894035458565e-12,0.01,PASS
cross_row_leaf_145_ordinary_profit_yoy_delta,leaf,CAPITAL_COLUMNS_TO_INDUSTRY,,145,26,ordinary_profit,yoy_delta,15853.14,15853.14,0.0,0.01,PASS
cross_row_leaf_123_sales_current,leaf,CAPITAL_COLUMNS_TO_INDUSTRY,,123,26,sales,current,242374.8,242374.8,0.0,0.01,PASS
cross_row_leaf_123_sales_previous,leaf,CAPITAL_COLUMNS_TO_INDUSTRY,,123,26,sales,previous,231907.93,231907.93,0.0,0.01,PASS
cross_row_leaf_123_sales_yoy_delta,leaf,CAPITAL_COLUMNS_TO_INDUSTRY,,123,26,sales,yoy_delta,10466.869999999995,10466.869999999988,-7.275957614183426e-12,0.01,PASS
cross_row_leaf_123_operating_profit_current,leaf,CAPITAL_COLUMNS_TO_INDUSTRY,,123,26,operating_profit,current,7028.34,7028.34,0.0,0.01,PASS
cross_row_leaf_123_operating_profit_previous,leaf,CAPITAL_COLUMNS_TO_INDUSTRY,,123,26,operating_profit,previous,7914.52,7914.5199999999995,-9.094947017729282e-13,0.01,PASS
cross_row_leaf_123_operating_profit_yoy_delta,leaf,CAPITAL_COLUMNS_TO_INDUSTRY,,123,26,operating_profit,yoy_delta,-886.1800000000003,-886.18,3.410605131648481e-13,0.01,PASS
cross_row_leaf_123_ordinary_profit_current,leaf,CAPITAL_COLUMNS_TO_INDUSTRY,,123,26,ordinary_profit,current,13655.62,13655.619999999999,-1.8189894035458565e-12,0.01,PASS
cross_row_leaf_123_ordinary_profit_previous,leaf,CAPITAL_COLUMNS_TO_INDUSTRY,,123,26,ordinary_profit,previous,12115.14,12115.14,0.0,0.01,PASS
cross_row_leaf_123_ordinary_profit_yoy_delta,leaf,CAPITAL_COLUMNS_TO_INDUSTRY,,123,26,ordinary_profit,yoy_delta,1540.4800000000014,1540.4799999999996,-1.8189894035458565e-12,0.01,PASS
cross_row_leaf_125_sales_current,leaf,CAPITAL_COLUMNS_TO_INDUSTRY,,125,26,sales,current,24764.2,24764.2,0.0,0.01,PASS
cross_row_leaf_125_sales_previous,leaf,CAPITAL_COLUMNS_TO_INDUSTRY,,125,26,sales,previous,23954.44,23954.44,0.0,0.01,PASS
cross_row_leaf_125_sales_yoy_delta,leaf,CAPITAL_COLUMNS_TO_INDUSTRY,,125,26,sales,yoy_delta,809.760000000002,809.7600000000011,-9.094947017729282e-13,0.01,PASS
cross_row_leaf_125_operating_profit_current,leaf,CAPITAL_COLUMNS_TO_INDUSTRY,,125,26,operating_profit,current,2055.81,2055.81,0.0,0.01,PASS
cross_row_leaf_125_operating_profit_previous,leaf,CAPITAL_COLUMNS_TO_INDUSTRY,,125,26,operating_profit,previous,1349.63,1349.63,0.0,0.01,PASS
cross_row_leaf_125_operating_profit_yoy_delta,leaf,CAPITAL_COLUMNS_TO_INDUSTRY,,125,26,operating_profit,yoy_delta,706.1799999999998,706.18,1.1368683772161603e-13,0.01,PASS
cross_row_leaf_125_ordinary_profit_current,leaf,CAPITAL_COLUMNS_TO_INDUSTRY,,125,26,ordinary_profit,current,2750.93,2750.93,0.0,0.01,PASS
cross_row_leaf_125_ordinary_profit_previous,leaf,CAPITAL_COLUMNS_TO_INDUSTRY,,125,26,ordinary_profit,previous,1690.86,1690.86,0.0,0.01,PASS
cross_row_leaf_125_ordinary_profit_yoy_delta,leaf,CAPITAL_COLUMNS_TO_INDUSTRY,,125,26,ordinary_profit,yoy_delta,1060.07,1060.07,0.0,0.01,PASS
cross_row_leaf_126_sales_current,leaf,CAPITAL_COLUMNS_TO_INDUSTRY,,126,26,sales,current,97254.38,97254.38,0.0,0.01,PASS
cross_row_leaf_126_sales_previous,leaf,CAPITAL_COLUMNS_TO_INDUSTRY,,126,26,sales,previous,101133.9,101133.9,0.0,0.01,PASS
cross_row_leaf_126_sales_yoy_delta,leaf,CAPITAL_COLUMNS_TO_INDUSTRY,,126,26,sales,yoy_delta,-3879.5199999999895,-3879.520000000004,-1.4551915228366852e-11,0.01,PASS
cross_row_leaf_126_operating_profit_current,leaf,CAPITAL_COLUMNS_TO_INDUSTRY,,126,26,operating_profit,current,6836.25,6836.25,0.0,0.01,PASS
cross_row_leaf_126_operating_profit_previous,leaf,CAPITAL_COLUMNS_TO_INDUSTRY,,126,26,operating_profit,previous,4006.45,4006.45,0.0,0.01,PASS
cross_row_leaf_126_operating_profit_yoy_delta,leaf,CAPITAL_COLUMNS_TO_INDUSTRY,,126,26,operating_profit,yoy_delta,2829.8,2829.7999999999997,-4.547473508864641e-13,0.01,PASS
cross_row_leaf_126_ordinary_profit_current,leaf,CAPITAL_COLUMNS_TO_INDUSTRY,,126,26,ordinary_profit,current,9401.6,9401.6,0.0,0.01,PASS
cross_row_leaf_126_ordinary_profit_previous,leaf,CAPITAL_COLUMNS_TO_INDUSTRY,,126,26,ordinary_profit,previous,7107.02,7107.02,0.0,0.01,PASS
cross_row_leaf_126_ordinary_profit_yoy_delta,leaf,CAPITAL_COLUMNS_TO_INDUSTRY,,126,26,ordinary_profit,yoy_delta,2294.58,2294.58,0.0,0.01,PASS
cross_row_leaf_101_sales_current,leaf,CAPITAL_COLUMNS_TO_INDUSTRY,,101,26,sales,current,6756.81,6756.81,0.0,0.01,PASS
cross_row_leaf_101_sales_previous,leaf,CAPITAL_COLUMNS_TO_INDUSTRY,,101,26,sales,previous,9013.73,9013.73,0.0,0.01,PASS
cross_row_leaf_101_sales_yoy_delta,leaf,CAPITAL_COLUMNS_TO_INDUSTRY,,101,26,sales,yoy_delta,-2256.919999999999,-2256.919999999999,0.0,0.01,PASS
cross_row_leaf_101_operating_profit_current,leaf,CAPITAL_COLUMNS_TO_INDUSTRY,,101,26,operating_profit,current,249.44,249.44000000000003,2.842170943040401e-14,0.01,PASS
cross_row_leaf_101_operating_profit_previous,leaf,CAPITAL_COLUMNS_TO_INDUSTRY,,101,26,operating_profit,previous,-67.23,-67.22999999999999,1.4210854715202004e-14,0.01,PASS
cross_row_leaf_101_operating_profit_yoy_delta,leaf,CAPITAL_COLUMNS_TO_INDUSTRY,,101,26,operating_profit,yoy_delta,316.67,316.67,0.0,0.01,PASS
cross_row_leaf_101_ordinary_profit_current,leaf,CAPITAL_COLUMNS_TO_INDUSTRY,,101,26,ordinary_profit,current,552.84,552.84,0.0,0.01,PASS
cross_row_leaf_101_ordinary_profit_previous,leaf,CAPITAL_COLUMNS_TO_INDUSTRY,,101,26,ordinary_profit,previous,135.48,135.48,0.0,0.01,PASS
cross_row_leaf_101_ordinary_profit_yoy_delta,leaf,CAPITAL_COLUMNS_TO_INDUSTRY,,101,26,ordinary_profit,yoy_delta,417.36,417.36000000000007,5.684341886080802e-14,0.01,PASS
cross_row_leaf_103_sales_current,leaf,CAPITAL_COLUMNS_TO_INDUSTRY,,103,26,sales,current,2187.1,2187.1,0.0,0.01,PASS
cross_row_leaf_103_sales_previous,leaf,CAPITAL_COLUMNS_TO_INDUSTRY,,103,26,sales,previous,1829.2,1829.2,0.0,0.01,PASS
cross_row_leaf_103_sales_yoy_delta,leaf,CAPITAL_COLUMNS_TO_INDUSTRY,,103,26,sales,yoy_delta,357.89999999999986,357.9,1.1368683772161603e-13,0.01,PASS
cross_row_leaf_103_operating_profit_current,leaf,CAPITAL_COLUMNS_TO_INDUSTRY,,103,26,operating_profit,current,48.53,48.53,0.0,0.01,PASS
cross_row_leaf_103_operating_profit_previous,leaf,CAPITAL_COLUMNS_TO_INDUSTRY,,103,26,operating_profit,previous,-58.18,-58.18,0.0,0.01,PASS
cross_row_leaf_103_operating_profit_yoy_delta,leaf,CAPITAL_COLUMNS_TO_INDUSTRY,,103,26,operating_profit,yoy_delta,106.71000000000001,106.71,-1.4210854715202004e-14,0.01,PASS
cross_row_leaf_103_ordinary_profit_current,leaf,CAPITAL_COLUMNS_TO_INDUSTRY,,103,26,ordinary_profit,current,134.72,134.72,0.0,0.01,PASS
cross_row_leaf_103_ordinary_profit_previous,leaf,CAPITAL_COLUMNS_TO_INDUSTRY,,103,26,ordinary_profit,previous,36.23,36.23,0.0,0.01,PASS
cross_row_leaf_103_ordinary_profit_yoy_delta,leaf,CAPITAL_COLUMNS_TO_INDUSTRY,,103,26,ordinary_profit,yoy_delta,98.49000000000001,98.49,-1.4210854715202004e-14,0.01,PASS
cross_row_leaf_106_sales_current,leaf,CAPITAL_COLUMNS_TO_INDUSTRY,,106,26,sales,current,8384.58,8384.58,0.0,0.01,PASS
cross_row_leaf_106_sales_previous,leaf,CAPITAL_COLUMNS_TO_INDUSTRY,,106,26,sales,previous,7081.66,7081.66,0.0,0.01,PASS
cross_row_leaf_106_sales_yoy_delta,leaf,CAPITAL_COLUMNS_TO_INDUSTRY,,106,26,sales,yoy_delta,1302.92,1302.92,0.0,0.01,PASS
cross_row_leaf_106_operating_profit_current,leaf,CAPITAL_COLUMNS_TO_INDUSTRY,,106,26,operating_profit,current,950.42,950.42,0.0,0.01,PASS
cross_row_leaf_106_operating_profit_previous,leaf,CAPITAL_COLUMNS_TO_INDUSTRY,,106,26,operating_profit,previous,1918.17,1918.17,0.0,0.01,PASS
cross_row_leaf_106_operating_profit_yoy_delta,leaf,CAPITAL_COLUMNS_TO_INDUSTRY,,106,26,operating_profit,yoy_delta,-967.7500000000001,-967.7500000000002,-1.1368683772161603e-13,0.01,PASS
cross_row_leaf_106_ordinary_profit_current,leaf,CAPITAL_COLUMNS_TO_INDUSTRY,,106,26,ordinary_profit,current,1537.53,1537.53,0.0,0.01,PASS
cross_row_leaf_106_ordinary_profit_previous,leaf,CAPITAL_COLUMNS_TO_INDUSTRY,,106,26,ordinary_profit,previous,1748.7,1748.7,0.0,0.01,PASS
cross_row_leaf_106_ordinary_profit_yoy_delta,leaf,CAPITAL_COLUMNS_TO_INDUSTRY,,106,26,ordinary_profit,yoy_delta,-211.17000000000007,-211.16999999999996,1.1368683772161603e-13,0.01,PASS
cross_row_leaf_107_sales_current,leaf,CAPITAL_COLUMNS_TO_INDUSTRY,,107,26,sales,current,362952.44,362952.44,0.0,0.01,PASS
cross_row_leaf_107_sales_previous,leaf,CAPITAL_COLUMNS_TO_INDUSTRY,,107,26,sales,previous,367025.73,367025.73,0.0,0.01,PASS
cross_row_leaf_107_sales_yoy_delta,leaf,CAPITAL_COLUMNS_TO_INDUSTRY,,107,26,sales,yoy_delta,-4073.289999999979,-4073.2900000000227,-4.3655745685100555e-11,0.01,PASS
cross_row_leaf_107_operating_profit_current,leaf,CAPITAL_COLUMNS_TO_INDUSTRY,,107,26,operating_profit,current,37579.29,37579.29,0.0,0.01,PASS
cross_row_leaf_107_operating_profit_previous,leaf,CAPITAL_COLUMNS_TO_INDUSTRY,,107,26,operating_profit,previous,40905.71,40905.71,0.0,0.01,PASS
cross_row_leaf_107_operating_profit_yoy_delta,leaf,CAPITAL_COLUMNS_TO_INDUSTRY,,107,26,operating_profit,yoy_delta,-3326.4199999999983,-3326.4199999999983,0.0,0.01,PASS
cross_row_leaf_107_ordinary_profit_current,leaf,CAPITAL_COLUMNS_TO_INDUSTRY,,107,26,ordinary_profit,current,39942.71,39942.71,0.0,0.01,PASS
cross_row_leaf_107_ordinary_profit_previous,leaf,CAPITAL_COLUMNS_TO_INDUSTRY,,107,26,ordinary_profit,previous,42455.59,42455.590000000004,7.275957614183426e-12,0.01,PASS
cross_row_leaf_107_ordinary_profit_yoy_delta,leaf,CAPITAL_COLUMNS_TO_INDUSTRY,,107,26,ordinary_profit,yoy_delta,-2512.8799999999974,-2512.88,-2.7284841053187847e-12,0.01,PASS
cross_row_leaf_135_sales_current,leaf,CAPITAL_COLUMNS_TO_INDUSTRY,,135,26,sales,current,101046.01,101046.01,0.0,0.01,PASS
cross_row_leaf_135_sales_previous,leaf,CAPITAL_COLUMNS_TO_INDUSTRY,,135,26,sales,previous,112534.96,112534.96,0.0,0.01,PASS
cross_row_leaf_135_sales_yoy_delta,leaf,CAPITAL_COLUMNS_TO_INDUSTRY,,135,26,sales,yoy_delta,-11488.950000000012,-11488.950000000008,3.637978807091713e-12,0.01,PASS
cross_row_leaf_135_operating_profit_current,leaf,CAPITAL_COLUMNS_TO_INDUSTRY,,135,26,operating_profit,current,939.62,939.62,0.0,0.01,PASS
cross_row_leaf_135_operating_profit_previous,leaf,CAPITAL_COLUMNS_TO_INDUSTRY,,135,26,operating_profit,previous,2504.53,2504.5299999999997,-4.547473508864641e-13,0.01,PASS
cross_row_leaf_135_operating_profit_yoy_delta,leaf,CAPITAL_COLUMNS_TO_INDUSTRY,,135,26,operating_profit,yoy_delta,-1564.9100000000003,-1564.9099999999999,4.547473508864641e-13,0.01,PASS
cross_row_leaf_135_ordinary_profit_current,leaf,CAPITAL_COLUMNS_TO_INDUSTRY,,135,26,ordinary_profit,current,-154.36,-154.35999999999996,5.684341886080802e-14,0.01,PASS
cross_row_leaf_135_ordinary_profit_previous,leaf,CAPITAL_COLUMNS_TO_INDUSTRY,,135,26,ordinary_profit,previous,1877.39,1877.39,0.0,0.01,PASS
cross_row_leaf_135_ordinary_profit_yoy_delta,leaf,CAPITAL_COLUMNS_TO_INDUSTRY,,135,26,ordinary_profit,yoy_delta,-2031.75,-2031.75,0.0,0.01,PASS
cross_row_leaf_136_sales_current,leaf,CAPITAL_COLUMNS_TO_INDUSTRY,,136,26,sales,current,20849.51,20849.51,0.0,0.01,PASS
cross_row_leaf_136_sales_previous,leaf,CAPITAL_COLUMNS_TO_INDUSTRY,,136,26,sales,previous,22105.66,22105.66,0.0,0.01,PASS
cross_row_leaf_136_sales_yoy_delta,leaf,CAPITAL_COLUMNS_TO_INDUSTRY,,136,26,sales,yoy_delta,-1256.1500000000015,-1256.1500000000012,2.2737367544323206e-13,0.01,PASS
cross_row_leaf_136_operating_profit_current,leaf,CAPITAL_COLUMNS_TO_INDUSTRY,,136,26,operating_profit,current,912.21,912.21,0.0,0.01,PASS
cross_row_leaf_136_operating_profit_previous,leaf,CAPITAL_COLUMNS_TO_INDUSTRY,,136,26,operating_profit,previous,1234.93,1234.93,0.0,0.01,PASS
cross_row_leaf_136_operating_profit_yoy_delta,leaf,CAPITAL_COLUMNS_TO_INDUSTRY,,136,26,operating_profit,yoy_delta,-322.72,-322.71999999999997,5.684341886080802e-14,0.01,PASS
cross_row_leaf_136_ordinary_profit_current,leaf,CAPITAL_COLUMNS_TO_INDUSTRY,,136,26,ordinary_profit,current,933.41,933.41,0.0,0.01,PASS
cross_row_leaf_136_ordinary_profit_previous,leaf,CAPITAL_COLUMNS_TO_INDUSTRY,,136,26,ordinary_profit,previous,1238.06,1238.06,0.0,0.01,PASS
cross_row_leaf_136_ordinary_profit_yoy_delta,leaf,CAPITAL_COLUMNS_TO_INDUSTRY,,136,26,ordinary_profit,yoy_delta,-304.65,-304.65000000000003,-5.684341886080802e-14,0.01,PASS
cross_row_leaf_142_sales_current,leaf,CAPITAL_COLUMNS_TO_INDUSTRY,,142,26,sales,current,264009.38,264009.38,0.0,0.01,PASS
cross_row_leaf_142_sales_previous,leaf,CAPITAL_COLUMNS_TO_INDUSTRY,,142,26,sales,previous,254926.15,254926.15,0.0,0.01,PASS
cross_row_leaf_142_sales_yoy_delta,leaf,CAPITAL_COLUMNS_TO_INDUSTRY,,142,26,sales,yoy_delta,9083.23000000001,9083.23000000001,0.0,0.01,PASS
cross_row_leaf_142_operating_profit_current,leaf,CAPITAL_COLUMNS_TO_INDUSTRY,,142,26,operating_profit,current,20832.23,20832.23,0.0,0.01,PASS
cross_row_leaf_142_operating_profit_previous,leaf,CAPITAL_COLUMNS_TO_INDUSTRY,,142,26,operating_profit,previous,19154.29,19154.29,0.0,0.01,PASS
cross_row_leaf_142_operating_profit_yoy_delta,leaf,CAPITAL_COLUMNS_TO_INDUSTRY,,142,26,operating_profit,yoy_delta,1677.9399999999987,1677.9400000000012,2.5011104298755527e-12,0.01,PASS
cross_row_leaf_142_ordinary_profit_current,leaf,CAPITAL_COLUMNS_TO_INDUSTRY,,142,26,ordinary_profit,current,23103.3,23103.3,0.0,0.01,PASS
cross_row_leaf_142_ordinary_profit_previous,leaf,CAPITAL_COLUMNS_TO_INDUSTRY,,142,26,ordinary_profit,previous,23062.11,23062.11,0.0,0.01,PASS
cross_row_leaf_142_ordinary_profit_yoy_delta,leaf,CAPITAL_COLUMNS_TO_INDUSTRY,,142,26,ordinary_profit,yoy_delta,41.18999999999869,41.18999999999846,-2.2737367544323206e-13,0.01,PASS
cross_row_leaf_131_sales_current,leaf,CAPITAL_COLUMNS_TO_INDUSTRY,,131,26,sales,current,106212.3,106212.3,0.0,0.01,PASS
cross_row_leaf_131_sales_previous,leaf,CAPITAL_COLUMNS_TO_INDUSTRY,,131,26,sales,previous,97970.98,97970.98,0.0,0.01,PASS
cross_row_leaf_131_sales_yoy_delta,leaf,CAPITAL_COLUMNS_TO_INDUSTRY,,131,26,sales,yoy_delta,8241.320000000007,8241.320000000005,-1.8189894035458565e-12,0.01,PASS
cross_row_leaf_131_operating_profit_current,leaf,CAPITAL_COLUMNS_TO_INDUSTRY,,131,26,operating_profit,current,4206.1,4206.1,0.0,0.01,PASS
cross_row_leaf_131_operating_profit_previous,leaf,CAPITAL_COLUMNS_TO_INDUSTRY,,131,26,operating_profit,previous,2738.81,2738.81,0.0,0.01,PASS
cross_row_leaf_131_operating_profit_yoy_delta,leaf,CAPITAL_COLUMNS_TO_INDUSTRY,,131,26,operating_profit,yoy_delta,1467.2900000000004,1467.29,-4.547473508864641e-13,0.01,PASS
cross_row_leaf_131_ordinary_profit_current,leaf,CAPITAL_COLUMNS_TO_INDUSTRY,,131,26,ordinary_profit,current,4276.09,4276.09,0.0,0.01,PASS
cross_row_leaf_131_ordinary_profit_previous,leaf,CAPITAL_COLUMNS_TO_INDUSTRY,,131,26,ordinary_profit,previous,2820.72,2820.72,0.0,0.01,PASS
cross_row_leaf_131_ordinary_profit_yoy_delta,leaf,CAPITAL_COLUMNS_TO_INDUSTRY,,131,26,ordinary_profit,yoy_delta,1455.3700000000003,1455.3700000000001,-2.2737367544323206e-13,0.01,PASS
cross_row_leaf_132_sales_current,leaf,CAPITAL_COLUMNS_TO_INDUSTRY,,132,26,sales,current,20712.16,20712.16,0.0,0.01,PASS
cross_row_leaf_132_sales_previous,leaf,CAPITAL_COLUMNS_TO_INDUSTRY,,132,26,sales,previous,18858.42,18858.42,0.0,0.01,PASS
cross_row_leaf_132_sales_yoy_delta,leaf,CAPITAL_COLUMNS_TO_INDUSTRY,,132,26,sales,yoy_delta,1853.7400000000016,1853.7400000000002,-1.3642420526593924e-12,0.01,PASS
cross_row_leaf_132_operating_profit_current,leaf,CAPITAL_COLUMNS_TO_INDUSTRY,,132,26,operating_profit,current,785.0,785.0,0.0,0.01,PASS
cross_row_leaf_132_operating_profit_previous,leaf,CAPITAL_COLUMNS_TO_INDUSTRY,,132,26,operating_profit,previous,768.91,768.91,0.0,0.01,PASS
cross_row_leaf_132_operating_profit_yoy_delta,leaf,CAPITAL_COLUMNS_TO_INDUSTRY,,132,26,operating_profit,yoy_delta,16.090000000000032,16.090000000000003,-2.842170943040401e-14,0.01,PASS
cross_row_leaf_132_ordinary_profit_current,leaf,CAPITAL_COLUMNS_TO_INDUSTRY,,132,26,ordinary_profit,current,1023.47,1023.47,0.0,0.01,PASS
cross_row_leaf_132_ordinary_profit_previous,leaf,CAPITAL_COLUMNS_TO_INDUSTRY,,132,26,ordinary_profit,previous,1256.13,1256.13,0.0,0.01,PASS
cross_row_leaf_132_ordinary_profit_yoy_delta,leaf,CAPITAL_COLUMNS_TO_INDUSTRY,,132,26,ordinary_profit,yoy_delta,-232.66000000000008,-232.66000000000005,2.842170943040401e-14,0.01,PASS
cross_row_leaf_133_sales_current,leaf,CAPITAL_COLUMNS_TO_INDUSTRY,,133,26,sales,current,56433.97,56433.97,0.0,0.01,PASS
cross_row_leaf_133_sales_previous,leaf,CAPITAL_COLUMNS_TO_INDUSTRY,,133,26,sales,previous,55282.62,55282.619999999995,-7.275957614183426e-12,0.01,PASS
cross_row_leaf_133_sales_yoy_delta,leaf,CAPITAL_COLUMNS_TO_INDUSTRY,,133,26,sales,yoy_delta,1151.3499999999985,1151.3500000000004,1.8189894035458565e-12,0.01,PASS
cross_row_leaf_133_operating_profit_current,leaf,CAPITAL_COLUMNS_TO_INDUSTRY,,133,26,operating_profit,current,3070.71,3070.71,0.0,0.01,PASS
cross_row_leaf_133_operating_profit_previous,leaf,CAPITAL_COLUMNS_TO_INDUSTRY,,133,26,operating_profit,previous,1668.65,1668.65,0.0,0.01,PASS
cross_row_leaf_133_operating_profit_yoy_delta,leaf,CAPITAL_COLUMNS_TO_INDUSTRY,,133,26,operating_profit,yoy_delta,1402.06,1402.06,0.0,0.01,PASS
cross_row_leaf_133_ordinary_profit_current,leaf,CAPITAL_COLUMNS_TO_INDUSTRY,,133,26,ordinary_profit,current,3333.34,3333.3399999999997,-4.547473508864641e-13,0.01,PASS
cross_row_leaf_133_ordinary_profit_previous,leaf,CAPITAL_COLUMNS_TO_INDUSTRY,,133,26,ordinary_profit,previous,1658.24,1658.24,0.0,0.01,PASS
cross_row_leaf_133_ordinary_profit_yoy_delta,leaf,CAPITAL_COLUMNS_TO_INDUSTRY,,133,26,ordinary_profit,yoy_delta,1675.1000000000001,1675.1,-2.2737367544323206e-13,0.01,PASS
cross_row_leaf_127_sales_current,leaf,CAPITAL_COLUMNS_TO_INDUSTRY,,127,26,sales,current,818392.66,818392.66,0.0,0.01,PASS
cross_row_leaf_127_sales_previous,leaf,CAPITAL_COLUMNS_TO_INDUSTRY,,127,26,sales,previous,844739.37,844739.37,0.0,0.01,PASS
cross_row_leaf_127_sales_yoy_delta,leaf,CAPITAL_COLUMNS_TO_INDUSTRY,,127,26,sales,yoy_delta,-26346.709999999963,-26346.709999999992,-2.9103830456733704e-11,0.01,PASS
cross_row_leaf_127_operating_profit_current,leaf,CAPITAL_COLUMNS_TO_INDUSTRY,,127,26,operating_profit,current,23349.88,23349.879999999997,-3.637978807091713e-12,0.01,PASS
cross_row_leaf_127_operating_profit_previous,leaf,CAPITAL_COLUMNS_TO_INDUSTRY,,127,26,operating_profit,previous,21519.62,21519.62,0.0,0.01,PASS
cross_row_leaf_127_operating_profit_yoy_delta,leaf,CAPITAL_COLUMNS_TO_INDUSTRY,,127,26,operating_profit,yoy_delta,1830.260000000002,1830.2600000000002,-1.8189894035458565e-12,0.01,PASS
cross_row_leaf_127_ordinary_profit_current,leaf,CAPITAL_COLUMNS_TO_INDUSTRY,,127,26,ordinary_profit,current,35150.91,35150.91,0.0,0.01,PASS
cross_row_leaf_127_ordinary_profit_previous,leaf,CAPITAL_COLUMNS_TO_INDUSTRY,,127,26,ordinary_profit,previous,30347.93,30347.93,0.0,0.01,PASS
cross_row_leaf_127_ordinary_profit_yoy_delta,leaf,CAPITAL_COLUMNS_TO_INDUSTRY,,127,26,ordinary_profit,yoy_delta,4802.980000000003,4802.979999999999,-4.547473508864641e-12,0.01,PASS
cross_row_leaf_128_sales_current,leaf,CAPITAL_COLUMNS_TO_INDUSTRY,,128,26,sales,current,457037.51,457037.51,0.0,0.01,PASS
cross_row_leaf_128_sales_previous,leaf,CAPITAL_COLUMNS_TO_INDUSTRY,,128,26,sales,previous,431141.22,431141.22,0.0,0.01,PASS
cross_row_leaf_128_sales_yoy_delta,leaf,CAPITAL_COLUMNS_TO_INDUSTRY,,128,26,sales,yoy_delta,25896.290000000037,25896.290000000008,-2.9103830456733704e-11,0.01,PASS
cross_row_leaf_128_operating_profit_current,leaf,CAPITAL_COLUMNS_TO_INDUSTRY,,128,26,operating_profit,current,13027.42,13027.42,0.0,0.01,PASS
cross_row_leaf_128_operating_profit_previous,leaf,CAPITAL_COLUMNS_TO_INDUSTRY,,128,26,operating_profit,previous,14805.34,14805.34,0.0,0.01,PASS
cross_row_leaf_128_operating_profit_yoy_delta,leaf,CAPITAL_COLUMNS_TO_INDUSTRY,,128,26,operating_profit,yoy_delta,-1777.92,-1777.9199999999987,1.3642420526593924e-12,0.01,PASS
cross_row_leaf_128_ordinary_profit_current,leaf,CAPITAL_COLUMNS_TO_INDUSTRY,,128,26,ordinary_profit,current,15239.52,15239.52,0.0,0.01,PASS
cross_row_leaf_128_ordinary_profit_previous,leaf,CAPITAL_COLUMNS_TO_INDUSTRY,,128,26,ordinary_profit,previous,16857.79,16857.79,0.0,0.01,PASS
cross_row_leaf_128_ordinary_profit_yoy_delta,leaf,CAPITAL_COLUMNS_TO_INDUSTRY,,128,26,ordinary_profit,yoy_delta,-1618.2700000000004,-1618.269999999999,1.3642420526593924e-12,0.01,PASS
cross_row_leaf_130_sales_current,leaf,CAPITAL_COLUMNS_TO_INDUSTRY,,130,26,sales,current,143735.26,143735.26,0.0,0.01,PASS
cross_row_leaf_130_sales_previous,leaf,CAPITAL_COLUMNS_TO_INDUSTRY,,130,26,sales,previous,143861.37,143861.37,0.0,0.01,PASS
cross_row_leaf_130_sales_yoy_delta,leaf,CAPITAL_COLUMNS_TO_INDUSTRY,,130,26,sales,yoy_delta,-126.10999999998603,-126.11000000000786,-2.1827872842550278e-11,0.01,PASS
cross_row_leaf_130_operating_profit_current,leaf,CAPITAL_COLUMNS_TO_INDUSTRY,,130,26,operating_profit,current,21922.35,21922.35,0.0,0.01,PASS
cross_row_leaf_130_operating_profit_previous,leaf,CAPITAL_COLUMNS_TO_INDUSTRY,,130,26,operating_profit,previous,19890.28,19890.28,0.0,0.01,PASS
cross_row_leaf_130_operating_profit_yoy_delta,leaf,CAPITAL_COLUMNS_TO_INDUSTRY,,130,26,operating_profit,yoy_delta,2032.0699999999997,2032.0699999999997,0.0,0.01,PASS
cross_row_leaf_130_ordinary_profit_current,leaf,CAPITAL_COLUMNS_TO_INDUSTRY,,130,26,ordinary_profit,current,23577.31,23577.309999999998,-3.637978807091713e-12,0.01,PASS
cross_row_leaf_130_ordinary_profit_previous,leaf,CAPITAL_COLUMNS_TO_INDUSTRY,,130,26,ordinary_profit,previous,21512.59,21512.59,0.0,0.01,PASS
cross_row_leaf_130_ordinary_profit_yoy_delta,leaf,CAPITAL_COLUMNS_TO_INDUSTRY,,130,26,ordinary_profit,yoy_delta,2064.720000000001,2064.7199999999984,-2.7284841053187847e-12,0.01,PASS
cross_row_leaf_150_sales_current,leaf,CAPITAL_COLUMNS_TO_INDUSTRY,,150,26,sales,current,39908.84,39908.840000000004,7.275957614183426e-12,0.01,PASS
cross_row_leaf_150_sales_previous,leaf,CAPITAL_COLUMNS_TO_INDUSTRY,,150,26,sales,previous,36266.06,36266.06,0.0,0.01,PASS
cross_row_leaf_150_sales_yoy_delta,leaf,CAPITAL_COLUMNS_TO_INDUSTRY,,150,26,sales,yoy_delta,3642.779999999999,3642.7800000000025,3.637978807091713e-12,0.01,PASS
cross_row_leaf_150_operating_profit_current,leaf,CAPITAL_COLUMNS_TO_INDUSTRY,,150,26,operating_profit,current,3317.04,3317.04,0.0,0.01,PASS
cross_row_leaf_150_operating_profit_previous,leaf,CAPITAL_COLUMNS_TO_INDUSTRY,,150,26,operating_profit,previous,3508.56,3508.56,0.0,0.01,PASS
cross_row_leaf_150_operating_profit_yoy_delta,leaf,CAPITAL_COLUMNS_TO_INDUSTRY,,150,26,operating_profit,yoy_delta,-191.51999999999998,-191.5200000000001,-1.1368683772161603e-13,0.01,PASS
cross_row_leaf_150_ordinary_profit_current,leaf,CAPITAL_COLUMNS_TO_INDUSTRY,,150,26,ordinary_profit,current,4570.79,4570.79,0.0,0.01,PASS
cross_row_leaf_150_ordinary_profit_previous,leaf,CAPITAL_COLUMNS_TO_INDUSTRY,,150,26,ordinary_profit,previous,4230.35,4230.349999999999,-9.094947017729282e-13,0.01,PASS
cross_row_leaf_150_ordinary_profit_yoy_delta,leaf,CAPITAL_COLUMNS_TO_INDUSTRY,,150,26,ordinary_profit,yoy_delta,340.4399999999996,340.44000000000017,5.684341886080801e-13,0.01,PASS
cross_row_leaf_151_sales_current,leaf,CAPITAL_COLUMNS_TO_INDUSTRY,,151,26,sales,current,10833.85,10833.849999999999,-1.8189894035458565e-12,0.01,PASS
cross_row_leaf_151_sales_previous,leaf,CAPITAL_COLUMNS_TO_INDUSTRY,,151,26,sales,previous,9088.44,9088.44,0.0,0.01,PASS
cross_row_leaf_151_sales_yoy_delta,leaf,CAPITAL_COLUMNS_TO_INDUSTRY,,151,26,sales,yoy_delta,1745.4099999999999,1745.4099999999996,-2.2737367544323206e-13,0.01,PASS
cross_row_leaf_151_operating_profit_current,leaf,CAPITAL_COLUMNS_TO_INDUSTRY,,151,26,operating_profit,current,585.4,585.4,0.0,0.01,PASS
cross_row_leaf_151_operating_profit_previous,leaf,CAPITAL_COLUMNS_TO_INDUSTRY,,151,26,operating_profit,previous,407.12,407.12,0.0,0.01,PASS
cross_row_leaf_151_operating_profit_yoy_delta,leaf,CAPITAL_COLUMNS_TO_INDUSTRY,,151,26,operating_profit,yoy_delta,178.27999999999997,178.28000000000003,5.684341886080802e-14,0.01,PASS
cross_row_leaf_151_ordinary_profit_current,leaf,CAPITAL_COLUMNS_TO_INDUSTRY,,151,26,ordinary_profit,current,736.03,736.03,0.0,0.01,PASS
cross_row_leaf_151_ordinary_profit_previous,leaf,CAPITAL_COLUMNS_TO_INDUSTRY,,151,26,ordinary_profit,previous,483.55,483.55,0.0,0.01,PASS
cross_row_leaf_151_ordinary_profit_yoy_delta,leaf,CAPITAL_COLUMNS_TO_INDUSTRY,,151,26,ordinary_profit,yoy_delta,252.47999999999996,252.48000000000002,5.684341886080802e-14,0.01,PASS
cross_row_leaf_139_sales_current,leaf,CAPITAL_COLUMNS_TO_INDUSTRY,,139,26,sales,current,17735.96,17735.96,0.0,0.01,PASS
cross_row_leaf_139_sales_previous,leaf,CAPITAL_COLUMNS_TO_INDUSTRY,,139,26,sales,previous,19758.96,19758.96,0.0,0.01,PASS
cross_row_leaf_139_sales_yoy_delta,leaf,CAPITAL_COLUMNS_TO_INDUSTRY,,139,26,sales,yoy_delta,-2023.0,-2022.9999999999995,4.547473508864641e-13,0.01,PASS
cross_row_leaf_139_operating_profit_current,leaf,CAPITAL_COLUMNS_TO_INDUSTRY,,139,26,operating_profit,current,816.89,816.89,0.0,0.01,PASS
cross_row_leaf_139_operating_profit_previous,leaf,CAPITAL_COLUMNS_TO_INDUSTRY,,139,26,operating_profit,previous,760.55,760.55,0.0,0.01,PASS
cross_row_leaf_139_operating_profit_yoy_delta,leaf,CAPITAL_COLUMNS_TO_INDUSTRY,,139,26,operating_profit,yoy_delta,56.34000000000003,56.33999999999999,-4.263256414560601e-14,0.01,PASS
cross_row_leaf_139_ordinary_profit_current,leaf,CAPITAL_COLUMNS_TO_INDUSTRY,,139,26,ordinary_profit,current,777.75,777.75,0.0,0.01,PASS
cross_row_leaf_139_ordinary_profit_previous,leaf,CAPITAL_COLUMNS_TO_INDUSTRY,,139,26,ordinary_profit,previous,636.75,636.75,0.0,0.01,PASS
cross_row_leaf_139_ordinary_profit_yoy_delta,leaf,CAPITAL_COLUMNS_TO_INDUSTRY,,139,26,ordinary_profit,yoy_delta,141.0,140.99999999999997,-2.842170943040401e-14,0.01,PASS
cross_row_leaf_148_sales_current,leaf,CAPITAL_COLUMNS_TO_INDUSTRY,,148,26,sales,current,48915.52,48915.520000000004,7.275957614183426e-12,0.01,PASS
cross_row_leaf_148_sales_previous,leaf,CAPITAL_COLUMNS_TO_INDUSTRY,,148,26,sales,previous,47257.4,47257.399999999994,-7.275957614183426e-12,0.01,PASS
cross_row_leaf_148_sales_yoy_delta,leaf,CAPITAL_COLUMNS_TO_INDUSTRY,,148,26,sales,yoy_delta,1658.1199999999953,1658.1200000000053,1.000444171950221e-11,0.01,PASS
cross_row_leaf_148_operating_profit_current,leaf,CAPITAL_COLUMNS_TO_INDUSTRY,,148,26,operating_profit,current,1084.73,1084.73,0.0,0.01,PASS
cross_row_leaf_148_operating_profit_previous,leaf,CAPITAL_COLUMNS_TO_INDUSTRY,,148,26,operating_profit,previous,1656.28,1656.28,0.0,0.01,PASS
cross_row_leaf_148_operating_profit_yoy_delta,leaf,CAPITAL_COLUMNS_TO_INDUSTRY,,148,26,operating_profit,yoy_delta,-571.55,-571.5500000000001,-1.1368683772161603e-13,0.01,PASS
cross_row_leaf_148_ordinary_profit_current,leaf,CAPITAL_COLUMNS_TO_INDUSTRY,,148,26,ordinary_profit,current,3970.34,3970.34,0.0,0.01,PASS
cross_row_leaf_148_ordinary_profit_previous,leaf,CAPITAL_COLUMNS_TO_INDUSTRY,,148,26,ordinary_profit,previous,1585.01,1585.01,0.0,0.01,PASS
cross_row_leaf_148_ordinary_profit_yoy_delta,leaf,CAPITAL_COLUMNS_TO_INDUSTRY,,148,26,ordinary_profit,yoy_delta,2385.33,2385.33,0.0,0.01,PASS
cross_row_leaf_140_sales_current,leaf,CAPITAL_COLUMNS_TO_INDUSTRY,,140,26,sales,current,22678.22,22678.22,0.0,0.01,PASS
cross_row_leaf_140_sales_previous,leaf,CAPITAL_COLUMNS_TO_INDUSTRY,,140,26,sales,previous,41692.17,41692.17,0.0,0.01,PASS
cross_row_leaf_140_sales_yoy_delta,leaf,CAPITAL_COLUMNS_TO_INDUSTRY,,140,26,sales,yoy_delta,-19013.949999999997,-19013.95,-3.637978807091713e-12,0.01,PASS
cross_row_leaf_140_operating_profit_current,leaf,CAPITAL_COLUMNS_TO_INDUSTRY,,140,26,operating_profit,current,1242.11,1242.11,0.0,0.01,PASS
cross_row_leaf_140_operating_profit_previous,leaf,CAPITAL_COLUMNS_TO_INDUSTRY,,140,26,operating_profit,previous,1761.32,1761.3200000000002,2.2737367544323206e-13,0.01,PASS
cross_row_leaf_140_operating_profit_yoy_delta,leaf,CAPITAL_COLUMNS_TO_INDUSTRY,,140,26,operating_profit,yoy_delta,-519.21,-519.21,0.0,0.01,PASS
cross_row_leaf_140_ordinary_profit_current,leaf,CAPITAL_COLUMNS_TO_INDUSTRY,,140,26,ordinary_profit,current,1513.65,1513.65,0.0,0.01,PASS
cross_row_leaf_140_ordinary_profit_previous,leaf,CAPITAL_COLUMNS_TO_INDUSTRY,,140,26,ordinary_profit,previous,1991.55,1991.55,0.0,0.01,PASS
cross_row_leaf_140_ordinary_profit_yoy_delta,leaf,CAPITAL_COLUMNS_TO_INDUSTRY,,140,26,ordinary_profit,yoy_delta,-477.89999999999986,-477.8999999999999,-5.684341886080802e-14,0.01,PASS
cross_row_leaf_141_sales_current,leaf,CAPITAL_COLUMNS_TO_INDUSTRY,,141,26,sales,current,38518.01,38518.009999999995,-7.275957614183426e-12,0.01,PASS
cross_row_leaf_141_sales_previous,leaf,CAPITAL_COLUMNS_TO_INDUSTRY,,141,26,sales,previous,40438.57,40438.57,0.0,0.01,PASS
cross_row_leaf_141_sales_yoy_delta,leaf,CAPITAL_COLUMNS_TO_INDUSTRY,,141,26,sales,yoy_delta,-1920.5599999999977,-1920.5600000000022,-4.547473508864641e-12,0.01,PASS
cross_row_leaf_141_operating_profit_current,leaf,CAPITAL_COLUMNS_TO_INDUSTRY,,141,26,operating_profit,current,2165.57,2165.57,0.0,0.01,PASS
cross_row_leaf_141_operating_profit_previous,leaf,CAPITAL_COLUMNS_TO_INDUSTRY,,141,26,operating_profit,previous,1925.24,1925.24,0.0,0.01,PASS
cross_row_leaf_141_operating_profit_yoy_delta,leaf,CAPITAL_COLUMNS_TO_INDUSTRY,,141,26,operating_profit,yoy_delta,240.33000000000015,240.33000000000004,-1.1368683772161603e-13,0.01,PASS
cross_row_leaf_141_ordinary_profit_current,leaf,CAPITAL_COLUMNS_TO_INDUSTRY,,141,26,ordinary_profit,current,2115.07,2115.0699999999997,-4.547473508864641e-13,0.01,PASS
cross_row_leaf_141_ordinary_profit_previous,leaf,CAPITAL_COLUMNS_TO_INDUSTRY,,141,26,ordinary_profit,previous,2075.89,2075.8900000000003,4.547473508864641e-13,0.01,PASS
cross_row_leaf_141_ordinary_profit_yoy_delta,leaf,CAPITAL_COLUMNS_TO_INDUSTRY,,141,26,ordinary_profit,yoy_delta,39.18000000000029,39.179999999999836,-4.547473508864641e-13,0.01,PASS
cross_row_leaf_138_sales_current,leaf,CAPITAL_COLUMNS_TO_INDUSTRY,,138,26,sales,current,28692.67,28692.67,0.0,0.01,PASS
cross_row_leaf_138_sales_previous,leaf,CAPITAL_COLUMNS_TO_INDUSTRY,,138,26,sales,previous,27781.36,27781.36,0.0,0.01,PASS
cross_row_leaf_138_sales_yoy_delta,leaf,CAPITAL_COLUMNS_TO_INDUSTRY,,138,26,sales,yoy_delta,911.3099999999977,911.3100000000004,2.7284841053187847e-12,0.01,PASS
cross_row_leaf_138_operating_profit_current,leaf,CAPITAL_COLUMNS_TO_INDUSTRY,,138,26,operating_profit,current,1806.49,1806.49,0.0,0.01,PASS
cross_row_leaf_138_operating_profit_previous,leaf,CAPITAL_COLUMNS_TO_INDUSTRY,,138,26,operating_profit,previous,1926.28,1926.28,0.0,0.01,PASS
cross_row_leaf_138_operating_profit_yoy_delta,leaf,CAPITAL_COLUMNS_TO_INDUSTRY,,138,26,operating_profit,yoy_delta,-119.78999999999996,-119.78999999999996,0.0,0.01,PASS
cross_row_leaf_138_ordinary_profit_current,leaf,CAPITAL_COLUMNS_TO_INDUSTRY,,138,26,ordinary_profit,current,1898.79,1898.79,0.0,0.01,PASS
cross_row_leaf_138_ordinary_profit_previous,leaf,CAPITAL_COLUMNS_TO_INDUSTRY,,138,26,ordinary_profit,previous,2145.53,2145.5299999999997,-4.547473508864641e-13,0.01,PASS
cross_row_leaf_138_ordinary_profit_yoy_delta,leaf,CAPITAL_COLUMNS_TO_INDUSTRY,,138,26,ordinary_profit,yoy_delta,-246.74000000000024,-246.7399999999999,3.410605131648481e-13,0.01,PASS
cross_row_leaf_158_sales_current,leaf,CAPITAL_COLUMNS_TO_INDUSTRY,,158,26,sales,current,34882.98,34882.98,0.0,0.01,PASS
cross_row_leaf_158_sales_previous,leaf,CAPITAL_COLUMNS_TO_INDUSTRY,,158,26,sales,previous,36340.56,36340.56,0.0,0.01,PASS
cross_row_leaf_158_sales_yoy_delta,leaf,CAPITAL_COLUMNS_TO_INDUSTRY,,158,26,sales,yoy_delta,-1457.5799999999945,-1457.579999999998,-3.637978807091713e-12,0.01,PASS
cross_row_leaf_158_operating_profit_current,leaf,CAPITAL_COLUMNS_TO_INDUSTRY,,158,26,operating_profit,current,13944.97,13944.97,0.0,0.01,PASS
cross_row_leaf_158_operating_profit_previous,leaf,CAPITAL_COLUMNS_TO_INDUSTRY,,158,26,operating_profit,previous,16012.28,16012.279999999999,-1.8189894035458565e-12,0.01,PASS
cross_row_leaf_158_operating_profit_yoy_delta,leaf,CAPITAL_COLUMNS_TO_INDUSTRY,,158,26,operating_profit,yoy_delta,-2067.3100000000013,-2067.31,1.3642420526593924e-12,0.01,PASS
cross_row_leaf_158_ordinary_profit_current,leaf,CAPITAL_COLUMNS_TO_INDUSTRY,,158,26,ordinary_profit,current,9402.52,9402.52,0.0,0.01,PASS
cross_row_leaf_158_ordinary_profit_previous,leaf,CAPITAL_COLUMNS_TO_INDUSTRY,,158,26,ordinary_profit,previous,14807.8,14807.800000000001,1.8189894035458565e-12,0.01,PASS
cross_row_leaf_158_ordinary_profit_yoy_delta,leaf,CAPITAL_COLUMNS_TO_INDUSTRY,,158,26,ordinary_profit,yoy_delta,-5405.279999999999,-5405.28,-9.094947017729282e-13,0.01,PASS
cross_row_leaf_159_sales_current,leaf,CAPITAL_COLUMNS_TO_INDUSTRY,,159,26,sales,current,70364.89,70364.89,0.0,0.01,PASS
cross_row_leaf_159_sales_previous,leaf,CAPITAL_COLUMNS_TO_INDUSTRY,,159,26,sales,previous,72435.18,72435.18,0.0,0.01,PASS
cross_row_leaf_159_sales_yoy_delta,leaf,CAPITAL_COLUMNS_TO_INDUSTRY,,159,26,sales,yoy_delta,-2070.2899999999936,-2070.2899999999963,-2.7284841053187847e-12,0.01,PASS
cross_row_leaf_159_operating_profit_current,leaf,CAPITAL_COLUMNS_TO_INDUSTRY,,159,26,operating_profit,current,11861.14,11861.14,0.0,0.01,PASS
cross_row_leaf_159_operating_profit_previous,leaf,CAPITAL_COLUMNS_TO_INDUSTRY,,159,26,operating_profit,previous,11856.53,11856.53,0.0,0.01,PASS
cross_row_leaf_159_operating_profit_yoy_delta,leaf,CAPITAL_COLUMNS_TO_INDUSTRY,,159,26,operating_profit,yoy_delta,4.609999999998763,4.610000000000241,1.4779288903810084e-12,0.01,PASS
cross_row_leaf_159_ordinary_profit_current,leaf,CAPITAL_COLUMNS_TO_INDUSTRY,,159,26,ordinary_profit,current,12357.98,12357.98,0.0,0.01,PASS
cross_row_leaf_159_ordinary_profit_previous,leaf,CAPITAL_COLUMNS_TO_INDUSTRY,,159,26,ordinary_profit,previous,11573.33,11573.33,0.0,0.01,PASS
cross_row_leaf_159_ordinary_profit_yoy_delta,leaf,CAPITAL_COLUMNS_TO_INDUSTRY,,159,26,ordinary_profit,yoy_delta,784.6499999999996,784.649999999999,-6.821210263296962e-13,0.01,PASS
cross_row_leaf_153_sales_current,leaf,CAPITAL_COLUMNS_TO_INDUSTRY,,153,26,sales,current,6898.62,6898.62,0.0,0.01,PASS
cross_row_leaf_153_sales_previous,leaf,CAPITAL_COLUMNS_TO_INDUSTRY,,153,26,sales,previous,8162.83,8162.83,0.0,0.01,PASS
cross_row_leaf_153_sales_yoy_delta,leaf,CAPITAL_COLUMNS_TO_INDUSTRY,,153,26,sales,yoy_delta,-1264.21,-1264.2099999999996,4.547473508864641e-13,0.01,PASS
cross_row_leaf_153_operating_profit_current,leaf,CAPITAL_COLUMNS_TO_INDUSTRY,,153,26,operating_profit,current,797.09,797.0899999999999,-1.1368683772161603e-13,0.01,PASS
cross_row_leaf_153_operating_profit_previous,leaf,CAPITAL_COLUMNS_TO_INDUSTRY,,153,26,operating_profit,previous,817.22,817.2199999999999,-1.1368683772161603e-13,0.01,PASS
cross_row_leaf_153_operating_profit_yoy_delta,leaf,CAPITAL_COLUMNS_TO_INDUSTRY,,153,26,operating_profit,yoy_delta,-20.129999999999995,-20.13000000000001,-1.4210854715202004e-14,0.01,PASS
cross_row_leaf_153_ordinary_profit_current,leaf,CAPITAL_COLUMNS_TO_INDUSTRY,,153,26,ordinary_profit,current,815.51,815.51,0.0,0.01,PASS
cross_row_leaf_153_ordinary_profit_previous,leaf,CAPITAL_COLUMNS_TO_INDUSTRY,,153,26,ordinary_profit,previous,930.42,930.4200000000001,1.1368683772161603e-13,0.01,PASS
cross_row_leaf_153_ordinary_profit_yoy_delta,leaf,CAPITAL_COLUMNS_TO_INDUSTRY,,153,26,ordinary_profit,yoy_delta,-114.90999999999997,-114.91000000000008,-1.1368683772161603e-13,0.01,PASS
cross_row_leaf_152_sales_current,leaf,CAPITAL_COLUMNS_TO_INDUSTRY,,152,26,sales,current,25471.64,25471.64,0.0,0.01,PASS
cross_row_leaf_152_sales_previous,leaf,CAPITAL_COLUMNS_TO_INDUSTRY,,152,26,sales,previous,21685.36,21685.36,0.0,0.01,PASS
cross_row_leaf_152_sales_yoy_delta,leaf,CAPITAL_COLUMNS_TO_INDUSTRY,,152,26,sales,yoy_delta,3786.279999999999,3786.2800000000016,2.7284841053187847e-12,0.01,PASS
cross_row_leaf_152_operating_profit_current,leaf,CAPITAL_COLUMNS_TO_INDUSTRY,,152,26,operating_profit,current,679.19,679.1899999999999,-1.1368683772161603e-13,0.01,PASS
cross_row_leaf_152_operating_profit_previous,leaf,CAPITAL_COLUMNS_TO_INDUSTRY,,152,26,operating_profit,previous,755.05,755.05,0.0,0.01,PASS
cross_row_leaf_152_operating_profit_yoy_delta,leaf,CAPITAL_COLUMNS_TO_INDUSTRY,,152,26,operating_profit,yoy_delta,-75.8599999999999,-75.86000000000001,-1.1368683772161603e-13,0.01,PASS
cross_row_leaf_152_ordinary_profit_current,leaf,CAPITAL_COLUMNS_TO_INDUSTRY,,152,26,ordinary_profit,current,810.98,810.98,0.0,0.01,PASS
cross_row_leaf_152_ordinary_profit_previous,leaf,CAPITAL_COLUMNS_TO_INDUSTRY,,152,26,ordinary_profit,previous,951.73,951.73,0.0,0.01,PASS
cross_row_leaf_152_ordinary_profit_yoy_delta,leaf,CAPITAL_COLUMNS_TO_INDUSTRY,,152,26,ordinary_profit,yoy_delta,-140.75,-140.75,0.0,0.01,PASS
cross_row_leaf_160_sales_current,leaf,CAPITAL_COLUMNS_TO_INDUSTRY,,160,26,sales,current,33585.17,33585.17,0.0,0.01,PASS
cross_row_leaf_160_sales_previous,leaf,CAPITAL_COLUMNS_TO_INDUSTRY,,160,26,sales,previous,33200.9,33200.9,0.0,0.01,PASS
cross_row_leaf_160_sales_yoy_delta,leaf,CAPITAL_COLUMNS_TO_INDUSTRY,,160,26,sales,yoy_delta,384.2699999999968,384.2699999999968,0.0,0.01,PASS
cross_row_leaf_160_operating_profit_current,leaf,CAPITAL_COLUMNS_TO_INDUSTRY,,160,26,operating_profit,current,1022.96,1022.9599999999999,-1.1368683772161603e-13,0.01,PASS
cross_row_leaf_160_operating_profit_previous,leaf,CAPITAL_COLUMNS_TO_INDUSTRY,,160,26,operating_profit,previous,1227.05,1227.05,0.0,0.01,PASS
cross_row_leaf_160_operating_profit_yoy_delta,leaf,CAPITAL_COLUMNS_TO_INDUSTRY,,160,26,operating_profit,yoy_delta,-204.08999999999992,-204.09000000000006,-1.4210854715202004e-13,0.01,PASS
cross_row_leaf_160_ordinary_profit_current,leaf,CAPITAL_COLUMNS_TO_INDUSTRY,,160,26,ordinary_profit,current,1138.02,1138.02,0.0,0.01,PASS
cross_row_leaf_160_ordinary_profit_previous,leaf,CAPITAL_COLUMNS_TO_INDUSTRY,,160,26,ordinary_profit,previous,1195.67,1195.67,0.0,0.01,PASS
cross_row_leaf_160_ordinary_profit_yoy_delta,leaf,CAPITAL_COLUMNS_TO_INDUSTRY,,160,26,ordinary_profit,yoy_delta,-57.65000000000009,-57.64999999999995,1.4210854715202004e-13,0.01,PASS
cross_row_leaf_143_sales_current,leaf,CAPITAL_COLUMNS_TO_INDUSTRY,,143,26,sales,current,114097.35,114097.35,0.0,0.01,PASS
cross_row_leaf_143_sales_previous,leaf,CAPITAL_COLUMNS_TO_INDUSTRY,,143,26,sales,previous,109174.1,109174.1,0.0,0.01,PASS
cross_row_leaf_143_sales_yoy_delta,leaf,CAPITAL_COLUMNS_TO_INDUSTRY,,143,26,sales,yoy_delta,4923.25,4923.25,0.0,0.01,PASS
cross_row_leaf_143_operating_profit_current,leaf,CAPITAL_COLUMNS_TO_INDUSTRY,,143,26,operating_profit,current,7008.18,7008.18,0.0,0.01,PASS
cross_row_leaf_143_operating_profit_previous,leaf,CAPITAL_COLUMNS_TO_INDUSTRY,,143,26,operating_profit,previous,6389.97,6389.97,0.0,0.01,PASS
cross_row_leaf_143_operating_profit_yoy_delta,leaf,CAPITAL_COLUMNS_TO_INDUSTRY,,143,26,operating_profit,yoy_delta,618.21,618.2100000000003,2.2737367544323206e-13,0.01,PASS
cross_row_leaf_143_ordinary_profit_current,leaf,CAPITAL_COLUMNS_TO_INDUSTRY,,143,26,ordinary_profit,current,8281.49,8281.49,0.0,0.01,PASS
cross_row_leaf_143_ordinary_profit_previous,leaf,CAPITAL_COLUMNS_TO_INDUSTRY,,143,26,ordinary_profit,previous,6631.63,6631.63,0.0,0.01,PASS
cross_row_leaf_143_ordinary_profit_yoy_delta,leaf,CAPITAL_COLUMNS_TO_INDUSTRY,,143,26,ordinary_profit,yoy_delta,1649.8599999999997,1649.8600000000001,4.547473508864641e-13,0.01,PASS
cross_column_leaf_19_sales_current,leaf,INDUSTRY_ROWS_TO_CAPITAL,,,19,sales,current,1474569.93,1474569.93,0.0,0.01,PASS
cross_column_leaf_19_sales_previous,leaf,INDUSTRY_ROWS_TO_CAPITAL,,,19,sales,previous,1444228.83,1444228.83,0.0,0.01,PASS
cross_column_leaf_19_sales_yoy_delta,leaf,INDUSTRY_ROWS_TO_CAPITAL,,,19,sales,yoy_delta,30341.09999999986,30341.099999999973,1.127773430198431e-10,0.01,PASS
cross_column_leaf_19_operating_profit_current,leaf,INDUSTRY_ROWS_TO_CAPITAL,,,19,operating_profit,current,82472.22,82472.22,0.0,0.01,PASS
cross_column_leaf_19_operating_profit_previous,leaf,INDUSTRY_ROWS_TO_CAPITAL,,,19,operating_profit,previous,84061.13,84061.13,0.0,0.01,PASS
cross_column_leaf_19_operating_profit_yoy_delta,leaf,INDUSTRY_ROWS_TO_CAPITAL,,,19,operating_profit,yoy_delta,-1588.9100000000035,-1588.9099999999974,6.139089236967266e-12,0.01,PASS
cross_column_leaf_19_ordinary_profit_current,leaf,INDUSTRY_ROWS_TO_CAPITAL,,,19,ordinary_profit,current,94161.62,94161.62,0.0,0.01,PASS
cross_column_leaf_19_ordinary_profit_previous,leaf,INDUSTRY_ROWS_TO_CAPITAL,,,19,ordinary_profit,previous,92758.82,92758.82,0.0,0.01,PASS
cross_column_leaf_19_ordinary_profit_yoy_delta,leaf,INDUSTRY_ROWS_TO_CAPITAL,,,19,ordinary_profit,yoy_delta,1402.7999999999884,1402.7999999999988,1.0459189070388675e-11,0.01,PASS
cross_column_leaf_24_sales_current,leaf,INDUSTRY_ROWS_TO_CAPITAL,,,24,sales,current,938212.46,938212.46,0.0,0.01,PASS
cross_column_leaf_24_sales_previous,leaf,INDUSTRY_ROWS_TO_CAPITAL,,,24,sales,previous,952162.4,952162.4,0.0,0.01,PASS
cross_column_leaf_24_sales_yoy_delta,leaf,INDUSTRY_ROWS_TO_CAPITAL,,,24,sales,yoy_delta,-13949.94000000006,-13949.939999999997,6.366462912410498e-11,0.01,PASS
cross_column_leaf_24_operating_profit_current,leaf,INDUSTRY_ROWS_TO_CAPITAL,,,24,operating_profit,current,54046.32,54046.32,0.0,0.01,PASS
cross_column_leaf_24_operating_profit_previous,leaf,INDUSTRY_ROWS_TO_CAPITAL,,,24,operating_profit,previous,46202.57,46202.57,0.0,0.01,PASS
cross_column_leaf_24_operating_profit_yoy_delta,leaf,INDUSTRY_ROWS_TO_CAPITAL,,,24,operating_profit,yoy_delta,7843.75,7843.750000000002,1.8189894035458565e-12,0.01,PASS
cross_column_leaf_24_ordinary_profit_current,leaf,INDUSTRY_ROWS_TO_CAPITAL,,,24,ordinary_profit,current,59048.11,59048.11,0.0,0.01,PASS
cross_column_leaf_24_ordinary_profit_previous,leaf,INDUSTRY_ROWS_TO_CAPITAL,,,24,ordinary_profit,previous,53105.14,53105.14,0.0,0.01,PASS
cross_column_leaf_24_ordinary_profit_yoy_delta,leaf,INDUSTRY_ROWS_TO_CAPITAL,,,24,ordinary_profit,yoy_delta,5942.970000000001,5942.969999999998,-2.7284841053187847e-12,0.01,PASS
cross_column_leaf_25_sales_current,leaf,INDUSTRY_ROWS_TO_CAPITAL,,,25,sales,current,1673831.66,1673831.66,0.0,0.01,PASS
cross_column_leaf_25_sales_previous,leaf,INDUSTRY_ROWS_TO_CAPITAL,,,25,sales,previous,1645919.58,1645919.58,0.0,0.01,PASS
cross_column_leaf_25_sales_yoy_delta,leaf,INDUSTRY_ROWS_TO_CAPITAL,,,25,sales,yoy_delta,27912.07999999984,27912.08000000001,1.673470251262188e-10,0.01,PASS
cross_column_leaf_25_operating_profit_current,leaf,INDUSTRY_ROWS_TO_CAPITAL,,,25,operating_profit,current,126315.82,126315.81999999999,-1.4551915228366852e-11,0.01,PASS
cross_column_leaf_25_operating_profit_previous,leaf,INDUSTRY_ROWS_TO_CAPITAL,,,25,operating_profit,previous,106600.41,106600.41,0.0,0.01,PASS
cross_column_leaf_25_operating_profit_yoy_delta,leaf,INDUSTRY_ROWS_TO_CAPITAL,,,25,operating_profit,yoy_delta,19715.410000000003,19715.41,-3.637978807091713e-12,0.01,PASS
cross_column_leaf_25_ordinary_profit_current,leaf,INDUSTRY_ROWS_TO_CAPITAL,,,25,ordinary_profit,current,173061.13,173061.13,0.0,0.01,PASS
cross_column_leaf_25_ordinary_profit_previous,leaf,INDUSTRY_ROWS_TO_CAPITAL,,,25,ordinary_profit,previous,138830.03,138830.03,0.0,0.01,PASS
cross_column_leaf_25_ordinary_profit_yoy_delta,leaf,INDUSTRY_ROWS_TO_CAPITAL,,,25,ordinary_profit,yoy_delta,34231.100000000006,34231.1,-7.275957614183426e-12,0.01,PASS
cross_grand_leaf_sales_current,leaf,CROSS_TO_ALL_INDUSTRY_ALL_CAPITAL,,,26,sales,current,4086614.05,4086614.05,0.0,0.01,PASS
cross_grand_leaf_sales_previous,leaf,CROSS_TO_ALL_INDUSTRY_ALL_CAPITAL,,,26,sales,previous,4042310.81,4042310.81,0.0,0.01,PASS
cross_grand_leaf_sales_yoy_delta,leaf,CROSS_TO_ALL_INDUSTRY_ALL_CAPITAL,,,26,sales,yoy_delta,44303.23999999976,44303.23999999998,2.255546860396862e-10,0.01,PASS
cross_grand_leaf_operating_profit_current,leaf,CROSS_TO_ALL_INDUSTRY_ALL_CAPITAL,,,26,operating_profit,current,262834.36,262834.36,0.0,0.01,PASS
cross_grand_leaf_operating_profit_previous,leaf,CROSS_TO_ALL_INDUSTRY_ALL_CAPITAL,,,26,operating_profit,previous,236864.11,236864.11,0.0,0.01,PASS
cross_grand_leaf_operating_profit_yoy_delta,leaf,CROSS_TO_ALL_INDUSTRY_ALL_CAPITAL,,,26,operating_profit,yoy_delta,25970.25,25970.250000000004,3.637978807091713e-12,0.01,PASS
cross_grand_leaf_ordinary_profit_current,leaf,CROSS_TO_ALL_INDUSTRY_ALL_CAPITAL,,,26,ordinary_profit,current,326270.86,326270.86,0.0,0.01,PASS
cross_grand_leaf_ordinary_profit_previous,leaf,CROSS_TO_ALL_INDUSTRY_ALL_CAPITAL,,,26,ordinary_profit,previous,284693.99,284693.99,0.0,0.01,PASS
cross_grand_leaf_ordinary_profit_yoy_delta,leaf,CROSS_TO_ALL_INDUSTRY_ALL_CAPITAL,,,26,ordinary_profit,yoy_delta,41576.869999999995,41576.869999999995,0.0,0.01,PASS
net_non_operating_gap_row_109_current,leaf,CAPITAL_COLUMNS_TO_INDUSTRY,,109,26,net_non_operating_gap,current,2622.6000000000004,2622.6,-4.547473508864641e-13,0.01,PASS
net_non_operating_gap_row_109_previous,leaf,CAPITAL_COLUMNS_TO_INDUSTRY,,109,26,net_non_operating_gap,previous,3020.45,3020.4500000000007,9.094947017729282e-13,0.01,PASS
net_non_operating_gap_row_109_yoy_delta,leaf,CAPITAL_COLUMNS_TO_INDUSTRY,,109,26,net_non_operating_gap,yoy_delta,-397.84999999999945,-397.8500000000008,-1.3642420526593924e-12,0.01,PASS
net_non_operating_gap_row_110_current,leaf,CAPITAL_COLUMNS_TO_INDUSTRY,,110,26,net_non_operating_gap,current,710.3899999999999,710.39,1.1368683772161603e-13,0.01,PASS
net_non_operating_gap_row_110_previous,leaf,CAPITAL_COLUMNS_TO_INDUSTRY,,110,26,net_non_operating_gap,previous,381.40999999999997,381.40999999999997,0.0,0.01,PASS
net_non_operating_gap_row_110_yoy_delta,leaf,CAPITAL_COLUMNS_TO_INDUSTRY,,110,26,net_non_operating_gap,yoy_delta,328.9799999999999,328.98,1.1368683772161603e-13,0.01,PASS
net_non_operating_gap_row_112_current,leaf,CAPITAL_COLUMNS_TO_INDUSTRY,,112,26,net_non_operating_gap,current,61.01000000000002,61.01000000000001,-7.105427357601002e-15,0.01,PASS
net_non_operating_gap_row_112_previous,leaf,CAPITAL_COLUMNS_TO_INDUSTRY,,112,26,net_non_operating_gap,previous,-81.84,-81.84,0.0,0.01,PASS
net_non_operating_gap_row_112_yoy_delta,leaf,CAPITAL_COLUMNS_TO_INDUSTRY,,112,26,net_non_operating_gap,yoy_delta,142.85000000000002,142.85000000000002,0.0,0.01,PASS
net_non_operating_gap_row_113_current,leaf,CAPITAL_COLUMNS_TO_INDUSTRY,,113,26,net_non_operating_gap,current,381.05000000000007,381.0499999999999,-1.7053025658242404e-13,0.01,PASS
net_non_operating_gap_row_113_previous,leaf,CAPITAL_COLUMNS_TO_INDUSTRY,,113,26,net_non_operating_gap,previous,302.15,302.15000000000003,5.684341886080802e-14,0.01,PASS
net_non_operating_gap_row_113_yoy_delta,leaf,CAPITAL_COLUMNS_TO_INDUSTRY,,113,26,net_non_operating_gap,yoy_delta,78.90000000000009,78.89999999999988,-2.1316282072803006e-13,0.01,PASS
net_non_operating_gap_row_114_current,leaf,CAPITAL_COLUMNS_TO_INDUSTRY,,114,26,net_non_operating_gap,current,324.4899999999999,324.4899999999999,0.0,0.01,PASS
net_non_operating_gap_row_114_previous,leaf,CAPITAL_COLUMNS_TO_INDUSTRY,,114,26,net_non_operating_gap,previous,205.56000000000006,205.55999999999997,-8.526512829121202e-14,0.01,PASS
net_non_operating_gap_row_114_yoy_delta,leaf,CAPITAL_COLUMNS_TO_INDUSTRY,,114,26,net_non_operating_gap,yoy_delta,118.92999999999984,118.92999999999995,1.1368683772161603e-13,0.01,PASS
net_non_operating_gap_row_115_current,leaf,CAPITAL_COLUMNS_TO_INDUSTRY,,115,26,net_non_operating_gap,current,10466.64,10466.64,0.0,0.01,PASS
net_non_operating_gap_row_115_previous,leaf,CAPITAL_COLUMNS_TO_INDUSTRY,,115,26,net_non_operating_gap,previous,7651.93,7651.93,0.0,0.01,PASS
net_non_operating_gap_row_115_yoy_delta,leaf,CAPITAL_COLUMNS_TO_INDUSTRY,,115,26,net_non_operating_gap,yoy_delta,2814.709999999999,2814.71,9.094947017729282e-13,0.01,PASS
net_non_operating_gap_row_116_current,leaf,CAPITAL_COLUMNS_TO_INDUSTRY,,116,26,net_non_operating_gap,current,134.67000000000007,134.66999999999996,-1.1368683772161603e-13,0.01,PASS
net_non_operating_gap_row_116_previous,leaf,CAPITAL_COLUMNS_TO_INDUSTRY,,116,26,net_non_operating_gap,previous,164.08,164.07999999999998,-2.842170943040401e-14,0.01,PASS
net_non_operating_gap_row_116_yoy_delta,leaf,CAPITAL_COLUMNS_TO_INDUSTRY,,116,26,net_non_operating_gap,yoy_delta,-29.40999999999994,-29.410000000000025,-8.526512829121202e-14,0.01,PASS
net_non_operating_gap_row_117_current,leaf,CAPITAL_COLUMNS_TO_INDUSTRY,,117,26,net_non_operating_gap,current,1179.6799999999998,1179.68,2.2737367544323206e-13,0.01,PASS
net_non_operating_gap_row_117_previous,leaf,CAPITAL_COLUMNS_TO_INDUSTRY,,117,26,net_non_operating_gap,previous,778.3099999999997,778.3100000000001,3.410605131648481e-13,0.01,PASS
net_non_operating_gap_row_117_yoy_delta,leaf,CAPITAL_COLUMNS_TO_INDUSTRY,,117,26,net_non_operating_gap,yoy_delta,401.3700000000001,401.37,-1.1368683772161603e-13,0.01,PASS
net_non_operating_gap_row_118_current,leaf,CAPITAL_COLUMNS_TO_INDUSTRY,,118,26,net_non_operating_gap,current,228.62999999999988,228.63000000000005,1.7053025658242404e-13,0.01,PASS
net_non_operating_gap_row_118_previous,leaf,CAPITAL_COLUMNS_TO_INDUSTRY,,118,26,net_non_operating_gap,previous,-170.35000000000014,-170.35,1.4210854715202004e-13,0.01,PASS
net_non_operating_gap_row_118_yoy_delta,leaf,CAPITAL_COLUMNS_TO_INDUSTRY,,118,26,net_non_operating_gap,yoy_delta,398.98,398.98,0.0,0.01,PASS
net_non_operating_gap_row_119_current,leaf,CAPITAL_COLUMNS_TO_INDUSTRY,,119,26,net_non_operating_gap,current,895.1100000000001,895.1100000000001,0.0,0.01,PASS
net_non_operating_gap_row_119_previous,leaf,CAPITAL_COLUMNS_TO_INDUSTRY,,119,26,net_non_operating_gap,previous,119.54999999999995,119.55000000000011,1.5631940186722204e-13,0.01,PASS
net_non_operating_gap_row_119_yoy_delta,leaf,CAPITAL_COLUMNS_TO_INDUSTRY,,119,26,net_non_operating_gap,yoy_delta,775.5600000000002,775.56,-2.2737367544323206e-13,0.01,PASS
net_non_operating_gap_row_120_current,leaf,CAPITAL_COLUMNS_TO_INDUSTRY,,120,26,net_non_operating_gap,current,799.7199999999998,799.7200000000003,4.547473508864641e-13,0.01,PASS
net_non_operating_gap_row_120_previous,leaf,CAPITAL_COLUMNS_TO_INDUSTRY,,120,26,net_non_operating_gap,previous,813.02,813.02,0.0,0.01,PASS
net_non_operating_gap_row_120_yoy_delta,leaf,CAPITAL_COLUMNS_TO_INDUSTRY,,120,26,net_non_operating_gap,yoy_delta,-13.300000000000182,-13.299999999999784,3.979039320256561e-13,0.01,PASS
net_non_operating_gap_row_154_current,leaf,CAPITAL_COLUMNS_TO_INDUSTRY,,154,26,net_non_operating_gap,current,1024.77,1024.77,0.0,0.01,PASS
net_non_operating_gap_row_154_previous,leaf,CAPITAL_COLUMNS_TO_INDUSTRY,,154,26,net_non_operating_gap,previous,940.5600000000002,940.5599999999998,-3.410605131648481e-13,0.01,PASS
net_non_operating_gap_row_154_yoy_delta,leaf,CAPITAL_COLUMNS_TO_INDUSTRY,,154,26,net_non_operating_gap,yoy_delta,84.20999999999981,84.21000000000004,2.2737367544323206e-13,0.01,PASS
net_non_operating_gap_row_121_current,leaf,CAPITAL_COLUMNS_TO_INDUSTRY,,121,26,net_non_operating_gap,current,1266.1599999999999,1266.1599999999999,0.0,0.01,PASS
net_non_operating_gap_row_121_previous,leaf,CAPITAL_COLUMNS_TO_INDUSTRY,,121,26,net_non_operating_gap,previous,1345.87,1345.87,0.0,0.01,PASS
net_non_operating_gap_row_121_yoy_delta,leaf,CAPITAL_COLUMNS_TO_INDUSTRY,,121,26,net_non_operating_gap,yoy_delta,-79.71000000000004,-79.70999999999992,1.1368683772161603e-13,0.01,PASS
net_non_operating_gap_row_124_current,leaf,CAPITAL_COLUMNS_TO_INDUSTRY,,124,26,net_non_operating_gap,current,3445.77,3445.7700000000004,4.547473508864641e-13,0.01,PASS
net_non_operating_gap_row_124_previous,leaf,CAPITAL_COLUMNS_TO_INDUSTRY,,124,26,net_non_operating_gap,previous,4531.17,4531.169999999999,-9.094947017729282e-13,0.01,PASS
net_non_operating_gap_row_124_yoy_delta,leaf,CAPITAL_COLUMNS_TO_INDUSTRY,,124,26,net_non_operating_gap,yoy_delta,-1085.4,-1085.3999999999992,9.094947017729282e-13,0.01,PASS
net_non_operating_gap_row_122_current,leaf,CAPITAL_COLUMNS_TO_INDUSTRY,,122,26,net_non_operating_gap,current,2610.9799999999996,2610.980000000001,1.3642420526593924e-12,0.01,PASS
net_non_operating_gap_row_122_previous,leaf,CAPITAL_COLUMNS_TO_INDUSTRY,,122,26,net_non_operating_gap,previous,1416.1000000000004,1416.1000000000006,2.2737367544323206e-13,0.01,PASS
net_non_operating_gap_row_122_yoy_delta,leaf,CAPITAL_COLUMNS_TO_INDUSTRY,,122,26,net_non_operating_gap,yoy_delta,1194.8799999999992,1194.8800000000003,1.1368683772161603e-12,0.01,PASS
net_non_operating_gap_row_145_current,leaf,CAPITAL_COLUMNS_TO_INDUSTRY,,145,26,net_non_operating_gap,current,4562.330000000002,4562.33,-1.8189894035458565e-12,0.01,PASS
net_non_operating_gap_row_145_previous,leaf,CAPITAL_COLUMNS_TO_INDUSTRY,,145,26,net_non_operating_gap,previous,510.60000000000036,510.60000000000014,-2.2737367544323206e-13,0.01,PASS
net_non_operating_gap_row_145_yoy_delta,leaf,CAPITAL_COLUMNS_TO_INDUSTRY,,145,26,net_non_operating_gap,yoy_delta,4051.7300000000014,4051.7299999999996,-1.8189894035458565e-12,0.01,PASS
net_non_operating_gap_row_123_current,leaf,CAPITAL_COLUMNS_TO_INDUSTRY,,123,26,net_non_operating_gap,current,6627.280000000001,6627.28,-9.094947017729282e-13,0.01,PASS
net_non_operating_gap_row_123_previous,leaf,CAPITAL_COLUMNS_TO_INDUSTRY,,123,26,net_non_operating_gap,previous,4200.619999999999,4200.620000000001,1.8189894035458565e-12,0.01,PASS
net_non_operating_gap_row_123_yoy_delta,leaf,CAPITAL_COLUMNS_TO_INDUSTRY,,123,26,net_non_operating_gap,yoy_delta,2426.6600000000017,2426.6599999999994,-2.2737367544323206e-12,0.01,PASS
net_non_operating_gap_row_125_current,leaf,CAPITAL_COLUMNS_TO_INDUSTRY,,125,26,net_non_operating_gap,current,695.1199999999999,695.12,1.1368683772161603e-13,0.01,PASS
net_non_operating_gap_row_125_previous,leaf,CAPITAL_COLUMNS_TO_INDUSTRY,,125,26,net_non_operating_gap,previous,341.2299999999998,341.2299999999999,1.1368683772161603e-13,0.01,PASS
net_non_operating_gap_row_125_yoy_delta,leaf,CAPITAL_COLUMNS_TO_INDUSTRY,,125,26,net_non_operating_gap,yoy_delta,353.8900000000001,353.8900000000001,0.0,0.01,PASS
net_non_operating_gap_row_126_current,leaf,CAPITAL_COLUMNS_TO_INDUSTRY,,126,26,net_non_operating_gap,current,2565.3500000000004,2565.3500000000004,0.0,0.01,PASS
net_non_operating_gap_row_126_previous,leaf,CAPITAL_COLUMNS_TO_INDUSTRY,,126,26,net_non_operating_gap,previous,3100.5700000000006,3100.57,-4.547473508864641e-13,0.01,PASS
net_non_operating_gap_row_126_yoy_delta,leaf,CAPITAL_COLUMNS_TO_INDUSTRY,,126,26,net_non_operating_gap,yoy_delta,-535.2200000000003,-535.2199999999998,4.547473508864641e-13,0.01,PASS
net_non_operating_gap_row_101_current,leaf,CAPITAL_COLUMNS_TO_INDUSTRY,,101,26,net_non_operating_gap,current,303.40000000000003,303.4,-5.684341886080802e-14,0.01,PASS
net_non_operating_gap_row_101_previous,leaf,CAPITAL_COLUMNS_TO_INDUSTRY,,101,26,net_non_operating_gap,previous,202.70999999999998,202.70999999999998,0.0,0.01,PASS
net_non_operating_gap_row_101_yoy_delta,leaf,CAPITAL_COLUMNS_TO_INDUSTRY,,101,26,net_non_operating_gap,yoy_delta,100.69000000000005,100.69000000000001,-4.263256414560601e-14,0.01,PASS
net_non_operating_gap_row_103_current,leaf,CAPITAL_COLUMNS_TO_INDUSTRY,,103,26,net_non_operating_gap,current,86.19,86.19,0.0,0.01,PASS
net_non_operating_gap_row_103_previous,leaf,CAPITAL_COLUMNS_TO_INDUSTRY,,103,26,net_non_operating_gap,previous,94.41,94.41,0.0,0.01,PASS
net_non_operating_gap_row_103_yoy_delta,leaf,CAPITAL_COLUMNS_TO_INDUSTRY,,103,26,net_non_operating_gap,yoy_delta,-8.219999999999999,-8.220000000000013,-1.4210854715202004e-14,0.01,PASS
net_non_operating_gap_row_106_current,leaf,CAPITAL_COLUMNS_TO_INDUSTRY,,106,26,net_non_operating_gap,current,587.11,587.1100000000001,1.1368683772161603e-13,0.01,PASS
net_non_operating_gap_row_106_previous,leaf,CAPITAL_COLUMNS_TO_INDUSTRY,,106,26,net_non_operating_gap,previous,-169.47000000000003,-169.47000000000003,0.0,0.01,PASS
net_non_operating_gap_row_106_yoy_delta,leaf,CAPITAL_COLUMNS_TO_INDUSTRY,,106,26,net_non_operating_gap,yoy_delta,756.58,756.5800000000002,1.1368683772161603e-13,0.01,PASS
net_non_operating_gap_row_107_current,leaf,CAPITAL_COLUMNS_TO_INDUSTRY,,107,26,net_non_operating_gap,current,2363.4199999999983,2363.420000000001,2.7284841053187847e-12,0.01,PASS
net_non_operating_gap_row_107_previous,leaf,CAPITAL_COLUMNS_TO_INDUSTRY,,107,26,net_non_operating_gap,previous,1549.8799999999974,1549.8800000000028,5.4569682106375694e-12,0.01,PASS
net_non_operating_gap_row_107_yoy_delta,leaf,CAPITAL_COLUMNS_TO_INDUSTRY,,107,26,net_non_operating_gap,yoy_delta,813.5400000000009,813.5399999999981,-2.7284841053187847e-12,0.01,PASS
net_non_operating_gap_row_135_current,leaf,CAPITAL_COLUMNS_TO_INDUSTRY,,135,26,net_non_operating_gap,current,-1093.98,-1093.98,0.0,0.01,PASS
net_non_operating_gap_row_135_previous,leaf,CAPITAL_COLUMNS_TO_INDUSTRY,,135,26,net_non_operating_gap,previous,-627.1400000000001,-627.1399999999999,2.2737367544323206e-13,0.01,PASS
net_non_operating_gap_row_135_yoy_delta,leaf,CAPITAL_COLUMNS_TO_INDUSTRY,,135,26,net_non_operating_gap,yoy_delta,-466.8399999999999,-466.84000000000003,-1.1368683772161603e-13,0.01,PASS
net_non_operating_gap_row_136_current,leaf,CAPITAL_COLUMNS_TO_INDUSTRY,,136,26,net_non_operating_gap,current,21.199999999999932,21.199999999999903,-2.842170943040401e-14,0.01,PASS
net_non_operating_gap_row_136_previous,leaf,CAPITAL_COLUMNS_TO_INDUSTRY,,136,26,net_non_operating_gap,previous,3.1299999999998818,3.129999999999953,7.105427357601002e-14,0.01,PASS
net_non_operating_gap_row_136_yoy_delta,leaf,CAPITAL_COLUMNS_TO_INDUSTRY,,136,26,net_non_operating_gap,yoy_delta,18.07000000000005,18.06999999999995,-9.947598300641403e-14,0.01,PASS
net_non_operating_gap_row_142_current,leaf,CAPITAL_COLUMNS_TO_INDUSTRY,,142,26,net_non_operating_gap,current,2271.0699999999997,2271.069999999999,-9.094947017729282e-13,0.01,PASS
net_non_operating_gap_row_142_previous,leaf,CAPITAL_COLUMNS_TO_INDUSTRY,,142,26,net_non_operating_gap,previous,3907.8199999999997,3907.8200000000015,1.8189894035458565e-12,0.01,PASS
net_non_operating_gap_row_142_yoy_delta,leaf,CAPITAL_COLUMNS_TO_INDUSTRY,,142,26,net_non_operating_gap,yoy_delta,-1636.75,-1636.7500000000027,-2.7284841053187847e-12,0.01,PASS
net_non_operating_gap_row_131_current,leaf,CAPITAL_COLUMNS_TO_INDUSTRY,,131,26,net_non_operating_gap,current,69.98999999999978,69.99000000000001,2.2737367544323206e-13,0.01,PASS
net_non_operating_gap_row_131_previous,leaf,CAPITAL_COLUMNS_TO_INDUSTRY,,131,26,net_non_operating_gap,previous,81.90999999999985,81.90999999999991,5.684341886080802e-14,0.01,PASS
net_non_operating_gap_row_131_yoy_delta,leaf,CAPITAL_COLUMNS_TO_INDUSTRY,,131,26,net_non_operating_gap,yoy_delta,-11.920000000000073,-11.919999999999902,1.7053025658242404e-13,0.01,PASS
net_non_operating_gap_row_132_current,leaf,CAPITAL_COLUMNS_TO_INDUSTRY,,132,26,net_non_operating_gap,current,238.47000000000003,238.47,-2.842170943040401e-14,0.01,PASS
net_non_operating_gap_row_132_previous,leaf,CAPITAL_COLUMNS_TO_INDUSTRY,,132,26,net_non_operating_gap,previous,487.22000000000014,487.2200000000001,-5.684341886080802e-14,0.01,PASS
net_non_operating_gap_row_132_yoy_delta,leaf,CAPITAL_COLUMNS_TO_INDUSTRY,,132,26,net_non_operating_gap,yoy_delta,-248.7500000000001,-248.75000000000006,5.684341886080802e-14,0.01,PASS
net_non_operating_gap_row_133_current,leaf,CAPITAL_COLUMNS_TO_INDUSTRY,,133,26,net_non_operating_gap,current,262.6300000000001,262.6299999999998,-2.8421709430404007e-13,0.01,PASS
net_non_operating_gap_row_133_previous,leaf,CAPITAL_COLUMNS_TO_INDUSTRY,,133,26,net_non_operating_gap,previous,-10.410000000000082,-10.410000000000082,0.0,0.01,PASS
net_non_operating_gap_row_133_yoy_delta,leaf,CAPITAL_COLUMNS_TO_INDUSTRY,,133,26,net_non_operating_gap,yoy_delta,273.0400000000002,273.0399999999999,-2.8421709430404007e-13,0.01,PASS
net_non_operating_gap_row_127_current,leaf,CAPITAL_COLUMNS_TO_INDUSTRY,,127,26,net_non_operating_gap,current,11801.030000000002,11801.029999999999,-3.637978807091713e-12,0.01,PASS
net_non_operating_gap_row_127_previous,leaf,CAPITAL_COLUMNS_TO_INDUSTRY,,127,26,net_non_operating_gap,previous,8828.310000000001,8828.310000000001,0.0,0.01,PASS
net_non_operating_gap_row_127_yoy_delta,leaf,CAPITAL_COLUMNS_TO_INDUSTRY,,127,26,net_non_operating_gap,yoy_delta,2972.720000000001,2972.7199999999975,-3.637978807091713e-12,0.01,PASS
net_non_operating_gap_row_128_current,leaf,CAPITAL_COLUMNS_TO_INDUSTRY,,128,26,net_non_operating_gap,current,2212.1000000000004,2212.0999999999995,-9.094947017729282e-13,0.01,PASS
net_non_operating_gap_row_128_previous,leaf,CAPITAL_COLUMNS_TO_INDUSTRY,,128,26,net_non_operating_gap,previous,2052.4500000000007,2052.45,-9.094947017729282e-13,0.01,PASS
net_non_operating_gap_row_128_yoy_delta,leaf,CAPITAL_COLUMNS_TO_INDUSTRY,,128,26,net_non_operating_gap,yoy_delta,159.64999999999964,159.64999999999964,0.0,0.01,PASS
net_non_operating_gap_row_130_current,leaf,CAPITAL_COLUMNS_TO_INDUSTRY,,130,26,net_non_operating_gap,current,1654.9600000000028,1654.9599999999991,-3.637978807091713e-12,0.01,PASS
net_non_operating_gap_row_130_previous,leaf,CAPITAL_COLUMNS_TO_INDUSTRY,,130,26,net_non_operating_gap,previous,1622.3100000000013,1622.3100000000004,-9.094947017729282e-13,0.01,PASS
net_non_operating_gap_row_130_yoy_delta,leaf,CAPITAL_COLUMNS_TO_INDUSTRY,,130,26,net_non_operating_gap,yoy_delta,32.650000000001455,32.64999999999873,-2.7284841053187847e-12,0.01,PASS
net_non_operating_gap_row_150_current,leaf,CAPITAL_COLUMNS_TO_INDUSTRY,,150,26,net_non_operating_gap,current,1253.75,1253.7500000000002,2.2737367544323206e-13,0.01,PASS
net_non_operating_gap_row_150_previous,leaf,CAPITAL_COLUMNS_TO_INDUSTRY,,150,26,net_non_operating_gap,previous,721.7900000000004,721.79,-4.547473508864641e-13,0.01,PASS
net_non_operating_gap_row_150_yoy_delta,leaf,CAPITAL_COLUMNS_TO_INDUSTRY,,150,26,net_non_operating_gap,yoy_delta,531.9599999999996,531.9600000000003,6.821210263296962e-13,0.01,PASS
net_non_operating_gap_row_151_current,leaf,CAPITAL_COLUMNS_TO_INDUSTRY,,151,26,net_non_operating_gap,current,150.63,150.63000000000002,2.842170943040401e-14,0.01,PASS
net_non_operating_gap_row_151_previous,leaf,CAPITAL_COLUMNS_TO_INDUSTRY,,151,26,net_non_operating_gap,previous,76.43,76.43,0.0,0.01,PASS
net_non_operating_gap_row_151_yoy_delta,leaf,CAPITAL_COLUMNS_TO_INDUSTRY,,151,26,net_non_operating_gap,yoy_delta,74.19999999999999,74.20000000000002,2.842170943040401e-14,0.01,PASS
net_non_operating_gap_row_139_current,leaf,CAPITAL_COLUMNS_TO_INDUSTRY,,139,26,net_non_operating_gap,current,-39.139999999999986,-39.140000000000015,-2.842170943040401e-14,0.01,PASS
net_non_operating_gap_row_139_previous,leaf,CAPITAL_COLUMNS_TO_INDUSTRY,,139,26,net_non_operating_gap,previous,-123.79999999999995,-123.8,-4.263256414560601e-14,0.01,PASS
net_non_operating_gap_row_139_yoy_delta,leaf,CAPITAL_COLUMNS_TO_INDUSTRY,,139,26,net_non_operating_gap,yoy_delta,84.65999999999997,84.65999999999998,1.4210854715202004e-14,0.01,PASS
net_non_operating_gap_row_148_current,leaf,CAPITAL_COLUMNS_TO_INDUSTRY,,148,26,net_non_operating_gap,current,2885.61,2885.61,0.0,0.01,PASS
net_non_operating_gap_row_148_previous,leaf,CAPITAL_COLUMNS_TO_INDUSTRY,,148,26,net_non_operating_gap,previous,-71.26999999999998,-71.27000000000007,-8.526512829121202e-14,0.01,PASS
net_non_operating_gap_row_148_yoy_delta,leaf,CAPITAL_COLUMNS_TO_INDUSTRY,,148,26,net_non_operating_gap,yoy_delta,2956.88,2956.8799999999997,-4.547473508864641e-13,0.01,PASS
net_non_operating_gap_row_140_current,leaf,CAPITAL_COLUMNS_TO_INDUSTRY,,140,26,net_non_operating_gap,current,271.5400000000002,271.5400000000001,-1.1368683772161603e-13,0.01,PASS
net_non_operating_gap_row_140_previous,leaf,CAPITAL_COLUMNS_TO_INDUSTRY,,140,26,net_non_operating_gap,previous,230.23000000000002,230.22999999999993,-8.526512829121202e-14,0.01,PASS
net_non_operating_gap_row_140_yoy_delta,leaf,CAPITAL_COLUMNS_TO_INDUSTRY,,140,26,net_non_operating_gap,yoy_delta,41.31000000000017,41.310000000000144,-2.842170943040401e-14,0.01,PASS
net_non_operating_gap_row_141_current,leaf,CAPITAL_COLUMNS_TO_INDUSTRY,,141,26,net_non_operating_gap,current,-50.5,-50.500000000000114,-1.1368683772161603e-13,0.01,PASS
net_non_operating_gap_row_141_previous,leaf,CAPITAL_COLUMNS_TO_INDUSTRY,,141,26,net_non_operating_gap,previous,150.64999999999986,150.6500000000001,2.2737367544323206e-13,0.01,PASS
net_non_operating_gap_row_141_yoy_delta,leaf,CAPITAL_COLUMNS_TO_INDUSTRY,,141,26,net_non_operating_gap,yoy_delta,-201.14999999999986,-201.1500000000002,-3.410605131648481e-13,0.01,PASS
net_non_operating_gap_row_138_current,leaf,CAPITAL_COLUMNS_TO_INDUSTRY,,138,26,net_non_operating_gap,current,92.29999999999995,92.2999999999999,-5.684341886080802e-14,0.01,PASS
net_non_operating_gap_row_138_previous,leaf,CAPITAL_COLUMNS_TO_INDUSTRY,,138,26,net_non_operating_gap,previous,219.25000000000023,219.24999999999983,-3.979039320256561e-13,0.01,PASS
net_non_operating_gap_row_138_yoy_delta,leaf,CAPITAL_COLUMNS_TO_INDUSTRY,,138,26,net_non_operating_gap,yoy_delta,-126.95000000000027,-126.94999999999993,3.410605131648481e-13,0.01,PASS
net_non_operating_gap_row_158_current,leaf,CAPITAL_COLUMNS_TO_INDUSTRY,,158,26,net_non_operating_gap,current,-4542.449999999999,-4542.449999999999,0.0,0.01,PASS
net_non_operating_gap_row_158_previous,leaf,CAPITAL_COLUMNS_TO_INDUSTRY,,158,26,net_non_operating_gap,previous,-1204.4800000000014,-1204.4799999999989,2.5011104298755527e-12,0.01,PASS
net_non_operating_gap_row_158_yoy_delta,leaf,CAPITAL_COLUMNS_TO_INDUSTRY,,158,26,net_non_operating_gap,yoy_delta,-3337.9699999999975,-3337.97,-2.2737367544323206e-12,0.01,PASS
net_non_operating_gap_row_159_current,leaf,CAPITAL_COLUMNS_TO_INDUSTRY,,159,26,net_non_operating_gap,current,496.84000000000015,496.83999999999924,-9.094947017729282e-13,0.01,PASS
net_non_operating_gap_row_159_previous,leaf,CAPITAL_COLUMNS_TO_INDUSTRY,,159,26,net_non_operating_gap,previous,-283.2000000000007,-283.1999999999995,1.2505552149377763e-12,0.01,PASS
net_non_operating_gap_row_159_yoy_delta,leaf,CAPITAL_COLUMNS_TO_INDUSTRY,,159,26,net_non_operating_gap,yoy_delta,780.0400000000009,780.0399999999987,-2.1600499167107046e-12,0.01,PASS
net_non_operating_gap_row_153_current,leaf,CAPITAL_COLUMNS_TO_INDUSTRY,,153,26,net_non_operating_gap,current,18.41999999999996,18.42,4.263256414560601e-14,0.01,PASS
net_non_operating_gap_row_153_previous,leaf,CAPITAL_COLUMNS_TO_INDUSTRY,,153,26,net_non_operating_gap,previous,113.19999999999993,113.20000000000007,1.4210854715202004e-13,0.01,PASS
net_non_operating_gap_row_153_yoy_delta,leaf,CAPITAL_COLUMNS_TO_INDUSTRY,,153,26,net_non_operating_gap,yoy_delta,-94.77999999999997,-94.78000000000007,-9.947598300641403e-14,0.01,PASS
net_non_operating_gap_row_152_current,leaf,CAPITAL_COLUMNS_TO_INDUSTRY,,152,26,net_non_operating_gap,current,131.78999999999996,131.79,2.842170943040401e-14,0.01,PASS
net_non_operating_gap_row_152_previous,leaf,CAPITAL_COLUMNS_TO_INDUSTRY,,152,26,net_non_operating_gap,previous,196.68000000000006,196.67999999999998,-8.526512829121202e-14,0.01,PASS
net_non_operating_gap_row_152_yoy_delta,leaf,CAPITAL_COLUMNS_TO_INDUSTRY,,152,26,net_non_operating_gap,yoy_delta,-64.8900000000001,-64.88999999999999,1.1368683772161603e-13,0.01,PASS
net_non_operating_gap_row_160_current,leaf,CAPITAL_COLUMNS_TO_INDUSTRY,,160,26,net_non_operating_gap,current,115.05999999999995,115.06000000000009,1.4210854715202004e-13,0.01,PASS
net_non_operating_gap_row_160_previous,leaf,CAPITAL_COLUMNS_TO_INDUSTRY,,160,26,net_non_operating_gap,previous,-31.37999999999988,-31.380000000000052,-1.7053025658242404e-13,0.01,PASS
net_non_operating_gap_row_160_yoy_delta,leaf,CAPITAL_COLUMNS_TO_INDUSTRY,,160,26,net_non_operating_gap,yoy_delta,146.43999999999983,146.44000000000014,3.126388037344441e-13,0.01,PASS
net_non_operating_gap_row_143_current,leaf,CAPITAL_COLUMNS_TO_INDUSTRY,,143,26,net_non_operating_gap,current,1273.3099999999995,1273.3099999999997,2.2737367544323206e-13,0.01,PASS
net_non_operating_gap_row_143_previous,leaf,CAPITAL_COLUMNS_TO_INDUSTRY,,143,26,net_non_operating_gap,previous,241.65999999999985,241.65999999999985,0.0,0.01,PASS
net_non_operating_gap_row_143_yoy_delta,leaf,CAPITAL_COLUMNS_TO_INDUSTRY,,143,26,net_non_operating_gap,yoy_delta,1031.6499999999996,1031.6499999999999,2.2737367544323206e-13,0.01,PASS
net_non_operating_gap_column_19_current,leaf,INDUSTRY_ROWS_TO_CAPITAL,,,19,net_non_operating_gap,current,11689.399999999994,11689.4,5.4569682106375694e-12,0.01,PASS
net_non_operating_gap_column_19_previous,leaf,INDUSTRY_ROWS_TO_CAPITAL,,,19,net_non_operating_gap,previous,8697.690000000002,8697.690000000004,1.8189894035458565e-12,0.01,PASS
net_non_operating_gap_column_19_yoy_delta,leaf,INDUSTRY_ROWS_TO_CAPITAL,,,19,net_non_operating_gap,yoy_delta,2991.709999999992,2991.709999999996,4.092726157978177e-12,0.01,PASS
net_non_operating_gap_column_24_current,leaf,INDUSTRY_ROWS_TO_CAPITAL,,,24,net_non_operating_gap,current,5001.790000000001,5001.789999999999,-1.8189894035458565e-12,0.01,PASS
net_non_operating_gap_column_24_previous,leaf,INDUSTRY_ROWS_TO_CAPITAL,,,24,net_non_operating_gap,previous,6902.57,6902.5700000000015,1.8189894035458565e-12,0.01,PASS
net_non_operating_gap_column_24_yoy_delta,leaf,INDUSTRY_ROWS_TO_CAPITAL,,,24,net_non_operating_gap,yoy_delta,-1900.7799999999988,-1900.7800000000032,-4.320099833421409e-12,0.01,PASS
net_non_operating_gap_column_25_current,leaf,INDUSTRY_ROWS_TO_CAPITAL,,,25,net_non_operating_gap,current,46745.31,46745.31,0.0,0.01,PASS
net_non_operating_gap_column_25_previous,leaf,INDUSTRY_ROWS_TO_CAPITAL,,,25,net_non_operating_gap,previous,32229.619999999995,32229.620000000003,7.275957614183426e-12,0.01,PASS
net_non_operating_gap_column_25_yoy_delta,leaf,INDUSTRY_ROWS_TO_CAPITAL,,,25,net_non_operating_gap,yoy_delta,14515.690000000002,14515.689999999997,-5.4569682106375694e-12,0.01,PASS
net_non_operating_gap_industries_to_all_current,leaf,INDUSTRIES_TO_ALL,,,26,net_non_operating_gap,current,63436.5,63436.50000000001,7.275957614183426e-12,0.01,PASS
net_non_operating_gap_industries_to_all_previous,leaf,INDUSTRIES_TO_ALL,,,26,net_non_operating_gap,previous,47829.880000000005,47829.88,-7.275957614183426e-12,0.01,PASS
net_non_operating_gap_industries_to_all_yoy_delta,leaf,INDUSTRIES_TO_ALL,,,26,net_non_operating_gap,yoy_delta,15606.619999999995,15606.620000000008,1.2732925824820995e-11,0.01,PASS
net_non_operating_gap_capitals_to_all_current,leaf,CAPITALS_TO_ALL,,,26,net_non_operating_gap,current,63436.5,63436.49999999999,-7.275957614183426e-12,0.01,PASS
net_non_operating_gap_capitals_to_all_previous,leaf,CAPITALS_TO_ALL,,,26,net_non_operating_gap,previous,47829.880000000005,47829.88,-7.275957614183426e-12,0.01,PASS
net_non_operating_gap_capitals_to_all_yoy_delta,leaf,CAPITALS_TO_ALL,,,26,net_non_operating_gap,yoy_delta,15606.619999999995,15606.619999999995,0.0,0.01,PASS
net_non_operating_gap_cross_to_all_current,leaf,CROSS_TO_ALL,,,26,net_non_operating_gap,current,63436.5,63436.5,0.0,0.01,PASS
net_non_operating_gap_cross_to_all_previous,leaf,CROSS_TO_ALL,,,26,net_non_operating_gap,previous,47829.880000000005,47829.88000000001,7.275957614183426e-12,0.01,PASS
net_non_operating_gap_cross_to_all_yoy_delta,leaf,CROSS_TO_ALL,,,26,net_non_operating_gap,yoy_delta,15606.619999999995,15606.61999999999,-5.4569682106375694e-12,0.01,PASS
software_capex_row_109_current,leaf,CAPITAL_COLUMNS_TO_INDUSTRY,,109,26,software_capex,current,335.8599999999997,335.8599999999999,2.2737367544323206e-13,0.01,PASS
software_capex_row_109_previous,leaf,CAPITAL_COLUMNS_TO_INDUSTRY,,109,26,software_capex,previous,340.02999999999975,340.02999999999975,0.0,0.01,PASS
software_capex_row_109_yoy_delta,leaf,CAPITAL_COLUMNS_TO_INDUSTRY,,109,26,software_capex,yoy_delta,-4.170000000000073,-4.169999999999845,2.2737367544323206e-13,0.01,PASS
software_capex_row_110_current,leaf,CAPITAL_COLUMNS_TO_INDUSTRY,,110,26,software_capex,current,82.5,82.50000000000003,2.842170943040401e-14,0.01,PASS
software_capex_row_110_previous,leaf,CAPITAL_COLUMNS_TO_INDUSTRY,,110,26,software_capex,previous,60.00999999999988,60.01000000000002,1.4210854715202004e-13,0.01,PASS
software_capex_row_110_yoy_delta,leaf,CAPITAL_COLUMNS_TO_INDUSTRY,,110,26,software_capex,yoy_delta,22.490000000000123,22.49000000000001,-1.1368683772161603e-13,0.01,PASS
software_capex_row_112_current,leaf,CAPITAL_COLUMNS_TO_INDUSTRY,,112,26,software_capex,current,12.939999999999998,12.939999999999984,-1.4210854715202004e-14,0.01,PASS
software_capex_row_112_previous,leaf,CAPITAL_COLUMNS_TO_INDUSTRY,,112,26,software_capex,previous,7.009999999999991,7.00999999999998,-1.0658141036401503e-14,0.01,PASS
software_capex_row_112_yoy_delta,leaf,CAPITAL_COLUMNS_TO_INDUSTRY,,112,26,software_capex,yoy_delta,5.930000000000007,5.930000000000003,-3.552713678800501e-15,0.01,PASS
software_capex_row_113_current,leaf,CAPITAL_COLUMNS_TO_INDUSTRY,,113,26,software_capex,current,24.570000000000164,24.569999999999936,-2.2737367544323206e-13,0.01,PASS
software_capex_row_113_previous,leaf,CAPITAL_COLUMNS_TO_INDUSTRY,,113,26,software_capex,previous,37.65999999999997,37.66,2.842170943040401e-14,0.01,PASS
software_capex_row_113_yoy_delta,leaf,CAPITAL_COLUMNS_TO_INDUSTRY,,113,26,software_capex,yoy_delta,-13.089999999999804,-13.09000000000006,-2.5579538487363607e-13,0.01,PASS
software_capex_row_114_current,leaf,CAPITAL_COLUMNS_TO_INDUSTRY,,114,26,software_capex,current,86.59999999999997,86.59999999999998,1.4210854715202004e-14,0.01,PASS
software_capex_row_114_previous,leaf,CAPITAL_COLUMNS_TO_INDUSTRY,,114,26,software_capex,previous,154.92000000000007,154.92000000000002,-5.684341886080802e-14,0.01,PASS
software_capex_row_114_yoy_delta,leaf,CAPITAL_COLUMNS_TO_INDUSTRY,,114,26,software_capex,yoy_delta,-68.3200000000001,-68.32000000000002,8.526512829121202e-14,0.01,PASS
software_capex_row_115_current,leaf,CAPITAL_COLUMNS_TO_INDUSTRY,,115,26,software_capex,current,916.1899999999996,916.1900000000009,1.2505552149377763e-12,0.01,PASS
software_capex_row_115_previous,leaf,CAPITAL_COLUMNS_TO_INDUSTRY,,115,26,software_capex,previous,765.5199999999995,765.5200000000002,6.821210263296962e-13,0.01,PASS
software_capex_row_115_yoy_delta,leaf,CAPITAL_COLUMNS_TO_INDUSTRY,,115,26,software_capex,yoy_delta,150.67000000000007,150.6700000000007,6.252776074688882e-13,0.01,PASS
software_capex_row_116_current,leaf,CAPITAL_COLUMNS_TO_INDUSTRY,,116,26,software_capex,current,85.59000000000003,85.58999999999995,-8.526512829121202e-14,0.01,PASS
software_capex_row_116_previous,leaf,CAPITAL_COLUMNS_TO_INDUSTRY,,116,26,software_capex,previous,53.77999999999997,53.78000000000003,5.684341886080802e-14,0.01,PASS
software_capex_row_116_yoy_delta,leaf,CAPITAL_COLUMNS_TO_INDUSTRY,,116,26,software_capex,yoy_delta,31.81000000000006,31.809999999999924,-1.3500311979441904e-13,0.01,PASS
software_capex_row_117_current,leaf,CAPITAL_COLUMNS_TO_INDUSTRY,,117,26,software_capex,current,85.0,85.00000000000011,1.1368683772161603e-13,0.01,PASS
software_capex_row_117_previous,leaf,CAPITAL_COLUMNS_TO_INDUSTRY,,117,26,software_capex,previous,102.72000000000003,102.72000000000003,0.0,0.01,PASS
software_capex_row_117_yoy_delta,leaf,CAPITAL_COLUMNS_TO_INDUSTRY,,117,26,software_capex,yoy_delta,-17.720000000000027,-17.719999999999914,1.1368683772161603e-13,0.01,PASS
software_capex_row_118_current,leaf,CAPITAL_COLUMNS_TO_INDUSTRY,,118,26,software_capex,current,143.42999999999984,143.43000000000035,5.115907697472721e-13,0.01,PASS
software_capex_row_118_previous,leaf,CAPITAL_COLUMNS_TO_INDUSTRY,,118,26,software_capex,previous,228.82000000000016,228.8200000000001,-5.684341886080802e-14,0.01,PASS
software_capex_row_118_yoy_delta,leaf,CAPITAL_COLUMNS_TO_INDUSTRY,,118,26,software_capex,yoy_delta,-85.39000000000033,-85.38999999999976,5.684341886080801e-13,0.01,PASS
software_capex_row_119_current,leaf,CAPITAL_COLUMNS_TO_INDUSTRY,,119,26,software_capex,current,111.57000000000016,111.57000000000019,2.842170943040401e-14,0.01,PASS
software_capex_row_119_previous,leaf,CAPITAL_COLUMNS_TO_INDUSTRY,,119,26,software_capex,previous,101.65999999999985,101.65999999999997,1.1368683772161603e-13,0.01,PASS
software_capex_row_119_yoy_delta,leaf,CAPITAL_COLUMNS_TO_INDUSTRY,,119,26,software_capex,yoy_delta,9.91000000000031,9.910000000000224,-8.526512829121202e-14,0.01,PASS
software_capex_row_120_current,leaf,CAPITAL_COLUMNS_TO_INDUSTRY,,120,26,software_capex,current,111.66000000000008,111.65999999999997,-1.1368683772161603e-13,0.01,PASS
software_capex_row_120_previous,leaf,CAPITAL_COLUMNS_TO_INDUSTRY,,120,26,software_capex,previous,93.5,93.49999999999983,-1.7053025658242404e-13,0.01,PASS
software_capex_row_120_yoy_delta,leaf,CAPITAL_COLUMNS_TO_INDUSTRY,,120,26,software_capex,yoy_delta,18.160000000000082,18.16000000000014,5.684341886080802e-14,0.01,PASS
software_capex_row_154_current,leaf,CAPITAL_COLUMNS_TO_INDUSTRY,,154,26,software_capex,current,80.0,79.99999999999997,-2.842170943040401e-14,0.01,PASS
software_capex_row_154_previous,leaf,CAPITAL_COLUMNS_TO_INDUSTRY,,154,26,software_capex,previous,76.84000000000003,76.83999999999997,-5.684341886080802e-14,0.01,PASS
software_capex_row_154_yoy_delta,leaf,CAPITAL_COLUMNS_TO_INDUSTRY,,154,26,software_capex,yoy_delta,3.159999999999968,3.1599999999999966,2.842170943040401e-14,0.01,PASS
software_capex_row_121_current,leaf,CAPITAL_COLUMNS_TO_INDUSTRY,,121,26,software_capex,current,479.2999999999997,479.2999999999999,1.7053025658242404e-13,0.01,PASS
software_capex_row_121_previous,leaf,CAPITAL_COLUMNS_TO_INDUSTRY,,121,26,software_capex,previous,434.3199999999997,434.32000000000016,4.547473508864641e-13,0.01,PASS
software_capex_row_121_yoy_delta,leaf,CAPITAL_COLUMNS_TO_INDUSTRY,,121,26,software_capex,yoy_delta,44.98000000000002,44.979999999999734,-2.8421709430404007e-13,0.01,PASS
software_capex_row_124_current,leaf,CAPITAL_COLUMNS_TO_INDUSTRY,,124,26,software_capex,current,489.8499999999999,489.84999999999997,5.684341886080802e-14,0.01,PASS
software_capex_row_124_previous,leaf,CAPITAL_COLUMNS_TO_INDUSTRY,,124,26,software_capex,previous,587.8499999999999,587.8499999999998,-1.1368683772161603e-13,0.01,PASS
software_capex_row_124_yoy_delta,leaf,CAPITAL_COLUMNS_TO_INDUSTRY,,124,26,software_capex,yoy_delta,-98.0,-97.99999999999983,1.7053025658242404e-13,0.01,PASS
software_capex_row_122_current,leaf,CAPITAL_COLUMNS_TO_INDUSTRY,,122,26,software_capex,current,794.6499999999996,794.6500000000002,5.684341886080801e-13,0.01,PASS
software_capex_row_122_previous,leaf,CAPITAL_COLUMNS_TO_INDUSTRY,,122,26,software_capex,previous,725.5599999999995,725.5600000000004,9.094947017729282e-13,0.01,PASS
software_capex_row_122_yoy_delta,leaf,CAPITAL_COLUMNS_TO_INDUSTRY,,122,26,software_capex,yoy_delta,69.09000000000015,69.08999999999986,-2.8421709430404007e-13,0.01,PASS
software_capex_row_145_current,leaf,CAPITAL_COLUMNS_TO_INDUSTRY,,145,26,software_capex,current,1019.5999999999995,1019.5999999999997,2.2737367544323206e-13,0.01,PASS
software_capex_row_145_previous,leaf,CAPITAL_COLUMNS_TO_INDUSTRY,,145,26,software_capex,previous,656.3900000000003,656.3899999999995,-7.958078640513122e-13,0.01,PASS
software_capex_row_145_yoy_delta,leaf,CAPITAL_COLUMNS_TO_INDUSTRY,,145,26,software_capex,yoy_delta,363.2099999999991,363.21000000000015,1.0231815394945443e-12,0.01,PASS
software_capex_row_123_current,leaf,CAPITAL_COLUMNS_TO_INDUSTRY,,123,26,software_capex,current,1149.9500000000007,1149.9500000000007,0.0,0.01,PASS
software_capex_row_123_previous,leaf,CAPITAL_COLUMNS_TO_INDUSTRY,,123,26,software_capex,previous,979.25,979.2499999999997,-3.410605131648481e-13,0.01,PASS
software_capex_row_123_yoy_delta,leaf,CAPITAL_COLUMNS_TO_INDUSTRY,,123,26,software_capex,yoy_delta,170.70000000000073,170.70000000000107,3.410605131648481e-13,0.01,PASS
software_capex_row_125_current,leaf,CAPITAL_COLUMNS_TO_INDUSTRY,,125,26,software_capex,current,65.7700000000001,65.77000000000001,-8.526512829121202e-14,0.01,PASS
software_capex_row_125_previous,leaf,CAPITAL_COLUMNS_TO_INDUSTRY,,125,26,software_capex,previous,72.52999999999997,72.53,2.842170943040401e-14,0.01,PASS
software_capex_row_125_yoy_delta,leaf,CAPITAL_COLUMNS_TO_INDUSTRY,,125,26,software_capex,yoy_delta,-6.759999999999877,-6.759999999999991,-1.1368683772161603e-13,0.01,PASS
software_capex_row_126_current,leaf,CAPITAL_COLUMNS_TO_INDUSTRY,,126,26,software_capex,current,619.0699999999997,619.0699999999999,2.2737367544323206e-13,0.01,PASS
software_capex_row_126_previous,leaf,CAPITAL_COLUMNS_TO_INDUSTRY,,126,26,software_capex,previous,798.21,798.21,0.0,0.01,PASS
software_capex_row_126_yoy_delta,leaf,CAPITAL_COLUMNS_TO_INDUSTRY,,126,26,software_capex,yoy_delta,-179.14000000000033,-179.1400000000001,2.2737367544323206e-13,0.01,PASS
software_capex_row_101_current,leaf,CAPITAL_COLUMNS_TO_INDUSTRY,,101,26,software_capex,current,14.110000000000014,14.11000000000001,-3.552713678800501e-15,0.01,PASS
software_capex_row_101_previous,leaf,CAPITAL_COLUMNS_TO_INDUSTRY,,101,26,software_capex,previous,4.300000000000011,4.299999999999983,-2.842170943040401e-14,0.01,PASS
software_capex_row_101_yoy_delta,leaf,CAPITAL_COLUMNS_TO_INDUSTRY,,101,26,software_capex,yoy_delta,9.810000000000002,9.810000000000034,3.197442310920451e-14,0.01,PASS
software_capex_row_103_current,leaf,CAPITAL_COLUMNS_TO_INDUSTRY,,103,26,software_capex,current,1.740000000000009,1.7400000000000098,6.661338147750939e-16,0.01,PASS
software_capex_row_103_previous,leaf,CAPITAL_COLUMNS_TO_INDUSTRY,,103,26,software_capex,previous,0.5999999999999943,0.6000000000000032,8.881784197001252e-15,0.01,PASS
software_capex_row_103_yoy_delta,leaf,CAPITAL_COLUMNS_TO_INDUSTRY,,103,26,software_capex,yoy_delta,1.1400000000000148,1.140000000000006,-8.881784197001252e-15,0.01,PASS
software_capex_row_106_current,leaf,CAPITAL_COLUMNS_TO_INDUSTRY,,106,26,software_capex,current,1.8999999999999773,1.8999999999999915,1.4210854715202004e-14,0.01,PASS
software_capex_row_106_previous,leaf,CAPITAL_COLUMNS_TO_INDUSTRY,,106,26,software_capex,previous,20.470000000000027,20.47,-2.842170943040401e-14,0.01,PASS
software_capex_row_106_yoy_delta,leaf,CAPITAL_COLUMNS_TO_INDUSTRY,,106,26,software_capex,yoy_delta,-18.57000000000005,-18.570000000000007,4.263256414560601e-14,0.01,PASS
software_capex_row_107_current,leaf,CAPITAL_COLUMNS_TO_INDUSTRY,,107,26,software_capex,current,756.25,756.25,0.0,0.01,PASS
software_capex_row_107_previous,leaf,CAPITAL_COLUMNS_TO_INDUSTRY,,107,26,software_capex,previous,609.7700000000004,609.7699999999998,-6.821210263296962e-13,0.01,PASS
software_capex_row_107_yoy_delta,leaf,CAPITAL_COLUMNS_TO_INDUSTRY,,107,26,software_capex,yoy_delta,146.47999999999956,146.48000000000025,6.821210263296962e-13,0.01,PASS
software_capex_row_135_current,leaf,CAPITAL_COLUMNS_TO_INDUSTRY,,135,26,software_capex,current,637.4899999999998,637.4900000000016,1.8189894035458565e-12,0.01,PASS
software_capex_row_135_previous,leaf,CAPITAL_COLUMNS_TO_INDUSTRY,,135,26,software_capex,previous,277.9800000000014,277.98000000000013,-1.2505552149377763e-12,0.01,PASS
software_capex_row_135_yoy_delta,leaf,CAPITAL_COLUMNS_TO_INDUSTRY,,135,26,software_capex,yoy_delta,359.5099999999984,359.51000000000147,3.069544618483633e-12,0.01,PASS
software_capex_row_136_current,leaf,CAPITAL_COLUMNS_TO_INDUSTRY,,136,26,software_capex,current,189.6500000000001,189.64999999999998,-1.1368683772161603e-13,0.01,PASS
software_capex_row_136_previous,leaf,CAPITAL_COLUMNS_TO_INDUSTRY,,136,26,software_capex,previous,193.3699999999999,193.37,1.1368683772161603e-13,0.01,PASS
software_capex_row_136_yoy_delta,leaf,CAPITAL_COLUMNS_TO_INDUSTRY,,136,26,software_capex,yoy_delta,-3.7199999999998,-3.7200000000000273,-2.2737367544323206e-13,0.01,PASS
software_capex_row_142_current,leaf,CAPITAL_COLUMNS_TO_INDUSTRY,,142,26,software_capex,current,6135.660000000002,6135.66,-1.8189894035458565e-12,0.01,PASS
software_capex_row_142_previous,leaf,CAPITAL_COLUMNS_TO_INDUSTRY,,142,26,software_capex,previous,5467.049999999999,5467.050000000001,1.8189894035458565e-12,0.01,PASS
software_capex_row_142_yoy_delta,leaf,CAPITAL_COLUMNS_TO_INDUSTRY,,142,26,software_capex,yoy_delta,668.6100000000024,668.609999999999,-3.410605131648481e-12,0.01,PASS
software_capex_row_131_current,leaf,CAPITAL_COLUMNS_TO_INDUSTRY,,131,26,software_capex,current,896.3299999999981,896.3300000000006,2.5011104298755527e-12,0.01,PASS
software_capex_row_131_previous,leaf,CAPITAL_COLUMNS_TO_INDUSTRY,,131,26,software_capex,previous,785.380000000001,785.3799999999999,-1.1368683772161603e-12,0.01,PASS
software_capex_row_131_yoy_delta,leaf,CAPITAL_COLUMNS_TO_INDUSTRY,,131,26,software_capex,yoy_delta,110.94999999999709,110.95000000000073,3.637978807091713e-12,0.01,PASS
software_capex_row_132_current,leaf,CAPITAL_COLUMNS_TO_INDUSTRY,,132,26,software_capex,current,45.48000000000002,45.47999999999999,-2.842170943040401e-14,0.01,PASS
software_capex_row_132_previous,leaf,CAPITAL_COLUMNS_TO_INDUSTRY,,132,26,software_capex,previous,80.1400000000001,80.1399999999999,-1.9895196601282805e-13,0.01,PASS
software_capex_row_132_yoy_delta,leaf,CAPITAL_COLUMNS_TO_INDUSTRY,,132,26,software_capex,yoy_delta,-34.66000000000008,-34.65999999999991,1.7053025658242404e-13,0.01,PASS
software_capex_row_133_current,leaf,CAPITAL_COLUMNS_TO_INDUSTRY,,133,26,software_capex,current,475.53999999999996,475.54,5.684341886080802e-14,0.01,PASS
software_capex_row_133_previous,leaf,CAPITAL_COLUMNS_TO_INDUSTRY,,133,26,software_capex,previous,378.03999999999996,378.03999999999996,0.0,0.01,PASS
software_capex_row_133_yoy_delta,leaf,CAPITAL_COLUMNS_TO_INDUSTRY,,133,26,software_capex,yoy_delta,97.5,97.50000000000006,5.684341886080802e-14,0.01,PASS
software_capex_row_127_current,leaf,CAPITAL_COLUMNS_TO_INDUSTRY,,127,26,software_capex,current,1394.8700000000008,1394.87,-9.094947017729282e-13,0.01,PASS
software_capex_row_127_previous,leaf,CAPITAL_COLUMNS_TO_INDUSTRY,,127,26,software_capex,previous,1195.6900000000005,1195.69,-4.547473508864641e-13,0.01,PASS
software_capex_row_127_yoy_delta,leaf,CAPITAL_COLUMNS_TO_INDUSTRY,,127,26,software_capex,yoy_delta,199.1800000000003,199.17999999999984,-4.547473508864641e-13,0.01,PASS
software_capex_row_128_current,leaf,CAPITAL_COLUMNS_TO_INDUSTRY,,128,26,software_capex,current,1681.4799999999996,1681.4799999999996,0.0,0.01,PASS
software_capex_row_128_previous,leaf,CAPITAL_COLUMNS_TO_INDUSTRY,,128,26,software_capex,previous,1034.7200000000012,1034.7200000000003,-9.094947017729282e-13,0.01,PASS
software_capex_row_128_yoy_delta,leaf,CAPITAL_COLUMNS_TO_INDUSTRY,,128,26,software_capex,yoy_delta,646.7599999999984,646.7599999999993,9.094947017729282e-13,0.01,PASS
software_capex_row_130_current,leaf,CAPITAL_COLUMNS_TO_INDUSTRY,,130,26,software_capex,current,287.1999999999989,287.2000000000003,1.3642420526593924e-12,0.01,PASS
software_capex_row_130_previous,leaf,CAPITAL_COLUMNS_TO_INDUSTRY,,130,26,software_capex,previous,569.4799999999996,569.48,4.547473508864641e-13,0.01,PASS
software_capex_row_130_yoy_delta,leaf,CAPITAL_COLUMNS_TO_INDUSTRY,,130,26,software_capex,yoy_delta,-282.28000000000065,-282.27999999999975,9.094947017729282e-13,0.01,PASS
software_capex_row_150_current,leaf,CAPITAL_COLUMNS_TO_INDUSTRY,,150,26,software_capex,current,164.02999999999975,164.0300000000003,5.684341886080801e-13,0.01,PASS
software_capex_row_150_previous,leaf,CAPITAL_COLUMNS_TO_INDUSTRY,,150,26,software_capex,previous,142.45000000000073,142.45000000000027,-4.547473508864641e-13,0.01,PASS
software_capex_row_150_yoy_delta,leaf,CAPITAL_COLUMNS_TO_INDUSTRY,,150,26,software_capex,yoy_delta,21.579999999999018,21.58000000000004,1.0231815394945443e-12,0.01,PASS
software_capex_row_151_current,leaf,CAPITAL_COLUMNS_TO_INDUSTRY,,151,26,software_capex,current,46.01999999999998,46.02000000000021,2.2737367544323206e-13,0.01,PASS
software_capex_row_151_previous,leaf,CAPITAL_COLUMNS_TO_INDUSTRY,,151,26,software_capex,previous,72.54999999999973,72.54999999999995,2.2737367544323206e-13,0.01,PASS
software_capex_row_151_yoy_delta,leaf,CAPITAL_COLUMNS_TO_INDUSTRY,,151,26,software_capex,yoy_delta,-26.529999999999745,-26.529999999999745,0.0,0.01,PASS
software_capex_row_139_current,leaf,CAPITAL_COLUMNS_TO_INDUSTRY,,139,26,software_capex,current,21.090000000000146,21.089999999999975,-1.7053025658242404e-13,0.01,PASS
software_capex_row_139_previous,leaf,CAPITAL_COLUMNS_TO_INDUSTRY,,139,26,software_capex,previous,47.73000000000002,47.72999999999996,-5.684341886080802e-14,0.01,PASS
software_capex_row_139_yoy_delta,leaf,CAPITAL_COLUMNS_TO_INDUSTRY,,139,26,software_capex,yoy_delta,-26.639999999999873,-26.639999999999986,-1.1368683772161603e-13,0.01,PASS
software_capex_row_148_current,leaf,CAPITAL_COLUMNS_TO_INDUSTRY,,148,26,software_capex,current,187.57999999999993,187.5800000000001,1.7053025658242404e-13,0.01,PASS
software_capex_row_148_previous,leaf,CAPITAL_COLUMNS_TO_INDUSTRY,,148,26,software_capex,previous,65.69000000000005,65.68999999999991,-1.4210854715202004e-13,0.01,PASS
software_capex_row_148_yoy_delta,leaf,CAPITAL_COLUMNS_TO_INDUSTRY,,148,26,software_capex,yoy_delta,121.88999999999987,121.89000000000019,3.126388037344441e-13,0.01,PASS
software_capex_row_140_current,leaf,CAPITAL_COLUMNS_TO_INDUSTRY,,140,26,software_capex,current,137.43000000000006,137.43,-5.684341886080802e-14,0.01,PASS
software_capex_row_140_previous,leaf,CAPITAL_COLUMNS_TO_INDUSTRY,,140,26,software_capex,previous,217.83000000000004,217.82999999999998,-5.684341886080802e-14,0.01,PASS
software_capex_row_140_yoy_delta,leaf,CAPITAL_COLUMNS_TO_INDUSTRY,,140,26,software_capex,yoy_delta,-80.39999999999998,-80.39999999999996,1.4210854715202004e-14,0.01,PASS
software_capex_row_141_current,leaf,CAPITAL_COLUMNS_TO_INDUSTRY,,141,26,software_capex,current,143.44000000000005,143.43999999999994,-1.1368683772161603e-13,0.01,PASS
software_capex_row_141_previous,leaf,CAPITAL_COLUMNS_TO_INDUSTRY,,141,26,software_capex,previous,99.84999999999991,99.85000000000002,1.1368683772161603e-13,0.01,PASS
software_capex_row_141_yoy_delta,leaf,CAPITAL_COLUMNS_TO_INDUSTRY,,141,26,software_capex,yoy_delta,43.590000000000146,43.58999999999992,-2.2737367544323206e-13,0.01,PASS
software_capex_row_138_current,leaf,CAPITAL_COLUMNS_TO_INDUSTRY,,138,26,software_capex,current,208.42000000000002,208.42000000000002,0.0,0.01,PASS
software_capex_row_138_previous,leaf,CAPITAL_COLUMNS_TO_INDUSTRY,,138,26,software_capex,previous,297.0,297.0,0.0,0.01,PASS
software_capex_row_138_yoy_delta,leaf,CAPITAL_COLUMNS_TO_INDUSTRY,,138,26,software_capex,yoy_delta,-88.57999999999997,-88.57999999999998,-1.4210854715202004e-14,0.01,PASS
software_capex_row_158_current,leaf,CAPITAL_COLUMNS_TO_INDUSTRY,,158,26,software_capex,current,774.1399999999999,774.1399999999999,0.0,0.01,PASS
software_capex_row_158_previous,leaf,CAPITAL_COLUMNS_TO_INDUSTRY,,158,26,software_capex,previous,609.6199999999999,609.6200000000001,2.2737367544323206e-13,0.01,PASS
software_capex_row_158_yoy_delta,leaf,CAPITAL_COLUMNS_TO_INDUSTRY,,158,26,software_capex,yoy_delta,164.51999999999998,164.51999999999984,-1.4210854715202004e-13,0.01,PASS
software_capex_row_159_current,leaf,CAPITAL_COLUMNS_TO_INDUSTRY,,159,26,software_capex,current,320.9799999999999,320.98,1.1368683772161603e-13,0.01,PASS
software_capex_row_159_previous,leaf,CAPITAL_COLUMNS_TO_INDUSTRY,,159,26,software_capex,previous,569.25,569.25,0.0,0.01,PASS
software_capex_row_159_yoy_delta,leaf,CAPITAL_COLUMNS_TO_INDUSTRY,,159,26,software_capex,yoy_delta,-248.2700000000001,-248.26999999999998,1.1368683772161603e-13,0.01,PASS
software_capex_row_153_current,leaf,CAPITAL_COLUMNS_TO_INDUSTRY,,153,26,software_capex,current,53.129999999999995,53.129999999999995,0.0,0.01,PASS
software_capex_row_153_previous,leaf,CAPITAL_COLUMNS_TO_INDUSTRY,,153,26,software_capex,previous,62.31999999999999,62.32,7.105427357601002e-15,0.01,PASS
software_capex_row_153_yoy_delta,leaf,CAPITAL_COLUMNS_TO_INDUSTRY,,153,26,software_capex,yoy_delta,-9.189999999999998,-9.190000000000005,-7.105427357601002e-15,0.01,PASS
software_capex_row_152_current,leaf,CAPITAL_COLUMNS_TO_INDUSTRY,,152,26,software_capex,current,290.95000000000005,290.95000000000005,0.0,0.01,PASS
software_capex_row_152_previous,leaf,CAPITAL_COLUMNS_TO_INDUSTRY,,152,26,software_capex,previous,112.29999999999995,112.3,4.263256414560601e-14,0.01,PASS
software_capex_row_152_yoy_delta,leaf,CAPITAL_COLUMNS_TO_INDUSTRY,,152,26,software_capex,yoy_delta,178.6500000000001,178.65000000000003,-5.684341886080802e-14,0.01,PASS
software_capex_row_160_current,leaf,CAPITAL_COLUMNS_TO_INDUSTRY,,160,26,software_capex,current,179.70999999999998,179.71,2.842170943040401e-14,0.01,PASS
software_capex_row_160_previous,leaf,CAPITAL_COLUMNS_TO_INDUSTRY,,160,26,software_capex,previous,112.47999999999999,112.47999999999999,0.0,0.01,PASS
software_capex_row_160_yoy_delta,leaf,CAPITAL_COLUMNS_TO_INDUSTRY,,160,26,software_capex,yoy_delta,67.23,67.23000000000002,1.4210854715202004e-14,0.01,PASS
software_capex_row_143_current,leaf,CAPITAL_COLUMNS_TO_INDUSTRY,,143,26,software_capex,current,663.5,663.4999999999999,-1.1368683772161603e-13,0.01,PASS
software_capex_row_143_previous,leaf,CAPITAL_COLUMNS_TO_INDUSTRY,,143,26,software_capex,previous,668.1599999999999,668.16,1.1368683772161603e-13,0.01,PASS
software_capex_row_143_yoy_delta,leaf,CAPITAL_COLUMNS_TO_INDUSTRY,,143,26,software_capex,yoy_delta,-4.6599999999998545,-4.660000000000082,-2.2737367544323206e-13,0.01,PASS
software_capex_column_19_current,leaf,INDUSTRY_ROWS_TO_CAPITAL,,,19,software_capex,current,3897.540000000001,3897.5400000000004,-4.547473508864641e-13,0.01,PASS
software_capex_column_19_previous,leaf,INDUSTRY_ROWS_TO_CAPITAL,,,19,software_capex,previous,2113.4300000000003,2113.4299999999994,-9.094947017729282e-13,0.01,PASS
software_capex_column_19_yoy_delta,leaf,INDUSTRY_ROWS_TO_CAPITAL,,,19,software_capex,yoy_delta,1784.1100000000006,1784.110000000001,4.547473508864641e-13,0.01,PASS
software_capex_column_24_current,leaf,INDUSTRY_ROWS_TO_CAPITAL,,,24,software_capex,current,4634.920000000002,4634.920000000001,-9.094947017729282e-13,0.01,PASS
software_capex_column_24_previous,leaf,INDUSTRY_ROWS_TO_CAPITAL,,,24,software_capex,previous,4548.169999999998,4548.169999999999,9.094947017729282e-13,0.01,PASS
software_capex_column_24_yoy_delta,leaf,INDUSTRY_ROWS_TO_CAPITAL,,,24,software_capex,yoy_delta,86.75000000000364,86.75000000000131,-2.3305801732931286e-12,0.01,PASS
software_capex_column_25_current,leaf,INDUSTRY_ROWS_TO_CAPITAL,,,25,software_capex,current,13869.76000000001,13869.760000000002,-7.275957614183426e-12,0.01,PASS
software_capex_column_25_previous,leaf,INDUSTRY_ROWS_TO_CAPITAL,,,25,software_capex,previous,13309.199999999997,13309.2,3.637978807091713e-12,0.01,PASS
software_capex_column_25_yoy_delta,leaf,INDUSTRY_ROWS_TO_CAPITAL,,,25,software_capex,yoy_delta,560.5600000000122,560.5600000000012,-1.1027623258996755e-11,0.01,PASS
software_capex_industries_to_all_current,leaf,INDUSTRIES_TO_ALL,,,26,software_capex,current,22402.22,22402.219999999998,-3.637978807091713e-12,0.01,PASS
software_capex_industries_to_all_previous,leaf,INDUSTRIES_TO_ALL,,,26,software_capex,previous,19970.79999999999,19970.800000000003,1.4551915228366852e-11,0.01,PASS
software_capex_industries_to_all_yoy_delta,leaf,INDUSTRIES_TO_ALL,,,26,software_capex,yoy_delta,2431.420000000013,2431.419999999995,-1.77351466845721e-11,0.01,PASS
software_capex_capitals_to_all_current,leaf,CAPITALS_TO_ALL,,,26,software_capex,current,22402.22,22402.220000000012,1.0913936421275139e-11,0.01,PASS
software_capex_capitals_to_all_previous,leaf,CAPITALS_TO_ALL,,,26,software_capex,previous,19970.79999999999,19970.799999999996,7.275957614183426e-12,0.01,PASS
software_capex_capitals_to_all_yoy_delta,leaf,CAPITALS_TO_ALL,,,26,software_capex,yoy_delta,2431.420000000013,2431.4200000000164,3.637978807091713e-12,0.01,PASS
software_capex_cross_to_all_current,leaf,CROSS_TO_ALL,,,26,software_capex,current,22402.22,22402.220000000005,3.637978807091713e-12,0.01,PASS
software_capex_cross_to_all_previous,leaf,CROSS_TO_ALL,,,26,software_capex,previous,19970.79999999999,19970.8,1.0913936421275139e-11,0.01,PASS
software_capex_cross_to_all_yoy_delta,leaf,CROSS_TO_ALL,,,26,software_capex,yoy_delta,2431.420000000013,2431.4200000000037,-9.094947017729282e-12,0.01,PASS
