period_code,period_label,industry_code,industry_name,capital_size_code,capital_size_name,is_all_industry,is_major_industry,is_leaf_industry,parent_major_code,component_order,component_id,component_label_ja,profit_impact_label_ja,accounting_sign,current_oku_yen,lag4_oku_yen,source_yoy_delta_oku_yen,profit_impact_yoy_oku_yen,profit_impact_sign,signed_share_of_net_gap_delta_pct,calculation_status,interpretation_guardrail,operating_profit_oku_yen,operating_profit_lag4_oku_yen,operating_profit_yoy_delta_oku_yen,ordinary_profit_oku_yen,ordinary_profit_lag4_oku_yen,ordinary_profit_yoy_delta_oku_yen,anchor_gap_oku_yen,anchor_gap_lag4_oku_yen,anchor_gap_yoy_delta_oku_yen,component_gap_oku_yen,component_gap_lag4_oku_yen,component_gap_yoy_delta_oku_yen,profit_impact_sum_yoy_oku_yen,yoy_identity_residual_oku_yen,identity_status,yoy_identity_status,source_delta_public_rounded_oku_yen,profit_impact_public_rounded_oku_yen,public_rounded_component_sum_oku_yen,other_nonoperating_causal_interpretation,continuing_sample_size_limitation,profit_standard_error_limitation,continuing_margin_interpretation
20261,2026年1 - 3 月,101,農業、林業,19,1千万円以上 - 1億円未満,False,False,True,105,1,interest_and_dividend_income,受取利息等,受取利息等の前年差による利益影響,1,2.46,6.47,-4.01,-4.01,REDUCES_PROFIT_CHANGE,-4.429960229783473,CALCULABLE,会計的な利益影響であり因果を示さない,280.91,-116.33,397.24,570.22,82.46,487.76000000000005,289.31,198.79,90.52000000000001,289.31,198.79,90.52000000000001,90.51999999999998,-2.842170943040401e-14,PASS,PASS,-4.0,-4.0,91.0,FORBIDDEN_WITHOUT_EXTERNAL_PRIMARY_EVIDENCE,継続標本のみを用い母集団推計を行うため、本系列に比べサンプルサイズが小さくなる。,営業利益及び経常利益については、標準誤差率の算出は行っていない。,継続標本PDFは利益水準とその符号を公表しないため、売上高と営業利益の増加率から得る利益率方向は代理指標である。
20261,2026年1 - 3 月,101,農業、林業,19,1千万円以上 - 1億円未満,False,False,True,105,2,other_non_operating_income,その他の営業外収益,その他の営業外収益の前年差による利益影響,1,343.52,268.76,74.75999999999999,74.75999999999999,INCREASES_PROFIT_CHANGE,82.58948298718514,CALCULABLE,原因は統計だけでは特定しない,280.91,-116.33,397.24,570.22,82.46,487.76000000000005,289.31,198.79,90.52000000000001,289.31,198.79,90.52000000000001,90.51999999999998,-2.842170943040401e-14,PASS,PASS,75.0,75.0,91.0,FORBIDDEN_WITHOUT_EXTERNAL_PRIMARY_EVIDENCE,継続標本のみを用い母集団推計を行うため、本系列に比べサンプルサイズが小さくなる。,営業利益及び経常利益については、標準誤差率の算出は行っていない。,継続標本PDFは利益水準とその符号を公表しないため、売上高と営業利益の増加率から得る利益率方向は代理指標である。
20261,2026年1 - 3 月,101,農業、林業,19,1千万円以上 - 1億円未満,False,False,True,105,3,interest_expense,支払利息等,支払利息等の前年差による利益影響,-1,33.24,52.01,-18.769999999999996,18.769999999999996,INCREASES_PROFIT_CHANGE,20.73574900574458,CALCULABLE,会計的な利益影響であり因果を示さない,280.91,-116.33,397.24,570.22,82.46,487.76000000000005,289.31,198.79,90.52000000000001,289.31,198.79,90.52000000000001,90.51999999999998,-2.842170943040401e-14,PASS,PASS,-19.0,19.0,91.0,FORBIDDEN_WITHOUT_EXTERNAL_PRIMARY_EVIDENCE,継続標本のみを用い母集団推計を行うため、本系列に比べサンプルサイズが小さくなる。,営業利益及び経常利益については、標準誤差率の算出は行っていない。,継続標本PDFは利益水準とその符号を公表しないため、売上高と営業利益の増加率から得る利益率方向は代理指標である。
20261,2026年1 - 3 月,101,農業、林業,19,1千万円以上 - 1億円未満,False,False,True,105,4,other_non_operating_expense,その他の営業外費用,その他の営業外費用の前年差による利益影響,-1,23.43,24.43,-1.0,1.0,INCREASES_PROFIT_CHANGE,1.104728236853734,CALCULABLE,会計的な利益影響であり因果を示さない,280.91,-116.33,397.24,570.22,82.46,487.76000000000005,289.31,198.79,90.52000000000001,289.31,198.79,90.52000000000001,90.51999999999998,-2.842170943040401e-14,PASS,PASS,-1.0,1.0,91.0,FORBIDDEN_WITHOUT_EXTERNAL_PRIMARY_EVIDENCE,継続標本のみを用い母集団推計を行うため、本系列に比べサンプルサイズが小さくなる。,営業利益及び経常利益については、標準誤差率の算出は行っていない。,継続標本PDFは利益水準とその符号を公表しないため、売上高と営業利益の増加率から得る利益率方向は代理指標である。
20261,2026年1 - 3 月,101,農業、林業,24,1億円以上 - 10億円未満,False,False,True,105,1,interest_and_dividend_income,受取利息等,受取利息等の前年差による利益影響,1,0.96,0.65,0.30999999999999994,0.30999999999999994,INCREASES_PROFIT_CHANGE,6.22489959839358,CALCULABLE,会計的な利益影響であり因果を示さない,-66.91,-7.96,-58.949999999999996,-56.99,-3.02,-53.97,9.919999999999995,4.9399999999999995,4.979999999999995,9.919999999999998,4.94,4.979999999999998,4.979999999999999,3.552713678800501e-15,PASS,PASS,0.0,0.0,5.0,FORBIDDEN_WITHOUT_EXTERNAL_PRIMARY_EVIDENCE,継続標本のみを用い母集団推計を行うため、本系列に比べサンプルサイズが小さくなる。,営業利益及び経常利益については、標準誤差率の算出は行っていない。,継続標本PDFは利益水準とその符号を公表しないため、売上高と営業利益の増加率から得る利益率方向は代理指標である。
20261,2026年1 - 3 月,101,農業、林業,24,1億円以上 - 10億円未満,False,False,True,105,2,other_non_operating_income,その他の営業外収益,その他の営業外収益の前年差による利益影響,1,19.15,15.33,3.8199999999999985,3.8199999999999985,INCREASES_PROFIT_CHANGE,76.70682730923699,CALCULABLE,原因は統計だけでは特定しない,-66.91,-7.96,-58.949999999999996,-56.99,-3.02,-53.97,9.919999999999995,4.9399999999999995,4.979999999999995,9.919999999999998,4.94,4.979999999999998,4.979999999999999,3.552713678800501e-15,PASS,PASS,4.0,4.0,5.0,FORBIDDEN_WITHOUT_EXTERNAL_PRIMARY_EVIDENCE,継続標本のみを用い母集団推計を行うため、本系列に比べサンプルサイズが小さくなる。,営業利益及び経常利益については、標準誤差率の算出は行っていない。,継続標本PDFは利益水準とその符号を公表しないため、売上高と営業利益の増加率から得る利益率方向は代理指標である。
20261,2026年1 - 3 月,101,農業、林業,24,1億円以上 - 10億円未満,False,False,True,105,3,interest_expense,支払利息等,支払利息等の前年差による利益影響,-1,6.51,5.58,0.9299999999999997,-0.9299999999999997,REDUCES_PROFIT_CHANGE,-18.674698795180735,CALCULABLE,会計的な利益影響であり因果を示さない,-66.91,-7.96,-58.949999999999996,-56.99,-3.02,-53.97,9.919999999999995,4.9399999999999995,4.979999999999995,9.919999999999998,4.94,4.979999999999998,4.979999999999999,3.552713678800501e-15,PASS,PASS,1.0,-1.0,5.0,FORBIDDEN_WITHOUT_EXTERNAL_PRIMARY_EVIDENCE,継続標本のみを用い母集団推計を行うため、本系列に比べサンプルサイズが小さくなる。,営業利益及び経常利益については、標準誤差率の算出は行っていない。,継続標本PDFは利益水準とその符号を公表しないため、売上高と営業利益の増加率から得る利益率方向は代理指標である。
20261,2026年1 - 3 月,101,農業、林業,24,1億円以上 - 10億円未満,False,False,True,105,4,other_non_operating_expense,その他の営業外費用,その他の営業外費用の前年差による利益影響,-1,3.68,5.46,-1.7799999999999998,1.7799999999999998,INCREASES_PROFIT_CHANGE,35.74297188755023,CALCULABLE,会計的な利益影響であり因果を示さない,-66.91,-7.96,-58.949999999999996,-56.99,-3.02,-53.97,9.919999999999995,4.9399999999999995,4.979999999999995,9.919999999999998,4.94,4.979999999999998,4.979999999999999,3.552713678800501e-15,PASS,PASS,-2.0,2.0,5.0,FORBIDDEN_WITHOUT_EXTERNAL_PRIMARY_EVIDENCE,継続標本のみを用い母集団推計を行うため、本系列に比べサンプルサイズが小さくなる。,営業利益及び経常利益については、標準誤差率の算出は行っていない。,継続標本PDFは利益水準とその符号を公表しないため、売上高と営業利益の増加率から得る利益率方向は代理指標である。
20261,2026年1 - 3 月,101,農業、林業,25,10億円以上,False,False,True,105,1,interest_and_dividend_income,受取利息等,受取利息等の前年差による利益影響,1,2.0,2.4,-0.3999999999999999,-0.3999999999999999,REDUCES_PROFIT_CHANGE,-7.7071290944123225,CALCULABLE,会計的な利益影響であり因果を示さない,35.44,57.06,-21.620000000000005,39.61,56.04,-16.43,4.170000000000002,-1.0200000000000031,5.190000000000005,4.17,-1.02,5.1899999999999995,5.19,-4.440892098500626e-15,PASS,PASS,-0.0,-0.0,6.0,FORBIDDEN_WITHOUT_EXTERNAL_PRIMARY_EVIDENCE,継続標本のみを用い母集団推計を行うため、本系列に比べサンプルサイズが小さくなる。,営業利益及び経常利益については、標準誤差率の算出は行っていない。,継続標本PDFは利益水準とその符号を公表しないため、売上高と営業利益の増加率から得る利益率方向は代理指標である。
20261,2026年1 - 3 月,101,農業、林業,25,10億円以上,False,False,True,105,2,other_non_operating_income,その他の営業外収益,その他の営業外収益の前年差による利益影響,1,7.28,4.49,2.79,2.79,INCREASES_PROFIT_CHANGE,53.75722543352596,CALCULABLE,原因は統計だけでは特定しない,35.44,57.06,-21.620000000000005,39.61,56.04,-16.43,4.170000000000002,-1.0200000000000031,5.190000000000005,4.17,-1.02,5.1899999999999995,5.19,-4.440892098500626e-15,PASS,PASS,3.0,3.0,6.0,FORBIDDEN_WITHOUT_EXTERNAL_PRIMARY_EVIDENCE,継続標本のみを用い母集団推計を行うため、本系列に比べサンプルサイズが小さくなる。,営業利益及び経常利益については、標準誤差率の算出は行っていない。,継続標本PDFは利益水準とその符号を公表しないため、売上高と営業利益の増加率から得る利益率方向は代理指標である。
20261,2026年1 - 3 月,101,農業、林業,25,10億円以上,False,False,True,105,3,interest_expense,支払利息等,支払利息等の前年差による利益影響,-1,2.19,1.04,1.15,-1.15,REDUCES_PROFIT_CHANGE,-22.15799614643543,CALCULABLE,会計的な利益影響であり因果を示さない,35.44,57.06,-21.620000000000005,39.61,56.04,-16.43,4.170000000000002,-1.0200000000000031,5.190000000000005,4.17,-1.02,5.1899999999999995,5.19,-4.440892098500626e-15,PASS,PASS,1.0,-1.0,6.0,FORBIDDEN_WITHOUT_EXTERNAL_PRIMARY_EVIDENCE,継続標本のみを用い母集団推計を行うため、本系列に比べサンプルサイズが小さくなる。,営業利益及び経常利益については、標準誤差率の算出は行っていない。,継続標本PDFは利益水準とその符号を公表しないため、売上高と営業利益の増加率から得る利益率方向は代理指標である。
20261,2026年1 - 3 月,101,農業、林業,25,10億円以上,False,False,True,105,4,other_non_operating_expense,その他の営業外費用,その他の営業外費用の前年差による利益影響,-1,2.92,6.87,-3.95,3.95,INCREASES_PROFIT_CHANGE,76.10789980732172,CALCULABLE,会計的な利益影響であり因果を示さない,35.44,57.06,-21.620000000000005,39.61,56.04,-16.43,4.170000000000002,-1.0200000000000031,5.190000000000005,4.17,-1.02,5.1899999999999995,5.19,-4.440892098500626e-15,PASS,PASS,-4.0,4.0,6.0,FORBIDDEN_WITHOUT_EXTERNAL_PRIMARY_EVIDENCE,継続標本のみを用い母集団推計を行うため、本系列に比べサンプルサイズが小さくなる。,営業利益及び経常利益については、標準誤差率の算出は行っていない。,継続標本PDFは利益水準とその符号を公表しないため、売上高と営業利益の増加率から得る利益率方向は代理指標である。
20261,2026年1 - 3 月,101,農業、林業,26,全規模,False,False,True,105,1,interest_and_dividend_income,受取利息等,受取利息等の前年差による利益影響,1,5.42,9.52,-4.1,-4.1,REDUCES_PROFIT_CHANGE,-4.071903863342931,CALCULABLE,会計的な利益影響であり因果を示さない,249.44,-67.23,316.67,552.84,135.48,417.36,303.40000000000003,202.70999999999998,100.69000000000005,303.4,202.70999999999998,100.69,100.69000000000001,-4.263256414560601e-14,PASS,PASS,-4.0,-4.0,101.0,FORBIDDEN_WITHOUT_EXTERNAL_PRIMARY_EVIDENCE,継続標本のみを用い母集団推計を行うため、本系列に比べサンプルサイズが小さくなる。,営業利益及び経常利益については、標準誤差率の算出は行っていない。,継続標本PDFは利益水準とその符号を公表しないため、売上高と営業利益の増加率から得る利益率方向は代理指標である。
20261,2026年1 - 3 月,101,農業、林業,26,全規模,False,False,True,105,2,other_non_operating_income,その他の営業外収益,その他の営業外収益の前年差による利益影響,1,369.95,288.58,81.37,81.37,INCREASES_PROFIT_CHANGE,80.81239447810107,CALCULABLE,原因は統計だけでは特定しない,249.44,-67.23,316.67,552.84,135.48,417.36,303.40000000000003,202.70999999999998,100.69000000000005,303.4,202.70999999999998,100.69,100.69000000000001,-4.263256414560601e-14,PASS,PASS,81.0,81.0,101.0,FORBIDDEN_WITHOUT_EXTERNAL_PRIMARY_EVIDENCE,継続標本のみを用い母集団推計を行うため、本系列に比べサンプルサイズが小さくなる。,営業利益及び経常利益については、標準誤差率の算出は行っていない。,継続標本PDFは利益水準とその符号を公表しないため、売上高と営業利益の増加率から得る利益率方向は代理指標である。
20261,2026年1 - 3 月,101,農業、林業,26,全規模,False,False,True,105,3,interest_expense,支払利息等,支払利息等の前年差による利益影響,-1,41.94,58.63,-16.690000000000005,16.690000000000005,INCREASES_PROFIT_CHANGE,16.575628165656966,CALCULABLE,会計的な利益影響であり因果を示さない,249.44,-67.23,316.67,552.84,135.48,417.36,303.40000000000003,202.70999999999998,100.69000000000005,303.4,202.70999999999998,100.69,100.69000000000001,-4.263256414560601e-14,PASS,PASS,-17.0,17.0,101.0,FORBIDDEN_WITHOUT_EXTERNAL_PRIMARY_EVIDENCE,継続標本のみを用い母集団推計を行うため、本系列に比べサンプルサイズが小さくなる。,営業利益及び経常利益については、標準誤差率の算出は行っていない。,継続標本PDFは利益水準とその符号を公表しないため、売上高と営業利益の増加率から得る利益率方向は代理指標である。
20261,2026年1 - 3 月,101,農業、林業,26,全規模,False,False,True,105,4,other_non_operating_expense,その他の営業外費用,その他の営業外費用の前年差による利益影響,-1,30.03,36.76,-6.729999999999997,6.729999999999997,INCREASES_PROFIT_CHANGE,6.683881219584857,CALCULABLE,会計的な利益影響であり因果を示さない,249.44,-67.23,316.67,552.84,135.48,417.36,303.40000000000003,202.70999999999998,100.69000000000005,303.4,202.70999999999998,100.69,100.69000000000001,-4.263256414560601e-14,PASS,PASS,-7.0,7.0,101.0,FORBIDDEN_WITHOUT_EXTERNAL_PRIMARY_EVIDENCE,継続標本のみを用い母集団推計を行うため、本系列に比べサンプルサイズが小さくなる。,営業利益及び経常利益については、標準誤差率の算出は行っていない。,継続標本PDFは利益水準とその符号を公表しないため、売上高と営業利益の増加率から得る利益率方向は代理指標である。
20261,2026年1 - 3 月,103,漁業,19,1千万円以上 - 1億円未満,False,False,True,105,1,interest_and_dividend_income,受取利息等,受取利息等の前年差による利益影響,1,3.15,0.64,2.51,2.51,INCREASES_PROFIT_CHANGE,-55.530973451327306,CALCULABLE,会計的な利益影響であり因果を示さない,50.64,-55.18,105.82,131.29,29.99,101.3,80.64999999999999,85.17,-4.52000000000001,80.65,85.17,-4.519999999999996,-4.520000000000003,7.105427357601002e-15,PASS,PASS,3.0,3.0,-5.0,FORBIDDEN_WITHOUT_EXTERNAL_PRIMARY_EVIDENCE,継続標本のみを用い母集団推計を行うため、本系列に比べサンプルサイズが小さくなる。,営業利益及び経常利益については、標準誤差率の算出は行っていない。,継続標本PDFは利益水準とその符号を公表しないため、売上高と営業利益の増加率から得る利益率方向は代理指標である。
20261,2026年1 - 3 月,103,漁業,19,1千万円以上 - 1億円未満,False,False,True,105,2,other_non_operating_income,その他の営業外収益,その他の営業外収益の前年差による利益影響,1,89.28,107.98,-18.700000000000003,-18.700000000000003,REDUCES_PROFIT_CHANGE,413.7168141592912,CALCULABLE,原因は統計だけでは特定しない,50.64,-55.18,105.82,131.29,29.99,101.3,80.64999999999999,85.17,-4.52000000000001,80.65,85.17,-4.519999999999996,-4.520000000000003,7.105427357601002e-15,PASS,PASS,-19.0,-19.0,-5.0,FORBIDDEN_WITHOUT_EXTERNAL_PRIMARY_EVIDENCE,継続標本のみを用い母集団推計を行うため、本系列に比べサンプルサイズが小さくなる。,営業利益及び経常利益については、標準誤差率の算出は行っていない。,継続標本PDFは利益水準とその符号を公表しないため、売上高と営業利益の増加率から得る利益率方向は代理指標である。
20261,2026年1 - 3 月,103,漁業,19,1千万円以上 - 1億円未満,False,False,True,105,3,interest_expense,支払利息等,支払利息等の前年差による利益影響,-1,10.25,7.67,2.58,-2.58,REDUCES_PROFIT_CHANGE,57.07964601769899,CALCULABLE,会計的な利益影響であり因果を示さない,50.64,-55.18,105.82,131.29,29.99,101.3,80.64999999999999,85.17,-4.52000000000001,80.65,85.17,-4.519999999999996,-4.520000000000003,7.105427357601002e-15,PASS,PASS,3.0,-3.0,-5.0,FORBIDDEN_WITHOUT_EXTERNAL_PRIMARY_EVIDENCE,継続標本のみを用い母集団推計を行うため、本系列に比べサンプルサイズが小さくなる。,営業利益及び経常利益については、標準誤差率の算出は行っていない。,継続標本PDFは利益水準とその符号を公表しないため、売上高と営業利益の増加率から得る利益率方向は代理指標である。
20261,2026年1 - 3 月,103,漁業,19,1千万円以上 - 1億円未満,False,False,True,105,4,other_non_operating_expense,その他の営業外費用,その他の営業外費用の前年差による利益影響,-1,1.53,15.78,-14.25,14.25,INCREASES_PROFIT_CHANGE,-315.26548672566304,CALCULABLE,会計的な利益影響であり因果を示さない,50.64,-55.18,105.82,131.29,29.99,101.3,80.64999999999999,85.17,-4.52000000000001,80.65,85.17,-4.519999999999996,-4.520000000000003,7.105427357601002e-15,PASS,PASS,-14.0,14.0,-5.0,FORBIDDEN_WITHOUT_EXTERNAL_PRIMARY_EVIDENCE,継続標本のみを用い母集団推計を行うため、本系列に比べサンプルサイズが小さくなる。,営業利益及び経常利益については、標準誤差率の算出は行っていない。,継続標本PDFは利益水準とその符号を公表しないため、売上高と営業利益の増加率から得る利益率方向は代理指標である。
20261,2026年1 - 3 月,103,漁業,24,1億円以上 - 10億円未満,False,False,True,105,1,interest_and_dividend_income,受取利息等,受取利息等の前年差による利益影響,1,0.37,0.23,0.13999999999999999,0.13999999999999999,INCREASES_PROFIT_CHANGE,-4.03458213256484,CALCULABLE,会計的な利益影響であり因果を示さない,-15.42,-10.16,-5.26,-9.43,-0.7,-8.73,5.99,9.46,-3.4700000000000006,5.989999999999999,9.46,-3.4700000000000015,-3.4700000000000006,0.0,PASS,PASS,0.0,0.0,-4.0,FORBIDDEN_WITHOUT_EXTERNAL_PRIMARY_EVIDENCE,継続標本のみを用い母集団推計を行うため、本系列に比べサンプルサイズが小さくなる。,営業利益及び経常利益については、標準誤差率の算出は行っていない。,継続標本PDFは利益水準とその符号を公表しないため、売上高と営業利益の増加率から得る利益率方向は代理指標である。
20261,2026年1 - 3 月,103,漁業,24,1億円以上 - 10億円未満,False,False,True,105,2,other_non_operating_income,その他の営業外収益,その他の営業外収益の前年差による利益影響,1,8.1,22.64,-14.540000000000001,-14.540000000000001,REDUCES_PROFIT_CHANGE,419.0201729106628,CALCULABLE,原因は統計だけでは特定しない,-15.42,-10.16,-5.26,-9.43,-0.7,-8.73,5.99,9.46,-3.4700000000000006,5.989999999999999,9.46,-3.4700000000000015,-3.4700000000000006,0.0,PASS,PASS,-15.0,-15.0,-4.0,FORBIDDEN_WITHOUT_EXTERNAL_PRIMARY_EVIDENCE,継続標本のみを用い母集団推計を行うため、本系列に比べサンプルサイズが小さくなる。,営業利益及び経常利益については、標準誤差率の算出は行っていない。,継続標本PDFは利益水準とその符号を公表しないため、売上高と営業利益の増加率から得る利益率方向は代理指標である。
20261,2026年1 - 3 月,103,漁業,24,1億円以上 - 10億円未満,False,False,True,105,3,interest_expense,支払利息等,支払利息等の前年差による利益影響,-1,1.72,1.25,0.47,-0.47,REDUCES_PROFIT_CHANGE,13.54466858789625,CALCULABLE,会計的な利益影響であり因果を示さない,-15.42,-10.16,-5.26,-9.43,-0.7,-8.73,5.99,9.46,-3.4700000000000006,5.989999999999999,9.46,-3.4700000000000015,-3.4700000000000006,0.0,PASS,PASS,0.0,-0.0,-4.0,FORBIDDEN_WITHOUT_EXTERNAL_PRIMARY_EVIDENCE,継続標本のみを用い母集団推計を行うため、本系列に比べサンプルサイズが小さくなる。,営業利益及び経常利益については、標準誤差率の算出は行っていない。,継続標本PDFは利益水準とその符号を公表しないため、売上高と営業利益の増加率から得る利益率方向は代理指標である。
20261,2026年1 - 3 月,103,漁業,24,1億円以上 - 10億円未満,False,False,True,105,4,other_non_operating_expense,その他の営業外費用,その他の営業外費用の前年差による利益影響,-1,0.76,12.16,-11.4,11.4,INCREASES_PROFIT_CHANGE,-328.5302593659942,CALCULABLE,会計的な利益影響であり因果を示さない,-15.42,-10.16,-5.26,-9.43,-0.7,-8.73,5.99,9.46,-3.4700000000000006,5.989999999999999,9.46,-3.4700000000000015,-3.4700000000000006,0.0,PASS,PASS,-11.0,11.0,-4.0,FORBIDDEN_WITHOUT_EXTERNAL_PRIMARY_EVIDENCE,継続標本のみを用い母集団推計を行うため、本系列に比べサンプルサイズが小さくなる。,営業利益及び経常利益については、標準誤差率の算出は行っていない。,継続標本PDFは利益水準とその符号を公表しないため、売上高と営業利益の増加率から得る利益率方向は代理指標である。
20261,2026年1 - 3 月,103,漁業,25,10億円以上,False,False,True,105,1,interest_and_dividend_income,受取利息等,受取利息等の前年差による利益影響,1,0.69,0.63,0.05999999999999994,0.05999999999999994,INCREASES_PROFIT_CHANGE,-26.08695652173896,CALCULABLE,会計的な利益影響であり因果を示さない,13.31,7.16,6.15,12.86,6.94,5.919999999999999,-0.45000000000000107,-0.21999999999999975,-0.23000000000000131,-0.4500000000000003,-0.21999999999999997,-0.23000000000000032,-0.23000000000000032,9.992007221626409e-16,PASS,PASS,0.0,0.0,-1.0,FORBIDDEN_WITHOUT_EXTERNAL_PRIMARY_EVIDENCE,継続標本のみを用い母集団推計を行うため、本系列に比べサンプルサイズが小さくなる。,営業利益及び経常利益については、標準誤差率の算出は行っていない。,継続標本PDFは利益水準とその符号を公表しないため、売上高と営業利益の増加率から得る利益率方向は代理指標である。
20261,2026年1 - 3 月,103,漁業,25,10億円以上,False,False,True,105,2,other_non_operating_income,その他の営業外収益,その他の営業外収益の前年差による利益影響,1,1.66,1.24,0.41999999999999993,0.41999999999999993,INCREASES_PROFIT_CHANGE,-182.60869565217283,CALCULABLE,原因は統計だけでは特定しない,13.31,7.16,6.15,12.86,6.94,5.919999999999999,-0.45000000000000107,-0.21999999999999975,-0.23000000000000131,-0.4500000000000003,-0.21999999999999997,-0.23000000000000032,-0.23000000000000032,9.992007221626409e-16,PASS,PASS,0.0,0.0,-1.0,FORBIDDEN_WITHOUT_EXTERNAL_PRIMARY_EVIDENCE,継続標本のみを用い母集団推計を行うため、本系列に比べサンプルサイズが小さくなる。,営業利益及び経常利益については、標準誤差率の算出は行っていない。,継続標本PDFは利益水準とその符号を公表しないため、売上高と営業利益の増加率から得る利益率方向は代理指標である。
20261,2026年1 - 3 月,103,漁業,25,10億円以上,False,False,True,105,3,interest_expense,支払利息等,支払利息等の前年差による利益影響,-1,2.43,1.74,0.6900000000000002,-0.6900000000000002,REDUCES_PROFIT_CHANGE,299.99999999999835,CALCULABLE,会計的な利益影響であり因果を示さない,13.31,7.16,6.15,12.86,6.94,5.919999999999999,-0.45000000000000107,-0.21999999999999975,-0.23000000000000131,-0.4500000000000003,-0.21999999999999997,-0.23000000000000032,-0.23000000000000032,9.992007221626409e-16,PASS,PASS,1.0,-1.0,-1.0,FORBIDDEN_WITHOUT_EXTERNAL_PRIMARY_EVIDENCE,継続標本のみを用い母集団推計を行うため、本系列に比べサンプルサイズが小さくなる。,営業利益及び経常利益については、標準誤差率の算出は行っていない。,継続標本PDFは利益水準とその符号を公表しないため、売上高と営業利益の増加率から得る利益率方向は代理指標である。
20261,2026年1 - 3 月,103,漁業,25,10億円以上,False,False,True,105,4,other_non_operating_expense,その他の営業外費用,その他の営業外費用の前年差による利益影響,-1,0.37,0.35,0.020000000000000018,-0.020000000000000018,REDUCES_PROFIT_CHANGE,8.695652173913002,CALCULABLE,会計的な利益影響であり因果を示さない,13.31,7.16,6.15,12.86,6.94,5.919999999999999,-0.45000000000000107,-0.21999999999999975,-0.23000000000000131,-0.4500000000000003,-0.21999999999999997,-0.23000000000000032,-0.23000000000000032,9.992007221626409e-16,PASS,PASS,0.0,-0.0,-1.0,FORBIDDEN_WITHOUT_EXTERNAL_PRIMARY_EVIDENCE,継続標本のみを用い母集団推計を行うため、本系列に比べサンプルサイズが小さくなる。,営業利益及び経常利益については、標準誤差率の算出は行っていない。,継続標本PDFは利益水準とその符号を公表しないため、売上高と営業利益の増加率から得る利益率方向は代理指標である。
20261,2026年1 - 3 月,103,漁業,26,全規模,False,False,True,105,1,interest_and_dividend_income,受取利息等,受取利息等の前年差による利益影響,1,4.21,1.5,2.71,2.71,INCREASES_PROFIT_CHANGE,-32.9683698296837,CALCULABLE,会計的な利益影響であり因果を示さない,48.53,-58.18,106.71000000000001,134.72,36.23,98.49000000000001,86.19,94.41,-8.219999999999999,86.19000000000001,94.41000000000001,-8.219999999999999,-8.22000000000001,-1.0658141036401503e-14,PASS,PASS,3.0,3.0,-8.0,FORBIDDEN_WITHOUT_EXTERNAL_PRIMARY_EVIDENCE,継続標本のみを用い母集団推計を行うため、本系列に比べサンプルサイズが小さくなる。,営業利益及び経常利益については、標準誤差率の算出は行っていない。,継続標本PDFは利益水準とその符号を公表しないため、売上高と営業利益の増加率から得る利益率方向は代理指標である。
20261,2026年1 - 3 月,103,漁業,26,全規模,False,False,True,105,2,other_non_operating_income,その他の営業外収益,その他の営業外収益の前年差による利益影響,1,99.04,131.86,-32.82000000000001,-32.82000000000001,REDUCES_PROFIT_CHANGE,399.2700729927009,CALCULABLE,原因は統計だけでは特定しない,48.53,-58.18,106.71000000000001,134.72,36.23,98.49000000000001,86.19,94.41,-8.219999999999999,86.19000000000001,94.41000000000001,-8.219999999999999,-8.22000000000001,-1.0658141036401503e-14,PASS,PASS,-33.0,-33.0,-8.0,FORBIDDEN_WITHOUT_EXTERNAL_PRIMARY_EVIDENCE,継続標本のみを用い母集団推計を行うため、本系列に比べサンプルサイズが小さくなる。,営業利益及び経常利益については、標準誤差率の算出は行っていない。,継続標本PDFは利益水準とその符号を公表しないため、売上高と営業利益の増加率から得る利益率方向は代理指標である。
20261,2026年1 - 3 月,103,漁業,26,全規模,False,False,True,105,3,interest_expense,支払利息等,支払利息等の前年差による利益影響,-1,14.4,10.66,3.74,-3.74,REDUCES_PROFIT_CHANGE,45.498783454987844,CALCULABLE,会計的な利益影響であり因果を示さない,48.53,-58.18,106.71000000000001,134.72,36.23,98.49000000000001,86.19,94.41,-8.219999999999999,86.19000000000001,94.41000000000001,-8.219999999999999,-8.22000000000001,-1.0658141036401503e-14,PASS,PASS,4.0,-4.0,-8.0,FORBIDDEN_WITHOUT_EXTERNAL_PRIMARY_EVIDENCE,継続標本のみを用い母集団推計を行うため、本系列に比べサンプルサイズが小さくなる。,営業利益及び経常利益については、標準誤差率の算出は行っていない。,継続標本PDFは利益水準とその符号を公表しないため、売上高と営業利益の増加率から得る利益率方向は代理指標である。
20261,2026年1 - 3 月,103,漁業,26,全規模,False,False,True,105,4,other_non_operating_expense,その他の営業外費用,その他の営業外費用の前年差による利益影響,-1,2.66,28.29,-25.63,25.63,INCREASES_PROFIT_CHANGE,-311.8004866180049,CALCULABLE,会計的な利益影響であり因果を示さない,48.53,-58.18,106.71000000000001,134.72,36.23,98.49000000000001,86.19,94.41,-8.219999999999999,86.19000000000001,94.41000000000001,-8.219999999999999,-8.22000000000001,-1.0658141036401503e-14,PASS,PASS,-26.0,26.0,-8.0,FORBIDDEN_WITHOUT_EXTERNAL_PRIMARY_EVIDENCE,継続標本のみを用い母集団推計を行うため、本系列に比べサンプルサイズが小さくなる。,営業利益及び経常利益については、標準誤差率の算出は行っていない。,継続標本PDFは利益水準とその符号を公表しないため、売上高と営業利益の増加率から得る利益率方向は代理指標である。
20261,2026年1 - 3 月,104,全産業（除く金融保険業）,19,1千万円以上 - 1億円未満,True,False,False,,1,interest_and_dividend_income,受取利息等,受取利息等の前年差による利益影響,1,3321.8,1813.52,1508.2800000000002,1508.2800000000002,INCREASES_PROFIT_CHANGE,50.41531431856712,CALCULABLE,会計的な利益影響であり因果を示さない,82472.22,84061.13,-1588.9100000000035,94161.62,92758.82,1402.7999999999884,11689.399999999994,8697.690000000002,2991.709999999992,11689.4,8697.690000000002,2991.7099999999973,2991.7099999999978,5.9117155615240335e-12,PASS,PASS,1508.0,1508.0,2991.0,FORBIDDEN_WITHOUT_EXTERNAL_PRIMARY_EVIDENCE,継続標本のみを用い母集団推計を行うため、本系列に比べサンプルサイズが小さくなる。,営業利益及び経常利益については、標準誤差率の算出は行っていない。,継続標本PDFは利益水準とその符号を公表しないため、売上高と営業利益の増加率から得る利益率方向は代理指標である。
20261,2026年1 - 3 月,104,全産業（除く金融保険業）,19,1千万円以上 - 1億円未満,True,False,False,,2,other_non_operating_income,その他の営業外収益,その他の営業外収益の前年差による利益影響,1,24035.66,22030.47,2005.1899999999987,2005.1899999999987,INCREASES_PROFIT_CHANGE,67.02487874827455,CALCULABLE,原因は統計だけでは特定しない,82472.22,84061.13,-1588.9100000000035,94161.62,92758.82,1402.7999999999884,11689.399999999994,8697.690000000002,2991.709999999992,11689.4,8697.690000000002,2991.7099999999973,2991.7099999999978,5.9117155615240335e-12,PASS,PASS,2005.0,2005.0,2991.0,FORBIDDEN_WITHOUT_EXTERNAL_PRIMARY_EVIDENCE,継続標本のみを用い母集団推計を行うため、本系列に比べサンプルサイズが小さくなる。,営業利益及び経常利益については、標準誤差率の算出は行っていない。,継続標本PDFは利益水準とその符号を公表しないため、売上高と営業利益の増加率から得る利益率方向は代理指標である。
20261,2026年1 - 3 月,104,全産業（除く金融保険業）,19,1千万円以上 - 1億円未満,True,False,False,,3,interest_expense,支払利息等,支払利息等の前年差による利益影響,-1,7498.13,5639.33,1858.8000000000002,-1858.8000000000002,REDUCES_PROFIT_CHANGE,-62.13169057161306,CALCULABLE,会計的な利益影響であり因果を示さない,82472.22,84061.13,-1588.9100000000035,94161.62,92758.82,1402.7999999999884,11689.399999999994,8697.690000000002,2991.709999999992,11689.4,8697.690000000002,2991.7099999999973,2991.7099999999978,5.9117155615240335e-12,PASS,PASS,1859.0,-1859.0,2991.0,FORBIDDEN_WITHOUT_EXTERNAL_PRIMARY_EVIDENCE,継続標本のみを用い母集団推計を行うため、本系列に比べサンプルサイズが小さくなる。,営業利益及び経常利益については、標準誤差率の算出は行っていない。,継続標本PDFは利益水準とその符号を公表しないため、売上高と営業利益の増加率から得る利益率方向は代理指標である。
20261,2026年1 - 3 月,104,全産業（除く金融保険業）,19,1千万円以上 - 1億円未満,True,False,False,,4,other_non_operating_expense,その他の営業外費用,その他の営業外費用の前年差による利益影響,-1,8169.93,9506.97,-1337.039999999999,1337.039999999999,INCREASES_PROFIT_CHANGE,44.69149750477161,CALCULABLE,会計的な利益影響であり因果を示さない,82472.22,84061.13,-1588.9100000000035,94161.62,92758.82,1402.7999999999884,11689.399999999994,8697.690000000002,2991.709999999992,11689.4,8697.690000000002,2991.7099999999973,2991.7099999999978,5.9117155615240335e-12,PASS,PASS,-1337.0,1337.0,2991.0,FORBIDDEN_WITHOUT_EXTERNAL_PRIMARY_EVIDENCE,継続標本のみを用い母集団推計を行うため、本系列に比べサンプルサイズが小さくなる。,営業利益及び経常利益については、標準誤差率の算出は行っていない。,継続標本PDFは利益水準とその符号を公表しないため、売上高と営業利益の増加率から得る利益率方向は代理指標である。
20261,2026年1 - 3 月,104,全産業（除く金融保険業）,24,1億円以上 - 10億円未満,True,False,False,,1,interest_and_dividend_income,受取利息等,受取利息等の前年差による利益影響,1,4276.15,3509.02,767.1299999999997,767.1299999999997,INCREASES_PROFIT_CHANGE,-40.35869485158725,CALCULABLE,会計的な利益影響であり因果を示さない,54046.32,46202.57,7843.75,59048.11,53105.14,5942.970000000001,5001.790000000001,6902.57,-1900.7799999999988,5001.789999999999,6902.57,-1900.7800000000007,-1900.7800000000007,-1.8189894035458565e-12,PASS,PASS,767.0,767.0,-1901.0,FORBIDDEN_WITHOUT_EXTERNAL_PRIMARY_EVIDENCE,継続標本のみを用い母集団推計を行うため、本系列に比べサンプルサイズが小さくなる。,営業利益及び経常利益については、標準誤差率の算出は行っていない。,継続標本PDFは利益水準とその符号を公表しないため、売上高と営業利益の増加率から得る利益率方向は代理指標である。
20261,2026年1 - 3 月,104,全産業（除く金融保険業）,24,1億円以上 - 10億円未満,True,False,False,,2,other_non_operating_income,その他の営業外収益,その他の営業外収益の前年差による利益影響,1,9981.65,12926.51,-2944.8600000000006,-2944.8600000000006,REDUCES_PROFIT_CHANGE,154.9290291354077,CALCULABLE,原因は統計だけでは特定しない,54046.32,46202.57,7843.75,59048.11,53105.14,5942.970000000001,5001.790000000001,6902.57,-1900.7799999999988,5001.789999999999,6902.57,-1900.7800000000007,-1900.7800000000007,-1.8189894035458565e-12,PASS,PASS,-2945.0,-2945.0,-1901.0,FORBIDDEN_WITHOUT_EXTERNAL_PRIMARY_EVIDENCE,継続標本のみを用い母集団推計を行うため、本系列に比べサンプルサイズが小さくなる。,営業利益及び経常利益については、標準誤差率の算出は行っていない。,継続標本PDFは利益水準とその符号を公表しないため、売上高と営業利益の増加率から得る利益率方向は代理指標である。
20261,2026年1 - 3 月,104,全産業（除く金融保険業）,24,1億円以上 - 10億円未満,True,False,False,,3,interest_expense,支払利息等,支払利息等の前年差による利益影響,-1,3268.04,2764.78,503.25999999999976,-503.25999999999976,REDUCES_PROFIT_CHANGE,26.476499121413315,CALCULABLE,会計的な利益影響であり因果を示さない,54046.32,46202.57,7843.75,59048.11,53105.14,5942.970000000001,5001.790000000001,6902.57,-1900.7799999999988,5001.789999999999,6902.57,-1900.7800000000007,-1900.7800000000007,-1.8189894035458565e-12,PASS,PASS,503.0,-503.0,-1901.0,FORBIDDEN_WITHOUT_EXTERNAL_PRIMARY_EVIDENCE,継続標本のみを用い母集団推計を行うため、本系列に比べサンプルサイズが小さくなる。,営業利益及び経常利益については、標準誤差率の算出は行っていない。,継続標本PDFは利益水準とその符号を公表しないため、売上高と営業利益の増加率から得る利益率方向は代理指標である。
20261,2026年1 - 3 月,104,全産業（除く金融保険業）,24,1億円以上 - 10億円未満,True,False,False,,4,other_non_operating_expense,その他の営業外費用,その他の営業外費用の前年差による利益影響,-1,5987.97,6768.18,-780.21,780.21,INCREASES_PROFIT_CHANGE,-41.04683340523367,CALCULABLE,会計的な利益影響であり因果を示さない,54046.32,46202.57,7843.75,59048.11,53105.14,5942.970000000001,5001.790000000001,6902.57,-1900.7799999999988,5001.789999999999,6902.57,-1900.7800000000007,-1900.7800000000007,-1.8189894035458565e-12,PASS,PASS,-780.0,780.0,-1901.0,FORBIDDEN_WITHOUT_EXTERNAL_PRIMARY_EVIDENCE,継続標本のみを用い母集団推計を行うため、本系列に比べサンプルサイズが小さくなる。,営業利益及び経常利益については、標準誤差率の算出は行っていない。,継続標本PDFは利益水準とその符号を公表しないため、売上高と営業利益の増加率から得る利益率方向は代理指標である。
20261,2026年1 - 3 月,104,全産業（除く金融保険業）,25,10億円以上,True,False,False,,1,interest_and_dividend_income,受取利息等,受取利息等の前年差による利益影響,1,47682.47,49805.84,-2123.3699999999953,-2123.3699999999953,REDUCES_PROFIT_CHANGE,-14.628102418830899,CALCULABLE,会計的な利益影響であり因果を示さない,126315.82,106600.41,19715.410000000003,173061.13,138830.03,34231.100000000006,46745.31,32229.619999999995,14515.690000000002,46745.310000000005,32229.619999999995,14515.69000000001,14515.69000000001,7.275957614183426e-12,PASS,PASS,-2123.0,-2123.0,14516.0,FORBIDDEN_WITHOUT_EXTERNAL_PRIMARY_EVIDENCE,継続標本のみを用い母集団推計を行うため、本系列に比べサンプルサイズが小さくなる。,営業利益及び経常利益については、標準誤差率の算出は行っていない。,継続標本PDFは利益水準とその符号を公表しないため、売上高と営業利益の増加率から得る利益率方向は代理指標である。
20261,2026年1 - 3 月,104,全産業（除く金融保険業）,25,10億円以上,True,False,False,,2,other_non_operating_income,その他の営業外収益,その他の営業外収益の前年差による利益影響,1,44138.58,27774.6,16363.980000000003,16363.980000000003,INCREASES_PROFIT_CHANGE,112.73304954845413,CALCULABLE,原因は統計だけでは特定しない,126315.82,106600.41,19715.410000000003,173061.13,138830.03,34231.100000000006,46745.31,32229.619999999995,14515.690000000002,46745.310000000005,32229.619999999995,14515.69000000001,14515.69000000001,7.275957614183426e-12,PASS,PASS,16364.0,16364.0,14516.0,FORBIDDEN_WITHOUT_EXTERNAL_PRIMARY_EVIDENCE,継続標本のみを用い母集団推計を行うため、本系列に比べサンプルサイズが小さくなる。,営業利益及び経常利益については、標準誤差率の算出は行っていない。,継続標本PDFは利益水準とその符号を公表しないため、売上高と営業利益の増加率から得る利益率方向は代理指標である。
20261,2026年1 - 3 月,104,全産業（除く金融保険業）,25,10億円以上,True,False,False,,3,interest_expense,支払利息等,支払利息等の前年差による利益影響,-1,17680.82,13283.02,4397.799999999999,-4397.799999999999,REDUCES_PROFIT_CHANGE,-30.296871867613582,CALCULABLE,会計的な利益影響であり因果を示さない,126315.82,106600.41,19715.410000000003,173061.13,138830.03,34231.100000000006,46745.31,32229.619999999995,14515.690000000002,46745.310000000005,32229.619999999995,14515.69000000001,14515.69000000001,7.275957614183426e-12,PASS,PASS,4398.0,-4398.0,14516.0,FORBIDDEN_WITHOUT_EXTERNAL_PRIMARY_EVIDENCE,継続標本のみを用い母集団推計を行うため、本系列に比べサンプルサイズが小さくなる。,営業利益及び経常利益については、標準誤差率の算出は行っていない。,継続標本PDFは利益水準とその符号を公表しないため、売上高と営業利益の増加率から得る利益率方向は代理指標である。
20261,2026年1 - 3 月,104,全産業（除く金融保険業）,25,10億円以上,True,False,False,,4,other_non_operating_expense,その他の営業外費用,その他の営業外費用の前年差による利益影響,-1,27394.92,32067.8,-4672.880000000001,4672.880000000001,INCREASES_PROFIT_CHANGE,32.19192473799041,CALCULABLE,会計的な利益影響であり因果を示さない,126315.82,106600.41,19715.410000000003,173061.13,138830.03,34231.100000000006,46745.31,32229.619999999995,14515.690000000002,46745.310000000005,32229.619999999995,14515.69000000001,14515.69000000001,7.275957614183426e-12,PASS,PASS,-4673.0,4673.0,14516.0,FORBIDDEN_WITHOUT_EXTERNAL_PRIMARY_EVIDENCE,継続標本のみを用い母集団推計を行うため、本系列に比べサンプルサイズが小さくなる。,営業利益及び経常利益については、標準誤差率の算出は行っていない。,継続標本PDFは利益水準とその符号を公表しないため、売上高と営業利益の増加率から得る利益率方向は代理指標である。
20261,2026年1 - 3 月,104,全産業（除く金融保険業）,26,全規模,True,False,False,,1,interest_and_dividend_income,受取利息等,受取利息等の前年差による利益影響,1,55280.42,55128.38,152.04000000000087,152.04000000000087,INCREASES_PROFIT_CHANGE,0.9742019732651972,CALCULABLE,会計的な利益影響であり因果を示さない,262834.36,236864.11,25970.25,326270.86,284693.99,41576.869999999995,63436.5,47829.880000000005,15606.619999999995,63436.5,47829.880000000005,15606.619999999995,15606.619999999995,0.0,PASS,PASS,152.0,152.0,15606.0,FORBIDDEN_WITHOUT_EXTERNAL_PRIMARY_EVIDENCE,継続標本のみを用い母集団推計を行うため、本系列に比べサンプルサイズが小さくなる。,営業利益及び経常利益については、標準誤差率の算出は行っていない。,継続標本PDFは利益水準とその符号を公表しないため、売上高と営業利益の増加率から得る利益率方向は代理指標である。
20261,2026年1 - 3 月,104,全産業（除く金融保険業）,26,全規模,True,False,False,,2,other_non_operating_income,その他の営業外収益,その他の営業外収益の前年差による利益影響,1,78155.89,62731.58,15424.309999999998,15424.309999999998,INCREASES_PROFIT_CHANGE,98.83184187223115,CALCULABLE,原因は統計だけでは特定しない,262834.36,236864.11,25970.25,326270.86,284693.99,41576.869999999995,63436.5,47829.880000000005,15606.619999999995,63436.5,47829.880000000005,15606.619999999995,15606.619999999995,0.0,PASS,PASS,15424.0,15424.0,15606.0,FORBIDDEN_WITHOUT_EXTERNAL_PRIMARY_EVIDENCE,継続標本のみを用い母集団推計を行うため、本系列に比べサンプルサイズが小さくなる。,営業利益及び経常利益については、標準誤差率の算出は行っていない。,継続標本PDFは利益水準とその符号を公表しないため、売上高と営業利益の増加率から得る利益率方向は代理指標である。
20261,2026年1 - 3 月,104,全産業（除く金融保険業）,26,全規模,True,False,False,,3,interest_expense,支払利息等,支払利息等の前年差による利益影響,-1,28446.99,21687.13,6759.860000000001,-6759.860000000001,REDUCES_PROFIT_CHANGE,-43.31405518940041,CALCULABLE,会計的な利益影響であり因果を示さない,262834.36,236864.11,25970.25,326270.86,284693.99,41576.869999999995,63436.5,47829.880000000005,15606.619999999995,63436.5,47829.880000000005,15606.619999999995,15606.619999999995,0.0,PASS,PASS,6760.0,-6760.0,15606.0,FORBIDDEN_WITHOUT_EXTERNAL_PRIMARY_EVIDENCE,継続標本のみを用い母集団推計を行うため、本系列に比べサンプルサイズが小さくなる。,営業利益及び経常利益については、標準誤差率の算出は行っていない。,継続標本PDFは利益水準とその符号を公表しないため、売上高と営業利益の増加率から得る利益率方向は代理指標である。
20261,2026年1 - 3 月,104,全産業（除く金融保険業）,26,全規模,True,False,False,,4,other_non_operating_expense,その他の営業外費用,その他の営業外費用の前年差による利益影響,-1,41552.82,48342.95,-6790.129999999997,6790.129999999997,INCREASES_PROFIT_CHANGE,43.50801134390406,CALCULABLE,会計的な利益影響であり因果を示さない,262834.36,236864.11,25970.25,326270.86,284693.99,41576.869999999995,63436.5,47829.880000000005,15606.619999999995,63436.5,47829.880000000005,15606.619999999995,15606.619999999995,0.0,PASS,PASS,-6790.0,6790.0,15606.0,FORBIDDEN_WITHOUT_EXTERNAL_PRIMARY_EVIDENCE,継続標本のみを用い母集団推計を行うため、本系列に比べサンプルサイズが小さくなる。,営業利益及び経常利益については、標準誤差率の算出は行っていない。,継続標本PDFは利益水準とその符号を公表しないため、売上高と営業利益の増加率から得る利益率方向は代理指標である。
20261,2026年1 - 3 月,105,農林水産業(集約),19,1千万円以上 - 1億円未満,False,True,False,105,1,interest_and_dividend_income,受取利息等,受取利息等の前年差による利益影響,1,5.61,7.11,-1.5,-1.5,REDUCES_PROFIT_CHANGE,-1.744186046511628,CALCULABLE,会計的な利益影響であり因果を示さない,331.55,-171.51,503.06,701.51,112.45,589.06,369.96,283.96,86.0,369.96000000000004,283.96000000000004,86.0,86.0,0.0,PASS,PASS,-2.0,-2.0,85.0,FORBIDDEN_WITHOUT_EXTERNAL_PRIMARY_EVIDENCE,継続標本のみを用い母集団推計を行うため、本系列に比べサンプルサイズが小さくなる。,営業利益及び経常利益については、標準誤差率の算出は行っていない。,継続標本PDFは利益水準とその符号を公表しないため、売上高と営業利益の増加率から得る利益率方向は代理指標である。
20261,2026年1 - 3 月,105,農林水産業(集約),19,1千万円以上 - 1億円未満,False,True,False,105,2,other_non_operating_income,その他の営業外収益,その他の営業外収益の前年差による利益影響,1,432.8,376.74,56.06,56.06,INCREASES_PROFIT_CHANGE,65.18604651162791,CALCULABLE,原因は統計だけでは特定しない,331.55,-171.51,503.06,701.51,112.45,589.06,369.96,283.96,86.0,369.96000000000004,283.96000000000004,86.0,86.0,0.0,PASS,PASS,56.0,56.0,85.0,FORBIDDEN_WITHOUT_EXTERNAL_PRIMARY_EVIDENCE,継続標本のみを用い母集団推計を行うため、本系列に比べサンプルサイズが小さくなる。,営業利益及び経常利益については、標準誤差率の算出は行っていない。,継続標本PDFは利益水準とその符号を公表しないため、売上高と営業利益の増加率から得る利益率方向は代理指標である。
20261,2026年1 - 3 月,105,農林水産業(集約),19,1千万円以上 - 1億円未満,False,True,False,105,3,interest_expense,支払利息等,支払利息等の前年差による利益影響,-1,43.49,59.68,-16.189999999999998,16.189999999999998,INCREASES_PROFIT_CHANGE,18.825581395348834,CALCULABLE,会計的な利益影響であり因果を示さない,331.55,-171.51,503.06,701.51,112.45,589.06,369.96,283.96,86.0,369.96000000000004,283.96000000000004,86.0,86.0,0.0,PASS,PASS,-16.0,16.0,85.0,FORBIDDEN_WITHOUT_EXTERNAL_PRIMARY_EVIDENCE,継続標本のみを用い母集団推計を行うため、本系列に比べサンプルサイズが小さくなる。,営業利益及び経常利益については、標準誤差率の算出は行っていない。,継続標本PDFは利益水準とその符号を公表しないため、売上高と営業利益の増加率から得る利益率方向は代理指標である。
20261,2026年1 - 3 月,105,農林水産業(集約),19,1千万円以上 - 1億円未満,False,True,False,105,4,other_non_operating_expense,その他の営業外費用,その他の営業外費用の前年差による利益影響,-1,24.96,40.21,-15.25,15.25,INCREASES_PROFIT_CHANGE,17.732558139534884,CALCULABLE,会計的な利益影響であり因果を示さない,331.55,-171.51,503.06,701.51,112.45,589.06,369.96,283.96,86.0,369.96000000000004,283.96000000000004,86.0,86.0,0.0,PASS,PASS,-15.0,15.0,85.0,FORBIDDEN_WITHOUT_EXTERNAL_PRIMARY_EVIDENCE,継続標本のみを用い母集団推計を行うため、本系列に比べサンプルサイズが小さくなる。,営業利益及び経常利益については、標準誤差率の算出は行っていない。,継続標本PDFは利益水準とその符号を公表しないため、売上高と営業利益の増加率から得る利益率方向は代理指標である。
20261,2026年1 - 3 月,105,農林水産業(集約),24,1億円以上 - 10億円未満,False,True,False,105,1,interest_and_dividend_income,受取利息等,受取利息等の前年差による利益影響,1,1.33,0.88,0.45000000000000007,0.45000000000000007,INCREASES_PROFIT_CHANGE,29.80132450331134,CALCULABLE,会計的な利益影響であり因果を示さない,-82.33,-18.12,-64.21,-66.42,-3.72,-62.7,15.909999999999997,14.4,1.5099999999999962,15.91,14.399999999999999,1.5100000000000016,1.5100000000000007,4.440892098500626e-15,PASS,PASS,0.0,0.0,1.0,FORBIDDEN_WITHOUT_EXTERNAL_PRIMARY_EVIDENCE,継続標本のみを用い母集団推計を行うため、本系列に比べサンプルサイズが小さくなる。,営業利益及び経常利益については、標準誤差率の算出は行っていない。,継続標本PDFは利益水準とその符号を公表しないため、売上高と営業利益の増加率から得る利益率方向は代理指標である。
20261,2026年1 - 3 月,105,農林水産業(集約),24,1億円以上 - 10億円未満,False,True,False,105,2,other_non_operating_income,その他の営業外収益,その他の営業外収益の前年差による利益影響,1,27.25,37.97,-10.719999999999999,-10.719999999999999,REDUCES_PROFIT_CHANGE,-709.9337748344387,CALCULABLE,原因は統計だけでは特定しない,-82.33,-18.12,-64.21,-66.42,-3.72,-62.7,15.909999999999997,14.4,1.5099999999999962,15.91,14.399999999999999,1.5100000000000016,1.5100000000000007,4.440892098500626e-15,PASS,PASS,-11.0,-11.0,1.0,FORBIDDEN_WITHOUT_EXTERNAL_PRIMARY_EVIDENCE,継続標本のみを用い母集団推計を行うため、本系列に比べサンプルサイズが小さくなる。,営業利益及び経常利益については、標準誤差率の算出は行っていない。,継続標本PDFは利益水準とその符号を公表しないため、売上高と営業利益の増加率から得る利益率方向は代理指標である。
20261,2026年1 - 3 月,105,農林水産業(集約),24,1億円以上 - 10億円未満,False,True,False,105,3,interest_expense,支払利息等,支払利息等の前年差による利益影響,-1,8.23,6.83,1.4000000000000004,-1.4000000000000004,REDUCES_PROFIT_CHANGE,-92.71523178807972,CALCULABLE,会計的な利益影響であり因果を示さない,-82.33,-18.12,-64.21,-66.42,-3.72,-62.7,15.909999999999997,14.4,1.5099999999999962,15.91,14.399999999999999,1.5100000000000016,1.5100000000000007,4.440892098500626e-15,PASS,PASS,1.0,-1.0,1.0,FORBIDDEN_WITHOUT_EXTERNAL_PRIMARY_EVIDENCE,継続標本のみを用い母集団推計を行うため、本系列に比べサンプルサイズが小さくなる。,営業利益及び経常利益については、標準誤差率の算出は行っていない。,継続標本PDFは利益水準とその符号を公表しないため、売上高と営業利益の増加率から得る利益率方向は代理指標である。
20261,2026年1 - 3 月,105,農林水産業(集約),24,1億円以上 - 10億円未満,False,True,False,105,4,other_non_operating_expense,その他の営業外費用,その他の営業外費用の前年差による利益影響,-1,4.44,17.62,-13.18,13.18,INCREASES_PROFIT_CHANGE,872.8476821192075,CALCULABLE,会計的な利益影響であり因果を示さない,-82.33,-18.12,-64.21,-66.42,-3.72,-62.7,15.909999999999997,14.4,1.5099999999999962,15.91,14.399999999999999,1.5100000000000016,1.5100000000000007,4.440892098500626e-15,PASS,PASS,-13.0,13.0,1.0,FORBIDDEN_WITHOUT_EXTERNAL_PRIMARY_EVIDENCE,継続標本のみを用い母集団推計を行うため、本系列に比べサンプルサイズが小さくなる。,営業利益及び経常利益については、標準誤差率の算出は行っていない。,継続標本PDFは利益水準とその符号を公表しないため、売上高と営業利益の増加率から得る利益率方向は代理指標である。
20261,2026年1 - 3 月,105,農林水産業(集約),25,10億円以上,False,True,False,105,1,interest_and_dividend_income,受取利息等,受取利息等の前年差による利益影響,1,2.69,3.03,-0.33999999999999986,-0.33999999999999986,REDUCES_PROFIT_CHANGE,-6.854838709677415,CALCULABLE,会計的な利益影響であり因果を示さない,48.75,64.22,-15.469999999999999,52.47,62.98,-10.509999999999998,3.719999999999999,-1.240000000000002,4.960000000000001,3.7199999999999993,-1.2399999999999993,4.959999999999999,4.959999999999999,-1.7763568394002505e-15,PASS,PASS,-0.0,-0.0,5.0,FORBIDDEN_WITHOUT_EXTERNAL_PRIMARY_EVIDENCE,継続標本のみを用い母集団推計を行うため、本系列に比べサンプルサイズが小さくなる。,営業利益及び経常利益については、標準誤差率の算出は行っていない。,継続標本PDFは利益水準とその符号を公表しないため、売上高と営業利益の増加率から得る利益率方向は代理指標である。
20261,2026年1 - 3 月,105,農林水産業(集約),25,10億円以上,False,True,False,105,2,other_non_operating_income,その他の営業外収益,その他の営業外収益の前年差による利益影響,1,8.94,5.73,3.209999999999999,3.209999999999999,INCREASES_PROFIT_CHANGE,64.71774193548384,CALCULABLE,原因は統計だけでは特定しない,48.75,64.22,-15.469999999999999,52.47,62.98,-10.509999999999998,3.719999999999999,-1.240000000000002,4.960000000000001,3.7199999999999993,-1.2399999999999993,4.959999999999999,4.959999999999999,-1.7763568394002505e-15,PASS,PASS,3.0,3.0,5.0,FORBIDDEN_WITHOUT_EXTERNAL_PRIMARY_EVIDENCE,継続標本のみを用い母集団推計を行うため、本系列に比べサンプルサイズが小さくなる。,営業利益及び経常利益については、標準誤差率の算出は行っていない。,継続標本PDFは利益水準とその符号を公表しないため、売上高と営業利益の増加率から得る利益率方向は代理指標である。
20261,2026年1 - 3 月,105,農林水産業(集約),25,10億円以上,False,True,False,105,3,interest_expense,支払利息等,支払利息等の前年差による利益影響,-1,4.62,2.78,1.8400000000000003,-1.8400000000000003,REDUCES_PROFIT_CHANGE,-37.096774193548384,CALCULABLE,会計的な利益影響であり因果を示さない,48.75,64.22,-15.469999999999999,52.47,62.98,-10.509999999999998,3.719999999999999,-1.240000000000002,4.960000000000001,3.7199999999999993,-1.2399999999999993,4.959999999999999,4.959999999999999,-1.7763568394002505e-15,PASS,PASS,2.0,-2.0,5.0,FORBIDDEN_WITHOUT_EXTERNAL_PRIMARY_EVIDENCE,継続標本のみを用い母集団推計を行うため、本系列に比べサンプルサイズが小さくなる。,営業利益及び経常利益については、標準誤差率の算出は行っていない。,継続標本PDFは利益水準とその符号を公表しないため、売上高と営業利益の増加率から得る利益率方向は代理指標である。
20261,2026年1 - 3 月,105,農林水産業(集約),25,10億円以上,False,True,False,105,4,other_non_operating_expense,その他の営業外費用,その他の営業外費用の前年差による利益影響,-1,3.29,7.22,-3.9299999999999997,3.9299999999999997,INCREASES_PROFIT_CHANGE,79.23387096774192,CALCULABLE,会計的な利益影響であり因果を示さない,48.75,64.22,-15.469999999999999,52.47,62.98,-10.509999999999998,3.719999999999999,-1.240000000000002,4.960000000000001,3.7199999999999993,-1.2399999999999993,4.959999999999999,4.959999999999999,-1.7763568394002505e-15,PASS,PASS,-4.0,4.0,5.0,FORBIDDEN_WITHOUT_EXTERNAL_PRIMARY_EVIDENCE,継続標本のみを用い母集団推計を行うため、本系列に比べサンプルサイズが小さくなる。,営業利益及び経常利益については、標準誤差率の算出は行っていない。,継続標本PDFは利益水準とその符号を公表しないため、売上高と営業利益の増加率から得る利益率方向は代理指標である。
20261,2026年1 - 3 月,105,農林水産業(集約),26,全規模,False,True,False,105,1,interest_and_dividend_income,受取利息等,受取利息等の前年差による利益影響,1,9.63,11.02,-1.3899999999999988,-1.3899999999999988,REDUCES_PROFIT_CHANGE,-1.503190223856386,CALCULABLE,会計的な利益影響であり因果を示さない,297.97,-125.41,423.38,687.56,171.71,515.8499999999999,389.5899999999999,297.12,92.46999999999991,389.59000000000003,297.12,92.47000000000003,92.47000000000001,9.947598300641403e-14,PASS,PASS,-1.0,-1.0,93.0,FORBIDDEN_WITHOUT_EXTERNAL_PRIMARY_EVIDENCE,継続標本のみを用い母集団推計を行うため、本系列に比べサンプルサイズが小さくなる。,営業利益及び経常利益については、標準誤差率の算出は行っていない。,継続標本PDFは利益水準とその符号を公表しないため、売上高と営業利益の増加率から得る利益率方向は代理指標である。
20261,2026年1 - 3 月,105,農林水産業(集約),26,全規模,False,True,False,105,2,other_non_operating_income,その他の営業外収益,その他の営業外収益の前年差による利益影響,1,468.99,420.44,48.55000000000001,48.55000000000001,INCREASES_PROFIT_CHANGE,52.50351465340116,CALCULABLE,原因は統計だけでは特定しない,297.97,-125.41,423.38,687.56,171.71,515.8499999999999,389.5899999999999,297.12,92.46999999999991,389.59000000000003,297.12,92.47000000000003,92.47000000000001,9.947598300641403e-14,PASS,PASS,49.0,49.0,93.0,FORBIDDEN_WITHOUT_EXTERNAL_PRIMARY_EVIDENCE,継続標本のみを用い母集団推計を行うため、本系列に比べサンプルサイズが小さくなる。,営業利益及び経常利益については、標準誤差率の算出は行っていない。,継続標本PDFは利益水準とその符号を公表しないため、売上高と営業利益の増加率から得る利益率方向は代理指標である。
20261,2026年1 - 3 月,105,農林水産業(集約),26,全規模,False,True,False,105,3,interest_expense,支払利息等,支払利息等の前年差による利益影響,-1,56.34,69.29,-12.950000000000003,12.950000000000003,INCREASES_PROFIT_CHANGE,14.004542013626056,CALCULABLE,会計的な利益影響であり因果を示さない,297.97,-125.41,423.38,687.56,171.71,515.8499999999999,389.5899999999999,297.12,92.46999999999991,389.59000000000003,297.12,92.47000000000003,92.47000000000001,9.947598300641403e-14,PASS,PASS,-13.0,13.0,93.0,FORBIDDEN_WITHOUT_EXTERNAL_PRIMARY_EVIDENCE,継続標本のみを用い母集団推計を行うため、本系列に比べサンプルサイズが小さくなる。,営業利益及び経常利益については、標準誤差率の算出は行っていない。,継続標本PDFは利益水準とその符号を公表しないため、売上高と営業利益の増加率から得る利益率方向は代理指標である。
20261,2026年1 - 3 月,105,農林水産業(集約),26,全規模,False,True,False,105,4,other_non_operating_expense,その他の営業外費用,その他の営業外費用の前年差による利益影響,-1,32.69,65.05,-32.36,32.36,INCREASES_PROFIT_CHANGE,34.99513355682927,CALCULABLE,会計的な利益影響であり因果を示さない,297.97,-125.41,423.38,687.56,171.71,515.8499999999999,389.5899999999999,297.12,92.46999999999991,389.59000000000003,297.12,92.47000000000003,92.47000000000001,9.947598300641403e-14,PASS,PASS,-32.0,32.0,93.0,FORBIDDEN_WITHOUT_EXTERNAL_PRIMARY_EVIDENCE,継続標本のみを用い母集団推計を行うため、本系列に比べサンプルサイズが小さくなる。,営業利益及び経常利益については、標準誤差率の算出は行っていない。,継続標本PDFは利益水準とその符号を公表しないため、売上高と営業利益の増加率から得る利益率方向は代理指標である。
20261,2026年1 - 3 月,106,鉱業、採石業、砂利採取業,19,1千万円以上 - 1億円未満,False,True,True,106,1,interest_and_dividend_income,受取利息等,受取利息等の前年差による利益影響,1,3.11,6.29,-3.18,-3.18,REDUCES_PROFIT_CHANGE,-57.09156193895849,CALCULABLE,会計的な利益影響であり因果を示さない,283.2,151.11,132.08999999999997,322.07,184.41,137.66,38.870000000000005,33.29999999999998,5.570000000000022,38.87,33.300000000000004,5.569999999999993,5.569999999999995,-2.6645352591003757e-14,PASS,PASS,-3.0,-3.0,6.0,FORBIDDEN_WITHOUT_EXTERNAL_PRIMARY_EVIDENCE,継続標本のみを用い母集団推計を行うため、本系列に比べサンプルサイズが小さくなる。,営業利益及び経常利益については、標準誤差率の算出は行っていない。,継続標本PDFは利益水準とその符号を公表しないため、売上高と営業利益の増加率から得る利益率方向は代理指標である。
20261,2026年1 - 3 月,106,鉱業、採石業、砂利採取業,19,1千万円以上 - 1億円未満,False,True,True,106,2,other_non_operating_income,その他の営業外収益,その他の営業外収益の前年差による利益影響,1,56.58,52.59,3.989999999999995,3.989999999999995,INCREASES_PROFIT_CHANGE,71.63375224416481,CALCULABLE,原因は統計だけでは特定しない,283.2,151.11,132.08999999999997,322.07,184.41,137.66,38.870000000000005,33.29999999999998,5.570000000000022,38.87,33.300000000000004,5.569999999999993,5.569999999999995,-2.6645352591003757e-14,PASS,PASS,4.0,4.0,6.0,FORBIDDEN_WITHOUT_EXTERNAL_PRIMARY_EVIDENCE,継続標本のみを用い母集団推計を行うため、本系列に比べサンプルサイズが小さくなる。,営業利益及び経常利益については、標準誤差率の算出は行っていない。,継続標本PDFは利益水準とその符号を公表しないため、売上高と営業利益の増加率から得る利益率方向は代理指標である。
20261,2026年1 - 3 月,106,鉱業、採石業、砂利採取業,19,1千万円以上 - 1億円未満,False,True,True,106,3,interest_expense,支払利息等,支払利息等の前年差による利益影響,-1,15.1,11.95,3.1500000000000004,-3.1500000000000004,REDUCES_PROFIT_CHANGE,-56.55296229802492,CALCULABLE,会計的な利益影響であり因果を示さない,283.2,151.11,132.08999999999997,322.07,184.41,137.66,38.870000000000005,33.29999999999998,5.570000000000022,38.87,33.300000000000004,5.569999999999993,5.569999999999995,-2.6645352591003757e-14,PASS,PASS,3.0,-3.0,6.0,FORBIDDEN_WITHOUT_EXTERNAL_PRIMARY_EVIDENCE,継続標本のみを用い母集団推計を行うため、本系列に比べサンプルサイズが小さくなる。,営業利益及び経常利益については、標準誤差率の算出は行っていない。,継続標本PDFは利益水準とその符号を公表しないため、売上高と営業利益の増加率から得る利益率方向は代理指標である。
20261,2026年1 - 3 月,106,鉱業、採石業、砂利採取業,19,1千万円以上 - 1億円未満,False,True,True,106,4,other_non_operating_expense,その他の営業外費用,その他の営業外費用の前年差による利益影響,-1,5.72,13.63,-7.910000000000001,7.910000000000001,INCREASES_PROFIT_CHANGE,142.01077199281812,CALCULABLE,会計的な利益影響であり因果を示さない,283.2,151.11,132.08999999999997,322.07,184.41,137.66,38.870000000000005,33.29999999999998,5.570000000000022,38.87,33.300000000000004,5.569999999999993,5.569999999999995,-2.6645352591003757e-14,PASS,PASS,-8.0,8.0,6.0,FORBIDDEN_WITHOUT_EXTERNAL_PRIMARY_EVIDENCE,継続標本のみを用い母集団推計を行うため、本系列に比べサンプルサイズが小さくなる。,営業利益及び経常利益については、標準誤差率の算出は行っていない。,継続標本PDFは利益水準とその符号を公表しないため、売上高と営業利益の増加率から得る利益率方向は代理指標である。
20261,2026年1 - 3 月,106,鉱業、採石業、砂利採取業,24,1億円以上 - 10億円未満,False,True,True,106,1,interest_and_dividend_income,受取利息等,受取利息等の前年差による利益影響,1,8.6,2.07,6.529999999999999,6.529999999999999,INCREASES_PROFIT_CHANGE,21.766666666666666,CALCULABLE,会計的な利益影響であり因果を示さない,121.79,113.31,8.480000000000004,156.24,117.76,38.480000000000004,34.45,4.450000000000003,30.0,34.449999999999996,4.449999999999999,29.999999999999996,29.999999999999996,-3.552713678800501e-15,PASS,PASS,7.0,7.0,30.0,FORBIDDEN_WITHOUT_EXTERNAL_PRIMARY_EVIDENCE,継続標本のみを用い母集団推計を行うため、本系列に比べサンプルサイズが小さくなる。,営業利益及び経常利益については、標準誤差率の算出は行っていない。,継続標本PDFは利益水準とその符号を公表しないため、売上高と営業利益の増加率から得る利益率方向は代理指標である。
20261,2026年1 - 3 月,106,鉱業、採石業、砂利採取業,24,1億円以上 - 10億円未満,False,True,True,106,2,other_non_operating_income,その他の営業外収益,その他の営業外収益の前年差による利益影響,1,35.08,6.62,28.459999999999997,28.459999999999997,INCREASES_PROFIT_CHANGE,94.86666666666666,CALCULABLE,原因は統計だけでは特定しない,121.79,113.31,8.480000000000004,156.24,117.76,38.480000000000004,34.45,4.450000000000003,30.0,34.449999999999996,4.449999999999999,29.999999999999996,29.999999999999996,-3.552713678800501e-15,PASS,PASS,28.0,28.0,30.0,FORBIDDEN_WITHOUT_EXTERNAL_PRIMARY_EVIDENCE,継続標本のみを用い母集団推計を行うため、本系列に比べサンプルサイズが小さくなる。,営業利益及び経常利益については、標準誤差率の算出は行っていない。,継続標本PDFは利益水準とその符号を公表しないため、売上高と営業利益の増加率から得る利益率方向は代理指標である。
20261,2026年1 - 3 月,106,鉱業、採石業、砂利採取業,24,1億円以上 - 10億円未満,False,True,True,106,3,interest_expense,支払利息等,支払利息等の前年差による利益影響,-1,2.88,2.74,0.13999999999999968,-0.13999999999999968,REDUCES_PROFIT_CHANGE,-0.46666666666666556,CALCULABLE,会計的な利益影響であり因果を示さない,121.79,113.31,8.480000000000004,156.24,117.76,38.480000000000004,34.45,4.450000000000003,30.0,34.449999999999996,4.449999999999999,29.999999999999996,29.999999999999996,-3.552713678800501e-15,PASS,PASS,0.0,-0.0,30.0,FORBIDDEN_WITHOUT_EXTERNAL_PRIMARY_EVIDENCE,継続標本のみを用い母集団推計を行うため、本系列に比べサンプルサイズが小さくなる。,営業利益及び経常利益については、標準誤差率の算出は行っていない。,継続標本PDFは利益水準とその符号を公表しないため、売上高と営業利益の増加率から得る利益率方向は代理指標である。
20261,2026年1 - 3 月,106,鉱業、採石業、砂利採取業,24,1億円以上 - 10億円未満,False,True,True,106,4,other_non_operating_expense,その他の営業外費用,その他の営業外費用の前年差による利益影響,-1,6.35,1.5,4.85,-4.85,REDUCES_PROFIT_CHANGE,-16.166666666666664,CALCULABLE,会計的な利益影響であり因果を示さない,121.79,113.31,8.480000000000004,156.24,117.76,38.480000000000004,34.45,4.450000000000003,30.0,34.449999999999996,4.449999999999999,29.999999999999996,29.999999999999996,-3.552713678800501e-15,PASS,PASS,5.0,-5.0,30.0,FORBIDDEN_WITHOUT_EXTERNAL_PRIMARY_EVIDENCE,継続標本のみを用い母集団推計を行うため、本系列に比べサンプルサイズが小さくなる。,営業利益及び経常利益については、標準誤差率の算出は行っていない。,継続標本PDFは利益水準とその符号を公表しないため、売上高と営業利益の増加率から得る利益率方向は代理指標である。
20261,2026年1 - 3 月,106,鉱業、採石業、砂利採取業,25,10億円以上,False,True,True,106,1,interest_and_dividend_income,受取利息等,受取利息等の前年差による利益影響,1,290.93,130.86,160.07,160.07,INCREASES_PROFIT_CHANGE,22.20080165323643,CALCULABLE,会計的な利益影響であり因果を示さない,545.43,1653.75,-1108.3200000000002,1059.22,1446.53,-387.30999999999995,513.7900000000001,-207.22000000000003,721.0100000000001,513.7900000000001,-207.2199999999999,721.01,721.01,-1.1368683772161603e-13,PASS,PASS,160.0,160.0,721.0,FORBIDDEN_WITHOUT_EXTERNAL_PRIMARY_EVIDENCE,継続標本のみを用い母集団推計を行うため、本系列に比べサンプルサイズが小さくなる。,営業利益及び経常利益については、標準誤差率の算出は行っていない。,継続標本PDFは利益水準とその符号を公表しないため、売上高と営業利益の増加率から得る利益率方向は代理指標である。
20261,2026年1 - 3 月,106,鉱業、採石業、砂利採取業,25,10億円以上,False,True,True,106,2,other_non_operating_income,その他の営業外収益,その他の営業外収益の前年差による利益影響,1,1009.2,614.37,394.83000000000004,394.83000000000004,INCREASES_PROFIT_CHANGE,54.76068293088861,CALCULABLE,原因は統計だけでは特定しない,545.43,1653.75,-1108.3200000000002,1059.22,1446.53,-387.30999999999995,513.7900000000001,-207.22000000000003,721.0100000000001,513.7900000000001,-207.2199999999999,721.01,721.01,-1.1368683772161603e-13,PASS,PASS,395.0,395.0,721.0,FORBIDDEN_WITHOUT_EXTERNAL_PRIMARY_EVIDENCE,継続標本のみを用い母集団推計を行うため、本系列に比べサンプルサイズが小さくなる。,営業利益及び経常利益については、標準誤差率の算出は行っていない。,継続標本PDFは利益水準とその符号を公表しないため、売上高と営業利益の増加率から得る利益率方向は代理指標である。
20261,2026年1 - 3 月,106,鉱業、採石業、砂利採取業,25,10億円以上,False,True,True,106,3,interest_expense,支払利息等,支払利息等の前年差による利益影響,-1,160.31,141.14,19.170000000000016,-19.170000000000016,REDUCES_PROFIT_CHANGE,-2.6587703360563673,CALCULABLE,会計的な利益影響であり因果を示さない,545.43,1653.75,-1108.3200000000002,1059.22,1446.53,-387.30999999999995,513.7900000000001,-207.22000000000003,721.0100000000001,513.7900000000001,-207.2199999999999,721.01,721.01,-1.1368683772161603e-13,PASS,PASS,19.0,-19.0,721.0,FORBIDDEN_WITHOUT_EXTERNAL_PRIMARY_EVIDENCE,継続標本のみを用い母集団推計を行うため、本系列に比べサンプルサイズが小さくなる。,営業利益及び経常利益については、標準誤差率の算出は行っていない。,継続標本PDFは利益水準とその符号を公表しないため、売上高と営業利益の増加率から得る利益率方向は代理指標である。
20261,2026年1 - 3 月,106,鉱業、採石業、砂利採取業,25,10億円以上,False,True,True,106,4,other_non_operating_expense,その他の営業外費用,その他の営業外費用の前年差による利益影響,-1,626.03,811.31,-185.27999999999997,185.27999999999997,INCREASES_PROFIT_CHANGE,25.69728575193131,CALCULABLE,会計的な利益影響であり因果を示さない,545.43,1653.75,-1108.3200000000002,1059.22,1446.53,-387.30999999999995,513.7900000000001,-207.22000000000003,721.0100000000001,513.7900000000001,-207.2199999999999,721.01,721.01,-1.1368683772161603e-13,PASS,PASS,-185.0,185.0,721.0,FORBIDDEN_WITHOUT_EXTERNAL_PRIMARY_EVIDENCE,継続標本のみを用い母集団推計を行うため、本系列に比べサンプルサイズが小さくなる。,営業利益及び経常利益については、標準誤差率の算出は行っていない。,継続標本PDFは利益水準とその符号を公表しないため、売上高と営業利益の増加率から得る利益率方向は代理指標である。
20261,2026年1 - 3 月,106,鉱業、採石業、砂利採取業,26,全規模,False,True,True,106,1,interest_and_dividend_income,受取利息等,受取利息等の前年差による利益影響,1,302.64,139.22,163.42,163.42,INCREASES_PROFIT_CHANGE,21.599830817626685,CALCULABLE,会計的な利益影響であり因果を示さない,950.42,1918.17,-967.7500000000001,1537.53,1748.7,-211.17000000000007,587.11,-169.47000000000003,756.58,587.1099999999999,-169.47000000000003,756.5799999999999,756.5799999999999,-1.1368683772161603e-13,PASS,PASS,163.0,163.0,756.0,FORBIDDEN_WITHOUT_EXTERNAL_PRIMARY_EVIDENCE,継続標本のみを用い母集団推計を行うため、本系列に比べサンプルサイズが小さくなる。,営業利益及び経常利益については、標準誤差率の算出は行っていない。,継続標本PDFは利益水準とその符号を公表しないため、売上高と営業利益の増加率から得る利益率方向は代理指標である。
20261,2026年1 - 3 月,106,鉱業、採石業、砂利採取業,26,全規模,False,True,True,106,2,other_non_operating_income,その他の営業外収益,その他の営業外収益の前年差による利益影響,1,1100.86,673.58,427.27999999999986,427.27999999999986,INCREASES_PROFIT_CHANGE,56.4751909910386,CALCULABLE,原因は統計だけでは特定しない,950.42,1918.17,-967.7500000000001,1537.53,1748.7,-211.17000000000007,587.11,-169.47000000000003,756.58,587.1099999999999,-169.47000000000003,756.5799999999999,756.5799999999999,-1.1368683772161603e-13,PASS,PASS,427.0,427.0,756.0,FORBIDDEN_WITHOUT_EXTERNAL_PRIMARY_EVIDENCE,継続標本のみを用い母集団推計を行うため、本系列に比べサンプルサイズが小さくなる。,営業利益及び経常利益については、標準誤差率の算出は行っていない。,継続標本PDFは利益水準とその符号を公表しないため、売上高と営業利益の増加率から得る利益率方向は代理指標である。
20261,2026年1 - 3 月,106,鉱業、採石業、砂利採取業,26,全規模,False,True,True,106,3,interest_expense,支払利息等,支払利息等の前年差による利益影響,-1,178.29,155.83,22.45999999999998,-22.45999999999998,REDUCES_PROFIT_CHANGE,-2.9686219566998835,CALCULABLE,会計的な利益影響であり因果を示さない,950.42,1918.17,-967.7500000000001,1537.53,1748.7,-211.17000000000007,587.11,-169.47000000000003,756.58,587.1099999999999,-169.47000000000003,756.5799999999999,756.5799999999999,-1.1368683772161603e-13,PASS,PASS,22.0,-22.0,756.0,FORBIDDEN_WITHOUT_EXTERNAL_PRIMARY_EVIDENCE,継続標本のみを用い母集団推計を行うため、本系列に比べサンプルサイズが小さくなる。,営業利益及び経常利益については、標準誤差率の算出は行っていない。,継続標本PDFは利益水準とその符号を公表しないため、売上高と営業利益の増加率から得る利益率方向は代理指標である。
20261,2026年1 - 3 月,106,鉱業、採石業、砂利採取業,26,全規模,False,True,True,106,4,other_non_operating_expense,その他の営業外費用,その他の営業外費用の前年差による利益影響,-1,638.1,826.44,-188.34000000000003,188.34000000000003,INCREASES_PROFIT_CHANGE,24.89360014803458,CALCULABLE,会計的な利益影響であり因果を示さない,950.42,1918.17,-967.7500000000001,1537.53,1748.7,-211.17000000000007,587.11,-169.47000000000003,756.58,587.1099999999999,-169.47000000000003,756.5799999999999,756.5799999999999,-1.1368683772161603e-13,PASS,PASS,-188.0,188.0,756.0,FORBIDDEN_WITHOUT_EXTERNAL_PRIMARY_EVIDENCE,継続標本のみを用い母集団推計を行うため、本系列に比べサンプルサイズが小さくなる。,営業利益及び経常利益については、標準誤差率の算出は行っていない。,継続標本PDFは利益水準とその符号を公表しないため、売上高と営業利益の増加率から得る利益率方向は代理指標である。
20261,2026年1 - 3 月,107,建設業,19,1千万円以上 - 1億円未満,False,True,True,107,1,interest_and_dividend_income,受取利息等,受取利息等の前年差による利益影響,1,396.76,143.93,252.82999999999998,252.82999999999998,INCREASES_PROFIT_CHANGE,402.53144403758847,CALCULABLE,会計的な利益影響であり因果を示さない,22195.86,26459.19,-4263.329999999998,23727.72,27928.24,-4200.52,1531.8600000000006,1469.050000000003,62.80999999999767,1531.86,1469.0500000000002,62.80999999999972,62.80999999999983,2.1600499167107046e-12,PASS,PASS,253.0,253.0,63.0,FORBIDDEN_WITHOUT_EXTERNAL_PRIMARY_EVIDENCE,継続標本のみを用い母集団推計を行うため、本系列に比べサンプルサイズが小さくなる。,営業利益及び経常利益については、標準誤差率の算出は行っていない。,継続標本PDFは利益水準とその符号を公表しないため、売上高と営業利益の増加率から得る利益率方向は代理指標である。
20261,2026年1 - 3 月,107,建設業,19,1千万円以上 - 1億円未満,False,True,True,107,2,other_non_operating_income,その他の営業外収益,その他の営業外収益の前年差による利益影響,1,2245.73,2137.63,108.09999999999991,108.09999999999991,INCREASES_PROFIT_CHANGE,172.1063524916477,CALCULABLE,原因は統計だけでは特定しない,22195.86,26459.19,-4263.329999999998,23727.72,27928.24,-4200.52,1531.8600000000006,1469.050000000003,62.80999999999767,1531.86,1469.0500000000002,62.80999999999972,62.80999999999983,2.1600499167107046e-12,PASS,PASS,108.0,108.0,63.0,FORBIDDEN_WITHOUT_EXTERNAL_PRIMARY_EVIDENCE,継続標本のみを用い母集団推計を行うため、本系列に比べサンプルサイズが小さくなる。,営業利益及び経常利益については、標準誤差率の算出は行っていない。,継続標本PDFは利益水準とその符号を公表しないため、売上高と営業利益の増加率から得る利益率方向は代理指標である。
20261,2026年1 - 3 月,107,建設業,19,1千万円以上 - 1億円未満,False,True,True,107,3,interest_expense,支払利息等,支払利息等の前年差による利益影響,-1,491.18,355.13,136.05,-136.05,REDUCES_PROFIT_CHANGE,-216.60563604522375,CALCULABLE,会計的な利益影響であり因果を示さない,22195.86,26459.19,-4263.329999999998,23727.72,27928.24,-4200.52,1531.8600000000006,1469.050000000003,62.80999999999767,1531.86,1469.0500000000002,62.80999999999972,62.80999999999983,2.1600499167107046e-12,PASS,PASS,136.0,-136.0,63.0,FORBIDDEN_WITHOUT_EXTERNAL_PRIMARY_EVIDENCE,継続標本のみを用い母集団推計を行うため、本系列に比べサンプルサイズが小さくなる。,営業利益及び経常利益については、標準誤差率の算出は行っていない。,継続標本PDFは利益水準とその符号を公表しないため、売上高と営業利益の増加率から得る利益率方向は代理指標である。
20261,2026年1 - 3 月,107,建設業,19,1千万円以上 - 1億円未満,False,True,True,107,4,other_non_operating_expense,その他の営業外費用,その他の営業外費用の前年差による利益影響,-1,619.45,457.38,162.07000000000005,-162.07000000000005,REDUCES_PROFIT_CHANGE,-258.032160484009,CALCULABLE,会計的な利益影響であり因果を示さない,22195.86,26459.19,-4263.329999999998,23727.72,27928.24,-4200.52,1531.8600000000006,1469.050000000003,62.80999999999767,1531.86,1469.0500000000002,62.80999999999972,62.80999999999983,2.1600499167107046e-12,PASS,PASS,162.0,-162.0,63.0,FORBIDDEN_WITHOUT_EXTERNAL_PRIMARY_EVIDENCE,継続標本のみを用い母集団推計を行うため、本系列に比べサンプルサイズが小さくなる。,営業利益及び経常利益については、標準誤差率の算出は行っていない。,継続標本PDFは利益水準とその符号を公表しないため、売上高と営業利益の増加率から得る利益率方向は代理指標である。
20261,2026年1 - 3 月,107,建設業,24,1億円以上 - 10億円未満,False,True,True,107,1,interest_and_dividend_income,受取利息等,受取利息等の前年差による利益影響,1,115.43,81.09,34.34,34.34,INCREASES_PROFIT_CHANGE,14.122388550748541,CALCULABLE,会計的な利益影響であり因果を示さない,5555.02,5886.15,-331.1299999999992,5695.3,5783.27,-87.97000000000025,140.27999999999975,-102.8799999999992,243.15999999999894,140.27999999999997,-102.88000000000002,243.16,243.16,1.0516032489249483e-12,PASS,PASS,34.0,34.0,242.0,FORBIDDEN_WITHOUT_EXTERNAL_PRIMARY_EVIDENCE,継続標本のみを用い母集団推計を行うため、本系列に比べサンプルサイズが小さくなる。,営業利益及び経常利益については、標準誤差率の算出は行っていない。,継続標本PDFは利益水準とその符号を公表しないため、売上高と営業利益の増加率から得る利益率方向は代理指標である。
20261,2026年1 - 3 月,107,建設業,24,1億円以上 - 10億円未満,False,True,True,107,2,other_non_operating_income,その他の営業外収益,その他の営業外収益の前年差による利益影響,1,296.65,218.35,78.29999999999998,78.29999999999998,INCREASES_PROFIT_CHANGE,32.20101990458971,CALCULABLE,原因は統計だけでは特定しない,5555.02,5886.15,-331.1299999999992,5695.3,5783.27,-87.97000000000025,140.27999999999975,-102.8799999999992,243.15999999999894,140.27999999999997,-102.88000000000002,243.16,243.16,1.0516032489249483e-12,PASS,PASS,78.0,78.0,242.0,FORBIDDEN_WITHOUT_EXTERNAL_PRIMARY_EVIDENCE,継続標本のみを用い母集団推計を行うため、本系列に比べサンプルサイズが小さくなる。,営業利益及び経常利益については、標準誤差率の算出は行っていない。,継続標本PDFは利益水準とその符号を公表しないため、売上高と営業利益の増加率から得る利益率方向は代理指標である。
20261,2026年1 - 3 月,107,建設業,24,1億円以上 - 10億円未満,False,True,True,107,3,interest_expense,支払利息等,支払利息等の前年差による利益影響,-1,86.26,234.71,-148.45,148.45,INCREASES_PROFIT_CHANGE,61.05033722651778,CALCULABLE,会計的な利益影響であり因果を示さない,5555.02,5886.15,-331.1299999999992,5695.3,5783.27,-87.97000000000025,140.27999999999975,-102.8799999999992,243.15999999999894,140.27999999999997,-102.88000000000002,243.16,243.16,1.0516032489249483e-12,PASS,PASS,-148.0,148.0,242.0,FORBIDDEN_WITHOUT_EXTERNAL_PRIMARY_EVIDENCE,継続標本のみを用い母集団推計を行うため、本系列に比べサンプルサイズが小さくなる。,営業利益及び経常利益については、標準誤差率の算出は行っていない。,継続標本PDFは利益水準とその符号を公表しないため、売上高と営業利益の増加率から得る利益率方向は代理指標である。
20261,2026年1 - 3 月,107,建設業,24,1億円以上 - 10億円未満,False,True,True,107,4,other_non_operating_expense,その他の営業外費用,その他の営業外費用の前年差による利益影響,-1,185.54,167.61,17.92999999999998,-17.92999999999998,REDUCES_PROFIT_CHANGE,-7.373745681855591,CALCULABLE,会計的な利益影響であり因果を示さない,5555.02,5886.15,-331.1299999999992,5695.3,5783.27,-87.97000000000025,140.27999999999975,-102.8799999999992,243.15999999999894,140.27999999999997,-102.88000000000002,243.16,243.16,1.0516032489249483e-12,PASS,PASS,18.0,-18.0,242.0,FORBIDDEN_WITHOUT_EXTERNAL_PRIMARY_EVIDENCE,継続標本のみを用い母集団推計を行うため、本系列に比べサンプルサイズが小さくなる。,営業利益及び経常利益については、標準誤差率の算出は行っていない。,継続標本PDFは利益水準とその符号を公表しないため、売上高と営業利益の増加率から得る利益率方向は代理指標である。
20261,2026年1 - 3 月,107,建設業,25,10億円以上,False,True,True,107,1,interest_and_dividend_income,受取利息等,受取利息等の前年差による利益影響,1,997.41,735.68,261.73,261.73,INCREASES_PROFIT_CHANGE,51.56530133774636,CALCULABLE,会計的な利益影響であり因果を示さない,9828.41,8560.37,1268.039999999999,10519.69,8744.08,1775.6100000000006,691.2800000000007,183.70999999999913,507.5700000000015,691.28,183.71,507.56999999999994,507.56999999999994,-1.5916157281026244e-12,PASS,PASS,262.0,262.0,508.0,FORBIDDEN_WITHOUT_EXTERNAL_PRIMARY_EVIDENCE,継続標本のみを用い母集団推計を行うため、本系列に比べサンプルサイズが小さくなる。,営業利益及び経常利益については、標準誤差率の算出は行っていない。,継続標本PDFは利益水準とその符号を公表しないため、売上高と営業利益の増加率から得る利益率方向は代理指標である。
20261,2026年1 - 3 月,107,建設業,25,10億円以上,False,True,True,107,2,other_non_operating_income,その他の営業外収益,その他の営業外収益の前年差による利益影響,1,460.64,249.68,210.95999999999998,210.95999999999998,INCREASES_PROFIT_CHANGE,41.56274011466386,CALCULABLE,原因は統計だけでは特定しない,9828.41,8560.37,1268.039999999999,10519.69,8744.08,1775.6100000000006,691.2800000000007,183.70999999999913,507.5700000000015,691.28,183.71,507.56999999999994,507.56999999999994,-1.5916157281026244e-12,PASS,PASS,211.0,211.0,508.0,FORBIDDEN_WITHOUT_EXTERNAL_PRIMARY_EVIDENCE,継続標本のみを用い母集団推計を行うため、本系列に比べサンプルサイズが小さくなる。,営業利益及び経常利益については、標準誤差率の算出は行っていない。,継続標本PDFは利益水準とその符号を公表しないため、売上高と営業利益の増加率から得る利益率方向は代理指標である。
20261,2026年1 - 3 月,107,建設業,25,10億円以上,False,True,True,107,3,interest_expense,支払利息等,支払利息等の前年差による利益影響,-1,373.8,251.73,122.07000000000002,-122.07000000000002,REDUCES_PROFIT_CHANGE,-24.04988474496122,CALCULABLE,会計的な利益影響であり因果を示さない,9828.41,8560.37,1268.039999999999,10519.69,8744.08,1775.6100000000006,691.2800000000007,183.70999999999913,507.5700000000015,691.28,183.71,507.56999999999994,507.56999999999994,-1.5916157281026244e-12,PASS,PASS,122.0,-122.0,508.0,FORBIDDEN_WITHOUT_EXTERNAL_PRIMARY_EVIDENCE,継続標本のみを用い母集団推計を行うため、本系列に比べサンプルサイズが小さくなる。,営業利益及び経常利益については、標準誤差率の算出は行っていない。,継続標本PDFは利益水準とその符号を公表しないため、売上高と営業利益の増加率から得る利益率方向は代理指標である。
20261,2026年1 - 3 月,107,建設業,25,10億円以上,False,True,True,107,4,other_non_operating_expense,その他の営業外費用,その他の営業外費用の前年差による利益影響,-1,392.97,549.92,-156.94999999999993,156.94999999999993,INCREASES_PROFIT_CHANGE,30.921843292550676,CALCULABLE,会計的な利益影響であり因果を示さない,9828.41,8560.37,1268.039999999999,10519.69,8744.08,1775.6100000000006,691.2800000000007,183.70999999999913,507.5700000000015,691.28,183.71,507.56999999999994,507.56999999999994,-1.5916157281026244e-12,PASS,PASS,-157.0,157.0,508.0,FORBIDDEN_WITHOUT_EXTERNAL_PRIMARY_EVIDENCE,継続標本のみを用い母集団推計を行うため、本系列に比べサンプルサイズが小さくなる。,営業利益及び経常利益については、標準誤差率の算出は行っていない。,継続標本PDFは利益水準とその符号を公表しないため、売上高と営業利益の増加率から得る利益率方向は代理指標である。
20261,2026年1 - 3 月,107,建設業,26,全規模,False,True,True,107,1,interest_and_dividend_income,受取利息等,受取利息等の前年差による利益影響,1,1509.6,960.7,548.8999999999999,548.8999999999999,INCREASES_PROFIT_CHANGE,67.47056075915128,CALCULABLE,会計的な利益影響であり因果を示さない,37579.29,40905.71,-3326.4199999999983,39942.71,42455.59,-2512.8799999999974,2363.4199999999983,1549.8799999999974,813.5400000000009,2363.42,1549.8799999999997,813.5400000000004,813.5400000000001,-7.958078640513122e-13,PASS,PASS,549.0,549.0,813.0,FORBIDDEN_WITHOUT_EXTERNAL_PRIMARY_EVIDENCE,継続標本のみを用い母集団推計を行うため、本系列に比べサンプルサイズが小さくなる。,営業利益及び経常利益については、標準誤差率の算出は行っていない。,継続標本PDFは利益水準とその符号を公表しないため、売上高と営業利益の増加率から得る利益率方向は代理指標である。
20261,2026年1 - 3 月,107,建設業,26,全規模,False,True,True,107,2,other_non_operating_income,その他の営業外収益,その他の営業外収益の前年差による利益影響,1,3003.02,2605.66,397.3600000000001,397.3600000000001,INCREASES_PROFIT_CHANGE,48.84332669567566,CALCULABLE,原因は統計だけでは特定しない,37579.29,40905.71,-3326.4199999999983,39942.71,42455.59,-2512.8799999999974,2363.4199999999983,1549.8799999999974,813.5400000000009,2363.42,1549.8799999999997,813.5400000000004,813.5400000000001,-7.958078640513122e-13,PASS,PASS,397.0,397.0,813.0,FORBIDDEN_WITHOUT_EXTERNAL_PRIMARY_EVIDENCE,継続標本のみを用い母集団推計を行うため、本系列に比べサンプルサイズが小さくなる。,営業利益及び経常利益については、標準誤差率の算出は行っていない。,継続標本PDFは利益水準とその符号を公表しないため、売上高と営業利益の増加率から得る利益率方向は代理指標である。
20261,2026年1 - 3 月,107,建設業,26,全規模,False,True,True,107,3,interest_expense,支払利息等,支払利息等の前年差による利益影響,-1,951.24,841.57,109.66999999999996,-109.66999999999996,REDUCES_PROFIT_CHANGE,-13.480590997369502,CALCULABLE,会計的な利益影響であり因果を示さない,37579.29,40905.71,-3326.4199999999983,39942.71,42455.59,-2512.8799999999974,2363.4199999999983,1549.8799999999974,813.5400000000009,2363.42,1549.8799999999997,813.5400000000004,813.5400000000001,-7.958078640513122e-13,PASS,PASS,110.0,-110.0,813.0,FORBIDDEN_WITHOUT_EXTERNAL_PRIMARY_EVIDENCE,継続標本のみを用い母集団推計を行うため、本系列に比べサンプルサイズが小さくなる。,営業利益及び経常利益については、標準誤差率の算出は行っていない。,継続標本PDFは利益水準とその符号を公表しないため、売上高と営業利益の増加率から得る利益率方向は代理指標である。
20261,2026年1 - 3 月,107,建設業,26,全規模,False,True,True,107,4,other_non_operating_expense,その他の営業外費用,その他の営業外費用の前年差による利益影響,-1,1197.96,1174.91,23.049999999999955,-23.049999999999955,REDUCES_PROFIT_CHANGE,-2.833296457457523,CALCULABLE,会計的な利益影響であり因果を示さない,37579.29,40905.71,-3326.4199999999983,39942.71,42455.59,-2512.8799999999974,2363.4199999999983,1549.8799999999974,813.5400000000009,2363.42,1549.8799999999997,813.5400000000004,813.5400000000001,-7.958078640513122e-13,PASS,PASS,23.0,-23.0,813.0,FORBIDDEN_WITHOUT_EXTERNAL_PRIMARY_EVIDENCE,継続標本のみを用い母集団推計を行うため、本系列に比べサンプルサイズが小さくなる。,営業利益及び経常利益については、標準誤差率の算出は行っていない。,継続標本PDFは利益水準とその符号を公表しないため、売上高と営業利益の増加率から得る利益率方向は代理指標である。
20261,2026年1 - 3 月,108,製造業,19,1千万円以上 - 1億円未満,False,True,False,108,1,interest_and_dividend_income,受取利息等,受取利息等の前年差による利益影響,1,549.48,355.47,194.01,194.01,INCREASES_PROFIT_CHANGE,-43.18915429309257,CALCULABLE,会計的な利益影響であり因果を示さない,16840.42,10165.85,6674.569999999998,19226.77,13001.41,6225.360000000001,2386.350000000002,2835.5599999999995,-449.2099999999973,2386.3500000000004,2835.5599999999995,-449.2099999999991,-449.20999999999935,-2.0463630789890885e-12,PASS,PASS,194.0,194.0,-449.0,FORBIDDEN_WITHOUT_EXTERNAL_PRIMARY_EVIDENCE,継続標本のみを用い母集団推計を行うため、本系列に比べサンプルサイズが小さくなる。,営業利益及び経常利益については、標準誤差率の算出は行っていない。,継続標本PDFは利益水準とその符号を公表しないため、売上高と営業利益の増加率から得る利益率方向は代理指標である。
20261,2026年1 - 3 月,108,製造業,19,1千万円以上 - 1億円未満,False,True,False,108,2,other_non_operating_income,その他の営業外収益,その他の営業外収益の前年差による利益影響,1,4754.42,5581.69,-827.2699999999995,-827.2699999999995,REDUCES_PROFIT_CHANGE,184.1610827897875,CALCULABLE,原因は統計だけでは特定しない,16840.42,10165.85,6674.569999999998,19226.77,13001.41,6225.360000000001,2386.350000000002,2835.5599999999995,-449.2099999999973,2386.3500000000004,2835.5599999999995,-449.2099999999991,-449.20999999999935,-2.0463630789890885e-12,PASS,PASS,-827.0,-827.0,-449.0,FORBIDDEN_WITHOUT_EXTERNAL_PRIMARY_EVIDENCE,継続標本のみを用い母集団推計を行うため、本系列に比べサンプルサイズが小さくなる。,営業利益及び経常利益については、標準誤差率の算出は行っていない。,継続標本PDFは利益水準とその符号を公表しないため、売上高と営業利益の増加率から得る利益率方向は代理指標である。
20261,2026年1 - 3 月,108,製造業,19,1千万円以上 - 1億円未満,False,True,False,108,3,interest_expense,支払利息等,支払利息等の前年差による利益影響,-1,1230.19,956.22,273.97,-273.97,REDUCES_PROFIT_CHANGE,60.989292313172385,CALCULABLE,会計的な利益影響であり因果を示さない,16840.42,10165.85,6674.569999999998,19226.77,13001.41,6225.360000000001,2386.350000000002,2835.5599999999995,-449.2099999999973,2386.3500000000004,2835.5599999999995,-449.2099999999991,-449.20999999999935,-2.0463630789890885e-12,PASS,PASS,274.0,-274.0,-449.0,FORBIDDEN_WITHOUT_EXTERNAL_PRIMARY_EVIDENCE,継続標本のみを用い母集団推計を行うため、本系列に比べサンプルサイズが小さくなる。,営業利益及び経常利益については、標準誤差率の算出は行っていない。,継続標本PDFは利益水準とその符号を公表しないため、売上高と営業利益の増加率から得る利益率方向は代理指標である。
20261,2026年1 - 3 月,108,製造業,19,1千万円以上 - 1億円未満,False,True,False,108,4,other_non_operating_expense,その他の営業外費用,その他の営業外費用の前年差による利益影響,-1,1687.36,2145.38,-458.0200000000002,458.0200000000002,INCREASES_PROFIT_CHANGE,-101.96122080986687,CALCULABLE,会計的な利益影響であり因果を示さない,16840.42,10165.85,6674.569999999998,19226.77,13001.41,6225.360000000001,2386.350000000002,2835.5599999999995,-449.2099999999973,2386.3500000000004,2835.5599999999995,-449.2099999999991,-449.20999999999935,-2.0463630789890885e-12,PASS,PASS,-458.0,458.0,-449.0,FORBIDDEN_WITHOUT_EXTERNAL_PRIMARY_EVIDENCE,継続標本のみを用い母集団推計を行うため、本系列に比べサンプルサイズが小さくなる。,営業利益及び経常利益については、標準誤差率の算出は行っていない。,継続標本PDFは利益水準とその符号を公表しないため、売上高と営業利益の増加率から得る利益率方向は代理指標である。
20261,2026年1 - 3 月,108,製造業,24,1億円以上 - 10億円未満,False,True,False,108,1,interest_and_dividend_income,受取利息等,受取利息等の前年差による利益影響,1,1268.21,785.89,482.32000000000005,482.32000000000005,INCREASES_PROFIT_CHANGE,-55.90884326930888,CALCULABLE,会計的な利益影響であり因果を示さない,11633.74,8173.26,3460.4799999999996,12847.7,10249.91,2597.790000000001,1213.960000000001,2076.6499999999996,-862.6899999999987,1213.96,2076.65,-862.69,-862.6900000000002,-1.4779288903810084e-12,PASS,PASS,482.0,482.0,-863.0,FORBIDDEN_WITHOUT_EXTERNAL_PRIMARY_EVIDENCE,継続標本のみを用い母集団推計を行うため、本系列に比べサンプルサイズが小さくなる。,営業利益及び経常利益については、標準誤差率の算出は行っていない。,継続標本PDFは利益水準とその符号を公表しないため、売上高と営業利益の増加率から得る利益率方向は代理指標である。
20261,2026年1 - 3 月,108,製造業,24,1億円以上 - 10億円未満,False,True,False,108,2,other_non_operating_income,その他の営業外収益,その他の営業外収益の前年差による利益影響,1,3193.7,4821.6,-1627.9000000000005,-1627.9000000000005,REDUCES_PROFIT_CHANGE,188.70046018848058,CALCULABLE,原因は統計だけでは特定しない,11633.74,8173.26,3460.4799999999996,12847.7,10249.91,2597.790000000001,1213.960000000001,2076.6499999999996,-862.6899999999987,1213.96,2076.65,-862.69,-862.6900000000002,-1.4779288903810084e-12,PASS,PASS,-1628.0,-1628.0,-863.0,FORBIDDEN_WITHOUT_EXTERNAL_PRIMARY_EVIDENCE,継続標本のみを用い母集団推計を行うため、本系列に比べサンプルサイズが小さくなる。,営業利益及び経常利益については、標準誤差率の算出は行っていない。,継続標本PDFは利益水準とその符号を公表しないため、売上高と営業利益の増加率から得る利益率方向は代理指標である。
20261,2026年1 - 3 月,108,製造業,24,1億円以上 - 10億円未満,False,True,False,108,3,interest_expense,支払利息等,支払利息等の前年差による利益影響,-1,783.27,659.04,124.23000000000002,-124.23000000000002,REDUCES_PROFIT_CHANGE,14.400306019543546,CALCULABLE,会計的な利益影響であり因果を示さない,11633.74,8173.26,3460.4799999999996,12847.7,10249.91,2597.790000000001,1213.960000000001,2076.6499999999996,-862.6899999999987,1213.96,2076.65,-862.69,-862.6900000000002,-1.4779288903810084e-12,PASS,PASS,124.0,-124.0,-863.0,FORBIDDEN_WITHOUT_EXTERNAL_PRIMARY_EVIDENCE,継続標本のみを用い母集団推計を行うため、本系列に比べサンプルサイズが小さくなる。,営業利益及び経常利益については、標準誤差率の算出は行っていない。,継続標本PDFは利益水準とその符号を公表しないため、売上高と営業利益の増加率から得る利益率方向は代理指標である。
20261,2026年1 - 3 月,108,製造業,24,1億円以上 - 10億円未満,False,True,False,108,4,other_non_operating_expense,その他の営業外費用,その他の営業外費用の前年差による利益影響,-1,2464.68,2871.8,-407.12000000000035,407.12000000000035,INCREASES_PROFIT_CHANGE,-47.19192293871507,CALCULABLE,会計的な利益影響であり因果を示さない,11633.74,8173.26,3460.4799999999996,12847.7,10249.91,2597.790000000001,1213.960000000001,2076.6499999999996,-862.6899999999987,1213.96,2076.65,-862.69,-862.6900000000002,-1.4779288903810084e-12,PASS,PASS,-407.0,407.0,-863.0,FORBIDDEN_WITHOUT_EXTERNAL_PRIMARY_EVIDENCE,継続標本のみを用い母集団推計を行うため、本系列に比べサンプルサイズが小さくなる。,営業利益及び経常利益については、標準誤差率の算出は行っていない。,継続標本PDFは利益水準とその符号を公表しないため、売上高と営業利益の増加率から得る利益率方向は代理指標である。
20261,2026年1 - 3 月,108,製造業,25,10億円以上,False,True,False,108,1,interest_and_dividend_income,受取利息等,受取利息等の前年差による利益影響,1,32658.46,36104.89,-3446.4300000000003,-3446.4300000000003,REDUCES_PROFIT_CHANGE,-27.922911268721663,CALCULABLE,会計的な利益影響であり因果を示さない,60155.24,42537.72,17617.519999999997,97156.68,67196.5,29960.179999999993,37001.439999999995,24658.78,12342.659999999996,37001.44,24658.78,12342.660000000003,12342.66,3.637978807091713e-12,PASS,PASS,-3446.0,-3446.0,12343.0,FORBIDDEN_WITHOUT_EXTERNAL_PRIMARY_EVIDENCE,継続標本のみを用い母集団推計を行うため、本系列に比べサンプルサイズが小さくなる。,営業利益及び経常利益については、標準誤差率の算出は行っていない。,継続標本PDFは利益水準とその符号を公表しないため、売上高と営業利益の増加率から得る利益率方向は代理指標である。
20261,2026年1 - 3 月,108,製造業,25,10億円以上,False,True,False,108,2,other_non_operating_income,その他の営業外収益,その他の営業外収益の前年差による利益影響,1,24319.25,11887.84,12431.41,12431.41,INCREASES_PROFIT_CHANGE,100.71905083669164,CALCULABLE,原因は統計だけでは特定しない,60155.24,42537.72,17617.519999999997,97156.68,67196.5,29960.179999999993,37001.439999999995,24658.78,12342.659999999996,37001.44,24658.78,12342.660000000003,12342.66,3.637978807091713e-12,PASS,PASS,12431.0,12431.0,12343.0,FORBIDDEN_WITHOUT_EXTERNAL_PRIMARY_EVIDENCE,継続標本のみを用い母集団推計を行うため、本系列に比べサンプルサイズが小さくなる。,営業利益及び経常利益については、標準誤差率の算出は行っていない。,継続標本PDFは利益水準とその符号を公表しないため、売上高と営業利益の増加率から得る利益率方向は代理指標である。
20261,2026年1 - 3 月,108,製造業,25,10億円以上,False,True,False,108,3,interest_expense,支払利息等,支払利息等の前年差による利益影響,-1,4699.57,3457.52,1242.0499999999997,-1242.0499999999997,REDUCES_PROFIT_CHANGE,-10.06306582211614,CALCULABLE,会計的な利益影響であり因果を示さない,60155.24,42537.72,17617.519999999997,97156.68,67196.5,29960.179999999993,37001.439999999995,24658.78,12342.659999999996,37001.44,24658.78,12342.660000000003,12342.66,3.637978807091713e-12,PASS,PASS,1242.0,-1242.0,12343.0,FORBIDDEN_WITHOUT_EXTERNAL_PRIMARY_EVIDENCE,継続標本のみを用い母集団推計を行うため、本系列に比べサンプルサイズが小さくなる。,営業利益及び経常利益については、標準誤差率の算出は行っていない。,継続標本PDFは利益水準とその符号を公表しないため、売上高と営業利益の増加率から得る利益率方向は代理指標である。
20261,2026年1 - 3 月,108,製造業,25,10億円以上,False,True,False,108,4,other_non_operating_expense,その他の営業外費用,その他の営業外費用の前年差による利益影響,-1,15276.7,19876.43,-4599.73,4599.73,INCREASES_PROFIT_CHANGE,37.2669262541462,CALCULABLE,会計的な利益影響であり因果を示さない,60155.24,42537.72,17617.519999999997,97156.68,67196.5,29960.179999999993,37001.439999999995,24658.78,12342.659999999996,37001.44,24658.78,12342.660000000003,12342.66,3.637978807091713e-12,PASS,PASS,-4600.0,4600.0,12343.0,FORBIDDEN_WITHOUT_EXTERNAL_PRIMARY_EVIDENCE,継続標本のみを用い母集団推計を行うため、本系列に比べサンプルサイズが小さくなる。,営業利益及び経常利益については、標準誤差率の算出は行っていない。,継続標本PDFは利益水準とその符号を公表しないため、売上高と営業利益の増加率から得る利益率方向は代理指標である。
20261,2026年1 - 3 月,108,製造業,26,全規模,False,True,False,108,1,interest_and_dividend_income,受取利息等,受取利息等の前年差による利益影響,1,34476.15,37246.25,-2770.0999999999985,-2770.0999999999985,REDUCES_PROFIT_CHANGE,-25.112503580895602,CALCULABLE,会計的な利益影響であり因果を示さない,88629.4,60876.83,27752.569999999992,129231.15,90447.82,38783.32999999999,40601.75,29570.990000000005,11030.759999999995,40601.75,29570.99,11030.759999999998,11030.759999999998,3.637978807091713e-12,PASS,PASS,-2770.0,-2770.0,11031.0,FORBIDDEN_WITHOUT_EXTERNAL_PRIMARY_EVIDENCE,継続標本のみを用い母集団推計を行うため、本系列に比べサンプルサイズが小さくなる。,営業利益及び経常利益については、標準誤差率の算出は行っていない。,継続標本PDFは利益水準とその符号を公表しないため、売上高と営業利益の増加率から得る利益率方向は代理指標である。
20261,2026年1 - 3 月,108,製造業,26,全規模,False,True,False,108,2,other_non_operating_income,その他の営業外収益,その他の営業外収益の前年差による利益影響,1,32267.37,22291.13,9976.239999999998,9976.239999999998,INCREASES_PROFIT_CHANGE,90.44018725817625,CALCULABLE,原因は統計だけでは特定しない,88629.4,60876.83,27752.569999999992,129231.15,90447.82,38783.32999999999,40601.75,29570.990000000005,11030.759999999995,40601.75,29570.99,11030.759999999998,11030.759999999998,3.637978807091713e-12,PASS,PASS,9976.0,9976.0,11031.0,FORBIDDEN_WITHOUT_EXTERNAL_PRIMARY_EVIDENCE,継続標本のみを用い母集団推計を行うため、本系列に比べサンプルサイズが小さくなる。,営業利益及び経常利益については、標準誤差率の算出は行っていない。,継続標本PDFは利益水準とその符号を公表しないため、売上高と営業利益の増加率から得る利益率方向は代理指標である。
20261,2026年1 - 3 月,108,製造業,26,全規模,False,True,False,108,3,interest_expense,支払利息等,支払利息等の前年差による利益影響,-1,6713.03,5072.78,1640.25,-1640.25,REDUCES_PROFIT_CHANGE,-14.869782317809477,CALCULABLE,会計的な利益影響であり因果を示さない,88629.4,60876.83,27752.569999999992,129231.15,90447.82,38783.32999999999,40601.75,29570.990000000005,11030.759999999995,40601.75,29570.99,11030.759999999998,11030.759999999998,3.637978807091713e-12,PASS,PASS,1640.0,-1640.0,11031.0,FORBIDDEN_WITHOUT_EXTERNAL_PRIMARY_EVIDENCE,継続標本のみを用い母集団推計を行うため、本系列に比べサンプルサイズが小さくなる。,営業利益及び経常利益については、標準誤差率の算出は行っていない。,継続標本PDFは利益水準とその符号を公表しないため、売上高と営業利益の増加率から得る利益率方向は代理指標である。
20261,2026年1 - 3 月,108,製造業,26,全規模,False,True,False,108,4,other_non_operating_expense,その他の営業外費用,その他の営業外費用の前年差による利益影響,-1,19428.74,24893.61,-5464.869999999999,5464.869999999999,INCREASES_PROFIT_CHANGE,49.54209864052886,CALCULABLE,会計的な利益影響であり因果を示さない,88629.4,60876.83,27752.569999999992,129231.15,90447.82,38783.32999999999,40601.75,29570.990000000005,11030.759999999995,40601.75,29570.99,11030.759999999998,11030.759999999998,3.637978807091713e-12,PASS,PASS,-5465.0,5465.0,11031.0,FORBIDDEN_WITHOUT_EXTERNAL_PRIMARY_EVIDENCE,継続標本のみを用い母集団推計を行うため、本系列に比べサンプルサイズが小さくなる。,営業利益及び経常利益については、標準誤差率の算出は行っていない。,継続標本PDFは利益水準とその符号を公表しないため、売上高と営業利益の増加率から得る利益率方向は代理指標である。
20261,2026年1 - 3 月,109,食料品製造業,19,1千万円以上 - 1億円未満,False,False,True,108,1,interest_and_dividend_income,受取利息等,受取利息等の前年差による利益影響,1,92.57,18.64,73.92999999999999,73.92999999999999,INCREASES_PROFIT_CHANGE,20.9089880649358,CALCULABLE,会計的な利益影響であり因果を示さない,-44.97,-764.2,719.23,233.01,-839.8,1072.81,277.98,-75.59999999999991,353.5799999999999,277.97999999999996,-75.60000000000001,353.58,353.58,5.684341886080802e-14,PASS,PASS,74.0,74.0,354.0,FORBIDDEN_WITHOUT_EXTERNAL_PRIMARY_EVIDENCE,継続標本のみを用い母集団推計を行うため、本系列に比べサンプルサイズが小さくなる。,営業利益及び経常利益については、標準誤差率の算出は行っていない。,継続標本PDFは利益水準とその符号を公表しないため、売上高と営業利益の増加率から得る利益率方向は代理指標である。
20261,2026年1 - 3 月,109,食料品製造業,19,1千万円以上 - 1億円未満,False,False,True,108,2,other_non_operating_income,その他の営業外収益,その他の営業外収益の前年差による利益影響,1,527.79,337.05,190.73999999999995,190.73999999999995,INCREASES_PROFIT_CHANGE,53.945358900390296,CALCULABLE,原因は統計だけでは特定しない,-44.97,-764.2,719.23,233.01,-839.8,1072.81,277.98,-75.59999999999991,353.5799999999999,277.97999999999996,-75.60000000000001,353.58,353.58,5.684341886080802e-14,PASS,PASS,191.0,191.0,354.0,FORBIDDEN_WITHOUT_EXTERNAL_PRIMARY_EVIDENCE,継続標本のみを用い母集団推計を行うため、本系列に比べサンプルサイズが小さくなる。,営業利益及び経常利益については、標準誤差率の算出は行っていない。,継続標本PDFは利益水準とその符号を公表しないため、売上高と営業利益の増加率から得る利益率方向は代理指標である。
20261,2026年1 - 3 月,109,食料品製造業,19,1千万円以上 - 1億円未満,False,False,True,108,3,interest_expense,支払利息等,支払利息等の前年差による利益影響,-1,219.23,198.61,20.619999999999976,-20.619999999999976,REDUCES_PROFIT_CHANGE,-5.831777815487295,CALCULABLE,会計的な利益影響であり因果を示さない,-44.97,-764.2,719.23,233.01,-839.8,1072.81,277.98,-75.59999999999991,353.5799999999999,277.97999999999996,-75.60000000000001,353.58,353.58,5.684341886080802e-14,PASS,PASS,21.0,-21.0,354.0,FORBIDDEN_WITHOUT_EXTERNAL_PRIMARY_EVIDENCE,継続標本のみを用い母集団推計を行うため、本系列に比べサンプルサイズが小さくなる。,営業利益及び経常利益については、標準誤差率の算出は行っていない。,継続標本PDFは利益水準とその符号を公表しないため、売上高と営業利益の増加率から得る利益率方向は代理指標である。
20261,2026年1 - 3 月,109,食料品製造業,19,1千万円以上 - 1億円未満,False,False,True,108,4,other_non_operating_expense,その他の営業外費用,その他の営業外費用の前年差による利益影響,-1,123.15,232.68,-109.53,109.53,INCREASES_PROFIT_CHANGE,30.977430850161213,CALCULABLE,会計的な利益影響であり因果を示さない,-44.97,-764.2,719.23,233.01,-839.8,1072.81,277.98,-75.59999999999991,353.5799999999999,277.97999999999996,-75.60000000000001,353.58,353.58,5.684341886080802e-14,PASS,PASS,-110.0,110.0,354.0,FORBIDDEN_WITHOUT_EXTERNAL_PRIMARY_EVIDENCE,継続標本のみを用い母集団推計を行うため、本系列に比べサンプルサイズが小さくなる。,営業利益及び経常利益については、標準誤差率の算出は行っていない。,継続標本PDFは利益水準とその符号を公表しないため、売上高と営業利益の増加率から得る利益率方向は代理指標である。
20261,2026年1 - 3 月,109,食料品製造業,24,1億円以上 - 10億円未満,False,False,True,108,1,interest_and_dividend_income,受取利息等,受取利息等の前年差による利益影響,1,57.02,65.38,-8.359999999999992,-8.359999999999992,REDUCES_PROFIT_CHANGE,1.4465169394746844,CALCULABLE,会計的な利益影響であり因果を示さない,336.18,307.88,28.30000000000001,445.02,994.66,-549.64,108.83999999999997,686.78,-577.94,108.83999999999999,686.78,-577.9399999999999,-577.9399999999999,1.1368683772161603e-13,PASS,PASS,-8.0,-8.0,-577.0,FORBIDDEN_WITHOUT_EXTERNAL_PRIMARY_EVIDENCE,継続標本のみを用い母集団推計を行うため、本系列に比べサンプルサイズが小さくなる。,営業利益及び経常利益については、標準誤差率の算出は行っていない。,継続標本PDFは利益水準とその符号を公表しないため、売上高と営業利益の増加率から得る利益率方向は代理指標である。
20261,2026年1 - 3 月,109,食料品製造業,24,1億円以上 - 10億円未満,False,False,True,108,2,other_non_operating_income,その他の営業外収益,その他の営業外収益の前年差による利益影響,1,212.57,785.33,-572.76,-572.76,REDUCES_PROFIT_CHANGE,99.10371318822023,CALCULABLE,原因は統計だけでは特定しない,336.18,307.88,28.30000000000001,445.02,994.66,-549.64,108.83999999999997,686.78,-577.94,108.83999999999999,686.78,-577.9399999999999,-577.9399999999999,1.1368683772161603e-13,PASS,PASS,-573.0,-573.0,-577.0,FORBIDDEN_WITHOUT_EXTERNAL_PRIMARY_EVIDENCE,継続標本のみを用い母集団推計を行うため、本系列に比べサンプルサイズが小さくなる。,営業利益及び経常利益については、標準誤差率の算出は行っていない。,継続標本PDFは利益水準とその符号を公表しないため、売上高と営業利益の増加率から得る利益率方向は代理指標である。
20261,2026年1 - 3 月,109,食料品製造業,24,1億円以上 - 10億円未満,False,False,True,108,3,interest_expense,支払利息等,支払利息等の前年差による利益影響,-1,60.27,54.84,5.43,-5.43,REDUCES_PROFIT_CHANGE,0.939543897290376,CALCULABLE,会計的な利益影響であり因果を示さない,336.18,307.88,28.30000000000001,445.02,994.66,-549.64,108.83999999999997,686.78,-577.94,108.83999999999999,686.78,-577.9399999999999,-577.9399999999999,1.1368683772161603e-13,PASS,PASS,5.0,-5.0,-577.0,FORBIDDEN_WITHOUT_EXTERNAL_PRIMARY_EVIDENCE,継続標本のみを用い母集団推計を行うため、本系列に比べサンプルサイズが小さくなる。,営業利益及び経常利益については、標準誤差率の算出は行っていない。,継続標本PDFは利益水準とその符号を公表しないため、売上高と営業利益の増加率から得る利益率方向は代理指標である。
20261,2026年1 - 3 月,109,食料品製造業,24,1億円以上 - 10億円未満,False,False,True,108,4,other_non_operating_expense,その他の営業外費用,その他の営業外費用の前年差による利益影響,-1,100.48,109.09,-8.61,8.61,INCREASES_PROFIT_CHANGE,-1.4897740249852922,CALCULABLE,会計的な利益影響であり因果を示さない,336.18,307.88,28.30000000000001,445.02,994.66,-549.64,108.83999999999997,686.78,-577.94,108.83999999999999,686.78,-577.9399999999999,-577.9399999999999,1.1368683772161603e-13,PASS,PASS,-9.0,9.0,-577.0,FORBIDDEN_WITHOUT_EXTERNAL_PRIMARY_EVIDENCE,継続標本のみを用い母集団推計を行うため、本系列に比べサンプルサイズが小さくなる。,営業利益及び経常利益については、標準誤差率の算出は行っていない。,継続標本PDFは利益水準とその符号を公表しないため、売上高と営業利益の増加率から得る利益率方向は代理指標である。
20261,2026年1 - 3 月,109,食料品製造業,25,10億円以上,False,False,True,108,1,interest_and_dividend_income,受取利息等,受取利息等の前年差による利益影響,1,1633.68,2071.7,-438.01999999999975,-438.01999999999975,REDUCES_PROFIT_CHANGE,252.47564701135397,CALCULABLE,会計的な利益影響であり因果を示さない,2062.5,1457.49,605.01,4298.28,3866.76,431.5199999999995,2235.7799999999997,2409.2700000000004,-173.4900000000007,2235.78,2409.27,-173.48999999999978,-173.48999999999967,1.0231815394945443e-12,PASS,PASS,-438.0,-438.0,-174.0,FORBIDDEN_WITHOUT_EXTERNAL_PRIMARY_EVIDENCE,継続標本のみを用い母集団推計を行うため、本系列に比べサンプルサイズが小さくなる。,営業利益及び経常利益については、標準誤差率の算出は行っていない。,継続標本PDFは利益水準とその符号を公表しないため、売上高と営業利益の増加率から得る利益率方向は代理指標である。
20261,2026年1 - 3 月,109,食料品製造業,25,10億円以上,False,False,True,108,2,other_non_operating_income,その他の営業外収益,その他の営業外収益の前年差による利益影響,1,1068.2,1171.75,-103.54999999999995,-103.54999999999995,REDUCES_PROFIT_CHANGE,59.68643725863135,CALCULABLE,原因は統計だけでは特定しない,2062.5,1457.49,605.01,4298.28,3866.76,431.5199999999995,2235.7799999999997,2409.2700000000004,-173.4900000000007,2235.78,2409.27,-173.48999999999978,-173.48999999999967,1.0231815394945443e-12,PASS,PASS,-104.0,-104.0,-174.0,FORBIDDEN_WITHOUT_EXTERNAL_PRIMARY_EVIDENCE,継続標本のみを用い母集団推計を行うため、本系列に比べサンプルサイズが小さくなる。,営業利益及び経常利益については、標準誤差率の算出は行っていない。,継続標本PDFは利益水準とその符号を公表しないため、売上高と営業利益の増加率から得る利益率方向は代理指標である。
20261,2026年1 - 3 月,109,食料品製造業,25,10億円以上,False,False,True,108,3,interest_expense,支払利息等,支払利息等の前年差による利益影響,-1,231.85,99.08,132.76999999999998,-132.76999999999998,REDUCES_PROFIT_CHANGE,76.52890656521959,CALCULABLE,会計的な利益影響であり因果を示さない,2062.5,1457.49,605.01,4298.28,3866.76,431.5199999999995,2235.7799999999997,2409.2700000000004,-173.4900000000007,2235.78,2409.27,-173.48999999999978,-173.48999999999967,1.0231815394945443e-12,PASS,PASS,133.0,-133.0,-174.0,FORBIDDEN_WITHOUT_EXTERNAL_PRIMARY_EVIDENCE,継続標本のみを用い母集団推計を行うため、本系列に比べサンプルサイズが小さくなる。,営業利益及び経常利益については、標準誤差率の算出は行っていない。,継続標本PDFは利益水準とその符号を公表しないため、売上高と営業利益の増加率から得る利益率方向は代理指標である。
20261,2026年1 - 3 月,109,食料品製造業,25,10億円以上,False,False,True,108,4,other_non_operating_expense,その他の営業外費用,その他の営業外費用の前年差による利益影響,-1,234.25,735.1,-500.85,500.85,INCREASES_PROFIT_CHANGE,-288.6909908352055,CALCULABLE,会計的な利益影響であり因果を示さない,2062.5,1457.49,605.01,4298.28,3866.76,431.5199999999995,2235.7799999999997,2409.2700000000004,-173.4900000000007,2235.78,2409.27,-173.48999999999978,-173.48999999999967,1.0231815394945443e-12,PASS,PASS,-501.0,501.0,-174.0,FORBIDDEN_WITHOUT_EXTERNAL_PRIMARY_EVIDENCE,継続標本のみを用い母集団推計を行うため、本系列に比べサンプルサイズが小さくなる。,営業利益及び経常利益については、標準誤差率の算出は行っていない。,継続標本PDFは利益水準とその符号を公表しないため、売上高と営業利益の増加率から得る利益率方向は代理指標である。
20261,2026年1 - 3 月,109,食料品製造業,26,全規模,False,False,True,108,1,interest_and_dividend_income,受取利息等,受取利息等の前年差による利益影響,1,1783.27,2155.72,-372.4499999999998,-372.4499999999998,REDUCES_PROFIT_CHANGE,93.6156843031294,CALCULABLE,会計的な利益影響であり因果を示さない,2353.71,1001.17,1352.54,4976.31,4021.62,954.6900000000005,2622.6000000000004,3020.45,-397.84999999999945,2622.6,3020.45,-397.8499999999999,-397.85000000000014,-6.821210263296962e-13,PASS,PASS,-372.0,-372.0,-398.0,FORBIDDEN_WITHOUT_EXTERNAL_PRIMARY_EVIDENCE,継続標本のみを用い母集団推計を行うため、本系列に比べサンプルサイズが小さくなる。,営業利益及び経常利益については、標準誤差率の算出は行っていない。,継続標本PDFは利益水準とその符号を公表しないため、売上高と営業利益の増加率から得る利益率方向は代理指標である。
20261,2026年1 - 3 月,109,食料品製造業,26,全規模,False,False,True,108,2,other_non_operating_income,その他の営業外収益,その他の営業外収益の前年差による利益影響,1,1808.56,2294.13,-485.57000000000016,-485.57000000000016,REDUCES_PROFIT_CHANGE,122.04851074525595,CALCULABLE,原因は統計だけでは特定しない,2353.71,1001.17,1352.54,4976.31,4021.62,954.6900000000005,2622.6000000000004,3020.45,-397.84999999999945,2622.6,3020.45,-397.8499999999999,-397.85000000000014,-6.821210263296962e-13,PASS,PASS,-486.0,-486.0,-398.0,FORBIDDEN_WITHOUT_EXTERNAL_PRIMARY_EVIDENCE,継続標本のみを用い母集団推計を行うため、本系列に比べサンプルサイズが小さくなる。,営業利益及び経常利益については、標準誤差率の算出は行っていない。,継続標本PDFは利益水準とその符号を公表しないため、売上高と営業利益の増加率から得る利益率方向は代理指標である。
20261,2026年1 - 3 月,109,食料品製造業,26,全規模,False,False,True,108,3,interest_expense,支払利息等,支払利息等の前年差による利益影響,-1,511.35,352.53,158.82000000000005,-158.82000000000005,REDUCES_PROFIT_CHANGE,39.919567676259966,CALCULABLE,会計的な利益影響であり因果を示さない,2353.71,1001.17,1352.54,4976.31,4021.62,954.6900000000005,2622.6000000000004,3020.45,-397.84999999999945,2622.6,3020.45,-397.8499999999999,-397.85000000000014,-6.821210263296962e-13,PASS,PASS,159.0,-159.0,-398.0,FORBIDDEN_WITHOUT_EXTERNAL_PRIMARY_EVIDENCE,継続標本のみを用い母集団推計を行うため、本系列に比べサンプルサイズが小さくなる。,営業利益及び経常利益については、標準誤差率の算出は行っていない。,継続標本PDFは利益水準とその符号を公表しないため、売上高と営業利益の増加率から得る利益率方向は代理指標である。
20261,2026年1 - 3 月,109,食料品製造業,26,全規模,False,False,True,108,4,other_non_operating_expense,その他の営業外費用,その他の営業外費用の前年差による利益影響,-1,457.88,1076.87,-618.9899999999999,618.9899999999999,INCREASES_PROFIT_CHANGE,-155.58376272464517,CALCULABLE,会計的な利益影響であり因果を示さない,2353.71,1001.17,1352.54,4976.31,4021.62,954.6900000000005,2622.6000000000004,3020.45,-397.84999999999945,2622.6,3020.45,-397.8499999999999,-397.85000000000014,-6.821210263296962e-13,PASS,PASS,-619.0,619.0,-398.0,FORBIDDEN_WITHOUT_EXTERNAL_PRIMARY_EVIDENCE,継続標本のみを用い母集団推計を行うため、本系列に比べサンプルサイズが小さくなる。,営業利益及び経常利益については、標準誤差率の算出は行っていない。,継続標本PDFは利益水準とその符号を公表しないため、売上高と営業利益の増加率から得る利益率方向は代理指標である。
20261,2026年1 - 3 月,110,繊維工業,19,1千万円以上 - 1億円未満,False,False,True,108,1,interest_and_dividend_income,受取利息等,受取利息等の前年差による利益影響,1,18.96,39.78,-20.82,-20.82,REDUCES_PROFIT_CHANGE,-14.603352739005397,CALCULABLE,会計的な利益影響であり因果を示さない,869.69,514.65,355.0400000000001,1050.41,552.8,497.6100000000001,180.72000000000003,38.14999999999998,142.57000000000005,180.72000000000003,38.150000000000006,142.57000000000002,142.57000000000002,-2.842170943040401e-14,PASS,PASS,-21.0,-21.0,142.0,FORBIDDEN_WITHOUT_EXTERNAL_PRIMARY_EVIDENCE,継続標本のみを用い母集団推計を行うため、本系列に比べサンプルサイズが小さくなる。,営業利益及び経常利益については、標準誤差率の算出は行っていない。,継続標本PDFは利益水準とその符号を公表しないため、売上高と営業利益の増加率から得る利益率方向は代理指標である。
20261,2026年1 - 3 月,110,繊維工業,19,1千万円以上 - 1億円未満,False,False,True,108,2,other_non_operating_income,その他の営業外収益,その他の営業外収益の前年差による利益影響,1,276.05,238.19,37.860000000000014,37.860000000000014,INCREASES_PROFIT_CHANGE,26.555376306375816,CALCULABLE,原因は統計だけでは特定しない,869.69,514.65,355.0400000000001,1050.41,552.8,497.6100000000001,180.72000000000003,38.14999999999998,142.57000000000005,180.72000000000003,38.150000000000006,142.57000000000002,142.57000000000002,-2.842170943040401e-14,PASS,PASS,38.0,38.0,142.0,FORBIDDEN_WITHOUT_EXTERNAL_PRIMARY_EVIDENCE,継続標本のみを用い母集団推計を行うため、本系列に比べサンプルサイズが小さくなる。,営業利益及び経常利益については、標準誤差率の算出は行っていない。,継続標本PDFは利益水準とその符号を公表しないため、売上高と営業利益の増加率から得る利益率方向は代理指標である。
20261,2026年1 - 3 月,110,繊維工業,19,1千万円以上 - 1億円未満,False,False,True,108,3,interest_expense,支払利息等,支払利息等の前年差による利益影響,-1,76.25,66.43,9.819999999999993,-9.819999999999993,REDUCES_PROFIT_CHANGE,-6.887844567580831,CALCULABLE,会計的な利益影響であり因果を示さない,869.69,514.65,355.0400000000001,1050.41,552.8,497.6100000000001,180.72000000000003,38.14999999999998,142.57000000000005,180.72000000000003,38.150000000000006,142.57000000000002,142.57000000000002,-2.842170943040401e-14,PASS,PASS,10.0,-10.0,142.0,FORBIDDEN_WITHOUT_EXTERNAL_PRIMARY_EVIDENCE,継続標本のみを用い母集団推計を行うため、本系列に比べサンプルサイズが小さくなる。,営業利益及び経常利益については、標準誤差率の算出は行っていない。,継続標本PDFは利益水準とその符号を公表しないため、売上高と営業利益の増加率から得る利益率方向は代理指標である。
20261,2026年1 - 3 月,110,繊維工業,19,1千万円以上 - 1億円未満,False,False,True,108,4,other_non_operating_expense,その他の営業外費用,その他の営業外費用の前年差による利益影響,-1,38.04,173.39,-135.35,135.35,INCREASES_PROFIT_CHANGE,94.93582100021038,CALCULABLE,会計的な利益影響であり因果を示さない,869.69,514.65,355.0400000000001,1050.41,552.8,497.6100000000001,180.72000000000003,38.14999999999998,142.57000000000005,180.72000000000003,38.150000000000006,142.57000000000002,142.57000000000002,-2.842170943040401e-14,PASS,PASS,-135.0,135.0,142.0,FORBIDDEN_WITHOUT_EXTERNAL_PRIMARY_EVIDENCE,継続標本のみを用い母集団推計を行うため、本系列に比べサンプルサイズが小さくなる。,営業利益及び経常利益については、標準誤差率の算出は行っていない。,継続標本PDFは利益水準とその符号を公表しないため、売上高と営業利益の増加率から得る利益率方向は代理指標である。
20261,2026年1 - 3 月,110,繊維工業,24,1億円以上 - 10億円未満,False,False,True,108,1,interest_and_dividend_income,受取利息等,受取利息等の前年差による利益影響,1,8.86,35.95,-27.090000000000003,-27.090000000000003,REDUCES_PROFIT_CHANGE,30.69688385269122,CALCULABLE,会計的な利益影響であり因果を示さない,261.36,163.14,98.22000000000003,248.61,238.64,9.970000000000027,-12.75,75.5,-88.25,-12.750000000000005,75.5,-88.25,-88.25,0.0,PASS,PASS,-27.0,-27.0,-88.0,FORBIDDEN_WITHOUT_EXTERNAL_PRIMARY_EVIDENCE,継続標本のみを用い母集団推計を行うため、本系列に比べサンプルサイズが小さくなる。,営業利益及び経常利益については、標準誤差率の算出は行っていない。,継続標本PDFは利益水準とその符号を公表しないため、売上高と営業利益の増加率から得る利益率方向は代理指標である。
20261,2026年1 - 3 月,110,繊維工業,24,1億円以上 - 10億円未満,False,False,True,108,2,other_non_operating_income,その他の営業外収益,その他の営業外収益の前年差による利益影響,1,47.05,82.35,-35.3,-35.3,REDUCES_PROFIT_CHANGE,40.0,CALCULABLE,原因は統計だけでは特定しない,261.36,163.14,98.22000000000003,248.61,238.64,9.970000000000027,-12.75,75.5,-88.25,-12.750000000000005,75.5,-88.25,-88.25,0.0,PASS,PASS,-35.0,-35.0,-88.0,FORBIDDEN_WITHOUT_EXTERNAL_PRIMARY_EVIDENCE,継続標本のみを用い母集団推計を行うため、本系列に比べサンプルサイズが小さくなる。,営業利益及び経常利益については、標準誤差率の算出は行っていない。,継続標本PDFは利益水準とその符号を公表しないため、売上高と営業利益の増加率から得る利益率方向は代理指標である。
20261,2026年1 - 3 月,110,繊維工業,24,1億円以上 - 10億円未満,False,False,True,108,3,interest_expense,支払利息等,支払利息等の前年差による利益影響,-1,12.28,13.22,-0.9400000000000013,0.9400000000000013,INCREASES_PROFIT_CHANGE,-1.0651558073654406,CALCULABLE,会計的な利益影響であり因果を示さない,261.36,163.14,98.22000000000003,248.61,238.64,9.970000000000027,-12.75,75.5,-88.25,-12.750000000000005,75.5,-88.25,-88.25,0.0,PASS,PASS,-1.0,1.0,-88.0,FORBIDDEN_WITHOUT_EXTERNAL_PRIMARY_EVIDENCE,継続標本のみを用い母集団推計を行うため、本系列に比べサンプルサイズが小さくなる。,営業利益及び経常利益については、標準誤差率の算出は行っていない。,継続標本PDFは利益水準とその符号を公表しないため、売上高と営業利益の増加率から得る利益率方向は代理指標である。
20261,2026年1 - 3 月,110,繊維工業,24,1億円以上 - 10億円未満,False,False,True,108,4,other_non_operating_expense,その他の営業外費用,その他の営業外費用の前年差による利益影響,-1,56.38,29.58,26.800000000000004,-26.800000000000004,REDUCES_PROFIT_CHANGE,30.368271954674224,CALCULABLE,会計的な利益影響であり因果を示さない,261.36,163.14,98.22000000000003,248.61,238.64,9.970000000000027,-12.75,75.5,-88.25,-12.750000000000005,75.5,-88.25,-88.25,0.0,PASS,PASS,27.0,-27.0,-88.0,FORBIDDEN_WITHOUT_EXTERNAL_PRIMARY_EVIDENCE,継続標本のみを用い母集団推計を行うため、本系列に比べサンプルサイズが小さくなる。,営業利益及び経常利益については、標準誤差率の算出は行っていない。,継続標本PDFは利益水準とその符号を公表しないため、売上高と営業利益の増加率から得る利益率方向は代理指標である。
20261,2026年1 - 3 月,110,繊維工業,25,10億円以上,False,False,True,108,1,interest_and_dividend_income,受取利息等,受取利息等の前年差による利益影響,1,477.05,231.52,245.53,245.53,INCREASES_PROFIT_CHANGE,89.39416005242848,CALCULABLE,会計的な利益影響であり因果を示さない,230.83,96.1,134.73000000000002,773.25,363.86,409.39,542.42,267.76,274.65999999999997,542.4200000000001,267.76,274.6600000000001,274.66,5.684341886080802e-14,PASS,PASS,246.0,246.0,275.0,FORBIDDEN_WITHOUT_EXTERNAL_PRIMARY_EVIDENCE,継続標本のみを用い母集団推計を行うため、本系列に比べサンプルサイズが小さくなる。,営業利益及び経常利益については、標準誤差率の算出は行っていない。,継続標本PDFは利益水準とその符号を公表しないため、売上高と営業利益の増加率から得る利益率方向は代理指標である。
20261,2026年1 - 3 月,110,繊維工業,25,10億円以上,False,False,True,108,2,other_non_operating_income,その他の営業外収益,その他の営業外収益の前年差による利益影響,1,136.24,126.17,10.070000000000007,10.070000000000007,INCREASES_PROFIT_CHANGE,3.6663511250273095,CALCULABLE,原因は統計だけでは特定しない,230.83,96.1,134.73000000000002,773.25,363.86,409.39,542.42,267.76,274.65999999999997,542.4200000000001,267.76,274.6600000000001,274.66,5.684341886080802e-14,PASS,PASS,10.0,10.0,275.0,FORBIDDEN_WITHOUT_EXTERNAL_PRIMARY_EVIDENCE,継続標本のみを用い母集団推計を行うため、本系列に比べサンプルサイズが小さくなる。,営業利益及び経常利益については、標準誤差率の算出は行っていない。,継続標本PDFは利益水準とその符号を公表しないため、売上高と営業利益の増加率から得る利益率方向は代理指標である。
20261,2026年1 - 3 月,110,繊維工業,25,10億円以上,False,False,True,108,3,interest_expense,支払利息等,支払利息等の前年差による利益影響,-1,30.12,30.38,-0.259999999999998,0.259999999999998,INCREASES_PROFIT_CHANGE,0.09466249180805288,CALCULABLE,会計的な利益影響であり因果を示さない,230.83,96.1,134.73000000000002,773.25,363.86,409.39,542.42,267.76,274.65999999999997,542.4200000000001,267.76,274.6600000000001,274.66,5.684341886080802e-14,PASS,PASS,-0.0,0.0,275.0,FORBIDDEN_WITHOUT_EXTERNAL_PRIMARY_EVIDENCE,継続標本のみを用い母集団推計を行うため、本系列に比べサンプルサイズが小さくなる。,営業利益及び経常利益については、標準誤差率の算出は行っていない。,継続標本PDFは利益水準とその符号を公表しないため、売上高と営業利益の増加率から得る利益率方向は代理指標である。
20261,2026年1 - 3 月,110,繊維工業,25,10億円以上,False,False,True,108,4,other_non_operating_expense,その他の営業外費用,その他の営業外費用の前年差による利益影響,-1,40.75,59.55,-18.799999999999997,18.799999999999997,INCREASES_PROFIT_CHANGE,6.844826330736183,CALCULABLE,会計的な利益影響であり因果を示さない,230.83,96.1,134.73000000000002,773.25,363.86,409.39,542.42,267.76,274.65999999999997,542.4200000000001,267.76,274.6600000000001,274.66,5.684341886080802e-14,PASS,PASS,-19.0,19.0,275.0,FORBIDDEN_WITHOUT_EXTERNAL_PRIMARY_EVIDENCE,継続標本のみを用い母集団推計を行うため、本系列に比べサンプルサイズが小さくなる。,営業利益及び経常利益については、標準誤差率の算出は行っていない。,継続標本PDFは利益水準とその符号を公表しないため、売上高と営業利益の増加率から得る利益率方向は代理指標である。
20261,2026年1 - 3 月,110,繊維工業,26,全規模,False,False,True,108,1,interest_and_dividend_income,受取利息等,受取利息等の前年差による利益影響,1,504.87,307.25,197.62,197.62,INCREASES_PROFIT_CHANGE,60.07052100431639,CALCULABLE,会計的な利益影響であり因果を示さない,1361.88,773.89,587.9900000000001,2072.27,1155.3,916.97,710.3899999999999,381.40999999999997,328.9799999999999,710.39,381.40999999999997,328.98,328.98,1.1368683772161603e-13,PASS,PASS,198.0,198.0,329.0,FORBIDDEN_WITHOUT_EXTERNAL_PRIMARY_EVIDENCE,継続標本のみを用い母集団推計を行うため、本系列に比べサンプルサイズが小さくなる。,営業利益及び経常利益については、標準誤差率の算出は行っていない。,継続標本PDFは利益水準とその符号を公表しないため、売上高と営業利益の増加率から得る利益率方向は代理指標である。
20261,2026年1 - 3 月,110,繊維工業,26,全規模,False,False,True,108,2,other_non_operating_income,その他の営業外収益,その他の営業外収益の前年差による利益影響,1,459.34,446.71,12.629999999999995,12.629999999999995,INCREASES_PROFIT_CHANGE,3.8391391573955858,CALCULABLE,原因は統計だけでは特定しない,1361.88,773.89,587.9900000000001,2072.27,1155.3,916.97,710.3899999999999,381.40999999999997,328.9799999999999,710.39,381.40999999999997,328.98,328.98,1.1368683772161603e-13,PASS,PASS,13.0,13.0,329.0,FORBIDDEN_WITHOUT_EXTERNAL_PRIMARY_EVIDENCE,継続標本のみを用い母集団推計を行うため、本系列に比べサンプルサイズが小さくなる。,営業利益及び経常利益については、標準誤差率の算出は行っていない。,継続標本PDFは利益水準とその符号を公表しないため、売上高と営業利益の増加率から得る利益率方向は代理指標である。
20261,2026年1 - 3 月,110,繊維工業,26,全規模,False,False,True,108,3,interest_expense,支払利息等,支払利息等の前年差による利益影響,-1,118.65,110.03,8.620000000000005,-8.620000000000005,REDUCES_PROFIT_CHANGE,-2.6202200741686448,CALCULABLE,会計的な利益影響であり因果を示さない,1361.88,773.89,587.9900000000001,2072.27,1155.3,916.97,710.3899999999999,381.40999999999997,328.9799999999999,710.39,381.40999999999997,328.98,328.98,1.1368683772161603e-13,PASS,PASS,9.0,-9.0,329.0,FORBIDDEN_WITHOUT_EXTERNAL_PRIMARY_EVIDENCE,継続標本のみを用い母集団推計を行うため、本系列に比べサンプルサイズが小さくなる。,営業利益及び経常利益については、標準誤差率の算出は行っていない。,継続標本PDFは利益水準とその符号を公表しないため、売上高と営業利益の増加率から得る利益率方向は代理指標である。
20261,2026年1 - 3 月,110,繊維工業,26,全規模,False,False,True,108,4,other_non_operating_expense,その他の営業外費用,その他の営業外費用の前年差による利益影響,-1,135.17,262.52,-127.35,127.35,INCREASES_PROFIT_CHANGE,38.710559912456695,CALCULABLE,会計的な利益影響であり因果を示さない,1361.88,773.89,587.9900000000001,2072.27,1155.3,916.97,710.3899999999999,381.40999999999997,328.9799999999999,710.39,381.40999999999997,328.98,328.98,1.1368683772161603e-13,PASS,PASS,-127.0,127.0,329.0,FORBIDDEN_WITHOUT_EXTERNAL_PRIMARY_EVIDENCE,継続標本のみを用い母集団推計を行うため、本系列に比べサンプルサイズが小さくなる。,営業利益及び経常利益については、標準誤差率の算出は行っていない。,継続標本PDFは利益水準とその符号を公表しないため、売上高と営業利益の増加率から得る利益率方向は代理指標である。
20261,2026年1 - 3 月,112,木材・木製品製造業,19,1千万円以上 - 1億円未満,False,False,True,108,1,interest_and_dividend_income,受取利息等,受取利息等の前年差による利益影響,1,5.8,4.97,0.8300000000000001,0.8300000000000001,INCREASES_PROFIT_CHANGE,0.6558154235145385,CALCULABLE,会計的な利益影響であり因果を示さない,205.2,169.87,35.329999999999984,240.41,78.52,161.89,35.21000000000001,-91.35000000000001,126.56000000000002,35.21,-91.35,126.56,126.56,-1.4210854715202004e-14,PASS,PASS,1.0,1.0,127.0,FORBIDDEN_WITHOUT_EXTERNAL_PRIMARY_EVIDENCE,継続標本のみを用い母集団推計を行うため、本系列に比べサンプルサイズが小さくなる。,営業利益及び経常利益については、標準誤差率の算出は行っていない。,継続標本PDFは利益水準とその符号を公表しないため、売上高と営業利益の増加率から得る利益率方向は代理指標である。
20261,2026年1 - 3 月,112,木材・木製品製造業,19,1千万円以上 - 1億円未満,False,False,True,108,2,other_non_operating_income,その他の営業外収益,その他の営業外収益の前年差による利益影響,1,55.72,33.1,22.619999999999997,22.619999999999997,INCREASES_PROFIT_CHANGE,17.872945638432363,CALCULABLE,原因は統計だけでは特定しない,205.2,169.87,35.329999999999984,240.41,78.52,161.89,35.21000000000001,-91.35000000000001,126.56000000000002,35.21,-91.35,126.56,126.56,-1.4210854715202004e-14,PASS,PASS,23.0,23.0,127.0,FORBIDDEN_WITHOUT_EXTERNAL_PRIMARY_EVIDENCE,継続標本のみを用い母集団推計を行うため、本系列に比べサンプルサイズが小さくなる。,営業利益及び経常利益については、標準誤差率の算出は行っていない。,継続標本PDFは利益水準とその符号を公表しないため、売上高と営業利益の増加率から得る利益率方向は代理指標である。
20261,2026年1 - 3 月,112,木材・木製品製造業,19,1千万円以上 - 1億円未満,False,False,True,108,3,interest_expense,支払利息等,支払利息等の前年差による利益影響,-1,21.08,13.06,8.019999999999998,-8.019999999999998,REDUCES_PROFIT_CHANGE,-6.336915297092285,CALCULABLE,会計的な利益影響であり因果を示さない,205.2,169.87,35.329999999999984,240.41,78.52,161.89,35.21000000000001,-91.35000000000001,126.56000000000002,35.21,-91.35,126.56,126.56,-1.4210854715202004e-14,PASS,PASS,8.0,-8.0,127.0,FORBIDDEN_WITHOUT_EXTERNAL_PRIMARY_EVIDENCE,継続標本のみを用い母集団推計を行うため、本系列に比べサンプルサイズが小さくなる。,営業利益及び経常利益については、標準誤差率の算出は行っていない。,継続標本PDFは利益水準とその符号を公表しないため、売上高と営業利益の増加率から得る利益率方向は代理指標である。
20261,2026年1 - 3 月,112,木材・木製品製造業,19,1千万円以上 - 1億円未満,False,False,True,108,4,other_non_operating_expense,その他の営業外費用,その他の営業外費用の前年差による利益影響,-1,5.23,116.36,-111.13,111.13,INCREASES_PROFIT_CHANGE,87.80815423514538,CALCULABLE,会計的な利益影響であり因果を示さない,205.2,169.87,35.329999999999984,240.41,78.52,161.89,35.21000000000001,-91.35000000000001,126.56000000000002,35.21,-91.35,126.56,126.56,-1.4210854715202004e-14,PASS,PASS,-111.0,111.0,127.0,FORBIDDEN_WITHOUT_EXTERNAL_PRIMARY_EVIDENCE,継続標本のみを用い母集団推計を行うため、本系列に比べサンプルサイズが小さくなる。,営業利益及び経常利益については、標準誤差率の算出は行っていない。,継続標本PDFは利益水準とその符号を公表しないため、売上高と営業利益の増加率から得る利益率方向は代理指標である。
20261,2026年1 - 3 月,112,木材・木製品製造業,24,1億円以上 - 10億円未満,False,False,True,108,1,interest_and_dividend_income,受取利息等,受取利息等の前年差による利益影響,1,2.71,3.03,-0.31999999999999984,-0.31999999999999984,REDUCES_PROFIT_CHANGE,22.857142857142872,CALCULABLE,会計的な利益影響であり因果を示さない,43.83,31.32,12.509999999999998,51.96,40.85,11.11,8.130000000000003,9.530000000000001,-1.3999999999999986,8.130000000000003,9.529999999999998,-1.399999999999995,-1.3999999999999964,2.220446049250313e-15,PASS,PASS,-0.0,-0.0,-2.0,FORBIDDEN_WITHOUT_EXTERNAL_PRIMARY_EVIDENCE,継続標本のみを用い母集団推計を行うため、本系列に比べサンプルサイズが小さくなる。,営業利益及び経常利益については、標準誤差率の算出は行っていない。,継続標本PDFは利益水準とその符号を公表しないため、売上高と営業利益の増加率から得る利益率方向は代理指標である。
20261,2026年1 - 3 月,112,木材・木製品製造業,24,1億円以上 - 10億円未満,False,False,True,108,2,other_non_operating_income,その他の営業外収益,その他の営業外収益の前年差による利益影響,1,16.35,16.9,-0.5499999999999972,-0.5499999999999972,REDUCES_PROFIT_CHANGE,39.28571428571412,CALCULABLE,原因は統計だけでは特定しない,43.83,31.32,12.509999999999998,51.96,40.85,11.11,8.130000000000003,9.530000000000001,-1.3999999999999986,8.130000000000003,9.529999999999998,-1.399999999999995,-1.3999999999999964,2.220446049250313e-15,PASS,PASS,-1.0,-1.0,-2.0,FORBIDDEN_WITHOUT_EXTERNAL_PRIMARY_EVIDENCE,継続標本のみを用い母集団推計を行うため、本系列に比べサンプルサイズが小さくなる。,営業利益及び経常利益については、標準誤差率の算出は行っていない。,継続標本PDFは利益水準とその符号を公表しないため、売上高と営業利益の増加率から得る利益率方向は代理指標である。
20261,2026年1 - 3 月,112,木材・木製品製造業,24,1億円以上 - 10億円未満,False,False,True,108,3,interest_expense,支払利息等,支払利息等の前年差による利益影響,-1,5.8,5.86,-0.0600000000000005,0.0600000000000005,INCREASES_PROFIT_CHANGE,-4.2857142857143256,CALCULABLE,会計的な利益影響であり因果を示さない,43.83,31.32,12.509999999999998,51.96,40.85,11.11,8.130000000000003,9.530000000000001,-1.3999999999999986,8.130000000000003,9.529999999999998,-1.399999999999995,-1.3999999999999964,2.220446049250313e-15,PASS,PASS,-0.0,0.0,-2.0,FORBIDDEN_WITHOUT_EXTERNAL_PRIMARY_EVIDENCE,継続標本のみを用い母集団推計を行うため、本系列に比べサンプルサイズが小さくなる。,営業利益及び経常利益については、標準誤差率の算出は行っていない。,継続標本PDFは利益水準とその符号を公表しないため、売上高と営業利益の増加率から得る利益率方向は代理指標である。
20261,2026年1 - 3 月,112,木材・木製品製造業,24,1億円以上 - 10億円未満,False,False,True,108,4,other_non_operating_expense,その他の営業外費用,その他の営業外費用の前年差による利益影響,-1,5.13,4.54,0.5899999999999999,-0.5899999999999999,REDUCES_PROFIT_CHANGE,42.142857142857174,CALCULABLE,会計的な利益影響であり因果を示さない,43.83,31.32,12.509999999999998,51.96,40.85,11.11,8.130000000000003,9.530000000000001,-1.3999999999999986,8.130000000000003,9.529999999999998,-1.399999999999995,-1.3999999999999964,2.220446049250313e-15,PASS,PASS,1.0,-1.0,-2.0,FORBIDDEN_WITHOUT_EXTERNAL_PRIMARY_EVIDENCE,継続標本のみを用い母集団推計を行うため、本系列に比べサンプルサイズが小さくなる。,営業利益及び経常利益については、標準誤差率の算出は行っていない。,継続標本PDFは利益水準とその符号を公表しないため、売上高と営業利益の増加率から得る利益率方向は代理指標である。
20261,2026年1 - 3 月,112,木材・木製品製造業,25,10億円以上,False,False,True,108,1,interest_and_dividend_income,受取利息等,受取利息等の前年差による利益影響,1,18.69,11.73,6.960000000000001,6.960000000000001,INCREASES_PROFIT_CHANGE,39.34426229508197,CALCULABLE,会計的な利益影響であり因果を示さない,4.63,5.53,-0.9000000000000004,22.3,5.51,16.79,17.67,-0.020000000000000462,17.69,17.67,-0.019999999999998908,17.69,17.69,0.0,PASS,PASS,7.0,7.0,18.0,FORBIDDEN_WITHOUT_EXTERNAL_PRIMARY_EVIDENCE,継続標本のみを用い母集団推計を行うため、本系列に比べサンプルサイズが小さくなる。,営業利益及び経常利益については、標準誤差率の算出は行っていない。,継続標本PDFは利益水準とその符号を公表しないため、売上高と営業利益の増加率から得る利益率方向は代理指標である。
20261,2026年1 - 3 月,112,木材・木製品製造業,25,10億円以上,False,False,True,108,2,other_non_operating_income,その他の営業外収益,その他の営業外収益の前年差による利益影響,1,12.9,5.04,7.86,7.86,INCREASES_PROFIT_CHANGE,44.43188241944601,CALCULABLE,原因は統計だけでは特定しない,4.63,5.53,-0.9000000000000004,22.3,5.51,16.79,17.67,-0.020000000000000462,17.69,17.67,-0.019999999999998908,17.69,17.69,0.0,PASS,PASS,8.0,8.0,18.0,FORBIDDEN_WITHOUT_EXTERNAL_PRIMARY_EVIDENCE,継続標本のみを用い母集団推計を行うため、本系列に比べサンプルサイズが小さくなる。,営業利益及び経常利益については、標準誤差率の算出は行っていない。,継続標本PDFは利益水準とその符号を公表しないため、売上高と営業利益の増加率から得る利益率方向は代理指標である。
20261,2026年1 - 3 月,112,木材・木製品製造業,25,10億円以上,False,False,True,108,3,interest_expense,支払利息等,支払利息等の前年差による利益影響,-1,2.86,1.93,0.9299999999999999,-0.9299999999999999,REDUCES_PROFIT_CHANGE,-5.257207461842849,CALCULABLE,会計的な利益影響であり因果を示さない,4.63,5.53,-0.9000000000000004,22.3,5.51,16.79,17.67,-0.020000000000000462,17.69,17.67,-0.019999999999998908,17.69,17.69,0.0,PASS,PASS,1.0,-1.0,18.0,FORBIDDEN_WITHOUT_EXTERNAL_PRIMARY_EVIDENCE,継続標本のみを用い母集団推計を行うため、本系列に比べサンプルサイズが小さくなる。,営業利益及び経常利益については、標準誤差率の算出は行っていない。,継続標本PDFは利益水準とその符号を公表しないため、売上高と営業利益の増加率から得る利益率方向は代理指標である。
20261,2026年1 - 3 月,112,木材・木製品製造業,25,10億円以上,False,False,True,108,4,other_non_operating_expense,その他の営業外費用,その他の営業外費用の前年差による利益影響,-1,11.06,14.86,-3.799999999999999,3.799999999999999,INCREASES_PROFIT_CHANGE,21.481062747314862,CALCULABLE,会計的な利益影響であり因果を示さない,4.63,5.53,-0.9000000000000004,22.3,5.51,16.79,17.67,-0.020000000000000462,17.69,17.67,-0.019999999999998908,17.69,17.69,0.0,PASS,PASS,-4.0,4.0,18.0,FORBIDDEN_WITHOUT_EXTERNAL_PRIMARY_EVIDENCE,継続標本のみを用い母集団推計を行うため、本系列に比べサンプルサイズが小さくなる。,営業利益及び経常利益については、標準誤差率の算出は行っていない。,継続標本PDFは利益水準とその符号を公表しないため、売上高と営業利益の増加率から得る利益率方向は代理指標である。
20261,2026年1 - 3 月,112,木材・木製品製造業,26,全規模,False,False,True,108,1,interest_and_dividend_income,受取利息等,受取利息等の前年差による利益影響,1,27.2,19.73,7.469999999999999,7.469999999999999,INCREASES_PROFIT_CHANGE,5.229261463073152,CALCULABLE,会計的な利益影響であり因果を示さない,253.66,206.72,46.94,314.67,124.88,189.79000000000002,61.01000000000002,-81.84,142.85000000000002,61.01,-81.83999999999999,142.85,142.85,-2.842170943040401e-14,PASS,PASS,7.0,7.0,142.0,FORBIDDEN_WITHOUT_EXTERNAL_PRIMARY_EVIDENCE,継続標本のみを用い母集団推計を行うため、本系列に比べサンプルサイズが小さくなる。,営業利益及び経常利益については、標準誤差率の算出は行っていない。,継続標本PDFは利益水準とその符号を公表しないため、売上高と営業利益の増加率から得る利益率方向は代理指標である。
20261,2026年1 - 3 月,112,木材・木製品製造業,26,全規模,False,False,True,108,2,other_non_operating_income,その他の営業外収益,その他の営業外収益の前年差による利益影響,1,84.97,55.04,29.93,29.93,INCREASES_PROFIT_CHANGE,20.952047602380116,CALCULABLE,原因は統計だけでは特定しない,253.66,206.72,46.94,314.67,124.88,189.79000000000002,61.01000000000002,-81.84,142.85000000000002,61.01,-81.83999999999999,142.85,142.85,-2.842170943040401e-14,PASS,PASS,30.0,30.0,142.0,FORBIDDEN_WITHOUT_EXTERNAL_PRIMARY_EVIDENCE,継続標本のみを用い母集団推計を行うため、本系列に比べサンプルサイズが小さくなる。,営業利益及び経常利益については、標準誤差率の算出は行っていない。,継続標本PDFは利益水準とその符号を公表しないため、売上高と営業利益の増加率から得る利益率方向は代理指標である。
20261,2026年1 - 3 月,112,木材・木製品製造業,26,全規模,False,False,True,108,3,interest_expense,支払利息等,支払利息等の前年差による利益影響,-1,29.74,20.85,8.889999999999997,-8.889999999999997,REDUCES_PROFIT_CHANGE,-6.2233111655582745,CALCULABLE,会計的な利益影響であり因果を示さない,253.66,206.72,46.94,314.67,124.88,189.79000000000002,61.01000000000002,-81.84,142.85000000000002,61.01,-81.83999999999999,142.85,142.85,-2.842170943040401e-14,PASS,PASS,9.0,-9.0,142.0,FORBIDDEN_WITHOUT_EXTERNAL_PRIMARY_EVIDENCE,継続標本のみを用い母集団推計を行うため、本系列に比べサンプルサイズが小さくなる。,営業利益及び経常利益については、標準誤差率の算出は行っていない。,継続標本PDFは利益水準とその符号を公表しないため、売上高と営業利益の増加率から得る利益率方向は代理指標である。
20261,2026年1 - 3 月,112,木材・木製品製造業,26,全規模,False,False,True,108,4,other_non_operating_expense,その他の営業外費用,その他の営業外費用の前年差による利益影響,-1,21.42,135.76,-114.33999999999999,114.33999999999999,INCREASES_PROFIT_CHANGE,80.04200210010498,CALCULABLE,会計的な利益影響であり因果を示さない,253.66,206.72,46.94,314.67,124.88,189.79000000000002,61.01000000000002,-81.84,142.85000000000002,61.01,-81.83999999999999,142.85,142.85,-2.842170943040401e-14,PASS,PASS,-114.0,114.0,142.0,FORBIDDEN_WITHOUT_EXTERNAL_PRIMARY_EVIDENCE,継続標本のみを用い母集団推計を行うため、本系列に比べサンプルサイズが小さくなる。,営業利益及び経常利益については、標準誤差率の算出は行っていない。,継続標本PDFは利益水準とその符号を公表しないため、売上高と営業利益の増加率から得る利益率方向は代理指標である。
20261,2026年1 - 3 月,113,パルプ・紙・紙加工品製造業,19,1千万円以上 - 1億円未満,False,False,True,108,1,interest_and_dividend_income,受取利息等,受取利息等の前年差による利益影響,1,10.98,8.48,2.5,2.5,INCREASES_PROFIT_CHANGE,5.379814934366264,CALCULABLE,会計的な利益影響であり因果を示さない,291.04,199.96,91.08000000000001,415.15,277.6,137.54999999999995,124.10999999999996,77.64000000000001,46.46999999999994,124.10999999999999,77.64000000000001,46.46999999999997,46.46999999999998,3.552713678800501e-14,PASS,PASS,2.0,2.0,46.0,FORBIDDEN_WITHOUT_EXTERNAL_PRIMARY_EVIDENCE,継続標本のみを用い母集団推計を行うため、本系列に比べサンプルサイズが小さくなる。,営業利益及び経常利益については、標準誤差率の算出は行っていない。,継続標本PDFは利益水準とその符号を公表しないため、売上高と営業利益の増加率から得る利益率方向は代理指標である。
20261,2026年1 - 3 月,113,パルプ・紙・紙加工品製造業,19,1千万円以上 - 1億円未満,False,False,True,108,2,other_non_operating_income,その他の営業外収益,その他の営業外収益の前年差による利益影響,1,192.95,188.33,4.619999999999976,4.619999999999976,INCREASES_PROFIT_CHANGE,9.941897998708805,CALCULABLE,原因は統計だけでは特定しない,291.04,199.96,91.08000000000001,415.15,277.6,137.54999999999995,124.10999999999996,77.64000000000001,46.46999999999994,124.10999999999999,77.64000000000001,46.46999999999997,46.46999999999998,3.552713678800501e-14,PASS,PASS,5.0,5.0,46.0,FORBIDDEN_WITHOUT_EXTERNAL_PRIMARY_EVIDENCE,継続標本のみを用い母集団推計を行うため、本系列に比べサンプルサイズが小さくなる。,営業利益及び経常利益については、標準誤差率の算出は行っていない。,継続標本PDFは利益水準とその符号を公表しないため、売上高と営業利益の増加率から得る利益率方向は代理指標である。
20261,2026年1 - 3 月,113,パルプ・紙・紙加工品製造業,19,1千万円以上 - 1億円未満,False,False,True,108,3,interest_expense,支払利息等,支払利息等の前年差による利益影響,-1,36.43,19.89,16.54,-16.54,REDUCES_PROFIT_CHANGE,-35.592855605767205,CALCULABLE,会計的な利益影響であり因果を示さない,291.04,199.96,91.08000000000001,415.15,277.6,137.54999999999995,124.10999999999996,77.64000000000001,46.46999999999994,124.10999999999999,77.64000000000001,46.46999999999997,46.46999999999998,3.552713678800501e-14,PASS,PASS,17.0,-17.0,46.0,FORBIDDEN_WITHOUT_EXTERNAL_PRIMARY_EVIDENCE,継続標本のみを用い母集団推計を行うため、本系列に比べサンプルサイズが小さくなる。,営業利益及び経常利益については、標準誤差率の算出は行っていない。,継続標本PDFは利益水準とその符号を公表しないため、売上高と営業利益の増加率から得る利益率方向は代理指標である。
20261,2026年1 - 3 月,113,パルプ・紙・紙加工品製造業,19,1千万円以上 - 1億円未満,False,False,True,108,4,other_non_operating_expense,その他の営業外費用,その他の営業外費用の前年差による利益影響,-1,43.39,99.28,-55.89,55.89,INCREASES_PROFIT_CHANGE,120.2711426726922,CALCULABLE,会計的な利益影響であり因果を示さない,291.04,199.96,91.08000000000001,415.15,277.6,137.54999999999995,124.10999999999996,77.64000000000001,46.46999999999994,124.10999999999999,77.64000000000001,46.46999999999997,46.46999999999998,3.552713678800501e-14,PASS,PASS,-56.0,56.0,46.0,FORBIDDEN_WITHOUT_EXTERNAL_PRIMARY_EVIDENCE,継続標本のみを用い母集団推計を行うため、本系列に比べサンプルサイズが小さくなる。,営業利益及び経常利益については、標準誤差率の算出は行っていない。,継続標本PDFは利益水準とその符号を公表しないため、売上高と営業利益の増加率から得る利益率方向は代理指標である。
20261,2026年1 - 3 月,113,パルプ・紙・紙加工品製造業,24,1億円以上 - 10億円未満,False,False,True,108,1,interest_and_dividend_income,受取利息等,受取利息等の前年差による利益影響,1,40.87,28.7,12.169999999999998,12.169999999999998,INCREASES_PROFIT_CHANGE,128.1052631578949,CALCULABLE,会計的な利益影響であり因果を示さない,95.67,190.98,-95.30999999999999,140.12,225.93,-85.81,44.45,34.95000000000002,9.499999999999986,44.449999999999996,34.95,9.499999999999993,9.499999999999995,8.881784197001252e-15,PASS,PASS,12.0,12.0,9.0,FORBIDDEN_WITHOUT_EXTERNAL_PRIMARY_EVIDENCE,継続標本のみを用い母集団推計を行うため、本系列に比べサンプルサイズが小さくなる。,営業利益及び経常利益については、標準誤差率の算出は行っていない。,継続標本PDFは利益水準とその符号を公表しないため、売上高と営業利益の増加率から得る利益率方向は代理指標である。
20261,2026年1 - 3 月,113,パルプ・紙・紙加工品製造業,24,1億円以上 - 10億円未満,False,False,True,108,2,other_non_operating_income,その他の営業外収益,その他の営業外収益の前年差による利益影響,1,24.28,31.1,-6.82,-6.82,REDUCES_PROFIT_CHANGE,-71.78947368421063,CALCULABLE,原因は統計だけでは特定しない,95.67,190.98,-95.30999999999999,140.12,225.93,-85.81,44.45,34.95000000000002,9.499999999999986,44.449999999999996,34.95,9.499999999999993,9.499999999999995,8.881784197001252e-15,PASS,PASS,-7.0,-7.0,9.0,FORBIDDEN_WITHOUT_EXTERNAL_PRIMARY_EVIDENCE,継続標本のみを用い母集団推計を行うため、本系列に比べサンプルサイズが小さくなる。,営業利益及び経常利益については、標準誤差率の算出は行っていない。,継続標本PDFは利益水準とその符号を公表しないため、売上高と営業利益の増加率から得る利益率方向は代理指標である。
20261,2026年1 - 3 月,113,パルプ・紙・紙加工品製造業,24,1億円以上 - 10億円未満,False,False,True,108,3,interest_expense,支払利息等,支払利息等の前年差による利益影響,-1,10.82,7.77,3.0500000000000007,-3.0500000000000007,REDUCES_PROFIT_CHANGE,-32.10526315789479,CALCULABLE,会計的な利益影響であり因果を示さない,95.67,190.98,-95.30999999999999,140.12,225.93,-85.81,44.45,34.95000000000002,9.499999999999986,44.449999999999996,34.95,9.499999999999993,9.499999999999995,8.881784197001252e-15,PASS,PASS,3.0,-3.0,9.0,FORBIDDEN_WITHOUT_EXTERNAL_PRIMARY_EVIDENCE,継続標本のみを用い母集団推計を行うため、本系列に比べサンプルサイズが小さくなる。,営業利益及び経常利益については、標準誤差率の算出は行っていない。,継続標本PDFは利益水準とその符号を公表しないため、売上高と営業利益の増加率から得る利益率方向は代理指標である。
20261,2026年1 - 3 月,113,パルプ・紙・紙加工品製造業,24,1億円以上 - 10億円未満,False,False,True,108,4,other_non_operating_expense,その他の営業外費用,その他の営業外費用の前年差による利益影響,-1,9.88,17.08,-7.1999999999999975,7.1999999999999975,INCREASES_PROFIT_CHANGE,75.78947368421062,CALCULABLE,会計的な利益影響であり因果を示さない,95.67,190.98,-95.30999999999999,140.12,225.93,-85.81,44.45,34.95000000000002,9.499999999999986,44.449999999999996,34.95,9.499999999999993,9.499999999999995,8.881784197001252e-15,PASS,PASS,-7.0,7.0,9.0,FORBIDDEN_WITHOUT_EXTERNAL_PRIMARY_EVIDENCE,継続標本のみを用い母集団推計を行うため、本系列に比べサンプルサイズが小さくなる。,営業利益及び経常利益については、標準誤差率の算出は行っていない。,継続標本PDFは利益水準とその符号を公表しないため、売上高と営業利益の増加率から得る利益率方向は代理指標である。
20261,2026年1 - 3 月,113,パルプ・紙・紙加工品製造業,25,10億円以上,False,False,True,108,1,interest_and_dividend_income,受取利息等,受取利息等の前年差による利益影響,1,192.73,317.35,-124.62000000000003,-124.62000000000003,REDUCES_PROFIT_CHANGE,-543.4801569995652,CALCULABLE,会計的な利益影響であり因果を示さない,341.18,293.78,47.400000000000034,553.67,483.34,70.32999999999998,212.48999999999995,189.56,22.92999999999995,212.49,189.56,22.930000000000007,22.92999999999998,2.842170943040401e-14,PASS,PASS,-125.0,-125.0,23.0,FORBIDDEN_WITHOUT_EXTERNAL_PRIMARY_EVIDENCE,継続標本のみを用い母集団推計を行うため、本系列に比べサンプルサイズが小さくなる。,営業利益及び経常利益については、標準誤差率の算出は行っていない。,継続標本PDFは利益水準とその符号を公表しないため、売上高と営業利益の増加率から得る利益率方向は代理指標である。
20261,2026年1 - 3 月,113,パルプ・紙・紙加工品製造業,25,10億円以上,False,False,True,108,2,other_non_operating_income,その他の営業外収益,その他の営業外収益の前年差による利益影響,1,111.43,38.55,72.88000000000001,72.88000000000001,INCREASES_PROFIT_CHANGE,317.8368948975149,CALCULABLE,原因は統計だけでは特定しない,341.18,293.78,47.400000000000034,553.67,483.34,70.32999999999998,212.48999999999995,189.56,22.92999999999995,212.49,189.56,22.930000000000007,22.92999999999998,2.842170943040401e-14,PASS,PASS,73.0,73.0,23.0,FORBIDDEN_WITHOUT_EXTERNAL_PRIMARY_EVIDENCE,継続標本のみを用い母集団推計を行うため、本系列に比べサンプルサイズが小さくなる。,営業利益及び経常利益については、標準誤差率の算出は行っていない。,継続標本PDFは利益水準とその符号を公表しないため、売上高と営業利益の増加率から得る利益率方向は代理指標である。
20261,2026年1 - 3 月,113,パルプ・紙・紙加工品製造業,25,10億円以上,False,False,True,108,3,interest_expense,支払利息等,支払利息等の前年差による利益影響,-1,56.22,46.8,9.420000000000002,-9.420000000000002,REDUCES_PROFIT_CHANGE,-41.081552551243014,CALCULABLE,会計的な利益影響であり因果を示さない,341.18,293.78,47.400000000000034,553.67,483.34,70.32999999999998,212.48999999999995,189.56,22.92999999999995,212.49,189.56,22.930000000000007,22.92999999999998,2.842170943040401e-14,PASS,PASS,9.0,-9.0,23.0,FORBIDDEN_WITHOUT_EXTERNAL_PRIMARY_EVIDENCE,継続標本のみを用い母集団推計を行うため、本系列に比べサンプルサイズが小さくなる。,営業利益及び経常利益については、標準誤差率の算出は行っていない。,継続標本PDFは利益水準とその符号を公表しないため、売上高と営業利益の増加率から得る利益率方向は代理指標である。
20261,2026年1 - 3 月,113,パルプ・紙・紙加工品製造業,25,10億円以上,False,False,True,108,4,other_non_operating_expense,その他の営業外費用,その他の営業外費用の前年差による利益影響,-1,35.45,119.54,-84.09,84.09,INCREASES_PROFIT_CHANGE,366.72481465329344,CALCULABLE,会計的な利益影響であり因果を示さない,341.18,293.78,47.400000000000034,553.67,483.34,70.32999999999998,212.48999999999995,189.56,22.92999999999995,212.49,189.56,22.930000000000007,22.92999999999998,2.842170943040401e-14,PASS,PASS,-84.0,84.0,23.0,FORBIDDEN_WITHOUT_EXTERNAL_PRIMARY_EVIDENCE,継続標本のみを用い母集団推計を行うため、本系列に比べサンプルサイズが小さくなる。,営業利益及び経常利益については、標準誤差率の算出は行っていない。,継続標本PDFは利益水準とその符号を公表しないため、売上高と営業利益の増加率から得る利益率方向は代理指標である。
20261,2026年1 - 3 月,113,パルプ・紙・紙加工品製造業,26,全規模,False,False,True,108,1,interest_and_dividend_income,受取利息等,受取利息等の前年差による利益影響,1,244.58,354.53,-109.94999999999996,-109.94999999999996,REDUCES_PROFIT_CHANGE,-139.35361216730018,CALCULABLE,会計的な利益影響であり因果を示さない,727.89,684.72,43.16999999999996,1108.94,986.87,122.07000000000005,381.05000000000007,302.15,78.90000000000009,381.05000000000007,302.15,78.90000000000009,78.90000000000005,-4.263256414560601e-14,PASS,PASS,-110.0,-110.0,79.0,FORBIDDEN_WITHOUT_EXTERNAL_PRIMARY_EVIDENCE,継続標本のみを用い母集団推計を行うため、本系列に比べサンプルサイズが小さくなる。,営業利益及び経常利益については、標準誤差率の算出は行っていない。,継続標本PDFは利益水準とその符号を公表しないため、売上高と営業利益の増加率から得る利益率方向は代理指標である。
20261,2026年1 - 3 月,113,パルプ・紙・紙加工品製造業,26,全規模,False,False,True,108,2,other_non_operating_income,その他の営業外収益,その他の営業外収益の前年差による利益影響,1,328.66,257.98,70.68,70.68,INCREASES_PROFIT_CHANGE,89.58174904942956,CALCULABLE,原因は統計だけでは特定しない,727.89,684.72,43.16999999999996,1108.94,986.87,122.07000000000005,381.05000000000007,302.15,78.90000000000009,381.05000000000007,302.15,78.90000000000009,78.90000000000005,-4.263256414560601e-14,PASS,PASS,71.0,71.0,79.0,FORBIDDEN_WITHOUT_EXTERNAL_PRIMARY_EVIDENCE,継続標本のみを用い母集団推計を行うため、本系列に比べサンプルサイズが小さくなる。,営業利益及び経常利益については、標準誤差率の算出は行っていない。,継続標本PDFは利益水準とその符号を公表しないため、売上高と営業利益の増加率から得る利益率方向は代理指標である。
20261,2026年1 - 3 月,113,パルプ・紙・紙加工品製造業,26,全規模,False,False,True,108,3,interest_expense,支払利息等,支払利息等の前年差による利益影響,-1,103.47,74.46,29.010000000000005,-29.010000000000005,REDUCES_PROFIT_CHANGE,-36.76806083650187,CALCULABLE,会計的な利益影響であり因果を示さない,727.89,684.72,43.16999999999996,1108.94,986.87,122.07000000000005,381.05000000000007,302.15,78.90000000000009,381.05000000000007,302.15,78.90000000000009,78.90000000000005,-4.263256414560601e-14,PASS,PASS,29.0,-29.0,79.0,FORBIDDEN_WITHOUT_EXTERNAL_PRIMARY_EVIDENCE,継続標本のみを用い母集団推計を行うため、本系列に比べサンプルサイズが小さくなる。,営業利益及び経常利益については、標準誤差率の算出は行っていない。,継続標本PDFは利益水準とその符号を公表しないため、売上高と営業利益の増加率から得る利益率方向は代理指標である。
20261,2026年1 - 3 月,113,パルプ・紙・紙加工品製造業,26,全規模,False,False,True,108,4,other_non_operating_expense,その他の営業外費用,その他の営業外費用の前年差による利益影響,-1,88.72,235.9,-147.18,147.18,INCREASES_PROFIT_CHANGE,186.53992395437243,CALCULABLE,会計的な利益影響であり因果を示さない,727.89,684.72,43.16999999999996,1108.94,986.87,122.07000000000005,381.05000000000007,302.15,78.90000000000009,381.05000000000007,302.15,78.90000000000009,78.90000000000005,-4.263256414560601e-14,PASS,PASS,-147.0,147.0,79.0,FORBIDDEN_WITHOUT_EXTERNAL_PRIMARY_EVIDENCE,継続標本のみを用い母集団推計を行うため、本系列に比べサンプルサイズが小さくなる。,営業利益及び経常利益については、標準誤差率の算出は行っていない。,継続標本PDFは利益水準とその符号を公表しないため、売上高と営業利益の増加率から得る利益率方向は代理指標である。
20261,2026年1 - 3 月,114,印刷・同関連業,19,1千万円以上 - 1億円未満,False,False,True,108,1,interest_and_dividend_income,受取利息等,受取利息等の前年差による利益影響,1,20.14,11.74,8.4,8.4,INCREASES_PROFIT_CHANGE,9.717723276260998,CALCULABLE,会計的な利益影響であり因果を示さない,496.42,485.16,11.259999999999991,652.05,554.35,97.69999999999993,155.62999999999994,69.19,86.43999999999994,155.63,69.19,86.44,86.44000000000001,7.105427357601002e-14,PASS,PASS,8.0,8.0,86.0,FORBIDDEN_WITHOUT_EXTERNAL_PRIMARY_EVIDENCE,継続標本のみを用い母集団推計を行うため、本系列に比べサンプルサイズが小さくなる。,営業利益及び経常利益については、標準誤差率の算出は行っていない。,継続標本PDFは利益水準とその符号を公表しないため、売上高と営業利益の増加率から得る利益率方向は代理指標である。
20261,2026年1 - 3 月,114,印刷・同関連業,19,1千万円以上 - 1億円未満,False,False,True,108,2,other_non_operating_income,その他の営業外収益,その他の営業外収益の前年差による利益影響,1,219.37,92.78,126.59,126.59,INCREASES_PROFIT_CHANGE,146.44840351689044,CALCULABLE,原因は統計だけでは特定しない,496.42,485.16,11.259999999999991,652.05,554.35,97.69999999999993,155.62999999999994,69.19,86.43999999999994,155.63,69.19,86.44,86.44000000000001,7.105427357601002e-14,PASS,PASS,127.0,127.0,86.0,FORBIDDEN_WITHOUT_EXTERNAL_PRIMARY_EVIDENCE,継続標本のみを用い母集団推計を行うため、本系列に比べサンプルサイズが小さくなる。,営業利益及び経常利益については、標準誤差率の算出は行っていない。,継続標本PDFは利益水準とその符号を公表しないため、売上高と営業利益の増加率から得る利益率方向は代理指標である。
20261,2026年1 - 3 月,114,印刷・同関連業,19,1千万円以上 - 1億円未満,False,False,True,108,3,interest_expense,支払利息等,支払利息等の前年差による利益影響,-1,35.9,23.9,12.0,-12.0,REDUCES_PROFIT_CHANGE,-13.882461823229997,CALCULABLE,会計的な利益影響であり因果を示さない,496.42,485.16,11.259999999999991,652.05,554.35,97.69999999999993,155.62999999999994,69.19,86.43999999999994,155.63,69.19,86.44,86.44000000000001,7.105427357601002e-14,PASS,PASS,12.0,-12.0,86.0,FORBIDDEN_WITHOUT_EXTERNAL_PRIMARY_EVIDENCE,継続標本のみを用い母集団推計を行うため、本系列に比べサンプルサイズが小さくなる。,営業利益及び経常利益については、標準誤差率の算出は行っていない。,継続標本PDFは利益水準とその符号を公表しないため、売上高と営業利益の増加率から得る利益率方向は代理指標である。
20261,2026年1 - 3 月,114,印刷・同関連業,19,1千万円以上 - 1億円未満,False,False,True,108,4,other_non_operating_expense,その他の営業外費用,その他の営業外費用の前年差による利益影響,-1,47.98,11.43,36.55,-36.55,REDUCES_PROFIT_CHANGE,-42.28366496992136,CALCULABLE,会計的な利益影響であり因果を示さない,496.42,485.16,11.259999999999991,652.05,554.35,97.69999999999993,155.62999999999994,69.19,86.43999999999994,155.63,69.19,86.44,86.44000000000001,7.105427357601002e-14,PASS,PASS,37.0,-37.0,86.0,FORBIDDEN_WITHOUT_EXTERNAL_PRIMARY_EVIDENCE,継続標本のみを用い母集団推計を行うため、本系列に比べサンプルサイズが小さくなる。,営業利益及び経常利益については、標準誤差率の算出は行っていない。,継続標本PDFは利益水準とその符号を公表しないため、売上高と営業利益の増加率から得る利益率方向は代理指標である。
20261,2026年1 - 3 月,114,印刷・同関連業,24,1億円以上 - 10億円未満,False,False,True,108,1,interest_and_dividend_income,受取利息等,受取利息等の前年差による利益影響,1,17.18,12.21,4.969999999999999,4.969999999999999,INCREASES_PROFIT_CHANGE,46.31873252562911,CALCULABLE,会計的な利益影響であり因果を示さない,252.02,109.41,142.61,306.94,153.6,153.34,54.91999999999999,44.19,10.72999999999999,54.92,44.19,10.730000000000004,10.730000000000002,1.2434497875801753e-14,PASS,PASS,5.0,5.0,11.0,FORBIDDEN_WITHOUT_EXTERNAL_PRIMARY_EVIDENCE,継続標本のみを用い母集団推計を行うため、本系列に比べサンプルサイズが小さくなる。,営業利益及び経常利益については、標準誤差率の算出は行っていない。,継続標本PDFは利益水準とその符号を公表しないため、売上高と営業利益の増加率から得る利益率方向は代理指標である。
20261,2026年1 - 3 月,114,印刷・同関連業,24,1億円以上 - 10億円未満,False,False,True,108,2,other_non_operating_income,その他の営業外収益,その他の営業外収益の前年差による利益影響,1,86.17,99.81,-13.64,-13.64,REDUCES_PROFIT_CHANGE,-127.12022367194793,CALCULABLE,原因は統計だけでは特定しない,252.02,109.41,142.61,306.94,153.6,153.34,54.91999999999999,44.19,10.72999999999999,54.92,44.19,10.730000000000004,10.730000000000002,1.2434497875801753e-14,PASS,PASS,-14.0,-14.0,11.0,FORBIDDEN_WITHOUT_EXTERNAL_PRIMARY_EVIDENCE,継続標本のみを用い母集団推計を行うため、本系列に比べサンプルサイズが小さくなる。,営業利益及び経常利益については、標準誤差率の算出は行っていない。,継続標本PDFは利益水準とその符号を公表しないため、売上高と営業利益の増加率から得る利益率方向は代理指標である。
20261,2026年1 - 3 月,114,印刷・同関連業,24,1億円以上 - 10億円未満,False,False,True,108,3,interest_expense,支払利息等,支払利息等の前年差による利益影響,-1,12.07,10.74,1.33,-1.33,REDUCES_PROFIT_CHANGE,-12.395153774464132,CALCULABLE,会計的な利益影響であり因果を示さない,252.02,109.41,142.61,306.94,153.6,153.34,54.91999999999999,44.19,10.72999999999999,54.92,44.19,10.730000000000004,10.730000000000002,1.2434497875801753e-14,PASS,PASS,1.0,-1.0,11.0,FORBIDDEN_WITHOUT_EXTERNAL_PRIMARY_EVIDENCE,継続標本のみを用い母集団推計を行うため、本系列に比べサンプルサイズが小さくなる。,営業利益及び経常利益については、標準誤差率の算出は行っていない。,継続標本PDFは利益水準とその符号を公表しないため、売上高と営業利益の増加率から得る利益率方向は代理指標である。
20261,2026年1 - 3 月,114,印刷・同関連業,24,1億円以上 - 10億円未満,False,False,True,108,4,other_non_operating_expense,その他の営業外費用,その他の営業外費用の前年差による利益影響,-1,36.36,57.09,-20.730000000000004,20.730000000000004,INCREASES_PROFIT_CHANGE,193.1966449207831,CALCULABLE,会計的な利益影響であり因果を示さない,252.02,109.41,142.61,306.94,153.6,153.34,54.91999999999999,44.19,10.72999999999999,54.92,44.19,10.730000000000004,10.730000000000002,1.2434497875801753e-14,PASS,PASS,-21.0,21.0,11.0,FORBIDDEN_WITHOUT_EXTERNAL_PRIMARY_EVIDENCE,継続標本のみを用い母集団推計を行うため、本系列に比べサンプルサイズが小さくなる。,営業利益及び経常利益については、標準誤差率の算出は行っていない。,継続標本PDFは利益水準とその符号を公表しないため、売上高と営業利益の増加率から得る利益率方向は代理指標である。
20261,2026年1 - 3 月,114,印刷・同関連業,25,10億円以上,False,False,True,108,1,interest_and_dividend_income,受取利息等,受取利息等の前年差による利益影響,1,35.49,43.78,-8.29,-8.29,REDUCES_PROFIT_CHANGE,-38.097426470588196,CALCULABLE,会計的な利益影響であり因果を示さない,1.88,62.96,-61.08,115.82,155.14,-39.31999999999999,113.94,92.17999999999998,21.76000000000002,113.94,92.17999999999998,21.76000000000002,21.76000000000001,-1.0658141036401503e-14,PASS,PASS,-8.0,-8.0,21.0,FORBIDDEN_WITHOUT_EXTERNAL_PRIMARY_EVIDENCE,継続標本のみを用い母集団推計を行うため、本系列に比べサンプルサイズが小さくなる。,営業利益及び経常利益については、標準誤差率の算出は行っていない。,継続標本PDFは利益水準とその符号を公表しないため、売上高と営業利益の増加率から得る利益率方向は代理指標である。
20261,2026年1 - 3 月,114,印刷・同関連業,25,10億円以上,False,False,True,108,2,other_non_operating_income,その他の営業外収益,その他の営業外収益の前年差による利益影響,1,150.35,166.95,-16.599999999999994,-16.599999999999994,REDUCES_PROFIT_CHANGE,-76.28676470588226,CALCULABLE,原因は統計だけでは特定しない,1.88,62.96,-61.08,115.82,155.14,-39.31999999999999,113.94,92.17999999999998,21.76000000000002,113.94,92.17999999999998,21.76000000000002,21.76000000000001,-1.0658141036401503e-14,PASS,PASS,-17.0,-17.0,21.0,FORBIDDEN_WITHOUT_EXTERNAL_PRIMARY_EVIDENCE,継続標本のみを用い母集団推計を行うため、本系列に比べサンプルサイズが小さくなる。,営業利益及び経常利益については、標準誤差率の算出は行っていない。,継続標本PDFは利益水準とその符号を公表しないため、売上高と営業利益の増加率から得る利益率方向は代理指標である。
20261,2026年1 - 3 月,114,印刷・同関連業,25,10億円以上,False,False,True,108,3,interest_expense,支払利息等,支払利息等の前年差による利益影響,-1,9.31,9.65,-0.33999999999999986,0.33999999999999986,INCREASES_PROFIT_CHANGE,1.562499999999998,CALCULABLE,会計的な利益影響であり因果を示さない,1.88,62.96,-61.08,115.82,155.14,-39.31999999999999,113.94,92.17999999999998,21.76000000000002,113.94,92.17999999999998,21.76000000000002,21.76000000000001,-1.0658141036401503e-14,PASS,PASS,-0.0,0.0,21.0,FORBIDDEN_WITHOUT_EXTERNAL_PRIMARY_EVIDENCE,継続標本のみを用い母集団推計を行うため、本系列に比べサンプルサイズが小さくなる。,営業利益及び経常利益については、標準誤差率の算出は行っていない。,継続標本PDFは利益水準とその符号を公表しないため、売上高と営業利益の増加率から得る利益率方向は代理指標である。
20261,2026年1 - 3 月,114,印刷・同関連業,25,10億円以上,False,False,True,108,4,other_non_operating_expense,その他の営業外費用,その他の営業外費用の前年差による利益影響,-1,62.59,108.9,-46.31,46.31,INCREASES_PROFIT_CHANGE,212.82169117647044,CALCULABLE,会計的な利益影響であり因果を示さない,1.88,62.96,-61.08,115.82,155.14,-39.31999999999999,113.94,92.17999999999998,21.76000000000002,113.94,92.17999999999998,21.76000000000002,21.76000000000001,-1.0658141036401503e-14,PASS,PASS,-46.0,46.0,21.0,FORBIDDEN_WITHOUT_EXTERNAL_PRIMARY_EVIDENCE,継続標本のみを用い母集団推計を行うため、本系列に比べサンプルサイズが小さくなる。,営業利益及び経常利益については、標準誤差率の算出は行っていない。,継続標本PDFは利益水準とその符号を公表しないため、売上高と営業利益の増加率から得る利益率方向は代理指標である。
20261,2026年1 - 3 月,114,印刷・同関連業,26,全規模,False,False,True,108,1,interest_and_dividend_income,受取利息等,受取利息等の前年差による利益影響,1,72.81,67.73,5.079999999999998,5.079999999999998,INCREASES_PROFIT_CHANGE,4.271420163121168,CALCULABLE,会計的な利益影響であり因果を示さない,750.32,657.53,92.79000000000008,1074.81,863.09,211.7199999999999,324.4899999999999,205.56000000000006,118.92999999999984,324.49,205.56000000000003,118.92999999999998,118.92999999999995,1.1368683772161603e-13,PASS,PASS,5.0,5.0,118.0,FORBIDDEN_WITHOUT_EXTERNAL_PRIMARY_EVIDENCE,継続標本のみを用い母集団推計を行うため、本系列に比べサンプルサイズが小さくなる。,営業利益及び経常利益については、標準誤差率の算出は行っていない。,継続標本PDFは利益水準とその符号を公表しないため、売上高と営業利益の増加率から得る利益率方向は代理指標である。
20261,2026年1 - 3 月,114,印刷・同関連業,26,全規模,False,False,True,108,2,other_non_operating_income,その他の営業外収益,その他の営業外収益の前年差による利益影響,1,455.89,359.54,96.34999999999997,96.34999999999997,INCREASES_PROFIT_CHANGE,81.01404187337097,CALCULABLE,原因は統計だけでは特定しない,750.32,657.53,92.79000000000008,1074.81,863.09,211.7199999999999,324.4899999999999,205.56000000000006,118.92999999999984,324.49,205.56000000000003,118.92999999999998,118.92999999999995,1.1368683772161603e-13,PASS,PASS,96.0,96.0,118.0,FORBIDDEN_WITHOUT_EXTERNAL_PRIMARY_EVIDENCE,継続標本のみを用い母集団推計を行うため、本系列に比べサンプルサイズが小さくなる。,営業利益及び経常利益については、標準誤差率の算出は行っていない。,継続標本PDFは利益水準とその符号を公表しないため、売上高と営業利益の増加率から得る利益率方向は代理指標である。
20261,2026年1 - 3 月,114,印刷・同関連業,26,全規模,False,False,True,108,3,interest_expense,支払利息等,支払利息等の前年差による利益影響,-1,57.28,44.29,12.990000000000002,-12.990000000000002,REDUCES_PROFIT_CHANGE,-10.922391322626773,CALCULABLE,会計的な利益影響であり因果を示さない,750.32,657.53,92.79000000000008,1074.81,863.09,211.7199999999999,324.4899999999999,205.56000000000006,118.92999999999984,324.49,205.56000000000003,118.92999999999998,118.92999999999995,1.1368683772161603e-13,PASS,PASS,13.0,-13.0,118.0,FORBIDDEN_WITHOUT_EXTERNAL_PRIMARY_EVIDENCE,継続標本のみを用い母集団推計を行うため、本系列に比べサンプルサイズが小さくなる。,営業利益及び経常利益については、標準誤差率の算出は行っていない。,継続標本PDFは利益水準とその符号を公表しないため、売上高と営業利益の増加率から得る利益率方向は代理指標である。
20261,2026年1 - 3 月,114,印刷・同関連業,26,全規模,False,False,True,108,4,other_non_operating_expense,その他の営業外費用,その他の営業外費用の前年差による利益影響,-1,146.93,177.42,-30.48999999999998,30.48999999999998,INCREASES_PROFIT_CHANGE,25.63692928613472,CALCULABLE,会計的な利益影響であり因果を示さない,750.32,657.53,92.79000000000008,1074.81,863.09,211.7199999999999,324.4899999999999,205.56000000000006,118.92999999999984,324.49,205.56000000000003,118.92999999999998,118.92999999999995,1.1368683772161603e-13,PASS,PASS,-30.0,30.0,118.0,FORBIDDEN_WITHOUT_EXTERNAL_PRIMARY_EVIDENCE,継続標本のみを用い母集団推計を行うため、本系列に比べサンプルサイズが小さくなる。,営業利益及び経常利益については、標準誤差率の算出は行っていない。,継続標本PDFは利益水準とその符号を公表しないため、売上高と営業利益の増加率から得る利益率方向は代理指標である。
20261,2026年1 - 3 月,115,化学工業,19,1千万円以上 - 1億円未満,False,False,True,108,1,interest_and_dividend_income,受取利息等,受取利息等の前年差による利益影響,1,62.16,38.53,23.629999999999995,23.629999999999995,INCREASES_PROFIT_CHANGE,-14.720907052080737,CALCULABLE,会計的な利益影響であり因果を示さない,330.11,278.32,51.79000000000002,483.42,592.15,-108.72999999999996,153.31,313.83,-160.51999999999998,153.30999999999997,313.83,-160.52,-160.52,-2.842170943040401e-14,PASS,PASS,24.0,24.0,-160.0,FORBIDDEN_WITHOUT_EXTERNAL_PRIMARY_EVIDENCE,継続標本のみを用い母集団推計を行うため、本系列に比べサンプルサイズが小さくなる。,営業利益及び経常利益については、標準誤差率の算出は行っていない。,継続標本PDFは利益水準とその符号を公表しないため、売上高と営業利益の増加率から得る利益率方向は代理指標である。
20261,2026年1 - 3 月,115,化学工業,19,1千万円以上 - 1億円未満,False,False,True,108,2,other_non_operating_income,その他の営業外収益,その他の営業外収益の前年差による利益影響,1,585.79,555.9,29.889999999999986,29.889999999999986,INCREASES_PROFIT_CHANGE,-18.62073261898828,CALCULABLE,原因は統計だけでは特定しない,330.11,278.32,51.79000000000002,483.42,592.15,-108.72999999999996,153.31,313.83,-160.51999999999998,153.30999999999997,313.83,-160.52,-160.52,-2.842170943040401e-14,PASS,PASS,30.0,30.0,-160.0,FORBIDDEN_WITHOUT_EXTERNAL_PRIMARY_EVIDENCE,継続標本のみを用い母集団推計を行うため、本系列に比べサンプルサイズが小さくなる。,営業利益及び経常利益については、標準誤差率の算出は行っていない。,継続標本PDFは利益水準とその符号を公表しないため、売上高と営業利益の増加率から得る利益率方向は代理指標である。
20261,2026年1 - 3 月,115,化学工業,19,1千万円以上 - 1億円未満,False,False,True,108,3,interest_expense,支払利息等,支払利息等の前年差による利益影響,-1,31.31,39.4,-8.09,8.09,INCREASES_PROFIT_CHANGE,-5.039870421131324,CALCULABLE,会計的な利益影響であり因果を示さない,330.11,278.32,51.79000000000002,483.42,592.15,-108.72999999999996,153.31,313.83,-160.51999999999998,153.30999999999997,313.83,-160.52,-160.52,-2.842170943040401e-14,PASS,PASS,-8.0,8.0,-160.0,FORBIDDEN_WITHOUT_EXTERNAL_PRIMARY_EVIDENCE,継続標本のみを用い母集団推計を行うため、本系列に比べサンプルサイズが小さくなる。,営業利益及び経常利益については、標準誤差率の算出は行っていない。,継続標本PDFは利益水準とその符号を公表しないため、売上高と営業利益の増加率から得る利益率方向は代理指標である。
20261,2026年1 - 3 月,115,化学工業,19,1千万円以上 - 1億円未満,False,False,True,108,4,other_non_operating_expense,その他の営業外費用,その他の営業外費用の前年差による利益影響,-1,463.33,241.2,222.13,-222.13,REDUCES_PROFIT_CHANGE,138.38151009220036,CALCULABLE,会計的な利益影響であり因果を示さない,330.11,278.32,51.79000000000002,483.42,592.15,-108.72999999999996,153.31,313.83,-160.51999999999998,153.30999999999997,313.83,-160.52,-160.52,-2.842170943040401e-14,PASS,PASS,222.0,-222.0,-160.0,FORBIDDEN_WITHOUT_EXTERNAL_PRIMARY_EVIDENCE,継続標本のみを用い母集団推計を行うため、本系列に比べサンプルサイズが小さくなる。,営業利益及び経常利益については、標準誤差率の算出は行っていない。,継続標本PDFは利益水準とその符号を公表しないため、売上高と営業利益の増加率から得る利益率方向は代理指標である。
20261,2026年1 - 3 月,115,化学工業,24,1億円以上 - 10億円未満,False,False,True,108,1,interest_and_dividend_income,受取利息等,受取利息等の前年差による利益影響,1,137.7,200.52,-62.82000000000002,-62.82000000000002,REDUCES_PROFIT_CHANGE,-176.6591676040504,CALCULABLE,会計的な利益影響であり因果を示さない,892.33,1289.51,-397.17999999999995,1213.06,1574.68,-361.6200000000001,320.7299999999999,285.1700000000001,35.55999999999983,320.73,285.16999999999996,35.56000000000006,35.56000000000002,1.8474111129762605e-13,PASS,PASS,-63.0,-63.0,35.0,FORBIDDEN_WITHOUT_EXTERNAL_PRIMARY_EVIDENCE,継続標本のみを用い母集団推計を行うため、本系列に比べサンプルサイズが小さくなる。,営業利益及び経常利益については、標準誤差率の算出は行っていない。,継続標本PDFは利益水準とその符号を公表しないため、売上高と営業利益の増加率から得る利益率方向は代理指標である。
20261,2026年1 - 3 月,115,化学工業,24,1億円以上 - 10億円未満,False,False,True,108,2,other_non_operating_income,その他の営業外収益,その他の営業外収益の前年差による利益影響,1,394.99,317.84,77.15000000000003,77.15000000000003,INCREASES_PROFIT_CHANGE,216.95725534308323,CALCULABLE,原因は統計だけでは特定しない,892.33,1289.51,-397.17999999999995,1213.06,1574.68,-361.6200000000001,320.7299999999999,285.1700000000001,35.55999999999983,320.73,285.16999999999996,35.56000000000006,35.56000000000002,1.8474111129762605e-13,PASS,PASS,77.0,77.0,35.0,FORBIDDEN_WITHOUT_EXTERNAL_PRIMARY_EVIDENCE,継続標本のみを用い母集団推計を行うため、本系列に比べサンプルサイズが小さくなる。,営業利益及び経常利益については、標準誤差率の算出は行っていない。,継続標本PDFは利益水準とその符号を公表しないため、売上高と営業利益の増加率から得る利益率方向は代理指標である。
20261,2026年1 - 3 月,115,化学工業,24,1億円以上 - 10億円未満,False,False,True,108,3,interest_expense,支払利息等,支払利息等の前年差による利益影響,-1,94.24,64.68,29.559999999999988,-29.559999999999988,REDUCES_PROFIT_CHANGE,-83.12710911136143,CALCULABLE,会計的な利益影響であり因果を示さない,892.33,1289.51,-397.17999999999995,1213.06,1574.68,-361.6200000000001,320.7299999999999,285.1700000000001,35.55999999999983,320.73,285.16999999999996,35.56000000000006,35.56000000000002,1.8474111129762605e-13,PASS,PASS,30.0,-30.0,35.0,FORBIDDEN_WITHOUT_EXTERNAL_PRIMARY_EVIDENCE,継続標本のみを用い母集団推計を行うため、本系列に比べサンプルサイズが小さくなる。,営業利益及び経常利益については、標準誤差率の算出は行っていない。,継続標本PDFは利益水準とその符号を公表しないため、売上高と営業利益の増加率から得る利益率方向は代理指標である。
20261,2026年1 - 3 月,115,化学工業,24,1億円以上 - 10億円未満,False,False,True,108,4,other_non_operating_expense,その他の営業外費用,その他の営業外費用の前年差による利益影響,-1,117.72,168.51,-50.78999999999999,50.78999999999999,INCREASES_PROFIT_CHANGE,142.82902137232912,CALCULABLE,会計的な利益影響であり因果を示さない,892.33,1289.51,-397.17999999999995,1213.06,1574.68,-361.6200000000001,320.7299999999999,285.1700000000001,35.55999999999983,320.73,285.16999999999996,35.56000000000006,35.56000000000002,1.8474111129762605e-13,PASS,PASS,-51.0,51.0,35.0,FORBIDDEN_WITHOUT_EXTERNAL_PRIMARY_EVIDENCE,継続標本のみを用い母集団推計を行うため、本系列に比べサンプルサイズが小さくなる。,営業利益及び経常利益については、標準誤差率の算出は行っていない。,継続標本PDFは利益水準とその符号を公表しないため、売上高と営業利益の増加率から得る利益率方向は代理指標である。
20261,2026年1 - 3 月,115,化学工業,25,10億円以上,False,False,True,108,1,interest_and_dividend_income,受取利息等,受取利息等の前年差による利益影響,1,10216.33,7949.97,2266.3599999999997,2266.3599999999997,INCREASES_PROFIT_CHANGE,77.0957284321029,CALCULABLE,会計的な利益影響であり因果を示さない,8425.15,8625.81,-200.65999999999985,18417.75,15678.74,2739.01,9992.6,7052.93,2939.67,9992.6,7052.93,2939.67,2939.6699999999996,-4.547473508864641e-13,PASS,PASS,2266.0,2266.0,2939.0,FORBIDDEN_WITHOUT_EXTERNAL_PRIMARY_EVIDENCE,継続標本のみを用い母集団推計を行うため、本系列に比べサンプルサイズが小さくなる。,営業利益及び経常利益については、標準誤差率の算出は行っていない。,継続標本PDFは利益水準とその符号を公表しないため、売上高と営業利益の増加率から得る利益率方向は代理指標である。
20261,2026年1 - 3 月,115,化学工業,25,10億円以上,False,False,True,108,2,other_non_operating_income,その他の営業外収益,その他の営業外収益の前年差による利益影響,1,2203.3,1593.42,609.8800000000001,609.8800000000001,INCREASES_PROFIT_CHANGE,20.74654638105638,CALCULABLE,原因は統計だけでは特定しない,8425.15,8625.81,-200.65999999999985,18417.75,15678.74,2739.01,9992.6,7052.93,2939.67,9992.6,7052.93,2939.67,2939.6699999999996,-4.547473508864641e-13,PASS,PASS,610.0,610.0,2939.0,FORBIDDEN_WITHOUT_EXTERNAL_PRIMARY_EVIDENCE,継続標本のみを用い母集団推計を行うため、本系列に比べサンプルサイズが小さくなる。,営業利益及び経常利益については、標準誤差率の算出は行っていない。,継続標本PDFは利益水準とその符号を公表しないため、売上高と営業利益の増加率から得る利益率方向は代理指標である。
20261,2026年1 - 3 月,115,化学工業,25,10億円以上,False,False,True,108,3,interest_expense,支払利息等,支払利息等の前年差による利益影響,-1,967.8,769.9,197.89999999999998,-197.89999999999998,REDUCES_PROFIT_CHANGE,-6.732048155065024,CALCULABLE,会計的な利益影響であり因果を示さない,8425.15,8625.81,-200.65999999999985,18417.75,15678.74,2739.01,9992.6,7052.93,2939.67,9992.6,7052.93,2939.67,2939.6699999999996,-4.547473508864641e-13,PASS,PASS,198.0,-198.0,2939.0,FORBIDDEN_WITHOUT_EXTERNAL_PRIMARY_EVIDENCE,継続標本のみを用い母集団推計を行うため、本系列に比べサンプルサイズが小さくなる。,営業利益及び経常利益については、標準誤差率の算出は行っていない。,継続標本PDFは利益水準とその符号を公表しないため、売上高と営業利益の増加率から得る利益率方向は代理指標である。
20261,2026年1 - 3 月,115,化学工業,25,10億円以上,False,False,True,108,4,other_non_operating_expense,その他の営業外費用,その他の営業外費用の前年差による利益影響,-1,1459.23,1720.56,-261.3299999999999,261.3299999999999,INCREASES_PROFIT_CHANGE,8.889773341905721,CALCULABLE,会計的な利益影響であり因果を示さない,8425.15,8625.81,-200.65999999999985,18417.75,15678.74,2739.01,9992.6,7052.93,2939.67,9992.6,7052.93,2939.67,2939.6699999999996,-4.547473508864641e-13,PASS,PASS,-261.0,261.0,2939.0,FORBIDDEN_WITHOUT_EXTERNAL_PRIMARY_EVIDENCE,継続標本のみを用い母集団推計を行うため、本系列に比べサンプルサイズが小さくなる。,営業利益及び経常利益については、標準誤差率の算出は行っていない。,継続標本PDFは利益水準とその符号を公表しないため、売上高と営業利益の増加率から得る利益率方向は代理指標である。
20261,2026年1 - 3 月,115,化学工業,26,全規模,False,False,True,108,1,interest_and_dividend_income,受取利息等,受取利息等の前年差による利益影響,1,10416.19,8189.02,2227.17,2227.17,INCREASES_PROFIT_CHANGE,79.12609114260441,CALCULABLE,会計的な利益影響であり因果を示さない,9647.59,10193.64,-546.0499999999993,20114.23,17845.57,2268.66,10466.64,7651.93,2814.709999999999,10466.640000000001,7651.93,2814.710000000001,2814.71,9.094947017729282e-13,PASS,PASS,2227.0,2227.0,2815.0,FORBIDDEN_WITHOUT_EXTERNAL_PRIMARY_EVIDENCE,継続標本のみを用い母集団推計を行うため、本系列に比べサンプルサイズが小さくなる。,営業利益及び経常利益については、標準誤差率の算出は行っていない。,継続標本PDFは利益水準とその符号を公表しないため、売上高と営業利益の増加率から得る利益率方向は代理指標である。
20261,2026年1 - 3 月,115,化学工業,26,全規模,False,False,True,108,2,other_non_operating_income,その他の営業外収益,その他の営業外収益の前年差による利益影響,1,3184.08,2467.16,716.9200000000001,716.9200000000001,INCREASES_PROFIT_CHANGE,25.470474755836314,CALCULABLE,原因は統計だけでは特定しない,9647.59,10193.64,-546.0499999999993,20114.23,17845.57,2268.66,10466.64,7651.93,2814.709999999999,10466.640000000001,7651.93,2814.710000000001,2814.71,9.094947017729282e-13,PASS,PASS,717.0,717.0,2815.0,FORBIDDEN_WITHOUT_EXTERNAL_PRIMARY_EVIDENCE,継続標本のみを用い母集団推計を行うため、本系列に比べサンプルサイズが小さくなる。,営業利益及び経常利益については、標準誤差率の算出は行っていない。,継続標本PDFは利益水準とその符号を公表しないため、売上高と営業利益の増加率から得る利益率方向は代理指標である。
20261,2026年1 - 3 月,115,化学工業,26,全規模,False,False,True,108,3,interest_expense,支払利息等,支払利息等の前年差による利益影響,-1,1093.35,873.98,219.3699999999999,-219.3699999999999,REDUCES_PROFIT_CHANGE,-7.793698107442684,CALCULABLE,会計的な利益影響であり因果を示さない,9647.59,10193.64,-546.0499999999993,20114.23,17845.57,2268.66,10466.64,7651.93,2814.709999999999,10466.640000000001,7651.93,2814.710000000001,2814.71,9.094947017729282e-13,PASS,PASS,219.0,-219.0,2815.0,FORBIDDEN_WITHOUT_EXTERNAL_PRIMARY_EVIDENCE,継続標本のみを用い母集団推計を行うため、本系列に比べサンプルサイズが小さくなる。,営業利益及び経常利益については、標準誤差率の算出は行っていない。,継続標本PDFは利益水準とその符号を公表しないため、売上高と営業利益の増加率から得る利益率方向は代理指標である。
20261,2026年1 - 3 月,115,化学工業,26,全規模,False,False,True,108,4,other_non_operating_expense,その他の営業外費用,その他の営業外費用の前年差による利益影響,-1,2040.28,2130.27,-89.99000000000001,89.99000000000001,INCREASES_PROFIT_CHANGE,3.1971322090019947,CALCULABLE,会計的な利益影響であり因果を示さない,9647.59,10193.64,-546.0499999999993,20114.23,17845.57,2268.66,10466.64,7651.93,2814.709999999999,10466.640000000001,7651.93,2814.710000000001,2814.71,9.094947017729282e-13,PASS,PASS,-90.0,90.0,2815.0,FORBIDDEN_WITHOUT_EXTERNAL_PRIMARY_EVIDENCE,継続標本のみを用い母集団推計を行うため、本系列に比べサンプルサイズが小さくなる。,営業利益及び経常利益については、標準誤差率の算出は行っていない。,継続標本PDFは利益水準とその符号を公表しないため、売上高と営業利益の増加率から得る利益率方向は代理指標である。
20261,2026年1 - 3 月,116,石油製品・石炭製品製造業,19,1千万円以上 - 1億円未満,False,False,True,108,1,interest_and_dividend_income,受取利息等,受取利息等の前年差による利益影響,1,1.42,0.77,0.6499999999999999,0.6499999999999999,INCREASES_PROFIT_CHANGE,8.387096774193532,CALCULABLE,会計的な利益影響であり因果を示さない,141.57,43.94,97.63,155.43,50.05,105.38000000000001,13.860000000000014,6.109999999999999,7.750000000000014,13.859999999999998,6.110000000000001,7.7499999999999964,7.749999999999997,-1.687538997430238e-14,PASS,PASS,1.0,1.0,8.0,FORBIDDEN_WITHOUT_EXTERNAL_PRIMARY_EVIDENCE,継続標本のみを用い母集団推計を行うため、本系列に比べサンプルサイズが小さくなる。,営業利益及び経常利益については、標準誤差率の算出は行っていない。,継続標本PDFは利益水準とその符号を公表しないため、売上高と営業利益の増加率から得る利益率方向は代理指標である。
20261,2026年1 - 3 月,116,石油製品・石炭製品製造業,19,1千万円以上 - 1億円未満,False,False,True,108,2,other_non_operating_income,その他の営業外収益,その他の営業外収益の前年差による利益影響,1,19.58,13.23,6.349999999999998,6.349999999999998,INCREASES_PROFIT_CHANGE,81.93548387096756,CALCULABLE,原因は統計だけでは特定しない,141.57,43.94,97.63,155.43,50.05,105.38000000000001,13.860000000000014,6.109999999999999,7.750000000000014,13.859999999999998,6.110000000000001,7.7499999999999964,7.749999999999997,-1.687538997430238e-14,PASS,PASS,6.0,6.0,8.0,FORBIDDEN_WITHOUT_EXTERNAL_PRIMARY_EVIDENCE,継続標本のみを用い母集団推計を行うため、本系列に比べサンプルサイズが小さくなる。,営業利益及び経常利益については、標準誤差率の算出は行っていない。,継続標本PDFは利益水準とその符号を公表しないため、売上高と営業利益の増加率から得る利益率方向は代理指標である。
20261,2026年1 - 3 月,116,石油製品・石炭製品製造業,19,1千万円以上 - 1億円未満,False,False,True,108,3,interest_expense,支払利息等,支払利息等の前年差による利益影響,-1,2.18,1.29,0.8900000000000001,-0.8900000000000001,REDUCES_PROFIT_CHANGE,-11.483870967741916,CALCULABLE,会計的な利益影響であり因果を示さない,141.57,43.94,97.63,155.43,50.05,105.38000000000001,13.860000000000014,6.109999999999999,7.750000000000014,13.859999999999998,6.110000000000001,7.7499999999999964,7.749999999999997,-1.687538997430238e-14,PASS,PASS,1.0,-1.0,8.0,FORBIDDEN_WITHOUT_EXTERNAL_PRIMARY_EVIDENCE,継続標本のみを用い母集団推計を行うため、本系列に比べサンプルサイズが小さくなる。,営業利益及び経常利益については、標準誤差率の算出は行っていない。,継続標本PDFは利益水準とその符号を公表しないため、売上高と営業利益の増加率から得る利益率方向は代理指標である。
20261,2026年1 - 3 月,116,石油製品・石炭製品製造業,19,1千万円以上 - 1億円未満,False,False,True,108,4,other_non_operating_expense,その他の営業外費用,その他の営業外費用の前年差による利益影響,-1,4.96,6.6,-1.6399999999999997,1.6399999999999997,INCREASES_PROFIT_CHANGE,21.1612903225806,CALCULABLE,会計的な利益影響であり因果を示さない,141.57,43.94,97.63,155.43,50.05,105.38000000000001,13.860000000000014,6.109999999999999,7.750000000000014,13.859999999999998,6.110000000000001,7.7499999999999964,7.749999999999997,-1.687538997430238e-14,PASS,PASS,-2.0,2.0,8.0,FORBIDDEN_WITHOUT_EXTERNAL_PRIMARY_EVIDENCE,継続標本のみを用い母集団推計を行うため、本系列に比べサンプルサイズが小さくなる。,営業利益及び経常利益については、標準誤差率の算出は行っていない。,継続標本PDFは利益水準とその符号を公表しないため、売上高と営業利益の増加率から得る利益率方向は代理指標である。
20261,2026年1 - 3 月,116,石油製品・石炭製品製造業,24,1億円以上 - 10億円未満,False,False,True,108,1,interest_and_dividend_income,受取利息等,受取利息等の前年差による利益影響,1,5.61,6.45,-0.8399999999999999,-0.8399999999999999,REDUCES_PROFIT_CHANGE,4.8387096774193745,CALCULABLE,会計的な利益影響であり因果を示さない,1387.56,185.08,1202.48,1409.51,224.39,1185.12,21.950000000000045,39.309999999999974,-17.35999999999993,21.949999999999996,39.31,-17.360000000000007,-17.360000000000007,-7.815970093361102e-14,PASS,PASS,-1.0,-1.0,-18.0,FORBIDDEN_WITHOUT_EXTERNAL_PRIMARY_EVIDENCE,継続標本のみを用い母集団推計を行うため、本系列に比べサンプルサイズが小さくなる。,営業利益及び経常利益については、標準誤差率の算出は行っていない。,継続標本PDFは利益水準とその符号を公表しないため、売上高と営業利益の増加率から得る利益率方向は代理指標である。
20261,2026年1 - 3 月,116,石油製品・石炭製品製造業,24,1億円以上 - 10億円未満,False,False,True,108,2,other_non_operating_income,その他の営業外収益,その他の営業外収益の前年差による利益影響,1,68.05,72.56,-4.510000000000005,-4.510000000000005,REDUCES_PROFIT_CHANGE,25.9792626728112,CALCULABLE,原因は統計だけでは特定しない,1387.56,185.08,1202.48,1409.51,224.39,1185.12,21.950000000000045,39.309999999999974,-17.35999999999993,21.949999999999996,39.31,-17.360000000000007,-17.360000000000007,-7.815970093361102e-14,PASS,PASS,-5.0,-5.0,-18.0,FORBIDDEN_WITHOUT_EXTERNAL_PRIMARY_EVIDENCE,継続標本のみを用い母集団推計を行うため、本系列に比べサンプルサイズが小さくなる。,営業利益及び経常利益については、標準誤差率の算出は行っていない。,継続標本PDFは利益水準とその符号を公表しないため、売上高と営業利益の増加率から得る利益率方向は代理指標である。
20261,2026年1 - 3 月,116,石油製品・石炭製品製造業,24,1億円以上 - 10億円未満,False,False,True,108,3,interest_expense,支払利息等,支払利息等の前年差による利益影響,-1,27.11,20.18,6.93,-6.93,REDUCES_PROFIT_CHANGE,39.91935483870984,CALCULABLE,会計的な利益影響であり因果を示さない,1387.56,185.08,1202.48,1409.51,224.39,1185.12,21.950000000000045,39.309999999999974,-17.35999999999993,21.949999999999996,39.31,-17.360000000000007,-17.360000000000007,-7.815970093361102e-14,PASS,PASS,7.0,-7.0,-18.0,FORBIDDEN_WITHOUT_EXTERNAL_PRIMARY_EVIDENCE,継続標本のみを用い母集団推計を行うため、本系列に比べサンプルサイズが小さくなる。,営業利益及び経常利益については、標準誤差率の算出は行っていない。,継続標本PDFは利益水準とその符号を公表しないため、売上高と営業利益の増加率から得る利益率方向は代理指標である。
20261,2026年1 - 3 月,116,石油製品・石炭製品製造業,24,1億円以上 - 10億円未満,False,False,True,108,4,other_non_operating_expense,その他の営業外費用,その他の営業外費用の前年差による利益影響,-1,24.6,19.52,5.080000000000002,-5.080000000000002,REDUCES_PROFIT_CHANGE,29.262672811060035,CALCULABLE,会計的な利益影響であり因果を示さない,1387.56,185.08,1202.48,1409.51,224.39,1185.12,21.950000000000045,39.309999999999974,-17.35999999999993,21.949999999999996,39.31,-17.360000000000007,-17.360000000000007,-7.815970093361102e-14,PASS,PASS,5.0,-5.0,-18.0,FORBIDDEN_WITHOUT_EXTERNAL_PRIMARY_EVIDENCE,継続標本のみを用い母集団推計を行うため、本系列に比べサンプルサイズが小さくなる。,営業利益及び経常利益については、標準誤差率の算出は行っていない。,継続標本PDFは利益水準とその符号を公表しないため、売上高と営業利益の増加率から得る利益率方向は代理指標である。
20261,2026年1 - 3 月,116,石油製品・石炭製品製造業,25,10億円以上,False,False,True,108,1,interest_and_dividend_income,受取利息等,受取利息等の前年差による利益影響,1,38.83,31.5,7.329999999999998,7.329999999999998,INCREASES_PROFIT_CHANGE,-37.0202020202018,CALCULABLE,会計的な利益影響であり因果を示さない,1466.2,-6.29,1472.49,1565.06,112.37,1452.69,98.8599999999999,118.66000000000001,-19.80000000000011,98.86,118.66,-19.799999999999997,-19.800000000000004,1.0658141036401503e-13,PASS,PASS,7.0,7.0,-21.0,FORBIDDEN_WITHOUT_EXTERNAL_PRIMARY_EVIDENCE,継続標本のみを用い母集団推計を行うため、本系列に比べサンプルサイズが小さくなる。,営業利益及び経常利益については、標準誤差率の算出は行っていない。,継続標本PDFは利益水準とその符号を公表しないため、売上高と営業利益の増加率から得る利益率方向は代理指標である。
20261,2026年1 - 3 月,116,石油製品・石炭製品製造業,25,10億円以上,False,False,True,108,2,other_non_operating_income,その他の営業外収益,その他の営業外収益の前年差による利益影響,1,131.4,145.15,-13.75,-13.75,REDUCES_PROFIT_CHANGE,69.44444444444406,CALCULABLE,原因は統計だけでは特定しない,1466.2,-6.29,1472.49,1565.06,112.37,1452.69,98.8599999999999,118.66000000000001,-19.80000000000011,98.86,118.66,-19.799999999999997,-19.800000000000004,1.0658141036401503e-13,PASS,PASS,-14.0,-14.0,-21.0,FORBIDDEN_WITHOUT_EXTERNAL_PRIMARY_EVIDENCE,継続標本のみを用い母集団推計を行うため、本系列に比べサンプルサイズが小さくなる。,営業利益及び経常利益については、標準誤差率の算出は行っていない。,継続標本PDFは利益水準とその符号を公表しないため、売上高と営業利益の増加率から得る利益率方向は代理指標である。
20261,2026年1 - 3 月,116,石油製品・石炭製品製造業,25,10億円以上,False,False,True,108,3,interest_expense,支払利息等,支払利息等の前年差による利益影響,-1,44.09,34.49,9.600000000000001,-9.600000000000001,REDUCES_PROFIT_CHANGE,48.48484848484822,CALCULABLE,会計的な利益影響であり因果を示さない,1466.2,-6.29,1472.49,1565.06,112.37,1452.69,98.8599999999999,118.66000000000001,-19.80000000000011,98.86,118.66,-19.799999999999997,-19.800000000000004,1.0658141036401503e-13,PASS,PASS,10.0,-10.0,-21.0,FORBIDDEN_WITHOUT_EXTERNAL_PRIMARY_EVIDENCE,継続標本のみを用い母集団推計を行うため、本系列に比べサンプルサイズが小さくなる。,営業利益及び経常利益については、標準誤差率の算出は行っていない。,継続標本PDFは利益水準とその符号を公表しないため、売上高と営業利益の増加率から得る利益率方向は代理指標である。
20261,2026年1 - 3 月,116,石油製品・石炭製品製造業,25,10億円以上,False,False,True,108,4,other_non_operating_expense,その他の営業外費用,その他の営業外費用の前年差による利益影響,-1,27.28,23.5,3.780000000000001,-3.780000000000001,REDUCES_PROFIT_CHANGE,19.09090909090899,CALCULABLE,会計的な利益影響であり因果を示さない,1466.2,-6.29,1472.49,1565.06,112.37,1452.69,98.8599999999999,118.66000000000001,-19.80000000000011,98.86,118.66,-19.799999999999997,-19.800000000000004,1.0658141036401503e-13,PASS,PASS,4.0,-4.0,-21.0,FORBIDDEN_WITHOUT_EXTERNAL_PRIMARY_EVIDENCE,継続標本のみを用い母集団推計を行うため、本系列に比べサンプルサイズが小さくなる。,営業利益及び経常利益については、標準誤差率の算出は行っていない。,継続標本PDFは利益水準とその符号を公表しないため、売上高と営業利益の増加率から得る利益率方向は代理指標である。
20261,2026年1 - 3 月,116,石油製品・石炭製品製造業,26,全規模,False,False,True,108,1,interest_and_dividend_income,受取利息等,受取利息等の前年差による利益影響,1,45.86,38.72,7.140000000000001,7.140000000000001,INCREASES_PROFIT_CHANGE,-24.277456647398896,CALCULABLE,会計的な利益影響であり因果を示さない,2995.33,222.73,2772.6,3130.0,386.81,2743.19,134.67000000000007,164.08,-29.40999999999994,134.67000000000002,164.07999999999998,-29.409999999999968,-29.409999999999997,-5.684341886080802e-14,PASS,PASS,7.0,7.0,-29.0,FORBIDDEN_WITHOUT_EXTERNAL_PRIMARY_EVIDENCE,継続標本のみを用い母集団推計を行うため、本系列に比べサンプルサイズが小さくなる。,営業利益及び経常利益については、標準誤差率の算出は行っていない。,継続標本PDFは利益水準とその符号を公表しないため、売上高と営業利益の増加率から得る利益率方向は代理指標である。
20261,2026年1 - 3 月,116,石油製品・石炭製品製造業,26,全規模,False,False,True,108,2,other_non_operating_income,その他の営業外収益,その他の営業外収益の前年差による利益影響,1,219.03,230.94,-11.909999999999997,-11.909999999999997,REDUCES_PROFIT_CHANGE,40.49642978578722,CALCULABLE,原因は統計だけでは特定しない,2995.33,222.73,2772.6,3130.0,386.81,2743.19,134.67000000000007,164.08,-29.40999999999994,134.67000000000002,164.07999999999998,-29.409999999999968,-29.409999999999997,-5.684341886080802e-14,PASS,PASS,-12.0,-12.0,-29.0,FORBIDDEN_WITHOUT_EXTERNAL_PRIMARY_EVIDENCE,継続標本のみを用い母集団推計を行うため、本系列に比べサンプルサイズが小さくなる。,営業利益及び経常利益については、標準誤差率の算出は行っていない。,継続標本PDFは利益水準とその符号を公表しないため、売上高と営業利益の増加率から得る利益率方向は代理指標である。
20261,2026年1 - 3 月,116,石油製品・石炭製品製造業,26,全規模,False,False,True,108,3,interest_expense,支払利息等,支払利息等の前年差による利益影響,-1,73.38,55.96,17.419999999999995,-17.419999999999995,REDUCES_PROFIT_CHANGE,59.2315538932337,CALCULABLE,会計的な利益影響であり因果を示さない,2995.33,222.73,2772.6,3130.0,386.81,2743.19,134.67000000000007,164.08,-29.40999999999994,134.67000000000002,164.07999999999998,-29.409999999999968,-29.409999999999997,-5.684341886080802e-14,PASS,PASS,17.0,-17.0,-29.0,FORBIDDEN_WITHOUT_EXTERNAL_PRIMARY_EVIDENCE,継続標本のみを用い母集団推計を行うため、本系列に比べサンプルサイズが小さくなる。,営業利益及び経常利益については、標準誤差率の算出は行っていない。,継続標本PDFは利益水準とその符号を公表しないため、売上高と営業利益の増加率から得る利益率方向は代理指標である。
20261,2026年1 - 3 月,116,石油製品・石炭製品製造業,26,全規模,False,False,True,108,4,other_non_operating_expense,その他の営業外費用,その他の営業外費用の前年差による利益影響,-1,56.84,49.62,7.220000000000006,-7.220000000000006,REDUCES_PROFIT_CHANGE,24.549472968378172,CALCULABLE,会計的な利益影響であり因果を示さない,2995.33,222.73,2772.6,3130.0,386.81,2743.19,134.67000000000007,164.08,-29.40999999999994,134.67000000000002,164.07999999999998,-29.409999999999968,-29.409999999999997,-5.684341886080802e-14,PASS,PASS,7.0,-7.0,-29.0,FORBIDDEN_WITHOUT_EXTERNAL_PRIMARY_EVIDENCE,継続標本のみを用い母集団推計を行うため、本系列に比べサンプルサイズが小さくなる。,営業利益及び経常利益については、標準誤差率の算出は行っていない。,継続標本PDFは利益水準とその符号を公表しないため、売上高と営業利益の増加率から得る利益率方向は代理指標である。
20261,2026年1 - 3 月,117,窯業・土石製品製造業,19,1千万円以上 - 1億円未満,False,False,True,108,1,interest_and_dividend_income,受取利息等,受取利息等の前年差による利益影響,1,34.15,13.16,20.99,20.99,INCREASES_PROFIT_CHANGE,-114.69945355191248,CALCULABLE,会計的な利益影響であり因果を示さない,520.36,382.19,138.17000000000002,601.11,481.24,119.87,80.75,99.05000000000001,-18.30000000000001,80.75,99.04999999999998,-18.299999999999983,-18.299999999999997,1.4210854715202004e-14,PASS,PASS,21.0,21.0,-19.0,FORBIDDEN_WITHOUT_EXTERNAL_PRIMARY_EVIDENCE,継続標本のみを用い母集団推計を行うため、本系列に比べサンプルサイズが小さくなる。,営業利益及び経常利益については、標準誤差率の算出は行っていない。,継続標本PDFは利益水準とその符号を公表しないため、売上高と営業利益の増加率から得る利益率方向は代理指標である。
20261,2026年1 - 3 月,117,窯業・土石製品製造業,19,1千万円以上 - 1億円未満,False,False,True,108,2,other_non_operating_income,その他の営業外収益,その他の営業外収益の前年差による利益影響,1,103.82,150.57,-46.75,-46.75,REDUCES_PROFIT_CHANGE,255.46448087431676,CALCULABLE,原因は統計だけでは特定しない,520.36,382.19,138.17000000000002,601.11,481.24,119.87,80.75,99.05000000000001,-18.30000000000001,80.75,99.04999999999998,-18.299999999999983,-18.299999999999997,1.4210854715202004e-14,PASS,PASS,-47.0,-47.0,-19.0,FORBIDDEN_WITHOUT_EXTERNAL_PRIMARY_EVIDENCE,継続標本のみを用い母集団推計を行うため、本系列に比べサンプルサイズが小さくなる。,営業利益及び経常利益については、標準誤差率の算出は行っていない。,継続標本PDFは利益水準とその符号を公表しないため、売上高と営業利益の増加率から得る利益率方向は代理指標である。
20261,2026年1 - 3 月,117,窯業・土石製品製造業,19,1千万円以上 - 1億円未満,False,False,True,108,3,interest_expense,支払利息等,支払利息等の前年差による利益影響,-1,25.23,22.41,2.8200000000000003,-2.8200000000000003,REDUCES_PROFIT_CHANGE,15.409836065573762,CALCULABLE,会計的な利益影響であり因果を示さない,520.36,382.19,138.17000000000002,601.11,481.24,119.87,80.75,99.05000000000001,-18.30000000000001,80.75,99.04999999999998,-18.299999999999983,-18.299999999999997,1.4210854715202004e-14,PASS,PASS,3.0,-3.0,-19.0,FORBIDDEN_WITHOUT_EXTERNAL_PRIMARY_EVIDENCE,継続標本のみを用い母集団推計を行うため、本系列に比べサンプルサイズが小さくなる。,営業利益及び経常利益については、標準誤差率の算出は行っていない。,継続標本PDFは利益水準とその符号を公表しないため、売上高と営業利益の増加率から得る利益率方向は代理指標である。
20261,2026年1 - 3 月,117,窯業・土石製品製造業,19,1千万円以上 - 1億円未満,False,False,True,108,4,other_non_operating_expense,その他の営業外費用,その他の営業外費用の前年差による利益影響,-1,31.99,42.27,-10.280000000000005,10.280000000000005,INCREASES_PROFIT_CHANGE,-56.174863387978135,CALCULABLE,会計的な利益影響であり因果を示さない,520.36,382.19,138.17000000000002,601.11,481.24,119.87,80.75,99.05000000000001,-18.30000000000001,80.75,99.04999999999998,-18.299999999999983,-18.299999999999997,1.4210854715202004e-14,PASS,PASS,-10.0,10.0,-19.0,FORBIDDEN_WITHOUT_EXTERNAL_PRIMARY_EVIDENCE,継続標本のみを用い母集団推計を行うため、本系列に比べサンプルサイズが小さくなる。,営業利益及び経常利益については、標準誤差率の算出は行っていない。,継続標本PDFは利益水準とその符号を公表しないため、売上高と営業利益の増加率から得る利益率方向は代理指標である。
20261,2026年1 - 3 月,117,窯業・土石製品製造業,24,1億円以上 - 10億円未満,False,False,True,108,1,interest_and_dividend_income,受取利息等,受取利息等の前年差による利益影響,1,20.84,57.27,-36.43000000000001,-36.43000000000001,REDUCES_PROFIT_CHANGE,-805.9734513274473,CALCULABLE,会計的な利益影響であり因果を示さない,686.98,403.64,283.34000000000003,779.16,491.3,287.85999999999996,92.17999999999995,87.66000000000003,4.519999999999925,92.17999999999998,87.66000000000001,4.519999999999968,4.519999999999975,4.973799150320701e-14,PASS,PASS,-36.0,-36.0,6.0,FORBIDDEN_WITHOUT_EXTERNAL_PRIMARY_EVIDENCE,継続標本のみを用い母集団推計を行うため、本系列に比べサンプルサイズが小さくなる。,営業利益及び経常利益については、標準誤差率の算出は行っていない。,継続標本PDFは利益水準とその符号を公表しないため、売上高と営業利益の増加率から得る利益率方向は代理指標である。
20261,2026年1 - 3 月,117,窯業・土石製品製造業,24,1億円以上 - 10億円未満,False,False,True,108,2,other_non_operating_income,その他の営業外収益,その他の営業外収益の前年差による利益影響,1,169.48,96.95,72.52999999999999,72.52999999999999,INCREASES_PROFIT_CHANGE,1604.6460176991413,CALCULABLE,原因は統計だけでは特定しない,686.98,403.64,283.34000000000003,779.16,491.3,287.85999999999996,92.17999999999995,87.66000000000003,4.519999999999925,92.17999999999998,87.66000000000001,4.519999999999968,4.519999999999975,4.973799150320701e-14,PASS,PASS,73.0,73.0,6.0,FORBIDDEN_WITHOUT_EXTERNAL_PRIMARY_EVIDENCE,継続標本のみを用い母集団推計を行うため、本系列に比べサンプルサイズが小さくなる。,営業利益及び経常利益については、標準誤差率の算出は行っていない。,継続標本PDFは利益水準とその符号を公表しないため、売上高と営業利益の増加率から得る利益率方向は代理指標である。
20261,2026年1 - 3 月,117,窯業・土石製品製造業,24,1億円以上 - 10億円未満,False,False,True,108,3,interest_expense,支払利息等,支払利息等の前年差による利益影響,-1,23.13,15.66,7.469999999999999,-7.469999999999999,REDUCES_PROFIT_CHANGE,-165.26548672566642,CALCULABLE,会計的な利益影響であり因果を示さない,686.98,403.64,283.34000000000003,779.16,491.3,287.85999999999996,92.17999999999995,87.66000000000003,4.519999999999925,92.17999999999998,87.66000000000001,4.519999999999968,4.519999999999975,4.973799150320701e-14,PASS,PASS,7.0,-7.0,6.0,FORBIDDEN_WITHOUT_EXTERNAL_PRIMARY_EVIDENCE,継続標本のみを用い母集団推計を行うため、本系列に比べサンプルサイズが小さくなる。,営業利益及び経常利益については、標準誤差率の算出は行っていない。,継続標本PDFは利益水準とその符号を公表しないため、売上高と営業利益の増加率から得る利益率方向は代理指標である。
20261,2026年1 - 3 月,117,窯業・土石製品製造業,24,1億円以上 - 10億円未満,False,False,True,108,4,other_non_operating_expense,その他の営業外費用,その他の営業外費用の前年差による利益影響,-1,75.01,50.9,24.110000000000007,-24.110000000000007,REDUCES_PROFIT_CHANGE,-533.4070796460267,CALCULABLE,会計的な利益影響であり因果を示さない,686.98,403.64,283.34000000000003,779.16,491.3,287.85999999999996,92.17999999999995,87.66000000000003,4.519999999999925,92.17999999999998,87.66000000000001,4.519999999999968,4.519999999999975,4.973799150320701e-14,PASS,PASS,24.0,-24.0,6.0,FORBIDDEN_WITHOUT_EXTERNAL_PRIMARY_EVIDENCE,継続標本のみを用い母集団推計を行うため、本系列に比べサンプルサイズが小さくなる。,営業利益及び経常利益については、標準誤差率の算出は行っていない。,継続標本PDFは利益水準とその符号を公表しないため、売上高と営業利益の増加率から得る利益率方向は代理指標である。
20261,2026年1 - 3 月,117,窯業・土石製品製造業,25,10億円以上,False,False,True,108,1,interest_and_dividend_income,受取利息等,受取利息等の前年差による利益影響,1,444.58,433.4,11.180000000000007,11.180000000000007,INCREASES_PROFIT_CHANGE,2.693002529206312,CALCULABLE,会計的な利益影響であり因果を示さない,889.67,634.33,255.33999999999992,1896.42,1225.93,670.49,1006.7500000000001,591.6,415.1500000000001,1006.75,591.6,415.15,415.15,-1.1368683772161603e-13,PASS,PASS,11.0,11.0,415.0,FORBIDDEN_WITHOUT_EXTERNAL_PRIMARY_EVIDENCE,継続標本のみを用い母集団推計を行うため、本系列に比べサンプルサイズが小さくなる。,営業利益及び経常利益については、標準誤差率の算出は行っていない。,継続標本PDFは利益水準とその符号を公表しないため、売上高と営業利益の増加率から得る利益率方向は代理指標である。
20261,2026年1 - 3 月,117,窯業・土石製品製造業,25,10億円以上,False,False,True,108,2,other_non_operating_income,その他の営業外収益,その他の営業外収益の前年差による利益影響,1,817.01,480.35,336.65999999999997,336.65999999999997,INCREASES_PROFIT_CHANGE,81.09358063350594,CALCULABLE,原因は統計だけでは特定しない,889.67,634.33,255.33999999999992,1896.42,1225.93,670.49,1006.7500000000001,591.6,415.1500000000001,1006.75,591.6,415.15,415.15,-1.1368683772161603e-13,PASS,PASS,337.0,337.0,415.0,FORBIDDEN_WITHOUT_EXTERNAL_PRIMARY_EVIDENCE,継続標本のみを用い母集団推計を行うため、本系列に比べサンプルサイズが小さくなる。,営業利益及び経常利益については、標準誤差率の算出は行っていない。,継続標本PDFは利益水準とその符号を公表しないため、売上高と営業利益の増加率から得る利益率方向は代理指標である。
20261,2026年1 - 3 月,117,窯業・土石製品製造業,25,10億円以上,False,False,True,108,3,interest_expense,支払利息等,支払利息等の前年差による利益影響,-1,99.46,88.85,10.61,-10.61,REDUCES_PROFIT_CHANGE,-2.555702758039262,CALCULABLE,会計的な利益影響であり因果を示さない,889.67,634.33,255.33999999999992,1896.42,1225.93,670.49,1006.7500000000001,591.6,415.1500000000001,1006.75,591.6,415.15,415.15,-1.1368683772161603e-13,PASS,PASS,11.0,-11.0,415.0,FORBIDDEN_WITHOUT_EXTERNAL_PRIMARY_EVIDENCE,継続標本のみを用い母集団推計を行うため、本系列に比べサンプルサイズが小さくなる。,営業利益及び経常利益については、標準誤差率の算出は行っていない。,継続標本PDFは利益水準とその符号を公表しないため、売上高と営業利益の増加率から得る利益率方向は代理指標である。
20261,2026年1 - 3 月,117,窯業・土石製品製造業,25,10億円以上,False,False,True,108,4,other_non_operating_expense,その他の営業外費用,その他の営業外費用の前年差による利益影響,-1,155.38,233.3,-77.92000000000002,77.92000000000002,INCREASES_PROFIT_CHANGE,18.76911959532699,CALCULABLE,会計的な利益影響であり因果を示さない,889.67,634.33,255.33999999999992,1896.42,1225.93,670.49,1006.7500000000001,591.6,415.1500000000001,1006.75,591.6,415.15,415.15,-1.1368683772161603e-13,PASS,PASS,-78.0,78.0,415.0,FORBIDDEN_WITHOUT_EXTERNAL_PRIMARY_EVIDENCE,継続標本のみを用い母集団推計を行うため、本系列に比べサンプルサイズが小さくなる。,営業利益及び経常利益については、標準誤差率の算出は行っていない。,継続標本PDFは利益水準とその符号を公表しないため、売上高と営業利益の増加率から得る利益率方向は代理指標である。
20261,2026年1 - 3 月,117,窯業・土石製品製造業,26,全規模,False,False,True,108,1,interest_and_dividend_income,受取利息等,受取利息等の前年差による利益影響,1,499.57,503.83,-4.259999999999991,-4.259999999999991,REDUCES_PROFIT_CHANGE,-1.0613648254727532,CALCULABLE,会計的な利益影響であり因果を示さない,2097.01,1420.16,676.8500000000001,3276.69,2198.47,1078.2200000000003,1179.6799999999998,778.3099999999997,401.3700000000001,1179.6799999999998,778.31,401.3699999999999,401.37,-1.1368683772161603e-13,PASS,PASS,-4.0,-4.0,401.0,FORBIDDEN_WITHOUT_EXTERNAL_PRIMARY_EVIDENCE,継続標本のみを用い母集団推計を行うため、本系列に比べサンプルサイズが小さくなる。,営業利益及び経常利益については、標準誤差率の算出は行っていない。,継続標本PDFは利益水準とその符号を公表しないため、売上高と営業利益の増加率から得る利益率方向は代理指標である。
20261,2026年1 - 3 月,117,窯業・土石製品製造業,26,全規模,False,False,True,108,2,other_non_operating_income,その他の営業外収益,その他の営業外収益の前年差による利益影響,1,1090.31,727.87,362.43999999999994,362.43999999999994,INCREASES_PROFIT_CHANGE,90.3007200338839,CALCULABLE,原因は統計だけでは特定しない,2097.01,1420.16,676.8500000000001,3276.69,2198.47,1078.2200000000003,1179.6799999999998,778.3099999999997,401.3700000000001,1179.6799999999998,778.31,401.3699999999999,401.37,-1.1368683772161603e-13,PASS,PASS,362.0,362.0,401.0,FORBIDDEN_WITHOUT_EXTERNAL_PRIMARY_EVIDENCE,継続標本のみを用い母集団推計を行うため、本系列に比べサンプルサイズが小さくなる。,営業利益及び経常利益については、標準誤差率の算出は行っていない。,継続標本PDFは利益水準とその符号を公表しないため、売上高と営業利益の増加率から得る利益率方向は代理指標である。
20261,2026年1 - 3 月,117,窯業・土石製品製造業,26,全規模,False,False,True,108,3,interest_expense,支払利息等,支払利息等の前年差による利益影響,-1,147.82,126.92,20.89999999999999,-20.89999999999999,REDUCES_PROFIT_CHANGE,-5.2071654583053,CALCULABLE,会計的な利益影響であり因果を示さない,2097.01,1420.16,676.8500000000001,3276.69,2198.47,1078.2200000000003,1179.6799999999998,778.3099999999997,401.3700000000001,1179.6799999999998,778.31,401.3699999999999,401.37,-1.1368683772161603e-13,PASS,PASS,21.0,-21.0,401.0,FORBIDDEN_WITHOUT_EXTERNAL_PRIMARY_EVIDENCE,継続標本のみを用い母集団推計を行うため、本系列に比べサンプルサイズが小さくなる。,営業利益及び経常利益については、標準誤差率の算出は行っていない。,継続標本PDFは利益水準とその符号を公表しないため、売上高と営業利益の増加率から得る利益率方向は代理指標である。
20261,2026年1 - 3 月,117,窯業・土石製品製造業,26,全規模,False,False,True,108,4,other_non_operating_expense,その他の営業外費用,その他の営業外費用の前年差による利益影響,-1,262.38,326.47,-64.09000000000003,64.09000000000003,INCREASES_PROFIT_CHANGE,15.967810249894116,CALCULABLE,会計的な利益影響であり因果を示さない,2097.01,1420.16,676.8500000000001,3276.69,2198.47,1078.2200000000003,1179.6799999999998,778.3099999999997,401.3700000000001,1179.6799999999998,778.31,401.3699999999999,401.37,-1.1368683772161603e-13,PASS,PASS,-64.0,64.0,401.0,FORBIDDEN_WITHOUT_EXTERNAL_PRIMARY_EVIDENCE,継続標本のみを用い母集団推計を行うため、本系列に比べサンプルサイズが小さくなる。,営業利益及び経常利益については、標準誤差率の算出は行っていない。,継続標本PDFは利益水準とその符号を公表しないため、売上高と営業利益の増加率から得る利益率方向は代理指標である。
20261,2026年1 - 3 月,118,鉄鋼業,19,1千万円以上 - 1億円未満,False,False,True,108,1,interest_and_dividend_income,受取利息等,受取利息等の前年差による利益影響,1,16.7,2.7,14.0,14.0,INCREASES_PROFIT_CHANGE,109.03426791277231,CALCULABLE,会計的な利益影響であり因果を示さない,602.72,254.74,347.98,660.7,299.88,360.82000000000005,57.98000000000002,45.139999999999986,12.840000000000032,57.980000000000004,45.14,12.840000000000003,12.840000000000003,-2.842170943040401e-14,PASS,PASS,14.0,14.0,13.0,FORBIDDEN_WITHOUT_EXTERNAL_PRIMARY_EVIDENCE,継続標本のみを用い母集団推計を行うため、本系列に比べサンプルサイズが小さくなる。,営業利益及び経常利益については、標準誤差率の算出は行っていない。,継続標本PDFは利益水準とその符号を公表しないため、売上高と営業利益の増加率から得る利益率方向は代理指標である。
20261,2026年1 - 3 月,118,鉄鋼業,19,1千万円以上 - 1億円未満,False,False,True,108,2,other_non_operating_income,その他の営業外収益,その他の営業外収益の前年差による利益影響,1,92.84,77.97,14.870000000000005,14.870000000000005,INCREASES_PROFIT_CHANGE,115.80996884735177,CALCULABLE,原因は統計だけでは特定しない,602.72,254.74,347.98,660.7,299.88,360.82000000000005,57.98000000000002,45.139999999999986,12.840000000000032,57.980000000000004,45.14,12.840000000000003,12.840000000000003,-2.842170943040401e-14,PASS,PASS,15.0,15.0,13.0,FORBIDDEN_WITHOUT_EXTERNAL_PRIMARY_EVIDENCE,継続標本のみを用い母集団推計を行うため、本系列に比べサンプルサイズが小さくなる。,営業利益及び経常利益については、標準誤差率の算出は行っていない。,継続標本PDFは利益水準とその符号を公表しないため、売上高と営業利益の増加率から得る利益率方向は代理指標である。
20261,2026年1 - 3 月,118,鉄鋼業,19,1千万円以上 - 1億円未満,False,False,True,108,3,interest_expense,支払利息等,支払利息等の前年差による利益影響,-1,32.11,25.33,6.780000000000001,-6.780000000000001,REDUCES_PROFIT_CHANGE,-52.80373831775689,CALCULABLE,会計的な利益影響であり因果を示さない,602.72,254.74,347.98,660.7,299.88,360.82000000000005,57.98000000000002,45.139999999999986,12.840000000000032,57.980000000000004,45.14,12.840000000000003,12.840000000000003,-2.842170943040401e-14,PASS,PASS,7.0,-7.0,13.0,FORBIDDEN_WITHOUT_EXTERNAL_PRIMARY_EVIDENCE,継続標本のみを用い母集団推計を行うため、本系列に比べサンプルサイズが小さくなる。,営業利益及び経常利益については、標準誤差率の算出は行っていない。,継続標本PDFは利益水準とその符号を公表しないため、売上高と営業利益の増加率から得る利益率方向は代理指標である。
20261,2026年1 - 3 月,118,鉄鋼業,19,1千万円以上 - 1億円未満,False,False,True,108,4,other_non_operating_expense,その他の営業外費用,その他の営業外費用の前年差による利益影響,-1,19.45,10.2,9.25,-9.25,REDUCES_PROFIT_CHANGE,-72.04049844236742,CALCULABLE,会計的な利益影響であり因果を示さない,602.72,254.74,347.98,660.7,299.88,360.82000000000005,57.98000000000002,45.139999999999986,12.840000000000032,57.980000000000004,45.14,12.840000000000003,12.840000000000003,-2.842170943040401e-14,PASS,PASS,9.0,-9.0,13.0,FORBIDDEN_WITHOUT_EXTERNAL_PRIMARY_EVIDENCE,継続標本のみを用い母集団推計を行うため、本系列に比べサンプルサイズが小さくなる。,営業利益及び経常利益については、標準誤差率の算出は行っていない。,継続標本PDFは利益水準とその符号を公表しないため、売上高と営業利益の増加率から得る利益率方向は代理指標である。
20261,2026年1 - 3 月,118,鉄鋼業,24,1億円以上 - 10億円未満,False,False,True,108,1,interest_and_dividend_income,受取利息等,受取利息等の前年差による利益影響,1,8.56,7.47,1.0900000000000007,1.0900000000000007,INCREASES_PROFIT_CHANGE,-4.7145328719723265,CALCULABLE,会計的な利益影響であり因果を示さない,170.1,201.8,-31.700000000000017,182.91,237.73,-54.81999999999999,12.810000000000002,35.92999999999998,-23.119999999999976,12.81,35.93000000000001,-23.120000000000005,-23.120000000000005,-2.842170943040401e-14,PASS,PASS,1.0,1.0,-23.0,FORBIDDEN_WITHOUT_EXTERNAL_PRIMARY_EVIDENCE,継続標本のみを用い母集団推計を行うため、本系列に比べサンプルサイズが小さくなる。,営業利益及び経常利益については、標準誤差率の算出は行っていない。,継続標本PDFは利益水準とその符号を公表しないため、売上高と営業利益の増加率から得る利益率方向は代理指標である。
20261,2026年1 - 3 月,118,鉄鋼業,24,1億円以上 - 10億円未満,False,False,True,108,2,other_non_operating_income,その他の営業外収益,その他の営業外収益の前年差による利益影響,1,26.55,49.88,-23.330000000000002,-23.330000000000002,REDUCES_PROFIT_CHANGE,100.90830449827001,CALCULABLE,原因は統計だけでは特定しない,170.1,201.8,-31.700000000000017,182.91,237.73,-54.81999999999999,12.810000000000002,35.92999999999998,-23.119999999999976,12.81,35.93000000000001,-23.120000000000005,-23.120000000000005,-2.842170943040401e-14,PASS,PASS,-23.0,-23.0,-23.0,FORBIDDEN_WITHOUT_EXTERNAL_PRIMARY_EVIDENCE,継続標本のみを用い母集団推計を行うため、本系列に比べサンプルサイズが小さくなる。,営業利益及び経常利益については、標準誤差率の算出は行っていない。,継続標本PDFは利益水準とその符号を公表しないため、売上高と営業利益の増加率から得る利益率方向は代理指標である。
20261,2026年1 - 3 月,118,鉄鋼業,24,1億円以上 - 10億円未満,False,False,True,108,3,interest_expense,支払利息等,支払利息等の前年差による利益影響,-1,9.21,7.22,1.990000000000001,-1.990000000000001,REDUCES_PROFIT_CHANGE,8.607266435986173,CALCULABLE,会計的な利益影響であり因果を示さない,170.1,201.8,-31.700000000000017,182.91,237.73,-54.81999999999999,12.810000000000002,35.92999999999998,-23.119999999999976,12.81,35.93000000000001,-23.120000000000005,-23.120000000000005,-2.842170943040401e-14,PASS,PASS,2.0,-2.0,-23.0,FORBIDDEN_WITHOUT_EXTERNAL_PRIMARY_EVIDENCE,継続標本のみを用い母集団推計を行うため、本系列に比べサンプルサイズが小さくなる。,営業利益及び経常利益については、標準誤差率の算出は行っていない。,継続標本PDFは利益水準とその符号を公表しないため、売上高と営業利益の増加率から得る利益率方向は代理指標である。
20261,2026年1 - 3 月,118,鉄鋼業,24,1億円以上 - 10億円未満,False,False,True,108,4,other_non_operating_expense,その他の営業外費用,その他の営業外費用の前年差による利益影響,-1,13.09,14.2,-1.1099999999999994,1.1099999999999994,INCREASES_PROFIT_CHANGE,-4.80103806228374,CALCULABLE,会計的な利益影響であり因果を示さない,170.1,201.8,-31.700000000000017,182.91,237.73,-54.81999999999999,12.810000000000002,35.92999999999998,-23.119999999999976,12.81,35.93000000000001,-23.120000000000005,-23.120000000000005,-2.842170943040401e-14,PASS,PASS,-1.0,1.0,-23.0,FORBIDDEN_WITHOUT_EXTERNAL_PRIMARY_EVIDENCE,継続標本のみを用い母集団推計を行うため、本系列に比べサンプルサイズが小さくなる。,営業利益及び経常利益については、標準誤差率の算出は行っていない。,継続標本PDFは利益水準とその符号を公表しないため、売上高と営業利益の増加率から得る利益率方向は代理指標である。
20261,2026年1 - 3 月,118,鉄鋼業,25,10億円以上,False,False,True,108,1,interest_and_dividend_income,受取利息等,受取利息等の前年差による利益影響,1,753.73,225.13,528.6,528.6,INCREASES_PROFIT_CHANGE,129.15994722181497,CALCULABLE,会計的な利益影響であり因果を示さない,871.1,1052.35,-181.2499999999999,1028.94,800.93,228.0100000000001,157.84000000000003,-251.41999999999996,409.26,157.84000000000003,-251.42,409.26,409.26,0.0,PASS,PASS,529.0,529.0,410.0,FORBIDDEN_WITHOUT_EXTERNAL_PRIMARY_EVIDENCE,継続標本のみを用い母集団推計を行うため、本系列に比べサンプルサイズが小さくなる。,営業利益及び経常利益については、標準誤差率の算出は行っていない。,継続標本PDFは利益水準とその符号を公表しないため、売上高と営業利益の増加率から得る利益率方向は代理指標である。
20261,2026年1 - 3 月,118,鉄鋼業,25,10億円以上,False,False,True,108,2,other_non_operating_income,その他の営業外収益,その他の営業外収益の前年差による利益影響,1,384.98,294.1,90.88,90.88,INCREASES_PROFIT_CHANGE,22.20593265894541,CALCULABLE,原因は統計だけでは特定しない,871.1,1052.35,-181.2499999999999,1028.94,800.93,228.0100000000001,157.84000000000003,-251.41999999999996,409.26,157.84000000000003,-251.42,409.26,409.26,0.0,PASS,PASS,91.0,91.0,410.0,FORBIDDEN_WITHOUT_EXTERNAL_PRIMARY_EVIDENCE,継続標本のみを用い母集団推計を行うため、本系列に比べサンプルサイズが小さくなる。,営業利益及び経常利益については、標準誤差率の算出は行っていない。,継続標本PDFは利益水準とその符号を公表しないため、売上高と営業利益の増加率から得る利益率方向は代理指標である。
20261,2026年1 - 3 月,118,鉄鋼業,25,10億円以上,False,False,True,108,3,interest_expense,支払利息等,支払利息等の前年差による利益影響,-1,272.87,155.66,117.21000000000001,-117.21000000000001,REDUCES_PROFIT_CHANGE,-28.63949567512095,CALCULABLE,会計的な利益影響であり因果を示さない,871.1,1052.35,-181.2499999999999,1028.94,800.93,228.0100000000001,157.84000000000003,-251.41999999999996,409.26,157.84000000000003,-251.42,409.26,409.26,0.0,PASS,PASS,117.0,-117.0,410.0,FORBIDDEN_WITHOUT_EXTERNAL_PRIMARY_EVIDENCE,継続標本のみを用い母集団推計を行うため、本系列に比べサンプルサイズが小さくなる。,営業利益及び経常利益については、標準誤差率の算出は行っていない。,継続標本PDFは利益水準とその符号を公表しないため、売上高と営業利益の増加率から得る利益率方向は代理指標である。
20261,2026年1 - 3 月,118,鉄鋼業,25,10億円以上,False,False,True,108,4,other_non_operating_expense,その他の営業外費用,その他の営業外費用の前年差による利益影響,-1,708.0,614.99,93.00999999999999,-93.00999999999999,REDUCES_PROFIT_CHANGE,-22.726384205639445,CALCULABLE,会計的な利益影響であり因果を示さない,871.1,1052.35,-181.2499999999999,1028.94,800.93,228.0100000000001,157.84000000000003,-251.41999999999996,409.26,157.84000000000003,-251.42,409.26,409.26,0.0,PASS,PASS,93.0,-93.0,410.0,FORBIDDEN_WITHOUT_EXTERNAL_PRIMARY_EVIDENCE,継続標本のみを用い母集団推計を行うため、本系列に比べサンプルサイズが小さくなる。,営業利益及び経常利益については、標準誤差率の算出は行っていない。,継続標本PDFは利益水準とその符号を公表しないため、売上高と営業利益の増加率から得る利益率方向は代理指標である。
20261,2026年1 - 3 月,118,鉄鋼業,26,全規模,False,False,True,108,1,interest_and_dividend_income,受取利息等,受取利息等の前年差による利益影響,1,778.99,235.3,543.69,543.69,INCREASES_PROFIT_CHANGE,136.26998847060003,CALCULABLE,会計的な利益影響であり因果を示さない,1643.92,1508.89,135.02999999999997,1872.55,1338.54,534.01,228.62999999999988,-170.35000000000014,398.98,228.63000000000005,-170.35,398.98,398.98000000000013,1.1368683772161603e-13,PASS,PASS,544.0,544.0,399.0,FORBIDDEN_WITHOUT_EXTERNAL_PRIMARY_EVIDENCE,継続標本のみを用い母集団推計を行うため、本系列に比べサンプルサイズが小さくなる。,営業利益及び経常利益については、標準誤差率の算出は行っていない。,継続標本PDFは利益水準とその符号を公表しないため、売上高と営業利益の増加率から得る利益率方向は代理指標である。
20261,2026年1 - 3 月,118,鉄鋼業,26,全規模,False,False,True,108,2,other_non_operating_income,その他の営業外収益,その他の営業外収益の前年差による利益影響,1,504.37,421.95,82.42000000000002,82.42000000000002,INCREASES_PROFIT_CHANGE,20.657677076545195,CALCULABLE,原因は統計だけでは特定しない,1643.92,1508.89,135.02999999999997,1872.55,1338.54,534.01,228.62999999999988,-170.35000000000014,398.98,228.63000000000005,-170.35,398.98,398.98000000000013,1.1368683772161603e-13,PASS,PASS,82.0,82.0,399.0,FORBIDDEN_WITHOUT_EXTERNAL_PRIMARY_EVIDENCE,継続標本のみを用い母集団推計を行うため、本系列に比べサンプルサイズが小さくなる。,営業利益及び経常利益については、標準誤差率の算出は行っていない。,継続標本PDFは利益水準とその符号を公表しないため、売上高と営業利益の増加率から得る利益率方向は代理指標である。
20261,2026年1 - 3 月,118,鉄鋼業,26,全規模,False,False,True,108,3,interest_expense,支払利息等,支払利息等の前年差による利益影響,-1,314.19,188.21,125.97999999999999,-125.97999999999999,REDUCES_PROFIT_CHANGE,-31.57551756980299,CALCULABLE,会計的な利益影響であり因果を示さない,1643.92,1508.89,135.02999999999997,1872.55,1338.54,534.01,228.62999999999988,-170.35000000000014,398.98,228.63000000000005,-170.35,398.98,398.98000000000013,1.1368683772161603e-13,PASS,PASS,126.0,-126.0,399.0,FORBIDDEN_WITHOUT_EXTERNAL_PRIMARY_EVIDENCE,継続標本のみを用い母集団推計を行うため、本系列に比べサンプルサイズが小さくなる。,営業利益及び経常利益については、標準誤差率の算出は行っていない。,継続標本PDFは利益水準とその符号を公表しないため、売上高と営業利益の増加率から得る利益率方向は代理指標である。
20261,2026年1 - 3 月,118,鉄鋼業,26,全規模,False,False,True,108,4,other_non_operating_expense,その他の営業外費用,その他の営業外費用の前年差による利益影響,-1,740.54,639.39,101.14999999999998,-101.14999999999998,REDUCES_PROFIT_CHANGE,-25.352147977342216,CALCULABLE,会計的な利益影響であり因果を示さない,1643.92,1508.89,135.02999999999997,1872.55,1338.54,534.01,228.62999999999988,-170.35000000000014,398.98,228.63000000000005,-170.35,398.98,398.98000000000013,1.1368683772161603e-13,PASS,PASS,101.0,-101.0,399.0,FORBIDDEN_WITHOUT_EXTERNAL_PRIMARY_EVIDENCE,継続標本のみを用い母集団推計を行うため、本系列に比べサンプルサイズが小さくなる。,営業利益及び経常利益については、標準誤差率の算出は行っていない。,継続標本PDFは利益水準とその符号を公表しないため、売上高と営業利益の増加率から得る利益率方向は代理指標である。
20261,2026年1 - 3 月,119,非鉄金属製造業,19,1千万円以上 - 1億円未満,False,False,True,108,1,interest_and_dividend_income,受取利息等,受取利息等の前年差による利益影響,1,6.01,4.7,1.3099999999999996,1.3099999999999996,INCREASES_PROFIT_CHANGE,10.633116883116873,CALCULABLE,会計的な利益影響であり因果を示さない,244.12,124.14,119.98,282.42,150.12,132.3,38.30000000000001,25.980000000000004,12.320000000000007,38.300000000000004,25.979999999999997,12.320000000000007,12.320000000000004,-3.552713678800501e-15,PASS,PASS,1.0,1.0,13.0,FORBIDDEN_WITHOUT_EXTERNAL_PRIMARY_EVIDENCE,継続標本のみを用い母集団推計を行うため、本系列に比べサンプルサイズが小さくなる。,営業利益及び経常利益については、標準誤差率の算出は行っていない。,継続標本PDFは利益水準とその符号を公表しないため、売上高と営業利益の増加率から得る利益率方向は代理指標である。
20261,2026年1 - 3 月,119,非鉄金属製造業,19,1千万円以上 - 1億円未満,False,False,True,108,2,other_non_operating_income,その他の営業外収益,その他の営業外収益の前年差による利益影響,1,70.45,53.76,16.690000000000005,16.690000000000005,INCREASES_PROFIT_CHANGE,135.47077922077918,CALCULABLE,原因は統計だけでは特定しない,244.12,124.14,119.98,282.42,150.12,132.3,38.30000000000001,25.980000000000004,12.320000000000007,38.300000000000004,25.979999999999997,12.320000000000007,12.320000000000004,-3.552713678800501e-15,PASS,PASS,17.0,17.0,13.0,FORBIDDEN_WITHOUT_EXTERNAL_PRIMARY_EVIDENCE,継続標本のみを用い母集団推計を行うため、本系列に比べサンプルサイズが小さくなる。,営業利益及び経常利益については、標準誤差率の算出は行っていない。,継続標本PDFは利益水準とその符号を公表しないため、売上高と営業利益の増加率から得る利益率方向は代理指標である。
20261,2026年1 - 3 月,119,非鉄金属製造業,19,1千万円以上 - 1億円未満,False,False,True,108,3,interest_expense,支払利息等,支払利息等の前年差による利益影響,-1,24.14,15.86,8.280000000000001,-8.280000000000001,REDUCES_PROFIT_CHANGE,-67.20779220779217,CALCULABLE,会計的な利益影響であり因果を示さない,244.12,124.14,119.98,282.42,150.12,132.3,38.30000000000001,25.980000000000004,12.320000000000007,38.300000000000004,25.979999999999997,12.320000000000007,12.320000000000004,-3.552713678800501e-15,PASS,PASS,8.0,-8.0,13.0,FORBIDDEN_WITHOUT_EXTERNAL_PRIMARY_EVIDENCE,継続標本のみを用い母集団推計を行うため、本系列に比べサンプルサイズが小さくなる。,営業利益及び経常利益については、標準誤差率の算出は行っていない。,継続標本PDFは利益水準とその符号を公表しないため、売上高と営業利益の増加率から得る利益率方向は代理指標である。
20261,2026年1 - 3 月,119,非鉄金属製造業,19,1千万円以上 - 1億円未満,False,False,True,108,4,other_non_operating_expense,その他の営業外費用,その他の営業外費用の前年差による利益影響,-1,14.02,16.62,-2.6000000000000014,2.6000000000000014,INCREASES_PROFIT_CHANGE,21.1038961038961,CALCULABLE,会計的な利益影響であり因果を示さない,244.12,124.14,119.98,282.42,150.12,132.3,38.30000000000001,25.980000000000004,12.320000000000007,38.300000000000004,25.979999999999997,12.320000000000007,12.320000000000004,-3.552713678800501e-15,PASS,PASS,-3.0,3.0,13.0,FORBIDDEN_WITHOUT_EXTERNAL_PRIMARY_EVIDENCE,継続標本のみを用い母集団推計を行うため、本系列に比べサンプルサイズが小さくなる。,営業利益及び経常利益については、標準誤差率の算出は行っていない。,継続標本PDFは利益水準とその符号を公表しないため、売上高と営業利益の増加率から得る利益率方向は代理指標である。
20261,2026年1 - 3 月,119,非鉄金属製造業,24,1億円以上 - 10億円未満,False,False,True,108,1,interest_and_dividend_income,受取利息等,受取利息等の前年差による利益影響,1,7.84,10.45,-2.6099999999999994,-2.6099999999999994,REDUCES_PROFIT_CHANGE,124.28571428570956,CALCULABLE,会計的な利益影響であり因果を示さない,577.34,380.13,197.21000000000004,534.28,339.17,195.10999999999996,-43.06000000000006,-40.95999999999998,-2.1000000000000796,-43.06,-40.96000000000001,-2.0999999999999943,-2.0999999999999943,8.526512829121202e-14,PASS,PASS,-3.0,-3.0,-2.0,FORBIDDEN_WITHOUT_EXTERNAL_PRIMARY_EVIDENCE,継続標本のみを用い母集団推計を行うため、本系列に比べサンプルサイズが小さくなる。,営業利益及び経常利益については、標準誤差率の算出は行っていない。,継続標本PDFは利益水準とその符号を公表しないため、売上高と営業利益の増加率から得る利益率方向は代理指標である。
20261,2026年1 - 3 月,119,非鉄金属製造業,24,1億円以上 - 10億円未満,False,False,True,108,2,other_non_operating_income,その他の営業外収益,その他の営業外収益の前年差による利益影響,1,156.54,90.35,66.19,66.19,INCREASES_PROFIT_CHANGE,-3151.9047619046423,CALCULABLE,原因は統計だけでは特定しない,577.34,380.13,197.21000000000004,534.28,339.17,195.10999999999996,-43.06000000000006,-40.95999999999998,-2.1000000000000796,-43.06,-40.96000000000001,-2.0999999999999943,-2.0999999999999943,8.526512829121202e-14,PASS,PASS,66.0,66.0,-2.0,FORBIDDEN_WITHOUT_EXTERNAL_PRIMARY_EVIDENCE,継続標本のみを用い母集団推計を行うため、本系列に比べサンプルサイズが小さくなる。,営業利益及び経常利益については、標準誤差率の算出は行っていない。,継続標本PDFは利益水準とその符号を公表しないため、売上高と営業利益の増加率から得る利益率方向は代理指標である。
20261,2026年1 - 3 月,119,非鉄金属製造業,24,1億円以上 - 10億円未満,False,False,True,108,3,interest_expense,支払利息等,支払利息等の前年差による利益影響,-1,24.68,20.18,4.5,-4.5,REDUCES_PROFIT_CHANGE,214.28571428570615,CALCULABLE,会計的な利益影響であり因果を示さない,577.34,380.13,197.21000000000004,534.28,339.17,195.10999999999996,-43.06000000000006,-40.95999999999998,-2.1000000000000796,-43.06,-40.96000000000001,-2.0999999999999943,-2.0999999999999943,8.526512829121202e-14,PASS,PASS,4.0,-4.0,-2.0,FORBIDDEN_WITHOUT_EXTERNAL_PRIMARY_EVIDENCE,継続標本のみを用い母集団推計を行うため、本系列に比べサンプルサイズが小さくなる。,営業利益及び経常利益については、標準誤差率の算出は行っていない。,継続標本PDFは利益水準とその符号を公表しないため、売上高と営業利益の増加率から得る利益率方向は代理指標である。
20261,2026年1 - 3 月,119,非鉄金属製造業,24,1億円以上 - 10億円未満,False,False,True,108,4,other_non_operating_expense,その他の営業外費用,その他の営業外費用の前年差による利益影響,-1,182.76,121.58,61.17999999999999,-61.17999999999999,REDUCES_PROFIT_CHANGE,2913.3333333332225,CALCULABLE,会計的な利益影響であり因果を示さない,577.34,380.13,197.21000000000004,534.28,339.17,195.10999999999996,-43.06000000000006,-40.95999999999998,-2.1000000000000796,-43.06,-40.96000000000001,-2.0999999999999943,-2.0999999999999943,8.526512829121202e-14,PASS,PASS,61.0,-61.0,-2.0,FORBIDDEN_WITHOUT_EXTERNAL_PRIMARY_EVIDENCE,継続標本のみを用い母集団推計を行うため、本系列に比べサンプルサイズが小さくなる。,営業利益及び経常利益については、標準誤差率の算出は行っていない。,継続標本PDFは利益水準とその符号を公表しないため、売上高と営業利益の増加率から得る利益率方向は代理指標である。
20261,2026年1 - 3 月,119,非鉄金属製造業,25,10億円以上,False,False,True,108,1,interest_and_dividend_income,受取利息等,受取利息等の前年差による利益影響,1,515.01,279.79,235.21999999999997,235.21999999999997,INCREASES_PROFIT_CHANGE,30.73405283926098,CALCULABLE,会計的な利益影響であり因果を示さない,1947.24,777.54,1169.7,2847.11,912.07,1935.04,899.8700000000001,134.5300000000001,765.34,899.8700000000001,134.53,765.3400000000001,765.34,0.0,PASS,PASS,235.0,235.0,765.0,FORBIDDEN_WITHOUT_EXTERNAL_PRIMARY_EVIDENCE,継続標本のみを用い母集団推計を行うため、本系列に比べサンプルサイズが小さくなる。,営業利益及び経常利益については、標準誤差率の算出は行っていない。,継続標本PDFは利益水準とその符号を公表しないため、売上高と営業利益の増加率から得る利益率方向は代理指標である。
20261,2026年1 - 3 月,119,非鉄金属製造業,25,10億円以上,False,False,True,108,2,other_non_operating_income,その他の営業外収益,その他の営業外収益の前年差による利益影響,1,918.7,442.77,475.93000000000006,475.93000000000006,INCREASES_PROFIT_CHANGE,62.1854339247916,CALCULABLE,原因は統計だけでは特定しない,1947.24,777.54,1169.7,2847.11,912.07,1935.04,899.8700000000001,134.5300000000001,765.34,899.8700000000001,134.53,765.3400000000001,765.34,0.0,PASS,PASS,476.0,476.0,765.0,FORBIDDEN_WITHOUT_EXTERNAL_PRIMARY_EVIDENCE,継続標本のみを用い母集団推計を行うため、本系列に比べサンプルサイズが小さくなる。,営業利益及び経常利益については、標準誤差率の算出は行っていない。,継続標本PDFは利益水準とその符号を公表しないため、売上高と営業利益の増加率から得る利益率方向は代理指標である。
20261,2026年1 - 3 月,119,非鉄金属製造業,25,10億円以上,False,False,True,108,3,interest_expense,支払利息等,支払利息等の前年差による利益影響,-1,168.0,153.92,14.080000000000013,-14.080000000000013,REDUCES_PROFIT_CHANGE,-1.839705229048529,CALCULABLE,会計的な利益影響であり因果を示さない,1947.24,777.54,1169.7,2847.11,912.07,1935.04,899.8700000000001,134.5300000000001,765.34,899.8700000000001,134.53,765.3400000000001,765.34,0.0,PASS,PASS,14.0,-14.0,765.0,FORBIDDEN_WITHOUT_EXTERNAL_PRIMARY_EVIDENCE,継続標本のみを用い母集団推計を行うため、本系列に比べサンプルサイズが小さくなる。,営業利益及び経常利益については、標準誤差率の算出は行っていない。,継続標本PDFは利益水準とその符号を公表しないため、売上高と営業利益の増加率から得る利益率方向は代理指標である。
20261,2026年1 - 3 月,119,非鉄金属製造業,25,10億円以上,False,False,True,108,4,other_non_operating_expense,その他の営業外費用,その他の営業外費用の前年差による利益影響,-1,365.84,434.11,-68.27000000000004,68.27000000000004,INCREASES_PROFIT_CHANGE,8.920218464995955,CALCULABLE,会計的な利益影響であり因果を示さない,1947.24,777.54,1169.7,2847.11,912.07,1935.04,899.8700000000001,134.5300000000001,765.34,899.8700000000001,134.53,765.3400000000001,765.34,0.0,PASS,PASS,-68.0,68.0,765.0,FORBIDDEN_WITHOUT_EXTERNAL_PRIMARY_EVIDENCE,継続標本のみを用い母集団推計を行うため、本系列に比べサンプルサイズが小さくなる。,営業利益及び経常利益については、標準誤差率の算出は行っていない。,継続標本PDFは利益水準とその符号を公表しないため、売上高と営業利益の増加率から得る利益率方向は代理指標である。
20261,2026年1 - 3 月,119,非鉄金属製造業,26,全規模,False,False,True,108,1,interest_and_dividend_income,受取利息等,受取利息等の前年差による利益影響,1,528.86,294.94,233.92000000000002,233.92000000000002,INCREASES_PROFIT_CHANGE,30.16143173964619,CALCULABLE,会計的な利益影響であり因果を示さない,2768.7,1281.81,1486.8899999999999,3663.81,1401.36,2262.45,895.1100000000001,119.54999999999995,775.5600000000002,895.1100000000001,119.55000000000004,775.5600000000001,775.5600000000001,-1.1368683772161603e-13,PASS,PASS,234.0,234.0,776.0,FORBIDDEN_WITHOUT_EXTERNAL_PRIMARY_EVIDENCE,継続標本のみを用い母集団推計を行うため、本系列に比べサンプルサイズが小さくなる。,営業利益及び経常利益については、標準誤差率の算出は行っていない。,継続標本PDFは利益水準とその符号を公表しないため、売上高と営業利益の増加率から得る利益率方向は代理指標である。
20261,2026年1 - 3 月,119,非鉄金属製造業,26,全規模,False,False,True,108,2,other_non_operating_income,その他の営業外収益,その他の営業外収益の前年差による利益影響,1,1145.69,586.88,558.8100000000001,558.8100000000001,INCREASES_PROFIT_CHANGE,72.05245242147609,CALCULABLE,原因は統計だけでは特定しない,2768.7,1281.81,1486.8899999999999,3663.81,1401.36,2262.45,895.1100000000001,119.54999999999995,775.5600000000002,895.1100000000001,119.55000000000004,775.5600000000001,775.5600000000001,-1.1368683772161603e-13,PASS,PASS,559.0,559.0,776.0,FORBIDDEN_WITHOUT_EXTERNAL_PRIMARY_EVIDENCE,継続標本のみを用い母集団推計を行うため、本系列に比べサンプルサイズが小さくなる。,営業利益及び経常利益については、標準誤差率の算出は行っていない。,継続標本PDFは利益水準とその符号を公表しないため、売上高と営業利益の増加率から得る利益率方向は代理指標である。
20261,2026年1 - 3 月,119,非鉄金属製造業,26,全規模,False,False,True,108,3,interest_expense,支払利息等,支払利息等の前年差による利益影響,-1,216.82,189.96,26.859999999999985,-26.859999999999985,REDUCES_PROFIT_CHANGE,-3.4633039352209987,CALCULABLE,会計的な利益影響であり因果を示さない,2768.7,1281.81,1486.8899999999999,3663.81,1401.36,2262.45,895.1100000000001,119.54999999999995,775.5600000000002,895.1100000000001,119.55000000000004,775.5600000000001,775.5600000000001,-1.1368683772161603e-13,PASS,PASS,27.0,-27.0,776.0,FORBIDDEN_WITHOUT_EXTERNAL_PRIMARY_EVIDENCE,継続標本のみを用い母集団推計を行うため、本系列に比べサンプルサイズが小さくなる。,営業利益及び経常利益については、標準誤差率の算出は行っていない。,継続標本PDFは利益水準とその符号を公表しないため、売上高と営業利益の増加率から得る利益率方向は代理指標である。
20261,2026年1 - 3 月,119,非鉄金属製造業,26,全規模,False,False,True,108,4,other_non_operating_expense,その他の営業外費用,その他の営業外費用の前年差による利益影響,-1,562.62,572.31,-9.68999999999994,9.68999999999994,INCREASES_PROFIT_CHANGE,1.2494197740987079,CALCULABLE,会計的な利益影響であり因果を示さない,2768.7,1281.81,1486.8899999999999,3663.81,1401.36,2262.45,895.1100000000001,119.54999999999995,775.5600000000002,895.1100000000001,119.55000000000004,775.5600000000001,775.5600000000001,-1.1368683772161603e-13,PASS,PASS,-10.0,10.0,776.0,FORBIDDEN_WITHOUT_EXTERNAL_PRIMARY_EVIDENCE,継続標本のみを用い母集団推計を行うため、本系列に比べサンプルサイズが小さくなる。,営業利益及び経常利益については、標準誤差率の算出は行っていない。,継続標本PDFは利益水準とその符号を公表しないため、売上高と営業利益の増加率から得る利益率方向は代理指標である。
20261,2026年1 - 3 月,120,金属製品製造業,19,1千万円以上 - 1億円未満,False,False,True,108,1,interest_and_dividend_income,受取利息等,受取利息等の前年差による利益影響,1,35.08,43.05,-7.969999999999999,-7.969999999999999,REDUCES_PROFIT_CHANGE,2.4155175026519182,CALCULABLE,会計的な利益影響であり因果を示さない,1794.51,1248.42,546.0899999999999,2182.55,1966.41,216.1400000000001,388.0400000000002,717.99,-329.9499999999998,388.04,717.99,-329.95,-329.95000000000005,-2.2737367544323206e-13,PASS,PASS,-8.0,-8.0,-330.0,FORBIDDEN_WITHOUT_EXTERNAL_PRIMARY_EVIDENCE,継続標本のみを用い母集団推計を行うため、本系列に比べサンプルサイズが小さくなる。,営業利益及び経常利益については、標準誤差率の算出は行っていない。,継続標本PDFは利益水準とその符号を公表しないため、売上高と営業利益の増加率から得る利益率方向は代理指標である。
20261,2026年1 - 3 月,120,金属製品製造業,19,1千万円以上 - 1億円未満,False,False,True,108,2,other_non_operating_income,その他の営業外収益,その他の営業外収益の前年差による利益影響,1,632.1,963.95,-331.85,-331.85,REDUCES_PROFIT_CHANGE,100.57584482497354,CALCULABLE,原因は統計だけでは特定しない,1794.51,1248.42,546.0899999999999,2182.55,1966.41,216.1400000000001,388.0400000000002,717.99,-329.9499999999998,388.04,717.99,-329.95,-329.95000000000005,-2.2737367544323206e-13,PASS,PASS,-332.0,-332.0,-330.0,FORBIDDEN_WITHOUT_EXTERNAL_PRIMARY_EVIDENCE,継続標本のみを用い母集団推計を行うため、本系列に比べサンプルサイズが小さくなる。,営業利益及び経常利益については、標準誤差率の算出は行っていない。,継続標本PDFは利益水準とその符号を公表しないため、売上高と営業利益の増加率から得る利益率方向は代理指標である。
20261,2026年1 - 3 月,120,金属製品製造業,19,1千万円以上 - 1億円未満,False,False,True,108,3,interest_expense,支払利息等,支払利息等の前年差による利益影響,-1,177.83,96.7,81.13000000000001,-81.13000000000001,REDUCES_PROFIT_CHANGE,24.58857402636765,CALCULABLE,会計的な利益影響であり因果を示さない,1794.51,1248.42,546.0899999999999,2182.55,1966.41,216.1400000000001,388.0400000000002,717.99,-329.9499999999998,388.04,717.99,-329.95,-329.95000000000005,-2.2737367544323206e-13,PASS,PASS,81.0,-81.0,-330.0,FORBIDDEN_WITHOUT_EXTERNAL_PRIMARY_EVIDENCE,継続標本のみを用い母集団推計を行うため、本系列に比べサンプルサイズが小さくなる。,営業利益及び経常利益については、標準誤差率の算出は行っていない。,継続標本PDFは利益水準とその符号を公表しないため、売上高と営業利益の増加率から得る利益率方向は代理指標である。
20261,2026年1 - 3 月,120,金属製品製造業,19,1千万円以上 - 1億円未満,False,False,True,108,4,other_non_operating_expense,その他の営業外費用,その他の営業外費用の前年差による利益影響,-1,101.31,192.31,-91.0,91.0,INCREASES_PROFIT_CHANGE,-27.579936353993045,CALCULABLE,会計的な利益影響であり因果を示さない,1794.51,1248.42,546.0899999999999,2182.55,1966.41,216.1400000000001,388.0400000000002,717.99,-329.9499999999998,388.04,717.99,-329.95,-329.95000000000005,-2.2737367544323206e-13,PASS,PASS,-91.0,91.0,-330.0,FORBIDDEN_WITHOUT_EXTERNAL_PRIMARY_EVIDENCE,継続標本のみを用い母集団推計を行うため、本系列に比べサンプルサイズが小さくなる。,営業利益及び経常利益については、標準誤差率の算出は行っていない。,継続標本PDFは利益水準とその符号を公表しないため、売上高と営業利益の増加率から得る利益率方向は代理指標である。
20261,2026年1 - 3 月,120,金属製品製造業,24,1億円以上 - 10億円未満,False,False,True,108,1,interest_and_dividend_income,受取利息等,受取利息等の前年差による利益影響,1,60.44,31.73,28.709999999999997,28.709999999999997,INCREASES_PROFIT_CHANGE,18.916781972721868,CALCULABLE,会計的な利益影響であり因果を示さない,1021.26,832.82,188.43999999999994,1180.9,840.69,340.21000000000004,159.6400000000001,7.8700000000000045,151.7700000000001,159.64000000000001,7.869999999999994,151.77,151.77,-8.526512829121202e-14,PASS,PASS,29.0,29.0,152.0,FORBIDDEN_WITHOUT_EXTERNAL_PRIMARY_EVIDENCE,継続標本のみを用い母集団推計を行うため、本系列に比べサンプルサイズが小さくなる。,営業利益及び経常利益については、標準誤差率の算出は行っていない。,継続標本PDFは利益水準とその符号を公表しないため、売上高と営業利益の増加率から得る利益率方向は代理指標である。
20261,2026年1 - 3 月,120,金属製品製造業,24,1億円以上 - 10億円未満,False,False,True,108,2,other_non_operating_income,その他の営業外収益,その他の営業外収益の前年差による利益影響,1,187.83,75.25,112.58000000000001,112.58000000000001,INCREASES_PROFIT_CHANGE,74.17803254925211,CALCULABLE,原因は統計だけでは特定しない,1021.26,832.82,188.43999999999994,1180.9,840.69,340.21000000000004,159.6400000000001,7.8700000000000045,151.7700000000001,159.64000000000001,7.869999999999994,151.77,151.77,-8.526512829121202e-14,PASS,PASS,113.0,113.0,152.0,FORBIDDEN_WITHOUT_EXTERNAL_PRIMARY_EVIDENCE,継続標本のみを用い母集団推計を行うため、本系列に比べサンプルサイズが小さくなる。,営業利益及び経常利益については、標準誤差率の算出は行っていない。,継続標本PDFは利益水準とその符号を公表しないため、売上高と営業利益の増加率から得る利益率方向は代理指標である。
20261,2026年1 - 3 月,120,金属製品製造業,24,1億円以上 - 10億円未満,False,False,True,108,3,interest_expense,支払利息等,支払利息等の前年差による利益影響,-1,19.69,17.71,1.9800000000000004,-1.9800000000000004,REDUCES_PROFIT_CHANGE,-1.3046056532911636,CALCULABLE,会計的な利益影響であり因果を示さない,1021.26,832.82,188.43999999999994,1180.9,840.69,340.21000000000004,159.6400000000001,7.8700000000000045,151.7700000000001,159.64000000000001,7.869999999999994,151.77,151.77,-8.526512829121202e-14,PASS,PASS,2.0,-2.0,152.0,FORBIDDEN_WITHOUT_EXTERNAL_PRIMARY_EVIDENCE,継続標本のみを用い母集団推計を行うため、本系列に比べサンプルサイズが小さくなる。,営業利益及び経常利益については、標準誤差率の算出は行っていない。,継続標本PDFは利益水準とその符号を公表しないため、売上高と営業利益の増加率から得る利益率方向は代理指標である。
20261,2026年1 - 3 月,120,金属製品製造業,24,1億円以上 - 10億円未満,False,False,True,108,4,other_non_operating_expense,その他の営業外費用,その他の営業外費用の前年差による利益影響,-1,68.94,81.4,-12.460000000000008,12.460000000000008,INCREASES_PROFIT_CHANGE,8.209791131317125,CALCULABLE,会計的な利益影響であり因果を示さない,1021.26,832.82,188.43999999999994,1180.9,840.69,340.21000000000004,159.6400000000001,7.8700000000000045,151.7700000000001,159.64000000000001,7.869999999999994,151.77,151.77,-8.526512829121202e-14,PASS,PASS,-12.0,12.0,152.0,FORBIDDEN_WITHOUT_EXTERNAL_PRIMARY_EVIDENCE,継続標本のみを用い母集団推計を行うため、本系列に比べサンプルサイズが小さくなる。,営業利益及び経常利益については、標準誤差率の算出は行っていない。,継続標本PDFは利益水準とその符号を公表しないため、売上高と営業利益の増加率から得る利益率方向は代理指標である。
20261,2026年1 - 3 月,120,金属製品製造業,25,10億円以上,False,False,True,108,1,interest_and_dividend_income,受取利息等,受取利息等の前年差による利益影響,1,107.27,90.83,16.439999999999998,16.439999999999998,INCREASES_PROFIT_CHANGE,9.970887918486174,CALCULABLE,会計的な利益影響であり因果を示さない,517.63,421.52,96.11000000000001,769.67,508.68,260.98999999999995,252.03999999999996,87.16000000000003,164.87999999999994,252.04,87.16,164.88,164.88,5.684341886080802e-14,PASS,PASS,16.0,16.0,164.0,FORBIDDEN_WITHOUT_EXTERNAL_PRIMARY_EVIDENCE,継続標本のみを用い母集団推計を行うため、本系列に比べサンプルサイズが小さくなる。,営業利益及び経常利益については、標準誤差率の算出は行っていない。,継続標本PDFは利益水準とその符号を公表しないため、売上高と営業利益の増加率から得る利益率方向は代理指標である。
20261,2026年1 - 3 月,120,金属製品製造業,25,10億円以上,False,False,True,108,2,other_non_operating_income,その他の営業外収益,その他の営業外収益の前年差による利益影響,1,314.49,205.07,109.42000000000002,109.42000000000002,INCREASES_PROFIT_CHANGE,66.36341581756432,CALCULABLE,原因は統計だけでは特定しない,517.63,421.52,96.11000000000001,769.67,508.68,260.98999999999995,252.03999999999996,87.16000000000003,164.87999999999994,252.04,87.16,164.88,164.88,5.684341886080802e-14,PASS,PASS,109.0,109.0,164.0,FORBIDDEN_WITHOUT_EXTERNAL_PRIMARY_EVIDENCE,継続標本のみを用い母集団推計を行うため、本系列に比べサンプルサイズが小さくなる。,営業利益及び経常利益については、標準誤差率の算出は行っていない。,継続標本PDFは利益水準とその符号を公表しないため、売上高と営業利益の増加率から得る利益率方向は代理指標である。
20261,2026年1 - 3 月,120,金属製品製造業,25,10億円以上,False,False,True,108,3,interest_expense,支払利息等,支払利息等の前年差による利益影響,-1,34.14,27.52,6.620000000000001,-6.620000000000001,REDUCES_PROFIT_CHANGE,-4.01504124211548,CALCULABLE,会計的な利益影響であり因果を示さない,517.63,421.52,96.11000000000001,769.67,508.68,260.98999999999995,252.03999999999996,87.16000000000003,164.87999999999994,252.04,87.16,164.88,164.88,5.684341886080802e-14,PASS,PASS,7.0,-7.0,164.0,FORBIDDEN_WITHOUT_EXTERNAL_PRIMARY_EVIDENCE,継続標本のみを用い母集団推計を行うため、本系列に比べサンプルサイズが小さくなる。,営業利益及び経常利益については、標準誤差率の算出は行っていない。,継続標本PDFは利益水準とその符号を公表しないため、売上高と営業利益の増加率から得る利益率方向は代理指標である。
20261,2026年1 - 3 月,120,金属製品製造業,25,10億円以上,False,False,True,108,4,other_non_operating_expense,その他の営業外費用,その他の営業外費用の前年差による利益影響,-1,135.58,181.22,-45.639999999999986,45.639999999999986,INCREASES_PROFIT_CHANGE,27.680737506065018,CALCULABLE,会計的な利益影響であり因果を示さない,517.63,421.52,96.11000000000001,769.67,508.68,260.98999999999995,252.03999999999996,87.16000000000003,164.87999999999994,252.04,87.16,164.88,164.88,5.684341886080802e-14,PASS,PASS,-46.0,46.0,164.0,FORBIDDEN_WITHOUT_EXTERNAL_PRIMARY_EVIDENCE,継続標本のみを用い母集団推計を行うため、本系列に比べサンプルサイズが小さくなる。,営業利益及び経常利益については、標準誤差率の算出は行っていない。,継続標本PDFは利益水準とその符号を公表しないため、売上高と営業利益の増加率から得る利益率方向は代理指標である。
20261,2026年1 - 3 月,120,金属製品製造業,26,全規模,False,False,True,108,1,interest_and_dividend_income,受取利息等,受取利息等の前年差による利益影響,1,202.79,165.61,37.17999999999998,37.17999999999998,INCREASES_PROFIT_CHANGE,-279.5488721804472,CALCULABLE,会計的な利益影響であり因果を示さない,3333.4,2502.76,830.6399999999999,4133.12,3315.78,817.3399999999997,799.7199999999998,813.02,-13.300000000000182,799.72,813.02,-13.299999999999955,-13.299999999999898,2.8421709430404007e-13,PASS,PASS,37.0,37.0,-14.0,FORBIDDEN_WITHOUT_EXTERNAL_PRIMARY_EVIDENCE,継続標本のみを用い母集団推計を行うため、本系列に比べサンプルサイズが小さくなる。,営業利益及び経常利益については、標準誤差率の算出は行っていない。,継続標本PDFは利益水準とその符号を公表しないため、売上高と営業利益の増加率から得る利益率方向は代理指標である。
20261,2026年1 - 3 月,120,金属製品製造業,26,全規模,False,False,True,108,2,other_non_operating_income,その他の営業外収益,その他の営業外収益の前年差による利益影響,1,1134.42,1244.27,-109.84999999999991,-109.84999999999991,REDUCES_PROFIT_CHANGE,825.9398496240483,CALCULABLE,原因は統計だけでは特定しない,3333.4,2502.76,830.6399999999999,4133.12,3315.78,817.3399999999997,799.7199999999998,813.02,-13.300000000000182,799.72,813.02,-13.299999999999955,-13.299999999999898,2.8421709430404007e-13,PASS,PASS,-110.0,-110.0,-14.0,FORBIDDEN_WITHOUT_EXTERNAL_PRIMARY_EVIDENCE,継続標本のみを用い母集団推計を行うため、本系列に比べサンプルサイズが小さくなる。,営業利益及び経常利益については、標準誤差率の算出は行っていない。,継続標本PDFは利益水準とその符号を公表しないため、売上高と営業利益の増加率から得る利益率方向は代理指標である。
20261,2026年1 - 3 月,120,金属製品製造業,26,全規模,False,False,True,108,3,interest_expense,支払利息等,支払利息等の前年差による利益影響,-1,231.66,141.93,89.72999999999999,-89.72999999999999,REDUCES_PROFIT_CHANGE,674.6616541353291,CALCULABLE,会計的な利益影響であり因果を示さない,3333.4,2502.76,830.6399999999999,4133.12,3315.78,817.3399999999997,799.7199999999998,813.02,-13.300000000000182,799.72,813.02,-13.299999999999955,-13.299999999999898,2.8421709430404007e-13,PASS,PASS,90.0,-90.0,-14.0,FORBIDDEN_WITHOUT_EXTERNAL_PRIMARY_EVIDENCE,継続標本のみを用い母集団推計を行うため、本系列に比べサンプルサイズが小さくなる。,営業利益及び経常利益については、標準誤差率の算出は行っていない。,継続標本PDFは利益水準とその符号を公表しないため、売上高と営業利益の増加率から得る利益率方向は代理指標である。
20261,2026年1 - 3 月,120,金属製品製造業,26,全規模,False,False,True,108,4,other_non_operating_expense,その他の営業外費用,その他の営業外費用の前年差による利益影響,-1,305.83,454.93,-149.10000000000002,149.10000000000002,INCREASES_PROFIT_CHANGE,-1121.052631578932,CALCULABLE,会計的な利益影響であり因果を示さない,3333.4,2502.76,830.6399999999999,4133.12,3315.78,817.3399999999997,799.7199999999998,813.02,-13.300000000000182,799.72,813.02,-13.299999999999955,-13.299999999999898,2.8421709430404007e-13,PASS,PASS,-149.0,149.0,-14.0,FORBIDDEN_WITHOUT_EXTERNAL_PRIMARY_EVIDENCE,継続標本のみを用い母集団推計を行うため、本系列に比べサンプルサイズが小さくなる。,営業利益及び経常利益については、標準誤差率の算出は行っていない。,継続標本PDFは利益水準とその符号を公表しないため、売上高と営業利益の増加率から得る利益率方向は代理指標である。
20261,2026年1 - 3 月,121,生産用機械器具製造業,19,1千万円以上 - 1億円未満,False,False,True,108,1,interest_and_dividend_income,受取利息等,受取利息等の前年差による利益影響,1,34.81,22.37,12.440000000000001,12.440000000000001,INCREASES_PROFIT_CHANGE,-5.1126089100772685,CALCULABLE,会計的な利益影響であり因果を示さない,1400.31,637.34,762.9699999999999,1408.66,889.01,519.6500000000001,8.350000000000136,251.66999999999996,-243.31999999999982,8.350000000000009,251.67,-243.32,-243.32,-1.7053025658242404e-13,PASS,PASS,12.0,12.0,-244.0,FORBIDDEN_WITHOUT_EXTERNAL_PRIMARY_EVIDENCE,継続標本のみを用い母集団推計を行うため、本系列に比べサンプルサイズが小さくなる。,営業利益及び経常利益については、標準誤差率の算出は行っていない。,継続標本PDFは利益水準とその符号を公表しないため、売上高と営業利益の増加率から得る利益率方向は代理指標である。
20261,2026年1 - 3 月,121,生産用機械器具製造業,19,1千万円以上 - 1億円未満,False,False,True,108,2,other_non_operating_income,その他の営業外収益,その他の営業外収益の前年差による利益影響,1,223.5,361.69,-138.19,-138.19,REDUCES_PROFIT_CHANGE,56.79352293276349,CALCULABLE,原因は統計だけでは特定しない,1400.31,637.34,762.9699999999999,1408.66,889.01,519.6500000000001,8.350000000000136,251.66999999999996,-243.31999999999982,8.350000000000009,251.67,-243.32,-243.32,-1.7053025658242404e-13,PASS,PASS,-138.0,-138.0,-244.0,FORBIDDEN_WITHOUT_EXTERNAL_PRIMARY_EVIDENCE,継続標本のみを用い母集団推計を行うため、本系列に比べサンプルサイズが小さくなる。,営業利益及び経常利益については、標準誤差率の算出は行っていない。,継続標本PDFは利益水準とその符号を公表しないため、売上高と営業利益の増加率から得る利益率方向は代理指標である。
20261,2026年1 - 3 月,121,生産用機械器具製造業,19,1千万円以上 - 1億円未満,False,False,True,108,3,interest_expense,支払利息等,支払利息等の前年差による利益影響,-1,94.8,49.92,44.879999999999995,-44.879999999999995,REDUCES_PROFIT_CHANGE,18.44484629294757,CALCULABLE,会計的な利益影響であり因果を示さない,1400.31,637.34,762.9699999999999,1408.66,889.01,519.6500000000001,8.350000000000136,251.66999999999996,-243.31999999999982,8.350000000000009,251.67,-243.32,-243.32,-1.7053025658242404e-13,PASS,PASS,45.0,-45.0,-244.0,FORBIDDEN_WITHOUT_EXTERNAL_PRIMARY_EVIDENCE,継続標本のみを用い母集団推計を行うため、本系列に比べサンプルサイズが小さくなる。,営業利益及び経常利益については、標準誤差率の算出は行っていない。,継続標本PDFは利益水準とその符号を公表しないため、売上高と営業利益の増加率から得る利益率方向は代理指標である。
20261,2026年1 - 3 月,121,生産用機械器具製造業,19,1千万円以上 - 1億円未満,False,False,True,108,4,other_non_operating_expense,その他の営業外費用,その他の営業外費用の前年差による利益影響,-1,155.16,82.47,72.69,-72.69,REDUCES_PROFIT_CHANGE,29.874239684366287,CALCULABLE,会計的な利益影響であり因果を示さない,1400.31,637.34,762.9699999999999,1408.66,889.01,519.6500000000001,8.350000000000136,251.66999999999996,-243.31999999999982,8.350000000000009,251.67,-243.32,-243.32,-1.7053025658242404e-13,PASS,PASS,73.0,-73.0,-244.0,FORBIDDEN_WITHOUT_EXTERNAL_PRIMARY_EVIDENCE,継続標本のみを用い母集団推計を行うため、本系列に比べサンプルサイズが小さくなる。,営業利益及び経常利益については、標準誤差率の算出は行っていない。,継続標本PDFは利益水準とその符号を公表しないため、売上高と営業利益の増加率から得る利益率方向は代理指標である。
20261,2026年1 - 3 月,121,生産用機械器具製造業,24,1億円以上 - 10億円未満,False,False,True,108,1,interest_and_dividend_income,受取利息等,受取利息等の前年差による利益影響,1,72.06,54.0,18.060000000000002,18.060000000000002,INCREASES_PROFIT_CHANGE,13.33825701624817,CALCULABLE,会計的な利益影響であり因果を示さない,925.76,1134.71,-208.95000000000005,1123.37,1196.92,-73.55000000000018,197.6099999999999,62.210000000000036,135.39999999999986,197.60999999999999,62.209999999999994,135.39999999999998,135.4,1.4210854715202004e-13,PASS,PASS,18.0,18.0,135.0,FORBIDDEN_WITHOUT_EXTERNAL_PRIMARY_EVIDENCE,継続標本のみを用い母集団推計を行うため、本系列に比べサンプルサイズが小さくなる。,営業利益及び経常利益については、標準誤差率の算出は行っていない。,継続標本PDFは利益水準とその符号を公表しないため、売上高と営業利益の増加率から得る利益率方向は代理指標である。
20261,2026年1 - 3 月,121,生産用機械器具製造業,24,1億円以上 - 10億円未満,False,False,True,108,2,other_non_operating_income,その他の営業外収益,その他の営業外収益の前年差による利益影響,1,232.85,323.38,-90.53,-90.53,REDUCES_PROFIT_CHANGE,-66.86115214180214,CALCULABLE,原因は統計だけでは特定しない,925.76,1134.71,-208.95000000000005,1123.37,1196.92,-73.55000000000018,197.6099999999999,62.210000000000036,135.39999999999986,197.60999999999999,62.209999999999994,135.39999999999998,135.4,1.4210854715202004e-13,PASS,PASS,-91.0,-91.0,135.0,FORBIDDEN_WITHOUT_EXTERNAL_PRIMARY_EVIDENCE,継続標本のみを用い母集団推計を行うため、本系列に比べサンプルサイズが小さくなる。,営業利益及び経常利益については、標準誤差率の算出は行っていない。,継続標本PDFは利益水準とその符号を公表しないため、売上高と営業利益の増加率から得る利益率方向は代理指標である。
20261,2026年1 - 3 月,121,生産用機械器具製造業,24,1億円以上 - 10億円未満,False,False,True,108,3,interest_expense,支払利息等,支払利息等の前年差による利益影響,-1,17.93,20.23,-2.3000000000000007,2.3000000000000007,INCREASES_PROFIT_CHANGE,1.6986706056130008,CALCULABLE,会計的な利益影響であり因果を示さない,925.76,1134.71,-208.95000000000005,1123.37,1196.92,-73.55000000000018,197.6099999999999,62.210000000000036,135.39999999999986,197.60999999999999,62.209999999999994,135.39999999999998,135.4,1.4210854715202004e-13,PASS,PASS,-2.0,2.0,135.0,FORBIDDEN_WITHOUT_EXTERNAL_PRIMARY_EVIDENCE,継続標本のみを用い母集団推計を行うため、本系列に比べサンプルサイズが小さくなる。,営業利益及び経常利益については、標準誤差率の算出は行っていない。,継続標本PDFは利益水準とその符号を公表しないため、売上高と営業利益の増加率から得る利益率方向は代理指標である。
20261,2026年1 - 3 月,121,生産用機械器具製造業,24,1億円以上 - 10億円未満,False,False,True,108,4,other_non_operating_expense,その他の営業外費用,その他の営業外費用の前年差による利益影響,-1,89.37,294.94,-205.57,205.57,INCREASES_PROFIT_CHANGE,151.82422451994105,CALCULABLE,会計的な利益影響であり因果を示さない,925.76,1134.71,-208.95000000000005,1123.37,1196.92,-73.55000000000018,197.6099999999999,62.210000000000036,135.39999999999986,197.60999999999999,62.209999999999994,135.39999999999998,135.4,1.4210854715202004e-13,PASS,PASS,-206.0,206.0,135.0,FORBIDDEN_WITHOUT_EXTERNAL_PRIMARY_EVIDENCE,継続標本のみを用い母集団推計を行うため、本系列に比べサンプルサイズが小さくなる。,営業利益及び経常利益については、標準誤差率の算出は行っていない。,継続標本PDFは利益水準とその符号を公表しないため、売上高と営業利益の増加率から得る利益率方向は代理指標である。
20261,2026年1 - 3 月,121,生産用機械器具製造業,25,10億円以上,False,False,True,108,1,interest_and_dividend_income,受取利息等,受取利息等の前年差による利益影響,1,1344.7,1643.23,-298.53,-298.53,REDUCES_PROFIT_CHANGE,-1058.2417582417568,CALCULABLE,会計的な利益影響であり因果を示さない,6368.27,4375.05,1993.2200000000003,7428.47,5407.04,2021.4300000000003,1060.1999999999998,1031.9899999999998,28.210000000000036,1060.2,1031.99,28.210000000000036,28.209999999999923,-1.1368683772161603e-13,PASS,PASS,-299.0,-299.0,28.0,FORBIDDEN_WITHOUT_EXTERNAL_PRIMARY_EVIDENCE,継続標本のみを用い母集団推計を行うため、本系列に比べサンプルサイズが小さくなる。,営業利益及び経常利益については、標準誤差率の算出は行っていない。,継続標本PDFは利益水準とその符号を公表しないため、売上高と営業利益の増加率から得る利益率方向は代理指標である。
20261,2026年1 - 3 月,121,生産用機械器具製造業,25,10億円以上,False,False,True,108,2,other_non_operating_income,その他の営業外収益,その他の営業外収益の前年差による利益影響,1,960.56,494.79,465.7699999999999,465.7699999999999,INCREASES_PROFIT_CHANGE,1651.0811768876263,CALCULABLE,原因は統計だけでは特定しない,6368.27,4375.05,1993.2200000000003,7428.47,5407.04,2021.4300000000003,1060.1999999999998,1031.9899999999998,28.210000000000036,1060.2,1031.99,28.210000000000036,28.209999999999923,-1.1368683772161603e-13,PASS,PASS,466.0,466.0,28.0,FORBIDDEN_WITHOUT_EXTERNAL_PRIMARY_EVIDENCE,継続標本のみを用い母集団推計を行うため、本系列に比べサンプルサイズが小さくなる。,営業利益及び経常利益については、標準誤差率の算出は行っていない。,継続標本PDFは利益水準とその符号を公表しないため、売上高と営業利益の増加率から得る利益率方向は代理指標である。
20261,2026年1 - 3 月,121,生産用機械器具製造業,25,10億円以上,False,False,True,108,3,interest_expense,支払利息等,支払利息等の前年差による利益影響,-1,196.81,408.39,-211.57999999999998,211.57999999999998,INCREASES_PROFIT_CHANGE,750.0177242112716,CALCULABLE,会計的な利益影響であり因果を示さない,6368.27,4375.05,1993.2200000000003,7428.47,5407.04,2021.4300000000003,1060.1999999999998,1031.9899999999998,28.210000000000036,1060.2,1031.99,28.210000000000036,28.209999999999923,-1.1368683772161603e-13,PASS,PASS,-212.0,212.0,28.0,FORBIDDEN_WITHOUT_EXTERNAL_PRIMARY_EVIDENCE,継続標本のみを用い母集団推計を行うため、本系列に比べサンプルサイズが小さくなる。,営業利益及び経常利益については、標準誤差率の算出は行っていない。,継続標本PDFは利益水準とその符号を公表しないため、売上高と営業利益の増加率から得る利益率方向は代理指標である。
20261,2026年1 - 3 月,121,生産用機械器具製造業,25,10億円以上,False,False,True,108,4,other_non_operating_expense,その他の営業外費用,その他の営業外費用の前年差による利益影響,-1,1048.25,697.64,350.61,-350.61,REDUCES_PROFIT_CHANGE,-1242.8571428571413,CALCULABLE,会計的な利益影響であり因果を示さない,6368.27,4375.05,1993.2200000000003,7428.47,5407.04,2021.4300000000003,1060.1999999999998,1031.9899999999998,28.210000000000036,1060.2,1031.99,28.210000000000036,28.209999999999923,-1.1368683772161603e-13,PASS,PASS,351.0,-351.0,28.0,FORBIDDEN_WITHOUT_EXTERNAL_PRIMARY_EVIDENCE,継続標本のみを用い母集団推計を行うため、本系列に比べサンプルサイズが小さくなる。,営業利益及び経常利益については、標準誤差率の算出は行っていない。,継続標本PDFは利益水準とその符号を公表しないため、売上高と営業利益の増加率から得る利益率方向は代理指標である。
20261,2026年1 - 3 月,121,生産用機械器具製造業,26,全規模,False,False,True,108,1,interest_and_dividend_income,受取利息等,受取利息等の前年差による利益影響,1,1451.57,1719.6,-268.03,-268.03,REDUCES_PROFIT_CHANGE,336.25642955714443,CALCULABLE,会計的な利益影響であり因果を示さない,8694.34,6147.1,2547.24,9960.5,7492.97,2467.5299999999997,1266.1599999999999,1345.87,-79.71000000000004,1266.16,1345.87,-79.70999999999981,-79.70999999999981,2.2737367544323206e-13,PASS,PASS,-268.0,-268.0,-80.0,FORBIDDEN_WITHOUT_EXTERNAL_PRIMARY_EVIDENCE,継続標本のみを用い母集団推計を行うため、本系列に比べサンプルサイズが小さくなる。,営業利益及び経常利益については、標準誤差率の算出は行っていない。,継続標本PDFは利益水準とその符号を公表しないため、売上高と営業利益の増加率から得る利益率方向は代理指標である。
20261,2026年1 - 3 月,121,生産用機械器具製造業,26,全規模,False,False,True,108,2,other_non_operating_income,その他の営業外収益,その他の営業外収益の前年差による利益影響,1,1416.91,1179.86,237.05000000000018,237.05000000000018,INCREASES_PROFIT_CHANGE,-297.3905407100741,CALCULABLE,原因は統計だけでは特定しない,8694.34,6147.1,2547.24,9960.5,7492.97,2467.5299999999997,1266.1599999999999,1345.87,-79.71000000000004,1266.16,1345.87,-79.70999999999981,-79.70999999999981,2.2737367544323206e-13,PASS,PASS,237.0,237.0,-80.0,FORBIDDEN_WITHOUT_EXTERNAL_PRIMARY_EVIDENCE,継続標本のみを用い母集団推計を行うため、本系列に比べサンプルサイズが小さくなる。,営業利益及び経常利益については、標準誤差率の算出は行っていない。,継続標本PDFは利益水準とその符号を公表しないため、売上高と営業利益の増加率から得る利益率方向は代理指標である。
20261,2026年1 - 3 月,121,生産用機械器具製造業,26,全規模,False,False,True,108,3,interest_expense,支払利息等,支払利息等の前年差による利益影響,-1,309.54,478.54,-169.0,169.0,INCREASES_PROFIT_CHANGE,-212.01856730648592,CALCULABLE,会計的な利益影響であり因果を示さない,8694.34,6147.1,2547.24,9960.5,7492.97,2467.5299999999997,1266.1599999999999,1345.87,-79.71000000000004,1266.16,1345.87,-79.70999999999981,-79.70999999999981,2.2737367544323206e-13,PASS,PASS,-169.0,169.0,-80.0,FORBIDDEN_WITHOUT_EXTERNAL_PRIMARY_EVIDENCE,継続標本のみを用い母集団推計を行うため、本系列に比べサンプルサイズが小さくなる。,営業利益及び経常利益については、標準誤差率の算出は行っていない。,継続標本PDFは利益水準とその符号を公表しないため、売上高と営業利益の増加率から得る利益率方向は代理指標である。
20261,2026年1 - 3 月,121,生産用機械器具製造業,26,全規模,False,False,True,108,4,other_non_operating_expense,その他の営業外費用,その他の営業外費用の前年差による利益影響,-1,1292.78,1075.05,217.73000000000002,-217.73000000000002,REDUCES_PROFIT_CHANGE,273.1526784594153,CALCULABLE,会計的な利益影響であり因果を示さない,8694.34,6147.1,2547.24,9960.5,7492.97,2467.5299999999997,1266.1599999999999,1345.87,-79.71000000000004,1266.16,1345.87,-79.70999999999981,-79.70999999999981,2.2737367544323206e-13,PASS,PASS,218.0,-218.0,-80.0,FORBIDDEN_WITHOUT_EXTERNAL_PRIMARY_EVIDENCE,継続標本のみを用い母集団推計を行うため、本系列に比べサンプルサイズが小さくなる。,営業利益及び経常利益については、標準誤差率の算出は行っていない。,継続標本PDFは利益水準とその符号を公表しないため、売上高と営業利益の増加率から得る利益率方向は代理指標である。
20261,2026年1 - 3 月,122,電気機械器具製造業,19,1千万円以上 - 1億円未満,False,False,True,108,1,interest_and_dividend_income,受取利息等,受取利息等の前年差による利益影響,1,16.03,30.39,-14.36,-14.36,REDUCES_PROFIT_CHANGE,-17.330436881486865,CALCULABLE,会計的な利益影響であり因果を示さない,1801.95,974.45,827.5,2007.82,1097.46,910.3599999999999,205.8699999999999,123.00999999999999,82.8599999999999,205.87,123.01,82.86,82.86,9.947598300641403e-14,PASS,PASS,-14.0,-14.0,83.0,FORBIDDEN_WITHOUT_EXTERNAL_PRIMARY_EVIDENCE,継続標本のみを用い母集団推計を行うため、本系列に比べサンプルサイズが小さくなる。,営業利益及び経常利益については、標準誤差率の算出は行っていない。,継続標本PDFは利益水準とその符号を公表しないため、売上高と営業利益の増加率から得る利益率方向は代理指標である。
20261,2026年1 - 3 月,122,電気機械器具製造業,19,1千万円以上 - 1億円未満,False,False,True,108,2,other_non_operating_income,その他の営業外収益,その他の営業外収益の前年差による利益影響,1,410.0,216.55,193.45,193.45,INCREASES_PROFIT_CHANGE,233.46608737629762,CALCULABLE,原因は統計だけでは特定しない,1801.95,974.45,827.5,2007.82,1097.46,910.3599999999999,205.8699999999999,123.00999999999999,82.8599999999999,205.87,123.01,82.86,82.86,9.947598300641403e-14,PASS,PASS,193.0,193.0,83.0,FORBIDDEN_WITHOUT_EXTERNAL_PRIMARY_EVIDENCE,継続標本のみを用い母集団推計を行うため、本系列に比べサンプルサイズが小さくなる。,営業利益及び経常利益については、標準誤差率の算出は行っていない。,継続標本PDFは利益水準とその符号を公表しないため、売上高と営業利益の増加率から得る利益率方向は代理指標である。
20261,2026年1 - 3 月,122,電気機械器具製造業,19,1千万円以上 - 1億円未満,False,False,True,108,3,interest_expense,支払利息等,支払利息等の前年差による利益影響,-1,53.03,32.28,20.75,-20.75,REDUCES_PROFIT_CHANGE,-25.04223992276132,CALCULABLE,会計的な利益影響であり因果を示さない,1801.95,974.45,827.5,2007.82,1097.46,910.3599999999999,205.8699999999999,123.00999999999999,82.8599999999999,205.87,123.01,82.86,82.86,9.947598300641403e-14,PASS,PASS,21.0,-21.0,83.0,FORBIDDEN_WITHOUT_EXTERNAL_PRIMARY_EVIDENCE,継続標本のみを用い母集団推計を行うため、本系列に比べサンプルサイズが小さくなる。,営業利益及び経常利益については、標準誤差率の算出は行っていない。,継続標本PDFは利益水準とその符号を公表しないため、売上高と営業利益の増加率から得る利益率方向は代理指標である。
20261,2026年1 - 3 月,122,電気機械器具製造業,19,1千万円以上 - 1億円未満,False,False,True,108,4,other_non_operating_expense,その他の営業外費用,その他の営業外費用の前年差による利益影響,-1,167.13,91.65,75.47999999999999,-75.47999999999999,REDUCES_PROFIT_CHANGE,-91.09341057204934,CALCULABLE,会計的な利益影響であり因果を示さない,1801.95,974.45,827.5,2007.82,1097.46,910.3599999999999,205.8699999999999,123.00999999999999,82.8599999999999,205.87,123.01,82.86,82.86,9.947598300641403e-14,PASS,PASS,75.0,-75.0,83.0,FORBIDDEN_WITHOUT_EXTERNAL_PRIMARY_EVIDENCE,継続標本のみを用い母集団推計を行うため、本系列に比べサンプルサイズが小さくなる。,営業利益及び経常利益については、標準誤差率の算出は行っていない。,継続標本PDFは利益水準とその符号を公表しないため、売上高と営業利益の増加率から得る利益率方向は代理指標である。
20261,2026年1 - 3 月,122,電気機械器具製造業,24,1億円以上 - 10億円未満,False,False,True,108,1,interest_and_dividend_income,受取利息等,受取利息等の前年差による利益影響,1,60.9,13.66,47.239999999999995,47.239999999999995,INCREASES_PROFIT_CHANGE,-6.8020158387329,CALCULABLE,会計的な利益影響であり因果を示さない,486.61,203.05,283.56,-112.83,298.11,-410.94,-599.44,95.06,-694.5,-599.4399999999999,95.06,-694.5,-694.4999999999999,1.1368683772161603e-13,PASS,PASS,47.0,47.0,-694.0,FORBIDDEN_WITHOUT_EXTERNAL_PRIMARY_EVIDENCE,継続標本のみを用い母集団推計を行うため、本系列に比べサンプルサイズが小さくなる。,営業利益及び経常利益については、標準誤差率の算出は行っていない。,継続標本PDFは利益水準とその符号を公表しないため、売上高と営業利益の増加率から得る利益率方向は代理指標である。
20261,2026年1 - 3 月,122,電気機械器具製造業,24,1億円以上 - 10億円未満,False,False,True,108,2,other_non_operating_income,その他の営業外収益,その他の営業外収益の前年差による利益影響,1,311.72,517.01,-205.28999999999996,-205.28999999999996,REDUCES_PROFIT_CHANGE,29.559395248380127,CALCULABLE,原因は統計だけでは特定しない,486.61,203.05,283.56,-112.83,298.11,-410.94,-599.44,95.06,-694.5,-599.4399999999999,95.06,-694.5,-694.4999999999999,1.1368683772161603e-13,PASS,PASS,-205.0,-205.0,-694.0,FORBIDDEN_WITHOUT_EXTERNAL_PRIMARY_EVIDENCE,継続標本のみを用い母集団推計を行うため、本系列に比べサンプルサイズが小さくなる。,営業利益及び経常利益については、標準誤差率の算出は行っていない。,継続標本PDFは利益水準とその符号を公表しないため、売上高と営業利益の増加率から得る利益率方向は代理指標である。
20261,2026年1 - 3 月,122,電気機械器具製造業,24,1億円以上 - 10億円未満,False,False,True,108,3,interest_expense,支払利息等,支払利息等の前年差による利益影響,-1,94.77,49.35,45.419999999999995,-45.419999999999995,REDUCES_PROFIT_CHANGE,6.5399568034557225,CALCULABLE,会計的な利益影響であり因果を示さない,486.61,203.05,283.56,-112.83,298.11,-410.94,-599.44,95.06,-694.5,-599.4399999999999,95.06,-694.5,-694.4999999999999,1.1368683772161603e-13,PASS,PASS,45.0,-45.0,-694.0,FORBIDDEN_WITHOUT_EXTERNAL_PRIMARY_EVIDENCE,継続標本のみを用い母集団推計を行うため、本系列に比べサンプルサイズが小さくなる。,営業利益及び経常利益については、標準誤差率の算出は行っていない。,継続標本PDFは利益水準とその符号を公表しないため、売上高と営業利益の増加率から得る利益率方向は代理指標である。
20261,2026年1 - 3 月,122,電気機械器具製造業,24,1億円以上 - 10億円未満,False,False,True,108,4,other_non_operating_expense,その他の営業外費用,その他の営業外費用の前年差による利益影響,-1,877.29,386.26,491.03,-491.03,REDUCES_PROFIT_CHANGE,70.70266378689705,CALCULABLE,会計的な利益影響であり因果を示さない,486.61,203.05,283.56,-112.83,298.11,-410.94,-599.44,95.06,-694.5,-599.4399999999999,95.06,-694.5,-694.4999999999999,1.1368683772161603e-13,PASS,PASS,491.0,-491.0,-694.0,FORBIDDEN_WITHOUT_EXTERNAL_PRIMARY_EVIDENCE,継続標本のみを用い母集団推計を行うため、本系列に比べサンプルサイズが小さくなる。,営業利益及び経常利益については、標準誤差率の算出は行っていない。,継続標本PDFは利益水準とその符号を公表しないため、売上高と営業利益の増加率から得る利益率方向は代理指標である。
20261,2026年1 - 3 月,122,電気機械器具製造業,25,10億円以上,False,False,True,108,1,interest_and_dividend_income,受取利息等,受取利息等の前年差による利益影響,1,3724.31,2079.47,1644.8400000000001,1644.8400000000001,INCREASES_PROFIT_CHANGE,91.05019595686733,CALCULABLE,会計的な利益影響であり因果を示さない,7222.98,5922.4,1300.58,10227.53,7120.43,3107.1000000000004,3004.550000000001,1198.0300000000007,1806.5200000000004,3004.5499999999997,1198.0299999999997,1806.52,1806.52,-4.547473508864641e-13,PASS,PASS,1645.0,1645.0,1807.0,FORBIDDEN_WITHOUT_EXTERNAL_PRIMARY_EVIDENCE,継続標本のみを用い母集団推計を行うため、本系列に比べサンプルサイズが小さくなる。,営業利益及び経常利益については、標準誤差率の算出は行っていない。,継続標本PDFは利益水準とその符号を公表しないため、売上高と営業利益の増加率から得る利益率方向は代理指標である。
20261,2026年1 - 3 月,122,電気機械器具製造業,25,10億円以上,False,False,True,108,2,other_non_operating_income,その他の営業外収益,その他の営業外収益の前年差による利益影響,1,1496.84,994.02,502.81999999999994,502.81999999999994,INCREASES_PROFIT_CHANGE,27.83362486991563,CALCULABLE,原因は統計だけでは特定しない,7222.98,5922.4,1300.58,10227.53,7120.43,3107.1000000000004,3004.550000000001,1198.0300000000007,1806.5200000000004,3004.5499999999997,1198.0299999999997,1806.52,1806.52,-4.547473508864641e-13,PASS,PASS,503.0,503.0,1807.0,FORBIDDEN_WITHOUT_EXTERNAL_PRIMARY_EVIDENCE,継続標本のみを用い母集団推計を行うため、本系列に比べサンプルサイズが小さくなる。,営業利益及び経常利益については、標準誤差率の算出は行っていない。,継続標本PDFは利益水準とその符号を公表しないため、売上高と営業利益の増加率から得る利益率方向は代理指標である。
20261,2026年1 - 3 月,122,電気機械器具製造業,25,10億円以上,False,False,True,108,3,interest_expense,支払利息等,支払利息等の前年差による利益影響,-1,341.85,302.47,39.379999999999995,-39.379999999999995,REDUCES_PROFIT_CHANGE,-2.179881761619024,CALCULABLE,会計的な利益影響であり因果を示さない,7222.98,5922.4,1300.58,10227.53,7120.43,3107.1000000000004,3004.550000000001,1198.0300000000007,1806.5200000000004,3004.5499999999997,1198.0299999999997,1806.52,1806.52,-4.547473508864641e-13,PASS,PASS,39.0,-39.0,1807.0,FORBIDDEN_WITHOUT_EXTERNAL_PRIMARY_EVIDENCE,継続標本のみを用い母集団推計を行うため、本系列に比べサンプルサイズが小さくなる。,営業利益及び経常利益については、標準誤差率の算出は行っていない。,継続標本PDFは利益水準とその符号を公表しないため、売上高と営業利益の増加率から得る利益率方向は代理指標である。
20261,2026年1 - 3 月,122,電気機械器具製造業,25,10億円以上,False,False,True,108,4,other_non_operating_expense,その他の営業外費用,その他の営業外費用の前年差による利益影響,-1,1874.75,1572.99,301.76,-301.76,REDUCES_PROFIT_CHANGE,-16.703939065163954,CALCULABLE,会計的な利益影響であり因果を示さない,7222.98,5922.4,1300.58,10227.53,7120.43,3107.1000000000004,3004.550000000001,1198.0300000000007,1806.5200000000004,3004.5499999999997,1198.0299999999997,1806.52,1806.52,-4.547473508864641e-13,PASS,PASS,302.0,-302.0,1807.0,FORBIDDEN_WITHOUT_EXTERNAL_PRIMARY_EVIDENCE,継続標本のみを用い母集団推計を行うため、本系列に比べサンプルサイズが小さくなる。,営業利益及び経常利益については、標準誤差率の算出は行っていない。,継続標本PDFは利益水準とその符号を公表しないため、売上高と営業利益の増加率から得る利益率方向は代理指標である。
20261,2026年1 - 3 月,122,電気機械器具製造業,26,全規模,False,False,True,108,1,interest_and_dividend_income,受取利息等,受取利息等の前年差による利益影響,1,3801.24,2123.52,1677.7199999999998,1677.7199999999998,INCREASES_PROFIT_CHANGE,140.40907873594008,CALCULABLE,会計的な利益影響であり因果を示さない,9511.54,7099.9,2411.6400000000012,12122.52,8516.0,3606.5200000000004,2610.9799999999996,1416.1000000000004,1194.8799999999992,2610.9799999999996,1416.1,1194.8799999999997,1194.8799999999999,6.821210263296962e-13,PASS,PASS,1678.0,1678.0,1195.0,FORBIDDEN_WITHOUT_EXTERNAL_PRIMARY_EVIDENCE,継続標本のみを用い母集団推計を行うため、本系列に比べサンプルサイズが小さくなる。,営業利益及び経常利益については、標準誤差率の算出は行っていない。,継続標本PDFは利益水準とその符号を公表しないため、売上高と営業利益の増加率から得る利益率方向は代理指標である。
20261,2026年1 - 3 月,122,電気機械器具製造業,26,全規模,False,False,True,108,2,other_non_operating_income,その他の営業外収益,その他の営業外収益の前年差による利益影響,1,2218.56,1727.58,490.98,490.98,INCREASES_PROFIT_CHANGE,41.09031869309055,CALCULABLE,原因は統計だけでは特定しない,9511.54,7099.9,2411.6400000000012,12122.52,8516.0,3606.5200000000004,2610.9799999999996,1416.1000000000004,1194.8799999999992,2610.9799999999996,1416.1,1194.8799999999997,1194.8799999999999,6.821210263296962e-13,PASS,PASS,491.0,491.0,1195.0,FORBIDDEN_WITHOUT_EXTERNAL_PRIMARY_EVIDENCE,継続標本のみを用い母集団推計を行うため、本系列に比べサンプルサイズが小さくなる。,営業利益及び経常利益については、標準誤差率の算出は行っていない。,継続標本PDFは利益水準とその符号を公表しないため、売上高と営業利益の増加率から得る利益率方向は代理指標である。
20261,2026年1 - 3 月,122,電気機械器具製造業,26,全規模,False,False,True,108,3,interest_expense,支払利息等,支払利息等の前年差による利益影響,-1,489.65,384.1,105.54999999999995,-105.54999999999995,REDUCES_PROFIT_CHANGE,-8.833523031601501,CALCULABLE,会計的な利益影響であり因果を示さない,9511.54,7099.9,2411.6400000000012,12122.52,8516.0,3606.5200000000004,2610.9799999999996,1416.1000000000004,1194.8799999999992,2610.9799999999996,1416.1,1194.8799999999997,1194.8799999999999,6.821210263296962e-13,PASS,PASS,106.0,-106.0,1195.0,FORBIDDEN_WITHOUT_EXTERNAL_PRIMARY_EVIDENCE,継続標本のみを用い母集団推計を行うため、本系列に比べサンプルサイズが小さくなる。,営業利益及び経常利益については、標準誤差率の算出は行っていない。,継続標本PDFは利益水準とその符号を公表しないため、売上高と営業利益の増加率から得る利益率方向は代理指標である。
20261,2026年1 - 3 月,122,電気機械器具製造業,26,全規模,False,False,True,108,4,other_non_operating_expense,その他の営業外費用,その他の営業外費用の前年差による利益影響,-1,2919.17,2050.9,868.27,-868.27,REDUCES_PROFIT_CHANGE,-72.66587439742908,CALCULABLE,会計的な利益影響であり因果を示さない,9511.54,7099.9,2411.6400000000012,12122.52,8516.0,3606.5200000000004,2610.9799999999996,1416.1000000000004,1194.8799999999992,2610.9799999999996,1416.1,1194.8799999999997,1194.8799999999999,6.821210263296962e-13,PASS,PASS,868.0,-868.0,1195.0,FORBIDDEN_WITHOUT_EXTERNAL_PRIMARY_EVIDENCE,継続標本のみを用い母集団推計を行うため、本系列に比べサンプルサイズが小さくなる。,営業利益及び経常利益については、標準誤差率の算出は行っていない。,継続標本PDFは利益水準とその符号を公表しないため、売上高と営業利益の増加率から得る利益率方向は代理指標である。
20261,2026年1 - 3 月,123,自動車・同附属品製造業,19,1千万円以上 - 1億円未満,False,False,True,108,1,interest_and_dividend_income,受取利息等,受取利息等の前年差による利益影響,1,22.07,20.7,1.370000000000001,1.370000000000001,INCREASES_PROFIT_CHANGE,0.9045292486465079,CALCULABLE,会計的な利益影響であり因果を示さない,1061.25,756.98,304.27,1309.77,854.04,455.73,248.51999999999998,97.05999999999995,151.46000000000004,248.51999999999998,97.05999999999997,151.46,151.46,-2.842170943040401e-14,PASS,PASS,1.0,1.0,150.0,FORBIDDEN_WITHOUT_EXTERNAL_PRIMARY_EVIDENCE,継続標本のみを用い母集団推計を行うため、本系列に比べサンプルサイズが小さくなる。,営業利益及び経常利益については、標準誤差率の算出は行っていない。,継続標本PDFは利益水準とその符号を公表しないため、売上高と営業利益の増加率から得る利益率方向は代理指標である。
20261,2026年1 - 3 月,123,自動車・同附属品製造業,19,1千万円以上 - 1億円未満,False,False,True,108,2,other_non_operating_income,その他の営業外収益,その他の営業外収益の前年差による利益影響,1,372.19,514.75,-142.56,-142.56,REDUCES_PROFIT_CHANGE,-94.12386108543508,CALCULABLE,原因は統計だけでは特定しない,1061.25,756.98,304.27,1309.77,854.04,455.73,248.51999999999998,97.05999999999995,151.46000000000004,248.51999999999998,97.05999999999997,151.46,151.46,-2.842170943040401e-14,PASS,PASS,-143.0,-143.0,150.0,FORBIDDEN_WITHOUT_EXTERNAL_PRIMARY_EVIDENCE,継続標本のみを用い母集団推計を行うため、本系列に比べサンプルサイズが小さくなる。,営業利益及び経常利益については、標準誤差率の算出は行っていない。,継続標本PDFは利益水準とその符号を公表しないため、売上高と営業利益の増加率から得る利益率方向は代理指標である。
20261,2026年1 - 3 月,123,自動車・同附属品製造業,19,1千万円以上 - 1億円未満,False,False,True,108,3,interest_expense,支払利息等,支払利息等の前年差による利益影響,-1,91.76,79.17,12.590000000000003,-12.590000000000003,REDUCES_PROFIT_CHANGE,-8.312425722963159,CALCULABLE,会計的な利益影響であり因果を示さない,1061.25,756.98,304.27,1309.77,854.04,455.73,248.51999999999998,97.05999999999995,151.46000000000004,248.51999999999998,97.05999999999997,151.46,151.46,-2.842170943040401e-14,PASS,PASS,13.0,-13.0,150.0,FORBIDDEN_WITHOUT_EXTERNAL_PRIMARY_EVIDENCE,継続標本のみを用い母集団推計を行うため、本系列に比べサンプルサイズが小さくなる。,営業利益及び経常利益については、標準誤差率の算出は行っていない。,継続標本PDFは利益水準とその符号を公表しないため、売上高と営業利益の増加率から得る利益率方向は代理指標である。
20261,2026年1 - 3 月,123,自動車・同附属品製造業,19,1千万円以上 - 1億円未満,False,False,True,108,4,other_non_operating_expense,その他の営業外費用,その他の営業外費用の前年差による利益影響,-1,53.98,359.22,-305.24,305.24,INCREASES_PROFIT_CHANGE,201.53175755975172,CALCULABLE,会計的な利益影響であり因果を示さない,1061.25,756.98,304.27,1309.77,854.04,455.73,248.51999999999998,97.05999999999995,151.46000000000004,248.51999999999998,97.05999999999997,151.46,151.46,-2.842170943040401e-14,PASS,PASS,-305.0,305.0,150.0,FORBIDDEN_WITHOUT_EXTERNAL_PRIMARY_EVIDENCE,継続標本のみを用い母集団推計を行うため、本系列に比べサンプルサイズが小さくなる。,営業利益及び経常利益については、標準誤差率の算出は行っていない。,継続標本PDFは利益水準とその符号を公表しないため、売上高と営業利益の増加率から得る利益率方向は代理指標である。
20261,2026年1 - 3 月,123,自動車・同附属品製造業,24,1億円以上 - 10億円未満,False,False,True,108,1,interest_and_dividend_income,受取利息等,受取利息等の前年差による利益影響,1,218.2,69.56,148.64,148.64,INCREASES_PROFIT_CHANGE,35.28629759756906,CALCULABLE,会計的な利益影響であり因果を示さない,924.06,830.1,93.95999999999992,1027.88,512.68,515.2000000000002,103.82000000000016,-317.4200000000001,421.24000000000024,103.82,-317.42,421.24,421.24,-2.2737367544323206e-13,PASS,PASS,149.0,149.0,422.0,FORBIDDEN_WITHOUT_EXTERNAL_PRIMARY_EVIDENCE,継続標本のみを用い母集団推計を行うため、本系列に比べサンプルサイズが小さくなる。,営業利益及び経常利益については、標準誤差率の算出は行っていない。,継続標本PDFは利益水準とその符号を公表しないため、売上高と営業利益の増加率から得る利益率方向は代理指標である。
20261,2026年1 - 3 月,123,自動車・同附属品製造業,24,1億円以上 - 10億円未満,False,False,True,108,2,other_non_operating_income,その他の営業外収益,その他の営業外収益の前年差による利益影響,1,226.73,190.35,36.379999999999995,36.379999999999995,INCREASES_PROFIT_CHANGE,8.636406798974452,CALCULABLE,原因は統計だけでは特定しない,924.06,830.1,93.95999999999992,1027.88,512.68,515.2000000000002,103.82000000000016,-317.4200000000001,421.24000000000024,103.82,-317.42,421.24,421.24,-2.2737367544323206e-13,PASS,PASS,36.0,36.0,422.0,FORBIDDEN_WITHOUT_EXTERNAL_PRIMARY_EVIDENCE,継続標本のみを用い母集団推計を行うため、本系列に比べサンプルサイズが小さくなる。,営業利益及び経常利益については、標準誤差率の算出は行っていない。,継続標本PDFは利益水準とその符号を公表しないため、売上高と営業利益の増加率から得る利益率方向は代理指標である。
20261,2026年1 - 3 月,123,自動車・同附属品製造業,24,1億円以上 - 10億円未満,False,False,True,108,3,interest_expense,支払利息等,支払利息等の前年差による利益影響,-1,53.91,37.46,16.449999999999996,-16.449999999999996,REDUCES_PROFIT_CHANGE,-3.9051372139397937,CALCULABLE,会計的な利益影響であり因果を示さない,924.06,830.1,93.95999999999992,1027.88,512.68,515.2000000000002,103.82000000000016,-317.4200000000001,421.24000000000024,103.82,-317.42,421.24,421.24,-2.2737367544323206e-13,PASS,PASS,16.0,-16.0,422.0,FORBIDDEN_WITHOUT_EXTERNAL_PRIMARY_EVIDENCE,継続標本のみを用い母集団推計を行うため、本系列に比べサンプルサイズが小さくなる。,営業利益及び経常利益については、標準誤差率の算出は行っていない。,継続標本PDFは利益水準とその符号を公表しないため、売上高と営業利益の増加率から得る利益率方向は代理指標である。
20261,2026年1 - 3 月,123,自動車・同附属品製造業,24,1億円以上 - 10億円未満,False,False,True,108,4,other_non_operating_expense,その他の営業外費用,その他の営業外費用の前年差による利益影響,-1,287.2,539.87,-252.67000000000002,252.67000000000002,INCREASES_PROFIT_CHANGE,59.98243281739622,CALCULABLE,会計的な利益影響であり因果を示さない,924.06,830.1,93.95999999999992,1027.88,512.68,515.2000000000002,103.82000000000016,-317.4200000000001,421.24000000000024,103.82,-317.42,421.24,421.24,-2.2737367544323206e-13,PASS,PASS,-253.0,253.0,422.0,FORBIDDEN_WITHOUT_EXTERNAL_PRIMARY_EVIDENCE,継続標本のみを用い母集団推計を行うため、本系列に比べサンプルサイズが小さくなる。,営業利益及び経常利益については、標準誤差率の算出は行っていない。,継続標本PDFは利益水準とその符号を公表しないため、売上高と営業利益の増加率から得る利益率方向は代理指標である。
20261,2026年1 - 3 月,123,自動車・同附属品製造業,25,10億円以上,False,False,True,108,1,interest_and_dividend_income,受取利息等,受取利息等の前年差による利益影響,1,5181.61,12117.97,-6936.36,-6936.36,REDUCES_PROFIT_CHANGE,-374.1375218451317,CALCULABLE,会計的な利益影響であり因果を示さない,5043.03,6327.44,-1284.4099999999999,11317.97,10748.42,569.5499999999993,6274.94,4420.9800000000005,1853.9599999999991,6274.94,4420.98,1853.96,1853.9599999999996,4.547473508864641e-13,PASS,PASS,-6936.0,-6936.0,1854.0,FORBIDDEN_WITHOUT_EXTERNAL_PRIMARY_EVIDENCE,継続標本のみを用い母集団推計を行うため、本系列に比べサンプルサイズが小さくなる。,営業利益及び経常利益については、標準誤差率の算出は行っていない。,継続標本PDFは利益水準とその符号を公表しないため、売上高と営業利益の増加率から得る利益率方向は代理指標である。
20261,2026年1 - 3 月,123,自動車・同附属品製造業,25,10億円以上,False,False,True,108,2,other_non_operating_income,その他の営業外収益,その他の営業外収益の前年差による利益影響,1,7711.84,2085.8,5626.04,5626.04,INCREASES_PROFIT_CHANGE,303.4607003387345,CALCULABLE,原因は統計だけでは特定しない,5043.03,6327.44,-1284.4099999999999,11317.97,10748.42,569.5499999999993,6274.94,4420.9800000000005,1853.9599999999991,6274.94,4420.98,1853.96,1853.9599999999996,4.547473508864641e-13,PASS,PASS,5626.0,5626.0,1854.0,FORBIDDEN_WITHOUT_EXTERNAL_PRIMARY_EVIDENCE,継続標本のみを用い母集団推計を行うため、本系列に比べサンプルサイズが小さくなる。,営業利益及び経常利益については、標準誤差率の算出は行っていない。,継続標本PDFは利益水準とその符号を公表しないため、売上高と営業利益の増加率から得る利益率方向は代理指標である。
20261,2026年1 - 3 月,123,自動車・同附属品製造業,25,10億円以上,False,False,True,108,3,interest_expense,支払利息等,支払利息等の前年差による利益影響,-1,844.12,615.48,228.64,-228.64,REDUCES_PROFIT_CHANGE,-12.33252065848239,CALCULABLE,会計的な利益影響であり因果を示さない,5043.03,6327.44,-1284.4099999999999,11317.97,10748.42,569.5499999999993,6274.94,4420.9800000000005,1853.9599999999991,6274.94,4420.98,1853.96,1853.9599999999996,4.547473508864641e-13,PASS,PASS,229.0,-229.0,1854.0,FORBIDDEN_WITHOUT_EXTERNAL_PRIMARY_EVIDENCE,継続標本のみを用い母集団推計を行うため、本系列に比べサンプルサイズが小さくなる。,営業利益及び経常利益については、標準誤差率の算出は行っていない。,継続標本PDFは利益水準とその符号を公表しないため、売上高と営業利益の増加率から得る利益率方向は代理指標である。
20261,2026年1 - 3 月,123,自動車・同附属品製造業,25,10億円以上,False,False,True,108,4,other_non_operating_expense,その他の営業外費用,その他の営業外費用の前年差による利益影響,-1,5774.39,9167.31,-3392.919999999999,3392.919999999999,INCREASES_PROFIT_CHANGE,183.00934216487954,CALCULABLE,会計的な利益影響であり因果を示さない,5043.03,6327.44,-1284.4099999999999,11317.97,10748.42,569.5499999999993,6274.94,4420.9800000000005,1853.9599999999991,6274.94,4420.98,1853.96,1853.9599999999996,4.547473508864641e-13,PASS,PASS,-3393.0,3393.0,1854.0,FORBIDDEN_WITHOUT_EXTERNAL_PRIMARY_EVIDENCE,継続標本のみを用い母集団推計を行うため、本系列に比べサンプルサイズが小さくなる。,営業利益及び経常利益については、標準誤差率の算出は行っていない。,継続標本PDFは利益水準とその符号を公表しないため、売上高と営業利益の増加率から得る利益率方向は代理指標である。
20261,2026年1 - 3 月,123,自動車・同附属品製造業,26,全規模,False,False,True,108,1,interest_and_dividend_income,受取利息等,受取利息等の前年差による利益影響,1,5421.88,12208.23,-6786.349999999999,-6786.349999999999,REDUCES_PROFIT_CHANGE,-279.65804851112205,CALCULABLE,会計的な利益影響であり因果を示さない,7028.34,7914.52,-886.1800000000003,13655.62,12115.14,1540.4800000000014,6627.280000000001,4200.619999999999,2426.6600000000017,6627.280000000001,4200.62,2426.6600000000008,2426.660000000001,-4.547473508864641e-13,PASS,PASS,-6786.0,-6786.0,2427.0,FORBIDDEN_WITHOUT_EXTERNAL_PRIMARY_EVIDENCE,継続標本のみを用い母集団推計を行うため、本系列に比べサンプルサイズが小さくなる。,営業利益及び経常利益については、標準誤差率の算出は行っていない。,継続標本PDFは利益水準とその符号を公表しないため、売上高と営業利益の増加率から得る利益率方向は代理指標である。
20261,2026年1 - 3 月,123,自動車・同附属品製造業,26,全規模,False,False,True,108,2,other_non_operating_income,その他の営業外収益,その他の営業外収益の前年差による利益影響,1,8310.76,2790.9,5519.860000000001,5519.860000000001,INCREASES_PROFIT_CHANGE,227.46738315215137,CALCULABLE,原因は統計だけでは特定しない,7028.34,7914.52,-886.1800000000003,13655.62,12115.14,1540.4800000000014,6627.280000000001,4200.619999999999,2426.6600000000017,6627.280000000001,4200.62,2426.6600000000008,2426.660000000001,-4.547473508864641e-13,PASS,PASS,5520.0,5520.0,2427.0,FORBIDDEN_WITHOUT_EXTERNAL_PRIMARY_EVIDENCE,継続標本のみを用い母集団推計を行うため、本系列に比べサンプルサイズが小さくなる。,営業利益及び経常利益については、標準誤差率の算出は行っていない。,継続標本PDFは利益水準とその符号を公表しないため、売上高と営業利益の増加率から得る利益率方向は代理指標である。
20261,2026年1 - 3 月,123,自動車・同附属品製造業,26,全規模,False,False,True,108,3,interest_expense,支払利息等,支払利息等の前年差による利益影響,-1,989.79,732.11,257.67999999999995,-257.67999999999995,REDUCES_PROFIT_CHANGE,-10.618710490962878,CALCULABLE,会計的な利益影響であり因果を示さない,7028.34,7914.52,-886.1800000000003,13655.62,12115.14,1540.4800000000014,6627.280000000001,4200.619999999999,2426.6600000000017,6627.280000000001,4200.62,2426.6600000000008,2426.660000000001,-4.547473508864641e-13,PASS,PASS,258.0,-258.0,2427.0,FORBIDDEN_WITHOUT_EXTERNAL_PRIMARY_EVIDENCE,継続標本のみを用い母集団推計を行うため、本系列に比べサンプルサイズが小さくなる。,営業利益及び経常利益については、標準誤差率の算出は行っていない。,継続標本PDFは利益水準とその符号を公表しないため、売上高と営業利益の増加率から得る利益率方向は代理指標である。
20261,2026年1 - 3 月,123,自動車・同附属品製造業,26,全規模,False,False,True,108,4,other_non_operating_expense,その他の営業外費用,その他の営業外費用の前年差による利益影響,-1,6115.57,10066.4,-3950.83,3950.83,INCREASES_PROFIT_CHANGE,162.80937584993353,CALCULABLE,会計的な利益影響であり因果を示さない,7028.34,7914.52,-886.1800000000003,13655.62,12115.14,1540.4800000000014,6627.280000000001,4200.619999999999,2426.6600000000017,6627.280000000001,4200.62,2426.6600000000008,2426.660000000001,-4.547473508864641e-13,PASS,PASS,-3951.0,3951.0,2427.0,FORBIDDEN_WITHOUT_EXTERNAL_PRIMARY_EVIDENCE,継続標本のみを用い母集団推計を行うため、本系列に比べサンプルサイズが小さくなる。,営業利益及び経常利益については、標準誤差率の算出は行っていない。,継続標本PDFは利益水準とその符号を公表しないため、売上高と営業利益の増加率から得る利益率方向は代理指標である。
20261,2026年1 - 3 月,124,業務用機械器具製造業,19,1千万円以上 - 1億円未満,False,False,True,108,1,interest_and_dividend_income,受取利息等,受取利息等の前年差による利益影響,1,16.76,8.75,8.010000000000002,8.010000000000002,INCREASES_PROFIT_CHANGE,-11.546778146172718,CALCULABLE,会計的な利益影響であり因果を示さない,559.96,977.71,-417.75,611.99,1099.11,-487.1199999999999,52.02999999999997,121.39999999999986,-69.36999999999989,52.03000000000001,121.4,-69.37,-69.37,-1.1368683772161603e-13,PASS,PASS,8.0,8.0,-69.0,FORBIDDEN_WITHOUT_EXTERNAL_PRIMARY_EVIDENCE,継続標本のみを用い母集団推計を行うため、本系列に比べサンプルサイズが小さくなる。,営業利益及び経常利益については、標準誤差率の算出は行っていない。,継続標本PDFは利益水準とその符号を公表しないため、売上高と営業利益の増加率から得る利益率方向は代理指標である。
20261,2026年1 - 3 月,124,業務用機械器具製造業,19,1千万円以上 - 1億円未満,False,False,True,108,2,other_non_operating_income,その他の営業外収益,その他の営業外収益の前年差による利益影響,1,98.84,159.86,-61.02000000000001,-61.02000000000001,REDUCES_PROFIT_CHANGE,87.96309643938316,CALCULABLE,原因は統計だけでは特定しない,559.96,977.71,-417.75,611.99,1099.11,-487.1199999999999,52.02999999999997,121.39999999999986,-69.36999999999989,52.03000000000001,121.4,-69.37,-69.37,-1.1368683772161603e-13,PASS,PASS,-61.0,-61.0,-69.0,FORBIDDEN_WITHOUT_EXTERNAL_PRIMARY_EVIDENCE,継続標本のみを用い母集団推計を行うため、本系列に比べサンプルサイズが小さくなる。,営業利益及び経常利益については、標準誤差率の算出は行っていない。,継続標本PDFは利益水準とその符号を公表しないため、売上高と営業利益の増加率から得る利益率方向は代理指標である。
20261,2026年1 - 3 月,124,業務用機械器具製造業,19,1千万円以上 - 1億円未満,False,False,True,108,3,interest_expense,支払利息等,支払利息等の前年差による利益影響,-1,26.7,17.67,9.029999999999998,-9.029999999999998,REDUCES_PROFIT_CHANGE,13.017154389505567,CALCULABLE,会計的な利益影響であり因果を示さない,559.96,977.71,-417.75,611.99,1099.11,-487.1199999999999,52.02999999999997,121.39999999999986,-69.36999999999989,52.03000000000001,121.4,-69.37,-69.37,-1.1368683772161603e-13,PASS,PASS,9.0,-9.0,-69.0,FORBIDDEN_WITHOUT_EXTERNAL_PRIMARY_EVIDENCE,継続標本のみを用い母集団推計を行うため、本系列に比べサンプルサイズが小さくなる。,営業利益及び経常利益については、標準誤差率の算出は行っていない。,継続標本PDFは利益水準とその符号を公表しないため、売上高と営業利益の増加率から得る利益率方向は代理指標である。
20261,2026年1 - 3 月,124,業務用機械器具製造業,19,1千万円以上 - 1億円未満,False,False,True,108,4,other_non_operating_expense,その他の営業外費用,その他の営業外費用の前年差による利益影響,-1,36.87,29.54,7.329999999999998,-7.329999999999998,REDUCES_PROFIT_CHANGE,10.566527317284143,CALCULABLE,会計的な利益影響であり因果を示さない,559.96,977.71,-417.75,611.99,1099.11,-487.1199999999999,52.02999999999997,121.39999999999986,-69.36999999999989,52.03000000000001,121.4,-69.37,-69.37,-1.1368683772161603e-13,PASS,PASS,7.0,-7.0,-69.0,FORBIDDEN_WITHOUT_EXTERNAL_PRIMARY_EVIDENCE,継続標本のみを用い母集団推計を行うため、本系列に比べサンプルサイズが小さくなる。,営業利益及び経常利益については、標準誤差率の算出は行っていない。,継続標本PDFは利益水準とその符号を公表しないため、売上高と営業利益の増加率から得る利益率方向は代理指標である。
20261,2026年1 - 3 月,124,業務用機械器具製造業,24,1億円以上 - 10億円未満,False,False,True,108,1,interest_and_dividend_income,受取利息等,受取利息等の前年差による利益影響,1,40.53,53.52,-12.990000000000002,-12.990000000000002,REDUCES_PROFIT_CHANGE,-20.043203209381304,CALCULABLE,会計的な利益影響であり因果を示さない,457.86,646.18,-188.31999999999994,495.46,618.97,-123.51000000000005,37.599999999999966,-27.209999999999923,64.80999999999989,37.599999999999994,-27.21,64.81,64.81,1.1368683772161603e-13,PASS,PASS,-13.0,-13.0,64.0,FORBIDDEN_WITHOUT_EXTERNAL_PRIMARY_EVIDENCE,継続標本のみを用い母集団推計を行うため、本系列に比べサンプルサイズが小さくなる。,営業利益及び経常利益については、標準誤差率の算出は行っていない。,継続標本PDFは利益水準とその符号を公表しないため、売上高と営業利益の増加率から得る利益率方向は代理指標である。
20261,2026年1 - 3 月,124,業務用機械器具製造業,24,1億円以上 - 10億円未満,False,False,True,108,2,other_non_operating_income,その他の営業外収益,その他の営業外収益の前年差による利益影響,1,62.94,134.54,-71.6,-71.6,REDUCES_PROFIT_CHANGE,-110.47677827495774,CALCULABLE,原因は統計だけでは特定しない,457.86,646.18,-188.31999999999994,495.46,618.97,-123.51000000000005,37.599999999999966,-27.209999999999923,64.80999999999989,37.599999999999994,-27.21,64.81,64.81,1.1368683772161603e-13,PASS,PASS,-72.0,-72.0,64.0,FORBIDDEN_WITHOUT_EXTERNAL_PRIMARY_EVIDENCE,継続標本のみを用い母集団推計を行うため、本系列に比べサンプルサイズが小さくなる。,営業利益及び経常利益については、標準誤差率の算出は行っていない。,継続標本PDFは利益水準とその符号を公表しないため、売上高と営業利益の増加率から得る利益率方向は代理指標である。
20261,2026年1 - 3 月,124,業務用機械器具製造業,24,1億円以上 - 10億円未満,False,False,True,108,3,interest_expense,支払利息等,支払利息等の前年差による利益影響,-1,16.42,26.89,-10.469999999999999,10.469999999999999,INCREASES_PROFIT_CHANGE,16.154914365067143,CALCULABLE,会計的な利益影響であり因果を示さない,457.86,646.18,-188.31999999999994,495.46,618.97,-123.51000000000005,37.599999999999966,-27.209999999999923,64.80999999999989,37.599999999999994,-27.21,64.81,64.81,1.1368683772161603e-13,PASS,PASS,-10.0,10.0,64.0,FORBIDDEN_WITHOUT_EXTERNAL_PRIMARY_EVIDENCE,継続標本のみを用い母集団推計を行うため、本系列に比べサンプルサイズが小さくなる。,営業利益及び経常利益については、標準誤差率の算出は行っていない。,継続標本PDFは利益水準とその符号を公表しないため、売上高と営業利益の増加率から得る利益率方向は代理指標である。
20261,2026年1 - 3 月,124,業務用機械器具製造業,24,1億円以上 - 10億円未満,False,False,True,108,4,other_non_operating_expense,その他の営業外費用,その他の営業外費用の前年差による利益影響,-1,49.45,188.38,-138.93,138.93,INCREASES_PROFIT_CHANGE,214.3650671192721,CALCULABLE,会計的な利益影響であり因果を示さない,457.86,646.18,-188.31999999999994,495.46,618.97,-123.51000000000005,37.599999999999966,-27.209999999999923,64.80999999999989,37.599999999999994,-27.21,64.81,64.81,1.1368683772161603e-13,PASS,PASS,-139.0,139.0,64.0,FORBIDDEN_WITHOUT_EXTERNAL_PRIMARY_EVIDENCE,継続標本のみを用い母集団推計を行うため、本系列に比べサンプルサイズが小さくなる。,営業利益及び経常利益については、標準誤差率の算出は行っていない。,継続標本PDFは利益水準とその符号を公表しないため、売上高と営業利益の増加率から得る利益率方向は代理指標である。
20261,2026年1 - 3 月,124,業務用機械器具製造業,25,10億円以上,False,False,True,108,1,interest_and_dividend_income,受取利息等,受取利息等の前年差による利益影響,1,3437.44,4630.19,-1192.7499999999995,-1192.7499999999995,REDUCES_PROFIT_CHANGE,110.35398393841831,CALCULABLE,会計的な利益影響であり因果を示さない,2394.04,1868.81,525.23,5750.18,6305.79,-555.6099999999997,3356.1400000000003,4436.98,-1080.8399999999992,3356.14,4436.98,-1080.8399999999997,-1080.8399999999997,-4.547473508864641e-13,PASS,PASS,-1193.0,-1193.0,-1081.0,FORBIDDEN_WITHOUT_EXTERNAL_PRIMARY_EVIDENCE,継続標本のみを用い母集団推計を行うため、本系列に比べサンプルサイズが小さくなる。,営業利益及び経常利益については、標準誤差率の算出は行っていない。,継続標本PDFは利益水準とその符号を公表しないため、売上高と営業利益の増加率から得る利益率方向は代理指標である。
20261,2026年1 - 3 月,124,業務用機械器具製造業,25,10億円以上,False,False,True,108,2,other_non_operating_income,その他の営業外収益,その他の営業外収益の前年差による利益影響,1,643.23,568.65,74.58000000000004,74.58000000000004,INCREASES_PROFIT_CHANGE,-6.900188742089494,CALCULABLE,原因は統計だけでは特定しない,2394.04,1868.81,525.23,5750.18,6305.79,-555.6099999999997,3356.1400000000003,4436.98,-1080.8399999999992,3356.14,4436.98,-1080.8399999999997,-1080.8399999999997,-4.547473508864641e-13,PASS,PASS,75.0,75.0,-1081.0,FORBIDDEN_WITHOUT_EXTERNAL_PRIMARY_EVIDENCE,継続標本のみを用い母集団推計を行うため、本系列に比べサンプルサイズが小さくなる。,営業利益及び経常利益については、標準誤差率の算出は行っていない。,継続標本PDFは利益水準とその符号を公表しないため、売上高と営業利益の増加率から得る利益率方向は代理指標である。
20261,2026年1 - 3 月,124,業務用機械器具製造業,25,10億円以上,False,False,True,108,3,interest_expense,支払利息等,支払利息等の前年差による利益影響,-1,174.83,175.69,-0.8599999999999852,0.8599999999999852,INCREASES_PROFIT_CHANGE,-0.079567743606823,CALCULABLE,会計的な利益影響であり因果を示さない,2394.04,1868.81,525.23,5750.18,6305.79,-555.6099999999997,3356.1400000000003,4436.98,-1080.8399999999992,3356.14,4436.98,-1080.8399999999997,-1080.8399999999997,-4.547473508864641e-13,PASS,PASS,-1.0,1.0,-1081.0,FORBIDDEN_WITHOUT_EXTERNAL_PRIMARY_EVIDENCE,継続標本のみを用い母集団推計を行うため、本系列に比べサンプルサイズが小さくなる。,営業利益及び経常利益については、標準誤差率の算出は行っていない。,継続標本PDFは利益水準とその符号を公表しないため、売上高と営業利益の増加率から得る利益率方向は代理指標である。
20261,2026年1 - 3 月,124,業務用機械器具製造業,25,10億円以上,False,False,True,108,4,other_non_operating_expense,その他の営業外費用,その他の営業外費用の前年差による利益影響,-1,549.7,586.17,-36.469999999999914,36.469999999999914,INCREASES_PROFIT_CHANGE,-3.3742274527219513,CALCULABLE,会計的な利益影響であり因果を示さない,2394.04,1868.81,525.23,5750.18,6305.79,-555.6099999999997,3356.1400000000003,4436.98,-1080.8399999999992,3356.14,4436.98,-1080.8399999999997,-1080.8399999999997,-4.547473508864641e-13,PASS,PASS,-36.0,36.0,-1081.0,FORBIDDEN_WITHOUT_EXTERNAL_PRIMARY_EVIDENCE,継続標本のみを用い母集団推計を行うため、本系列に比べサンプルサイズが小さくなる。,営業利益及び経常利益については、標準誤差率の算出は行っていない。,継続標本PDFは利益水準とその符号を公表しないため、売上高と営業利益の増加率から得る利益率方向は代理指標である。
20261,2026年1 - 3 月,124,業務用機械器具製造業,26,全規模,False,False,True,108,1,interest_and_dividend_income,受取利息等,受取利息等の前年差による利益影響,1,3494.73,4692.46,-1197.73,-1197.73,REDUCES_PROFIT_CHANGE,110.34918002579694,CALCULABLE,会計的な利益影響であり因果を示さない,3411.86,3492.7,-80.83999999999969,6857.63,8023.87,-1166.2399999999998,3445.77,4531.17,-1085.4,3445.77,4531.17,-1085.4,-1085.3999999999999,2.2737367544323206e-13,PASS,PASS,-1198.0,-1198.0,-1086.0,FORBIDDEN_WITHOUT_EXTERNAL_PRIMARY_EVIDENCE,継続標本のみを用い母集団推計を行うため、本系列に比べサンプルサイズが小さくなる。,営業利益及び経常利益については、標準誤差率の算出は行っていない。,継続標本PDFは利益水準とその符号を公表しないため、売上高と営業利益の増加率から得る利益率方向は代理指標である。
20261,2026年1 - 3 月,124,業務用機械器具製造業,26,全規模,False,False,True,108,2,other_non_operating_income,その他の営業外収益,その他の営業外収益の前年差による利益影響,1,805.01,863.05,-58.039999999999964,-58.039999999999964,REDUCES_PROFIT_CHANGE,5.347337387138378,CALCULABLE,原因は統計だけでは特定しない,3411.86,3492.7,-80.83999999999969,6857.63,8023.87,-1166.2399999999998,3445.77,4531.17,-1085.4,3445.77,4531.17,-1085.4,-1085.3999999999999,2.2737367544323206e-13,PASS,PASS,-58.0,-58.0,-1086.0,FORBIDDEN_WITHOUT_EXTERNAL_PRIMARY_EVIDENCE,継続標本のみを用い母集団推計を行うため、本系列に比べサンプルサイズが小さくなる。,営業利益及び経常利益については、標準誤差率の算出は行っていない。,継続標本PDFは利益水準とその符号を公表しないため、売上高と営業利益の増加率から得る利益率方向は代理指標である。
20261,2026年1 - 3 月,124,業務用機械器具製造業,26,全規模,False,False,True,108,3,interest_expense,支払利息等,支払利息等の前年差による利益影響,-1,217.95,220.25,-2.3000000000000114,2.3000000000000114,INCREASES_PROFIT_CHANGE,-0.21190344573429254,CALCULABLE,会計的な利益影響であり因果を示さない,3411.86,3492.7,-80.83999999999969,6857.63,8023.87,-1166.2399999999998,3445.77,4531.17,-1085.4,3445.77,4531.17,-1085.4,-1085.3999999999999,2.2737367544323206e-13,PASS,PASS,-2.0,2.0,-1086.0,FORBIDDEN_WITHOUT_EXTERNAL_PRIMARY_EVIDENCE,継続標本のみを用い母集団推計を行うため、本系列に比べサンプルサイズが小さくなる。,営業利益及び経常利益については、標準誤差率の算出は行っていない。,継続標本PDFは利益水準とその符号を公表しないため、売上高と営業利益の増加率から得る利益率方向は代理指標である。
20261,2026年1 - 3 月,124,業務用機械器具製造業,26,全規模,False,False,True,108,4,other_non_operating_expense,その他の営業外費用,その他の営業外費用の前年差による利益影響,-1,636.02,804.09,-168.07000000000005,168.07000000000005,INCREASES_PROFIT_CHANGE,-15.484613967201035,CALCULABLE,会計的な利益影響であり因果を示さない,3411.86,3492.7,-80.83999999999969,6857.63,8023.87,-1166.2399999999998,3445.77,4531.17,-1085.4,3445.77,4531.17,-1085.4,-1085.3999999999999,2.2737367544323206e-13,PASS,PASS,-168.0,168.0,-1086.0,FORBIDDEN_WITHOUT_EXTERNAL_PRIMARY_EVIDENCE,継続標本のみを用い母集団推計を行うため、本系列に比べサンプルサイズが小さくなる。,営業利益及び経常利益については、標準誤差率の算出は行っていない。,継続標本PDFは利益水準とその符号を公表しないため、売上高と営業利益の増加率から得る利益率方向は代理指標である。
20261,2026年1 - 3 月,125,その他の輸送用機械器具製造業,19,1千万円以上 - 1億円未満,False,False,True,108,1,interest_and_dividend_income,受取利息等,受取利息等の前年差による利益影響,1,4.9,3.8,1.1000000000000005,1.1000000000000005,INCREASES_PROFIT_CHANGE,-1.4037774374680985,CALCULABLE,会計的な利益影響であり因果を示さない,847.81,497.15,350.65999999999997,823.73,551.43,272.30000000000007,-24.079999999999927,54.27999999999997,-78.3599999999999,-24.07999999999999,54.279999999999994,-78.35999999999999,-78.35999999999999,-8.526512829121202e-14,PASS,PASS,1.0,1.0,-79.0,FORBIDDEN_WITHOUT_EXTERNAL_PRIMARY_EVIDENCE,継続標本のみを用い母集団推計を行うため、本系列に比べサンプルサイズが小さくなる。,営業利益及び経常利益については、標準誤差率の算出は行っていない。,継続標本PDFは利益水準とその符号を公表しないため、売上高と営業利益の増加率から得る利益率方向は代理指標である。
20261,2026年1 - 3 月,125,その他の輸送用機械器具製造業,19,1千万円以上 - 1億円未満,False,False,True,108,2,other_non_operating_income,その他の営業外収益,その他の営業外収益の前年差による利益影響,1,59.11,86.97,-27.86,-27.86,REDUCES_PROFIT_CHANGE,35.55385400714655,CALCULABLE,原因は統計だけでは特定しない,847.81,497.15,350.65999999999997,823.73,551.43,272.30000000000007,-24.079999999999927,54.27999999999997,-78.3599999999999,-24.07999999999999,54.279999999999994,-78.35999999999999,-78.35999999999999,-8.526512829121202e-14,PASS,PASS,-28.0,-28.0,-79.0,FORBIDDEN_WITHOUT_EXTERNAL_PRIMARY_EVIDENCE,継続標本のみを用い母集団推計を行うため、本系列に比べサンプルサイズが小さくなる。,営業利益及び経常利益については、標準誤差率の算出は行っていない。,継続標本PDFは利益水準とその符号を公表しないため、売上高と営業利益の増加率から得る利益率方向は代理指標である。
20261,2026年1 - 3 月,125,その他の輸送用機械器具製造業,19,1千万円以上 - 1億円未満,False,False,True,108,3,interest_expense,支払利息等,支払利息等の前年差による利益影響,-1,22.38,9.73,12.649999999999999,-12.649999999999999,REDUCES_PROFIT_CHANGE,16.143440530883122,CALCULABLE,会計的な利益影響であり因果を示さない,847.81,497.15,350.65999999999997,823.73,551.43,272.30000000000007,-24.079999999999927,54.27999999999997,-78.3599999999999,-24.07999999999999,54.279999999999994,-78.35999999999999,-78.35999999999999,-8.526512829121202e-14,PASS,PASS,13.0,-13.0,-79.0,FORBIDDEN_WITHOUT_EXTERNAL_PRIMARY_EVIDENCE,継続標本のみを用い母集団推計を行うため、本系列に比べサンプルサイズが小さくなる。,営業利益及び経常利益については、標準誤差率の算出は行っていない。,継続標本PDFは利益水準とその符号を公表しないため、売上高と営業利益の増加率から得る利益率方向は代理指標である。
20261,2026年1 - 3 月,125,その他の輸送用機械器具製造業,19,1千万円以上 - 1億円未満,False,False,True,108,4,other_non_operating_expense,その他の営業外費用,その他の営業外費用の前年差による利益影響,-1,65.71,26.76,38.94999999999999,-38.94999999999999,REDUCES_PROFIT_CHANGE,49.706482899438534,CALCULABLE,会計的な利益影響であり因果を示さない,847.81,497.15,350.65999999999997,823.73,551.43,272.30000000000007,-24.079999999999927,54.27999999999997,-78.3599999999999,-24.07999999999999,54.279999999999994,-78.35999999999999,-78.35999999999999,-8.526512829121202e-14,PASS,PASS,39.0,-39.0,-79.0,FORBIDDEN_WITHOUT_EXTERNAL_PRIMARY_EVIDENCE,継続標本のみを用い母集団推計を行うため、本系列に比べサンプルサイズが小さくなる。,営業利益及び経常利益については、標準誤差率の算出は行っていない。,継続標本PDFは利益水準とその符号を公表しないため、売上高と営業利益の増加率から得る利益率方向は代理指標である。
20261,2026年1 - 3 月,125,その他の輸送用機械器具製造業,24,1億円以上 - 10億円未満,False,False,True,108,1,interest_and_dividend_income,受取利息等,受取利息等の前年差による利益影響,1,17.8,4.44,13.36,13.36,INCREASES_PROFIT_CHANGE,33.50890393779784,CALCULABLE,会計的な利益影響であり因果を示さない,192.1,24.25,167.85,205.84,-1.88,207.72,13.740000000000009,-26.13,39.870000000000005,13.740000000000013,-26.13,39.87000000000001,39.87000000000001,7.105427357601002e-15,PASS,PASS,13.0,13.0,40.0,FORBIDDEN_WITHOUT_EXTERNAL_PRIMARY_EVIDENCE,継続標本のみを用い母集団推計を行うため、本系列に比べサンプルサイズが小さくなる。,営業利益及び経常利益については、標準誤差率の算出は行っていない。,継続標本PDFは利益水準とその符号を公表しないため、売上高と営業利益の増加率から得る利益率方向は代理指標である。
20261,2026年1 - 3 月,125,その他の輸送用機械器具製造業,24,1億円以上 - 10億円未満,False,False,True,108,2,other_non_operating_income,その他の営業外収益,その他の営業外収益の前年差による利益影響,1,83.04,26.09,56.95,56.95,INCREASES_PROFIT_CHANGE,142.83922748934035,CALCULABLE,原因は統計だけでは特定しない,192.1,24.25,167.85,205.84,-1.88,207.72,13.740000000000009,-26.13,39.870000000000005,13.740000000000013,-26.13,39.87000000000001,39.87000000000001,7.105427357601002e-15,PASS,PASS,57.0,57.0,40.0,FORBIDDEN_WITHOUT_EXTERNAL_PRIMARY_EVIDENCE,継続標本のみを用い母集団推計を行うため、本系列に比べサンプルサイズが小さくなる。,営業利益及び経常利益については、標準誤差率の算出は行っていない。,継続標本PDFは利益水準とその符号を公表しないため、売上高と営業利益の増加率から得る利益率方向は代理指標である。
20261,2026年1 - 3 月,125,その他の輸送用機械器具製造業,24,1億円以上 - 10億円未満,False,False,True,108,3,interest_expense,支払利息等,支払利息等の前年差による利益影響,-1,81.32,8.84,72.47999999999999,-72.47999999999999,REDUCES_PROFIT_CHANGE,-181.79082016553795,CALCULABLE,会計的な利益影響であり因果を示さない,192.1,24.25,167.85,205.84,-1.88,207.72,13.740000000000009,-26.13,39.870000000000005,13.740000000000013,-26.13,39.87000000000001,39.87000000000001,7.105427357601002e-15,PASS,PASS,72.0,-72.0,40.0,FORBIDDEN_WITHOUT_EXTERNAL_PRIMARY_EVIDENCE,継続標本のみを用い母集団推計を行うため、本系列に比べサンプルサイズが小さくなる。,営業利益及び経常利益については、標準誤差率の算出は行っていない。,継続標本PDFは利益水準とその符号を公表しないため、売上高と営業利益の増加率から得る利益率方向は代理指標である。
20261,2026年1 - 3 月,125,その他の輸送用機械器具製造業,24,1億円以上 - 10億円未満,False,False,True,108,4,other_non_operating_expense,その他の営業外費用,その他の営業外費用の前年差による利益影響,-1,5.78,47.82,-42.04,42.04,INCREASES_PROFIT_CHANGE,105.4426887383998,CALCULABLE,会計的な利益影響であり因果を示さない,192.1,24.25,167.85,205.84,-1.88,207.72,13.740000000000009,-26.13,39.870000000000005,13.740000000000013,-26.13,39.87000000000001,39.87000000000001,7.105427357601002e-15,PASS,PASS,-42.0,42.0,40.0,FORBIDDEN_WITHOUT_EXTERNAL_PRIMARY_EVIDENCE,継続標本のみを用い母集団推計を行うため、本系列に比べサンプルサイズが小さくなる。,営業利益及び経常利益については、標準誤差率の算出は行っていない。,継続標本PDFは利益水準とその符号を公表しないため、売上高と営業利益の増加率から得る利益率方向は代理指標である。
20261,2026年1 - 3 月,125,その他の輸送用機械器具製造業,25,10億円以上,False,False,True,108,1,interest_and_dividend_income,受取利息等,受取利息等の前年差による利益影響,1,278.81,181.88,96.93,96.93,INCREASES_PROFIT_CHANGE,24.7030939395484,CALCULABLE,会計的な利益影響であり因果を示さない,1015.9,828.23,187.66999999999996,1721.36,1141.31,580.05,705.4599999999999,313.0799999999999,392.38,705.46,313.08000000000004,392.38,392.38,0.0,PASS,PASS,97.0,97.0,392.0,FORBIDDEN_WITHOUT_EXTERNAL_PRIMARY_EVIDENCE,継続標本のみを用い母集団推計を行うため、本系列に比べサンプルサイズが小さくなる。,営業利益及び経常利益については、標準誤差率の算出は行っていない。,継続標本PDFは利益水準とその符号を公表しないため、売上高と営業利益の増加率から得る利益率方向は代理指標である。
20261,2026年1 - 3 月,125,その他の輸送用機械器具製造業,25,10億円以上,False,False,True,108,2,other_non_operating_income,その他の営業外収益,その他の営業外収益の前年差による利益影響,1,704.36,489.73,214.63,214.63,INCREASES_PROFIT_CHANGE,54.699525969723226,CALCULABLE,原因は統計だけでは特定しない,1015.9,828.23,187.66999999999996,1721.36,1141.31,580.05,705.4599999999999,313.0799999999999,392.38,705.46,313.08000000000004,392.38,392.38,0.0,PASS,PASS,215.0,215.0,392.0,FORBIDDEN_WITHOUT_EXTERNAL_PRIMARY_EVIDENCE,継続標本のみを用い母集団推計を行うため、本系列に比べサンプルサイズが小さくなる。,営業利益及び経常利益については、標準誤差率の算出は行っていない。,継続標本PDFは利益水準とその符号を公表しないため、売上高と営業利益の増加率から得る利益率方向は代理指標である。
20261,2026年1 - 3 月,125,その他の輸送用機械器具製造業,25,10億円以上,False,False,True,108,3,interest_expense,支払利息等,支払利息等の前年差による利益影響,-1,42.55,40.0,2.549999999999997,-2.549999999999997,REDUCES_PROFIT_CHANGE,-0.6498802181558686,CALCULABLE,会計的な利益影響であり因果を示さない,1015.9,828.23,187.66999999999996,1721.36,1141.31,580.05,705.4599999999999,313.0799999999999,392.38,705.46,313.08000000000004,392.38,392.38,0.0,PASS,PASS,3.0,-3.0,392.0,FORBIDDEN_WITHOUT_EXTERNAL_PRIMARY_EVIDENCE,継続標本のみを用い母集団推計を行うため、本系列に比べサンプルサイズが小さくなる。,営業利益及び経常利益については、標準誤差率の算出は行っていない。,継続標本PDFは利益水準とその符号を公表しないため、売上高と営業利益の増加率から得る利益率方向は代理指標である。
20261,2026年1 - 3 月,125,その他の輸送用機械器具製造業,25,10億円以上,False,False,True,108,4,other_non_operating_expense,その他の営業外費用,その他の営業外費用の前年差による利益影響,-1,235.16,318.53,-83.36999999999998,83.36999999999998,INCREASES_PROFIT_CHANGE,21.24726030888424,CALCULABLE,会計的な利益影響であり因果を示さない,1015.9,828.23,187.66999999999996,1721.36,1141.31,580.05,705.4599999999999,313.0799999999999,392.38,705.46,313.08000000000004,392.38,392.38,0.0,PASS,PASS,-83.0,83.0,392.0,FORBIDDEN_WITHOUT_EXTERNAL_PRIMARY_EVIDENCE,継続標本のみを用い母集団推計を行うため、本系列に比べサンプルサイズが小さくなる。,営業利益及び経常利益については、標準誤差率の算出は行っていない。,継続標本PDFは利益水準とその符号を公表しないため、売上高と営業利益の増加率から得る利益率方向は代理指標である。
20261,2026年1 - 3 月,125,その他の輸送用機械器具製造業,26,全規模,False,False,True,108,1,interest_and_dividend_income,受取利息等,受取利息等の前年差による利益影響,1,301.51,190.12,111.38999999999999,111.38999999999999,INCREASES_PROFIT_CHANGE,31.475882336319184,CALCULABLE,会計的な利益影響であり因果を示さない,2055.81,1349.63,706.1799999999998,2750.93,1690.86,1060.07,695.1199999999999,341.2299999999998,353.8900000000001,695.12,341.22999999999996,353.89000000000004,353.89000000000004,-5.684341886080802e-14,PASS,PASS,111.0,111.0,353.0,FORBIDDEN_WITHOUT_EXTERNAL_PRIMARY_EVIDENCE,継続標本のみを用い母集団推計を行うため、本系列に比べサンプルサイズが小さくなる。,営業利益及び経常利益については、標準誤差率の算出は行っていない。,継続標本PDFは利益水準とその符号を公表しないため、売上高と営業利益の増加率から得る利益率方向は代理指標である。
20261,2026年1 - 3 月,125,その他の輸送用機械器具製造業,26,全規模,False,False,True,108,2,other_non_operating_income,その他の営業外収益,その他の営業外収益の前年差による利益影響,1,846.51,602.79,243.72000000000003,243.72000000000003,INCREASES_PROFIT_CHANGE,68.86885755460736,CALCULABLE,原因は統計だけでは特定しない,2055.81,1349.63,706.1799999999998,2750.93,1690.86,1060.07,695.1199999999999,341.2299999999998,353.8900000000001,695.12,341.22999999999996,353.89000000000004,353.89000000000004,-5.684341886080802e-14,PASS,PASS,244.0,244.0,353.0,FORBIDDEN_WITHOUT_EXTERNAL_PRIMARY_EVIDENCE,継続標本のみを用い母集団推計を行うため、本系列に比べサンプルサイズが小さくなる。,営業利益及び経常利益については、標準誤差率の算出は行っていない。,継続標本PDFは利益水準とその符号を公表しないため、売上高と営業利益の増加率から得る利益率方向は代理指標である。
20261,2026年1 - 3 月,125,その他の輸送用機械器具製造業,26,全規模,False,False,True,108,3,interest_expense,支払利息等,支払利息等の前年差による利益影響,-1,146.25,58.57,87.68,-87.68,REDUCES_PROFIT_CHANGE,-24.776060357738274,CALCULABLE,会計的な利益影響であり因果を示さない,2055.81,1349.63,706.1799999999998,2750.93,1690.86,1060.07,695.1199999999999,341.2299999999998,353.8900000000001,695.12,341.22999999999996,353.89000000000004,353.89000000000004,-5.684341886080802e-14,PASS,PASS,88.0,-88.0,353.0,FORBIDDEN_WITHOUT_EXTERNAL_PRIMARY_EVIDENCE,継続標本のみを用い母集団推計を行うため、本系列に比べサンプルサイズが小さくなる。,営業利益及び経常利益については、標準誤差率の算出は行っていない。,継続標本PDFは利益水準とその符号を公表しないため、売上高と営業利益の増加率から得る利益率方向は代理指標である。
20261,2026年1 - 3 月,125,その他の輸送用機械器具製造業,26,全規模,False,False,True,108,4,other_non_operating_expense,その他の営業外費用,その他の営業外費用の前年差による利益影響,-1,306.65,393.11,-86.46000000000004,86.46000000000004,INCREASES_PROFIT_CHANGE,24.431320466811723,CALCULABLE,会計的な利益影響であり因果を示さない,2055.81,1349.63,706.1799999999998,2750.93,1690.86,1060.07,695.1199999999999,341.2299999999998,353.8900000000001,695.12,341.22999999999996,353.89000000000004,353.89000000000004,-5.684341886080802e-14,PASS,PASS,-86.0,86.0,353.0,FORBIDDEN_WITHOUT_EXTERNAL_PRIMARY_EVIDENCE,継続標本のみを用い母集団推計を行うため、本系列に比べサンプルサイズが小さくなる。,営業利益及び経常利益については、標準誤差率の算出は行っていない。,継続標本PDFは利益水準とその符号を公表しないため、売上高と営業利益の増加率から得る利益率方向は代理指標である。
20261,2026年1 - 3 月,126,その他の製造業,19,1千万円以上 - 1億円未満,False,False,True,108,1,interest_and_dividend_income,受取利息等,受取利息等の前年差による利益影響,1,74.5,50.43,24.07,24.07,INCREASES_PROFIT_CHANGE,-5.82287055180589,CALCULABLE,会計的な利益影響であり因果を示さない,2890.47,1893.21,997.2599999999998,3132.85,2548.96,583.8899999999999,242.3800000000001,655.75,-413.3699999999999,242.38,655.75,-413.37,-413.37,-1.1368683772161603e-13,PASS,PASS,24.0,24.0,-414.0,FORBIDDEN_WITHOUT_EXTERNAL_PRIMARY_EVIDENCE,継続標本のみを用い母集団推計を行うため、本系列に比べサンプルサイズが小さくなる。,営業利益及び経常利益については、標準誤差率の算出は行っていない。,継続標本PDFは利益水準とその符号を公表しないため、売上高と営業利益の増加率から得る利益率方向は代理指標である。
20261,2026年1 - 3 月,126,その他の製造業,19,1千万円以上 - 1億円未満,False,False,True,108,2,other_non_operating_income,その他の営業外収益,その他の営業外収益の前年差による利益影響,1,450.62,1100.22,-649.6,-649.6,REDUCES_PROFIT_CHANGE,157.1473498318698,CALCULABLE,原因は統計だけでは特定しない,2890.47,1893.21,997.2599999999998,3132.85,2548.96,583.8899999999999,242.3800000000001,655.75,-413.3699999999999,242.38,655.75,-413.37,-413.37,-1.1368683772161603e-13,PASS,PASS,-650.0,-650.0,-414.0,FORBIDDEN_WITHOUT_EXTERNAL_PRIMARY_EVIDENCE,継続標本のみを用い母集団推計を行うため、本系列に比べサンプルサイズが小さくなる。,営業利益及び経常利益については、標準誤差率の算出は行っていない。,継続標本PDFは利益水準とその符号を公表しないため、売上高と営業利益の増加率から得る利益率方向は代理指標である。
20261,2026年1 - 3 月,126,その他の製造業,19,1千万円以上 - 1億円未満,False,False,True,108,3,interest_expense,支払利息等,支払利息等の前年差による利益影響,-1,191.84,191.9,-0.060000000000002274,0.060000000000002274,INCREASES_PROFIT_CHANGE,-0.014514841425357982,CALCULABLE,会計的な利益影響であり因果を示さない,2890.47,1893.21,997.2599999999998,3132.85,2548.96,583.8899999999999,242.3800000000001,655.75,-413.3699999999999,242.38,655.75,-413.37,-413.37,-1.1368683772161603e-13,PASS,PASS,-0.0,0.0,-414.0,FORBIDDEN_WITHOUT_EXTERNAL_PRIMARY_EVIDENCE,継続標本のみを用い母集団推計を行うため、本系列に比べサンプルサイズが小さくなる。,営業利益及び経常利益については、標準誤差率の算出は行っていない。,継続標本PDFは利益水準とその符号を公表しないため、売上高と営業利益の増加率から得る利益率方向は代理指標である。
20261,2026年1 - 3 月,126,その他の製造業,19,1千万円以上 - 1億円未満,False,False,True,108,4,other_non_operating_expense,その他の営業外費用,その他の営業外費用の前年差による利益影響,-1,90.9,303.0,-212.1,212.1,INCREASES_PROFIT_CHANGE,-51.309964438638524,CALCULABLE,会計的な利益影響であり因果を示さない,2890.47,1893.21,997.2599999999998,3132.85,2548.96,583.8899999999999,242.3800000000001,655.75,-413.3699999999999,242.38,655.75,-413.37,-413.37,-1.1368683772161603e-13,PASS,PASS,-212.0,212.0,-414.0,FORBIDDEN_WITHOUT_EXTERNAL_PRIMARY_EVIDENCE,継続標本のみを用い母集団推計を行うため、本系列に比べサンプルサイズが小さくなる。,営業利益及び経常利益については、標準誤差率の算出は行っていない。,継続標本PDFは利益水準とその符号を公表しないため、売上高と営業利益の増加率から得る利益率方向は代理指標である。
20261,2026年1 - 3 月,126,その他の製造業,24,1億円以上 - 10億円未満,False,False,True,108,1,interest_and_dividend_income,受取利息等,受取利息等の前年差による利益影響,1,339.82,77.02,262.8,262.8,INCREASES_PROFIT_CHANGE,-60.14968757867756,CALCULABLE,会計的な利益影響であり因果を示さない,1233.61,384.7,848.9099999999999,1663.16,1251.16,412.0,429.5500000000002,866.46,-436.90999999999985,429.55,866.4599999999999,-436.9099999999999,-436.90999999999985,0.0,PASS,PASS,263.0,263.0,-437.0,FORBIDDEN_WITHOUT_EXTERNAL_PRIMARY_EVIDENCE,継続標本のみを用い母集団推計を行うため、本系列に比べサンプルサイズが小さくなる。,営業利益及び経常利益については、標準誤差率の算出は行っていない。,継続標本PDFは利益水準とその符号を公表しないため、売上高と営業利益の増加率から得る利益率方向は代理指標である。
20261,2026年1 - 3 月,126,その他の製造業,24,1億円以上 - 10億円未満,False,False,True,108,2,other_non_operating_income,その他の営業外収益,その他の営業外収益の前年差による利益影響,1,435.24,1246.58,-811.3399999999999,-811.3399999999999,REDUCES_PROFIT_CHANGE,185.69957199423226,CALCULABLE,原因は統計だけでは特定しない,1233.61,384.7,848.9099999999999,1663.16,1251.16,412.0,429.5500000000002,866.46,-436.90999999999985,429.55,866.4599999999999,-436.9099999999999,-436.90999999999985,0.0,PASS,PASS,-811.0,-811.0,-437.0,FORBIDDEN_WITHOUT_EXTERNAL_PRIMARY_EVIDENCE,継続標本のみを用い母集団推計を行うため、本系列に比べサンプルサイズが小さくなる。,営業利益及び経常利益については、標準誤差率の算出は行っていない。,継続標本PDFは利益水準とその符号を公表しないため、売上高と営業利益の増加率から得る利益率方向は代理指標である。
20261,2026年1 - 3 月,126,その他の製造業,24,1億円以上 - 10億円未満,False,False,True,108,3,interest_expense,支払利息等,支払利息等の前年差による利益影響,-1,132.72,119.97,12.75,-12.75,REDUCES_PROFIT_CHANGE,2.9182211439426893,CALCULABLE,会計的な利益影響であり因果を示さない,1233.61,384.7,848.9099999999999,1663.16,1251.16,412.0,429.5500000000002,866.46,-436.90999999999985,429.55,866.4599999999999,-436.9099999999999,-436.90999999999985,0.0,PASS,PASS,13.0,-13.0,-437.0,FORBIDDEN_WITHOUT_EXTERNAL_PRIMARY_EVIDENCE,継続標本のみを用い母集団推計を行うため、本系列に比べサンプルサイズが小さくなる。,営業利益及び経常利益については、標準誤差率の算出は行っていない。,継続標本PDFは利益水準とその符号を公表しないため、売上高と営業利益の増加率から得る利益率方向は代理指標である。
20261,2026年1 - 3 月,126,その他の製造業,24,1億円以上 - 10億円未満,False,False,True,108,4,other_non_operating_expense,その他の営業外費用,その他の営業外費用の前年差による利益影響,-1,212.79,337.17,-124.38000000000002,124.38000000000002,INCREASES_PROFIT_CHANGE,-28.468105559497392,CALCULABLE,会計的な利益影響であり因果を示さない,1233.61,384.7,848.9099999999999,1663.16,1251.16,412.0,429.5500000000002,866.46,-436.90999999999985,429.55,866.4599999999999,-436.9099999999999,-436.90999999999985,0.0,PASS,PASS,-124.0,124.0,-437.0,FORBIDDEN_WITHOUT_EXTERNAL_PRIMARY_EVIDENCE,継続標本のみを用い母集団推計を行うため、本系列に比べサンプルサイズが小さくなる。,営業利益及び経常利益については、標準誤差率の算出は行っていない。,継続標本PDFは利益水準とその符号を公表しないため、売上高と営業利益の増加率から得る利益率方向は代理指標である。
20261,2026年1 - 3 月,126,その他の製造業,25,10億円以上,False,False,True,108,1,interest_and_dividend_income,受取利息等,受取利息等の前年差による利益影響,1,1861.9,2084.06,-222.15999999999985,-222.15999999999985,REDUCES_PROFIT_CHANGE,-70.51355297403666,CALCULABLE,会計的な利益影響であり因果を示さない,2712.17,1728.54,983.6300000000001,4605.59,3306.9,1298.69,1893.42,1578.3600000000001,315.05999999999995,1893.42,1578.36,315.0600000000002,315.06000000000006,1.1368683772161603e-13,PASS,PASS,-222.0,-222.0,315.0,FORBIDDEN_WITHOUT_EXTERNAL_PRIMARY_EVIDENCE,継続標本のみを用い母集団推計を行うため、本系列に比べサンプルサイズが小さくなる。,営業利益及び経常利益については、標準誤差率の算出は行っていない。,継続標本PDFは利益水準とその符号を公表しないため、売上高と営業利益の増加率から得る利益率方向は代理指標である。
20261,2026年1 - 3 月,126,その他の製造業,25,10億円以上,False,False,True,108,2,other_non_operating_income,その他の営業外収益,その他の営業外収益の前年差による利益影響,1,632.92,497.69,135.22999999999996,135.22999999999996,INCREASES_PROFIT_CHANGE,42.921983114327425,CALCULABLE,原因は統計だけでは特定しない,2712.17,1728.54,983.6300000000001,4605.59,3306.9,1298.69,1893.42,1578.3600000000001,315.05999999999995,1893.42,1578.36,315.0600000000002,315.06000000000006,1.1368683772161603e-13,PASS,PASS,135.0,135.0,315.0,FORBIDDEN_WITHOUT_EXTERNAL_PRIMARY_EVIDENCE,継続標本のみを用い母集団推計を行うため、本系列に比べサンプルサイズが小さくなる。,営業利益及び経常利益については、標準誤差率の算出は行っていない。,継続標本PDFは利益水準とその符号を公表しないため、売上高と営業利益の増加率から得る利益率方向は代理指標である。
20261,2026年1 - 3 月,126,その他の製造業,25,10億円以上,False,False,True,108,3,interest_expense,支払利息等,支払利息等の前年差による利益影響,-1,127.42,125.13,2.2900000000000063,-2.2900000000000063,REDUCES_PROFIT_CHANGE,-0.7268456801879029,CALCULABLE,会計的な利益影響であり因果を示さない,2712.17,1728.54,983.6300000000001,4605.59,3306.9,1298.69,1893.42,1578.3600000000001,315.05999999999995,1893.42,1578.36,315.0600000000002,315.06000000000006,1.1368683772161603e-13,PASS,PASS,2.0,-2.0,315.0,FORBIDDEN_WITHOUT_EXTERNAL_PRIMARY_EVIDENCE,継続標本のみを用い母集団推計を行うため、本系列に比べサンプルサイズが小さくなる。,営業利益及び経常利益については、標準誤差率の算出は行っていない。,継続標本PDFは利益水準とその符号を公表しないため、売上高と営業利益の増加率から得る利益率方向は代理指標である。
20261,2026年1 - 3 月,126,その他の製造業,25,10億円以上,False,False,True,108,4,other_non_operating_expense,その他の営業外費用,その他の営業外費用の前年差による利益影響,-1,473.98,878.26,-404.28,404.28,INCREASES_PROFIT_CHANGE,128.3184155398972,CALCULABLE,会計的な利益影響であり因果を示さない,2712.17,1728.54,983.6300000000001,4605.59,3306.9,1298.69,1893.42,1578.3600000000001,315.05999999999995,1893.42,1578.36,315.0600000000002,315.06000000000006,1.1368683772161603e-13,PASS,PASS,-404.0,404.0,315.0,FORBIDDEN_WITHOUT_EXTERNAL_PRIMARY_EVIDENCE,継続標本のみを用い母集団推計を行うため、本系列に比べサンプルサイズが小さくなる。,営業利益及び経常利益については、標準誤差率の算出は行っていない。,継続標本PDFは利益水準とその符号を公表しないため、売上高と営業利益の増加率から得る利益率方向は代理指標である。
20261,2026年1 - 3 月,126,その他の製造業,26,全規模,False,False,True,108,1,interest_and_dividend_income,受取利息等,受取利息等の前年差による利益影響,1,2276.22,2211.51,64.70999999999958,64.70999999999958,INCREASES_PROFIT_CHANGE,-12.09035536788602,CALCULABLE,会計的な利益影響であり因果を示さない,6836.25,4006.45,2829.8,9401.6,7107.02,2294.58,2565.3500000000004,3100.5700000000006,-535.2200000000003,2565.35,3100.5699999999997,-535.2199999999998,-535.2200000000001,1.1368683772161603e-13,PASS,PASS,65.0,65.0,-535.0,FORBIDDEN_WITHOUT_EXTERNAL_PRIMARY_EVIDENCE,継続標本のみを用い母集団推計を行うため、本系列に比べサンプルサイズが小さくなる。,営業利益及び経常利益については、標準誤差率の算出は行っていない。,継続標本PDFは利益水準とその符号を公表しないため、売上高と営業利益の増加率から得る利益率方向は代理指標である。
20261,2026年1 - 3 月,126,その他の製造業,26,全規模,False,False,True,108,2,other_non_operating_income,その他の営業外収益,その他の営業外収益の前年差による利益影響,1,1518.78,2844.49,-1325.7099999999998,-1325.7099999999998,REDUCES_PROFIT_CHANGE,247.69440603863816,CALCULABLE,原因は統計だけでは特定しない,6836.25,4006.45,2829.8,9401.6,7107.02,2294.58,2565.3500000000004,3100.5700000000006,-535.2200000000003,2565.35,3100.5699999999997,-535.2199999999998,-535.2200000000001,1.1368683772161603e-13,PASS,PASS,-1326.0,-1326.0,-535.0,FORBIDDEN_WITHOUT_EXTERNAL_PRIMARY_EVIDENCE,継続標本のみを用い母集団推計を行うため、本系列に比べサンプルサイズが小さくなる。,営業利益及び経常利益については、標準誤差率の算出は行っていない。,継続標本PDFは利益水準とその符号を公表しないため、売上高と営業利益の増加率から得る利益率方向は代理指標である。
20261,2026年1 - 3 月,126,その他の製造業,26,全規模,False,False,True,108,3,interest_expense,支払利息等,支払利息等の前年差による利益影響,-1,451.98,437.0,14.980000000000018,-14.980000000000018,REDUCES_PROFIT_CHANGE,2.7988490714098897,CALCULABLE,会計的な利益影響であり因果を示さない,6836.25,4006.45,2829.8,9401.6,7107.02,2294.58,2565.3500000000004,3100.5700000000006,-535.2200000000003,2565.35,3100.5699999999997,-535.2199999999998,-535.2200000000001,1.1368683772161603e-13,PASS,PASS,15.0,-15.0,-535.0,FORBIDDEN_WITHOUT_EXTERNAL_PRIMARY_EVIDENCE,継続標本のみを用い母集団推計を行うため、本系列に比べサンプルサイズが小さくなる。,営業利益及び経常利益については、標準誤差率の算出は行っていない。,継続標本PDFは利益水準とその符号を公表しないため、売上高と営業利益の増加率から得る利益率方向は代理指標である。
20261,2026年1 - 3 月,126,その他の製造業,26,全規模,False,False,True,108,4,other_non_operating_expense,その他の営業外費用,その他の営業外費用の前年差による利益影響,-1,777.67,1518.43,-740.7600000000001,740.7600000000001,INCREASES_PROFIT_CHANGE,-138.40289974216205,CALCULABLE,会計的な利益影響であり因果を示さない,6836.25,4006.45,2829.8,9401.6,7107.02,2294.58,2565.3500000000004,3100.5700000000006,-535.2200000000003,2565.35,3100.5699999999997,-535.2199999999998,-535.2200000000001,1.1368683772161603e-13,PASS,PASS,-741.0,741.0,-535.0,FORBIDDEN_WITHOUT_EXTERNAL_PRIMARY_EVIDENCE,継続標本のみを用い母集団推計を行うため、本系列に比べサンプルサイズが小さくなる。,営業利益及び経常利益については、標準誤差率の算出は行っていない。,継続標本PDFは利益水準とその符号を公表しないため、売上高と営業利益の増加率から得る利益率方向は代理指標である。
20261,2026年1 - 3 月,127,卸売業,19,1千万円以上 - 1億円未満,False,False,True,129,1,interest_and_dividend_income,受取利息等,受取利息等の前年差による利益影響,1,625.26,208.67,416.59000000000003,416.59000000000003,INCREASES_PROFIT_CHANGE,81.09439177746214,CALCULABLE,会計的な利益影響であり因果を示さない,10577.99,9802.13,775.8600000000006,12373.77,11084.2,1289.5699999999997,1795.7800000000007,1282.0700000000015,513.7099999999991,1795.7800000000002,1282.07,513.7100000000003,513.7100000000003,1.1368683772161603e-12,PASS,PASS,417.0,417.0,514.0,FORBIDDEN_WITHOUT_EXTERNAL_PRIMARY_EVIDENCE,継続標本のみを用い母集団推計を行うため、本系列に比べサンプルサイズが小さくなる。,営業利益及び経常利益については、標準誤差率の算出は行っていない。,継続標本PDFは利益水準とその符号を公表しないため、売上高と営業利益の増加率から得る利益率方向は代理指標である。
20261,2026年1 - 3 月,127,卸売業,19,1千万円以上 - 1億円未満,False,False,True,129,2,other_non_operating_income,その他の営業外収益,その他の営業外収益の前年差による利益影響,1,3509.8,3105.43,404.37000000000035,404.37000000000035,INCREASES_PROFIT_CHANGE,78.71561776099377,CALCULABLE,原因は統計だけでは特定しない,10577.99,9802.13,775.8600000000006,12373.77,11084.2,1289.5699999999997,1795.7800000000007,1282.0700000000015,513.7099999999991,1795.7800000000002,1282.07,513.7100000000003,513.7100000000003,1.1368683772161603e-12,PASS,PASS,404.0,404.0,514.0,FORBIDDEN_WITHOUT_EXTERNAL_PRIMARY_EVIDENCE,継続標本のみを用い母集団推計を行うため、本系列に比べサンプルサイズが小さくなる。,営業利益及び経常利益については、標準誤差率の算出は行っていない。,継続標本PDFは利益水準とその符号を公表しないため、売上高と営業利益の増加率から得る利益率方向は代理指標である。
20261,2026年1 - 3 月,127,卸売業,19,1千万円以上 - 1億円未満,False,False,True,129,3,interest_expense,支払利息等,支払利息等の前年差による利益影響,-1,762.11,537.2,224.90999999999997,-224.90999999999997,REDUCES_PROFIT_CHANGE,-43.781510969223945,CALCULABLE,会計的な利益影響であり因果を示さない,10577.99,9802.13,775.8600000000006,12373.77,11084.2,1289.5699999999997,1795.7800000000007,1282.0700000000015,513.7099999999991,1795.7800000000002,1282.07,513.7100000000003,513.7100000000003,1.1368683772161603e-12,PASS,PASS,225.0,-225.0,514.0,FORBIDDEN_WITHOUT_EXTERNAL_PRIMARY_EVIDENCE,継続標本のみを用い母集団推計を行うため、本系列に比べサンプルサイズが小さくなる。,営業利益及び経常利益については、標準誤差率の算出は行っていない。,継続標本PDFは利益水準とその符号を公表しないため、売上高と営業利益の増加率から得る利益率方向は代理指標である。
20261,2026年1 - 3 月,127,卸売業,19,1千万円以上 - 1億円未満,False,False,True,129,4,other_non_operating_expense,その他の営業外費用,その他の営業外費用の前年差による利益影響,-1,1577.17,1494.83,82.34000000000015,-82.34000000000015,REDUCES_PROFIT_CHANGE,-16.028498569231722,CALCULABLE,会計的な利益影響であり因果を示さない,10577.99,9802.13,775.8600000000006,12373.77,11084.2,1289.5699999999997,1795.7800000000007,1282.0700000000015,513.7099999999991,1795.7800000000002,1282.07,513.7100000000003,513.7100000000003,1.1368683772161603e-12,PASS,PASS,82.0,-82.0,514.0,FORBIDDEN_WITHOUT_EXTERNAL_PRIMARY_EVIDENCE,継続標本のみを用い母集団推計を行うため、本系列に比べサンプルサイズが小さくなる。,営業利益及び経常利益については、標準誤差率の算出は行っていない。,継続標本PDFは利益水準とその符号を公表しないため、売上高と営業利益の増加率から得る利益率方向は代理指標である。
20261,2026年1 - 3 月,127,卸売業,24,1億円以上 - 10億円未満,False,False,True,129,1,interest_and_dividend_income,受取利息等,受取利息等の前年差による利益影響,1,468.81,434.69,34.120000000000005,34.120000000000005,INCREASES_PROFIT_CHANGE,55.36264806100915,CALCULABLE,会計的な利益影響であり因果を示さない,7064.03,7166.28,-102.25,8032.68,8073.3,-40.61999999999989,968.6500000000005,907.0200000000004,61.63000000000011,968.65,907.0200000000002,61.62999999999977,61.629999999999825,-2.8421709430404007e-13,PASS,PASS,34.0,34.0,61.0,FORBIDDEN_WITHOUT_EXTERNAL_PRIMARY_EVIDENCE,継続標本のみを用い母集団推計を行うため、本系列に比べサンプルサイズが小さくなる。,営業利益及び経常利益については、標準誤差率の算出は行っていない。,継続標本PDFは利益水準とその符号を公表しないため、売上高と営業利益の増加率から得る利益率方向は代理指標である。
20261,2026年1 - 3 月,127,卸売業,24,1億円以上 - 10億円未満,False,False,True,129,2,other_non_operating_income,その他の営業外収益,その他の営業外収益の前年差による利益影響,1,1527.48,1697.13,-169.6500000000001,-169.6500000000001,REDUCES_PROFIT_CHANGE,-275.2717832224563,CALCULABLE,原因は統計だけでは特定しない,7064.03,7166.28,-102.25,8032.68,8073.3,-40.61999999999989,968.6500000000005,907.0200000000004,61.63000000000011,968.65,907.0200000000002,61.62999999999977,61.629999999999825,-2.8421709430404007e-13,PASS,PASS,-170.0,-170.0,61.0,FORBIDDEN_WITHOUT_EXTERNAL_PRIMARY_EVIDENCE,継続標本のみを用い母集団推計を行うため、本系列に比べサンプルサイズが小さくなる。,営業利益及び経常利益については、標準誤差率の算出は行っていない。,継続標本PDFは利益水準とその符号を公表しないため、売上高と営業利益の増加率から得る利益率方向は代理指標である。
20261,2026年1 - 3 月,127,卸売業,24,1億円以上 - 10億円未満,False,False,True,129,3,interest_expense,支払利息等,支払利息等の前年差による利益影響,-1,307.94,234.99,72.94999999999999,-72.94999999999999,REDUCES_PROFIT_CHANGE,-118.36767807885747,CALCULABLE,会計的な利益影響であり因果を示さない,7064.03,7166.28,-102.25,8032.68,8073.3,-40.61999999999989,968.6500000000005,907.0200000000004,61.63000000000011,968.65,907.0200000000002,61.62999999999977,61.629999999999825,-2.8421709430404007e-13,PASS,PASS,73.0,-73.0,61.0,FORBIDDEN_WITHOUT_EXTERNAL_PRIMARY_EVIDENCE,継続標本のみを用い母集団推計を行うため、本系列に比べサンプルサイズが小さくなる。,営業利益及び経常利益については、標準誤差率の算出は行っていない。,継続標本PDFは利益水準とその符号を公表しないため、売上高と営業利益の増加率から得る利益率方向は代理指標である。
20261,2026年1 - 3 月,127,卸売業,24,1億円以上 - 10億円未満,False,False,True,129,4,other_non_operating_expense,その他の営業外費用,その他の営業外費用の前年差による利益影響,-1,719.7,989.81,-270.1099999999999,270.1099999999999,INCREASES_PROFIT_CHANGE,438.2768132403041,CALCULABLE,会計的な利益影響であり因果を示さない,7064.03,7166.28,-102.25,8032.68,8073.3,-40.61999999999989,968.6500000000005,907.0200000000004,61.63000000000011,968.65,907.0200000000002,61.62999999999977,61.629999999999825,-2.8421709430404007e-13,PASS,PASS,-270.0,270.0,61.0,FORBIDDEN_WITHOUT_EXTERNAL_PRIMARY_EVIDENCE,継続標本のみを用い母集団推計を行うため、本系列に比べサンプルサイズが小さくなる。,営業利益及び経常利益については、標準誤差率の算出は行っていない。,継続標本PDFは利益水準とその符号を公表しないため、売上高と営業利益の増加率から得る利益率方向は代理指標である。
20261,2026年1 - 3 月,127,卸売業,25,10億円以上,False,False,True,129,1,interest_and_dividend_income,受取利息等,受取利息等の前年差による利益影響,1,5068.2,5625.89,-557.6900000000005,-557.6900000000005,REDUCES_PROFIT_CHANGE,-23.262478205374236,CALCULABLE,会計的な利益影響であり因果を示さない,5707.86,4551.21,1156.6499999999996,14744.46,11190.43,3554.029999999999,9036.599999999999,6639.22,2397.3799999999983,9036.6,6639.219999999999,2397.380000000001,2397.38,1.8189894035458565e-12,PASS,PASS,-558.0,-558.0,2397.0,FORBIDDEN_WITHOUT_EXTERNAL_PRIMARY_EVIDENCE,継続標本のみを用い母集団推計を行うため、本系列に比べサンプルサイズが小さくなる。,営業利益及び経常利益については、標準誤差率の算出は行っていない。,継続標本PDFは利益水準とその符号を公表しないため、売上高と営業利益の増加率から得る利益率方向は代理指標である。
20261,2026年1 - 3 月,127,卸売業,25,10億円以上,False,False,True,129,2,other_non_operating_income,その他の営業外収益,その他の営業外収益の前年差による利益影響,1,6484.08,4914.98,1569.1000000000004,1569.1000000000004,INCREASES_PROFIT_CHANGE,65.45061692347485,CALCULABLE,原因は統計だけでは特定しない,5707.86,4551.21,1156.6499999999996,14744.46,11190.43,3554.029999999999,9036.599999999999,6639.22,2397.3799999999983,9036.6,6639.219999999999,2397.380000000001,2397.38,1.8189894035458565e-12,PASS,PASS,1569.0,1569.0,2397.0,FORBIDDEN_WITHOUT_EXTERNAL_PRIMARY_EVIDENCE,継続標本のみを用い母集団推計を行うため、本系列に比べサンプルサイズが小さくなる。,営業利益及び経常利益については、標準誤差率の算出は行っていない。,継続標本PDFは利益水準とその符号を公表しないため、売上高と営業利益の増加率から得る利益率方向は代理指標である。
20261,2026年1 - 3 月,127,卸売業,25,10億円以上,False,False,True,129,3,interest_expense,支払利息等,支払利息等の前年差による利益影響,-1,1000.59,880.71,119.88,-119.88,REDUCES_PROFIT_CHANGE,-5.000458834227368,CALCULABLE,会計的な利益影響であり因果を示さない,5707.86,4551.21,1156.6499999999996,14744.46,11190.43,3554.029999999999,9036.599999999999,6639.22,2397.3799999999983,9036.6,6639.219999999999,2397.380000000001,2397.38,1.8189894035458565e-12,PASS,PASS,120.0,-120.0,2397.0,FORBIDDEN_WITHOUT_EXTERNAL_PRIMARY_EVIDENCE,継続標本のみを用い母集団推計を行うため、本系列に比べサンプルサイズが小さくなる。,営業利益及び経常利益については、標準誤差率の算出は行っていない。,継続標本PDFは利益水準とその符号を公表しないため、売上高と営業利益の増加率から得る利益率方向は代理指標である。
20261,2026年1 - 3 月,127,卸売業,25,10億円以上,False,False,True,129,4,other_non_operating_expense,その他の営業外費用,その他の営業外費用の前年差による利益影響,-1,1515.09,3020.94,-1505.8500000000001,1505.8500000000001,INCREASES_PROFIT_CHANGE,62.81232011612682,CALCULABLE,会計的な利益影響であり因果を示さない,5707.86,4551.21,1156.6499999999996,14744.46,11190.43,3554.029999999999,9036.599999999999,6639.22,2397.3799999999983,9036.6,6639.219999999999,2397.380000000001,2397.38,1.8189894035458565e-12,PASS,PASS,-1506.0,1506.0,2397.0,FORBIDDEN_WITHOUT_EXTERNAL_PRIMARY_EVIDENCE,継続標本のみを用い母集団推計を行うため、本系列に比べサンプルサイズが小さくなる。,営業利益及び経常利益については、標準誤差率の算出は行っていない。,継続標本PDFは利益水準とその符号を公表しないため、売上高と営業利益の増加率から得る利益率方向は代理指標である。
20261,2026年1 - 3 月,127,卸売業,26,全規模,False,False,True,129,1,interest_and_dividend_income,受取利息等,受取利息等の前年差による利益影響,1,6162.27,6269.25,-106.97999999999956,-106.97999999999956,REDUCES_PROFIT_CHANGE,-3.5987244005489765,CALCULABLE,会計的な利益影響であり因果を示さない,23349.88,21519.62,1830.260000000002,35150.91,30347.93,4802.980000000003,11801.030000000002,8828.310000000001,2972.720000000001,11801.03,8828.310000000001,2972.7199999999993,2972.7200000000003,-9.094947017729282e-13,PASS,PASS,-107.0,-107.0,2973.0,FORBIDDEN_WITHOUT_EXTERNAL_PRIMARY_EVIDENCE,継続標本のみを用い母集団推計を行うため、本系列に比べサンプルサイズが小さくなる。,営業利益及び経常利益については、標準誤差率の算出は行っていない。,継続標本PDFは利益水準とその符号を公表しないため、売上高と営業利益の増加率から得る利益率方向は代理指標である。
20261,2026年1 - 3 月,127,卸売業,26,全規模,False,False,True,129,2,other_non_operating_income,その他の営業外収益,その他の営業外収益の前年差による利益影響,1,11521.36,9717.54,1803.8199999999997,1803.8199999999997,INCREASES_PROFIT_CHANGE,60.67910869506711,CALCULABLE,原因は統計だけでは特定しない,23349.88,21519.62,1830.260000000002,35150.91,30347.93,4802.980000000003,11801.030000000002,8828.310000000001,2972.720000000001,11801.03,8828.310000000001,2972.7199999999993,2972.7200000000003,-9.094947017729282e-13,PASS,PASS,1804.0,1804.0,2973.0,FORBIDDEN_WITHOUT_EXTERNAL_PRIMARY_EVIDENCE,継続標本のみを用い母集団推計を行うため、本系列に比べサンプルサイズが小さくなる。,営業利益及び経常利益については、標準誤差率の算出は行っていない。,継続標本PDFは利益水準とその符号を公表しないため、売上高と営業利益の増加率から得る利益率方向は代理指標である。
20261,2026年1 - 3 月,127,卸売業,26,全規模,False,False,True,129,3,interest_expense,支払利息等,支払利息等の前年差による利益影響,-1,2070.64,1652.9,417.7399999999998,-417.7399999999998,REDUCES_PROFIT_CHANGE,-14.052450281223916,CALCULABLE,会計的な利益影響であり因果を示さない,23349.88,21519.62,1830.260000000002,35150.91,30347.93,4802.980000000003,11801.030000000002,8828.310000000001,2972.720000000001,11801.03,8828.310000000001,2972.7199999999993,2972.7200000000003,-9.094947017729282e-13,PASS,PASS,418.0,-418.0,2973.0,FORBIDDEN_WITHOUT_EXTERNAL_PRIMARY_EVIDENCE,継続標本のみを用い母集団推計を行うため、本系列に比べサンプルサイズが小さくなる。,営業利益及び経常利益については、標準誤差率の算出は行っていない。,継続標本PDFは利益水準とその符号を公表しないため、売上高と営業利益の増加率から得る利益率方向は代理指標である。
20261,2026年1 - 3 月,127,卸売業,26,全規模,False,False,True,129,4,other_non_operating_expense,その他の営業外費用,その他の営業外費用の前年差による利益影響,-1,3811.96,5505.58,-1693.62,1693.62,INCREASES_PROFIT_CHANGE,56.97206598670576,CALCULABLE,会計的な利益影響であり因果を示さない,23349.88,21519.62,1830.260000000002,35150.91,30347.93,4802.980000000003,11801.030000000002,8828.310000000001,2972.720000000001,11801.03,8828.310000000001,2972.7199999999993,2972.7200000000003,-9.094947017729282e-13,PASS,PASS,-1694.0,1694.0,2973.0,FORBIDDEN_WITHOUT_EXTERNAL_PRIMARY_EVIDENCE,継続標本のみを用い母集団推計を行うため、本系列に比べサンプルサイズが小さくなる。,営業利益及び経常利益については、標準誤差率の算出は行っていない。,継続標本PDFは利益水準とその符号を公表しないため、売上高と営業利益の増加率から得る利益率方向は代理指標である。
20261,2026年1 - 3 月,128,小売業,19,1千万円以上 - 1億円未満,False,False,True,129,1,interest_and_dividend_income,受取利息等,受取利息等の前年差による利益影響,1,251.71,171.54,80.17000000000002,80.17000000000002,INCREASES_PROFIT_CHANGE,20.762437521042134,CALCULABLE,会計的な利益影響であり因果を示さない,4942.22,6621.99,-1679.7699999999995,6279.8,7573.44,-1293.6399999999994,1337.58,951.4499999999998,386.1300000000001,1337.58,951.4499999999999,386.13,386.13000000000005,-5.684341886080802e-14,PASS,PASS,80.0,80.0,386.0,FORBIDDEN_WITHOUT_EXTERNAL_PRIMARY_EVIDENCE,継続標本のみを用い母集団推計を行うため、本系列に比べサンプルサイズが小さくなる。,営業利益及び経常利益については、標準誤差率の算出は行っていない。,継続標本PDFは利益水準とその符号を公表しないため、売上高と営業利益の増加率から得る利益率方向は代理指標である。
20261,2026年1 - 3 月,128,小売業,19,1千万円以上 - 1億円未満,False,False,True,129,2,other_non_operating_income,その他の営業外収益,その他の営業外収益の前年差による利益影響,1,2975.56,1863.81,1111.75,1111.75,INCREASES_PROFIT_CHANGE,287.92116644653345,CALCULABLE,原因は統計だけでは特定しない,4942.22,6621.99,-1679.7699999999995,6279.8,7573.44,-1293.6399999999994,1337.58,951.4499999999998,386.1300000000001,1337.58,951.4499999999999,386.13,386.13000000000005,-5.684341886080802e-14,PASS,PASS,1112.0,1112.0,386.0,FORBIDDEN_WITHOUT_EXTERNAL_PRIMARY_EVIDENCE,継続標本のみを用い母集団推計を行うため、本系列に比べサンプルサイズが小さくなる。,営業利益及び経常利益については、標準誤差率の算出は行っていない。,継続標本PDFは利益水準とその符号を公表しないため、売上高と営業利益の増加率から得る利益率方向は代理指標である。
20261,2026年1 - 3 月,128,小売業,19,1千万円以上 - 1億円未満,False,False,True,129,3,interest_expense,支払利息等,支払利息等の前年差による利益影響,-1,1029.1,510.36,518.7399999999999,-518.7399999999999,REDUCES_PROFIT_CHANGE,-134.34335586460514,CALCULABLE,会計的な利益影響であり因果を示さない,4942.22,6621.99,-1679.7699999999995,6279.8,7573.44,-1293.6399999999994,1337.58,951.4499999999998,386.1300000000001,1337.58,951.4499999999999,386.13,386.13000000000005,-5.684341886080802e-14,PASS,PASS,519.0,-519.0,386.0,FORBIDDEN_WITHOUT_EXTERNAL_PRIMARY_EVIDENCE,継続標本のみを用い母集団推計を行うため、本系列に比べサンプルサイズが小さくなる。,営業利益及び経常利益については、標準誤差率の算出は行っていない。,継続標本PDFは利益水準とその符号を公表しないため、売上高と営業利益の増加率から得る利益率方向は代理指標である。
20261,2026年1 - 3 月,128,小売業,19,1千万円以上 - 1億円未満,False,False,True,129,4,other_non_operating_expense,その他の営業外費用,その他の営業外費用の前年差による利益影響,-1,860.59,573.54,287.05000000000007,-287.05000000000007,REDUCES_PROFIT_CHANGE,-74.34024810297049,CALCULABLE,会計的な利益影響であり因果を示さない,4942.22,6621.99,-1679.7699999999995,6279.8,7573.44,-1293.6399999999994,1337.58,951.4499999999998,386.1300000000001,1337.58,951.4499999999999,386.13,386.13000000000005,-5.684341886080802e-14,PASS,PASS,287.0,-287.0,386.0,FORBIDDEN_WITHOUT_EXTERNAL_PRIMARY_EVIDENCE,継続標本のみを用い母集団推計を行うため、本系列に比べサンプルサイズが小さくなる。,営業利益及び経常利益については、標準誤差率の算出は行っていない。,継続標本PDFは利益水準とその符号を公表しないため、売上高と営業利益の増加率から得る利益率方向は代理指標である。
20261,2026年1 - 3 月,128,小売業,24,1億円以上 - 10億円未満,False,False,True,129,1,interest_and_dividend_income,受取利息等,受取利息等の前年差による利益影響,1,141.37,114.78,26.590000000000003,26.590000000000003,INCREASES_PROFIT_CHANGE,-7.003081461192033,CALCULABLE,会計的な利益影響であり因果を示さない,2614.43,3223.37,-608.94,3151.15,4139.78,-988.6299999999997,536.7200000000003,916.4099999999999,-379.6899999999996,536.72,916.4099999999999,-379.6899999999998,-379.6899999999999,-2.8421709430404007e-13,PASS,PASS,27.0,27.0,-379.0,FORBIDDEN_WITHOUT_EXTERNAL_PRIMARY_EVIDENCE,継続標本のみを用い母集団推計を行うため、本系列に比べサンプルサイズが小さくなる。,営業利益及び経常利益については、標準誤差率の算出は行っていない。,継続標本PDFは利益水準とその符号を公表しないため、売上高と営業利益の増加率から得る利益率方向は代理指標である。
20261,2026年1 - 3 月,128,小売業,24,1億円以上 - 10億円未満,False,False,True,129,2,other_non_operating_income,その他の営業外収益,その他の営業外収益の前年差による利益影響,1,941.49,1281.83,-340.3399999999999,-340.3399999999999,REDUCES_PROFIT_CHANGE,89.63628223024052,CALCULABLE,原因は統計だけでは特定しない,2614.43,3223.37,-608.94,3151.15,4139.78,-988.6299999999997,536.7200000000003,916.4099999999999,-379.6899999999996,536.72,916.4099999999999,-379.6899999999998,-379.6899999999999,-2.8421709430404007e-13,PASS,PASS,-340.0,-340.0,-379.0,FORBIDDEN_WITHOUT_EXTERNAL_PRIMARY_EVIDENCE,継続標本のみを用い母集団推計を行うため、本系列に比べサンプルサイズが小さくなる。,営業利益及び経常利益については、標準誤差率の算出は行っていない。,継続標本PDFは利益水準とその符号を公表しないため、売上高と営業利益の増加率から得る利益率方向は代理指標である。
20261,2026年1 - 3 月,128,小売業,24,1億円以上 - 10億円未満,False,False,True,129,3,interest_expense,支払利息等,支払利息等の前年差による利益影響,-1,206.06,159.1,46.96000000000001,-46.96000000000001,REDUCES_PROFIT_CHANGE,12.367984408333129,CALCULABLE,会計的な利益影響であり因果を示さない,2614.43,3223.37,-608.94,3151.15,4139.78,-988.6299999999997,536.7200000000003,916.4099999999999,-379.6899999999996,536.72,916.4099999999999,-379.6899999999998,-379.6899999999999,-2.8421709430404007e-13,PASS,PASS,47.0,-47.0,-379.0,FORBIDDEN_WITHOUT_EXTERNAL_PRIMARY_EVIDENCE,継続標本のみを用い母集団推計を行うため、本系列に比べサンプルサイズが小さくなる。,営業利益及び経常利益については、標準誤差率の算出は行っていない。,継続標本PDFは利益水準とその符号を公表しないため、売上高と営業利益の増加率から得る利益率方向は代理指標である。
20261,2026年1 - 3 月,128,小売業,24,1億円以上 - 10億円未満,False,False,True,129,4,other_non_operating_expense,その他の営業外費用,その他の営業外費用の前年差による利益影響,-1,340.08,321.1,18.97999999999996,-18.97999999999996,REDUCES_PROFIT_CHANGE,4.9988148226184475,CALCULABLE,会計的な利益影響であり因果を示さない,2614.43,3223.37,-608.94,3151.15,4139.78,-988.6299999999997,536.7200000000003,916.4099999999999,-379.6899999999996,536.72,916.4099999999999,-379.6899999999998,-379.6899999999999,-2.8421709430404007e-13,PASS,PASS,19.0,-19.0,-379.0,FORBIDDEN_WITHOUT_EXTERNAL_PRIMARY_EVIDENCE,継続標本のみを用い母集団推計を行うため、本系列に比べサンプルサイズが小さくなる。,営業利益及び経常利益については、標準誤差率の算出は行っていない。,継続標本PDFは利益水準とその符号を公表しないため、売上高と営業利益の増加率から得る利益率方向は代理指標である。
20261,2026年1 - 3 月,128,小売業,25,10億円以上,False,False,True,129,1,interest_and_dividend_income,受取利息等,受取利息等の前年差による利益影響,1,182.82,145.99,36.829999999999984,36.829999999999984,INCREASES_PROFIT_CHANGE,24.0389008550357,CALCULABLE,会計的な利益影響であり因果を示さない,5470.77,4959.98,510.7900000000009,5808.57,5144.57,664.0,337.7999999999993,184.59000000000015,153.20999999999913,337.80000000000007,184.59,153.21000000000006,153.21000000000004,9.094947017729282e-13,PASS,PASS,37.0,37.0,153.0,FORBIDDEN_WITHOUT_EXTERNAL_PRIMARY_EVIDENCE,継続標本のみを用い母集団推計を行うため、本系列に比べサンプルサイズが小さくなる。,営業利益及び経常利益については、標準誤差率の算出は行っていない。,継続標本PDFは利益水準とその符号を公表しないため、売上高と営業利益の増加率から得る利益率方向は代理指標である。
20261,2026年1 - 3 月,128,小売業,25,10億円以上,False,False,True,129,2,other_non_operating_income,その他の営業外収益,その他の営業外収益の前年差による利益影響,1,571.2,499.31,71.89000000000004,71.89000000000004,INCREASES_PROFIT_CHANGE,46.92252463938415,CALCULABLE,原因は統計だけでは特定しない,5470.77,4959.98,510.7900000000009,5808.57,5144.57,664.0,337.7999999999993,184.59000000000015,153.20999999999913,337.80000000000007,184.59,153.21000000000006,153.21000000000004,9.094947017729282e-13,PASS,PASS,72.0,72.0,153.0,FORBIDDEN_WITHOUT_EXTERNAL_PRIMARY_EVIDENCE,継続標本のみを用い母集団推計を行うため、本系列に比べサンプルサイズが小さくなる。,営業利益及び経常利益については、標準誤差率の算出は行っていない。,継続標本PDFは利益水準とその符号を公表しないため、売上高と営業利益の増加率から得る利益率方向は代理指標である。
20261,2026年1 - 3 月,128,小売業,25,10億円以上,False,False,True,129,3,interest_expense,支払利息等,支払利息等の前年差による利益影響,-1,139.73,107.22,32.50999999999999,-32.50999999999999,REDUCES_PROFIT_CHANGE,-21.219241563866703,CALCULABLE,会計的な利益影響であり因果を示さない,5470.77,4959.98,510.7900000000009,5808.57,5144.57,664.0,337.7999999999993,184.59000000000015,153.20999999999913,337.80000000000007,184.59,153.21000000000006,153.21000000000004,9.094947017729282e-13,PASS,PASS,33.0,-33.0,153.0,FORBIDDEN_WITHOUT_EXTERNAL_PRIMARY_EVIDENCE,継続標本のみを用い母集団推計を行うため、本系列に比べサンプルサイズが小さくなる。,営業利益及び経常利益については、標準誤差率の算出は行っていない。,継続標本PDFは利益水準とその符号を公表しないため、売上高と営業利益の増加率から得る利益率方向は代理指標である。
20261,2026年1 - 3 月,128,小売業,25,10億円以上,False,False,True,129,4,other_non_operating_expense,その他の営業外費用,その他の営業外費用の前年差による利益影響,-1,276.49,353.49,-77.0,77.0,INCREASES_PROFIT_CHANGE,50.25781606944745,CALCULABLE,会計的な利益影響であり因果を示さない,5470.77,4959.98,510.7900000000009,5808.57,5144.57,664.0,337.7999999999993,184.59000000000015,153.20999999999913,337.80000000000007,184.59,153.21000000000006,153.21000000000004,9.094947017729282e-13,PASS,PASS,-77.0,77.0,153.0,FORBIDDEN_WITHOUT_EXTERNAL_PRIMARY_EVIDENCE,継続標本のみを用い母集団推計を行うため、本系列に比べサンプルサイズが小さくなる。,営業利益及び経常利益については、標準誤差率の算出は行っていない。,継続標本PDFは利益水準とその符号を公表しないため、売上高と営業利益の増加率から得る利益率方向は代理指標である。
20261,2026年1 - 3 月,128,小売業,26,全規模,False,False,True,129,1,interest_and_dividend_income,受取利息等,受取利息等の前年差による利益影響,1,575.9,432.31,143.58999999999997,143.58999999999997,INCREASES_PROFIT_CHANGE,89.94049483244616,CALCULABLE,会計的な利益影響であり因果を示さない,13027.42,14805.34,-1777.92,15239.52,16857.79,-1618.2700000000004,2212.1000000000004,2052.4500000000007,159.64999999999964,2212.1,2052.45,159.6500000000001,159.65000000000003,3.979039320256561e-13,PASS,PASS,144.0,144.0,160.0,FORBIDDEN_WITHOUT_EXTERNAL_PRIMARY_EVIDENCE,継続標本のみを用い母集団推計を行うため、本系列に比べサンプルサイズが小さくなる。,営業利益及び経常利益については、標準誤差率の算出は行っていない。,継続標本PDFは利益水準とその符号を公表しないため、売上高と営業利益の増加率から得る利益率方向は代理指標である。
20261,2026年1 - 3 月,128,小売業,26,全規模,False,False,True,129,2,other_non_operating_income,その他の営業外収益,その他の営業外収益の前年差による利益影響,1,4488.25,3644.95,843.3000000000002,843.3000000000002,INCREASES_PROFIT_CHANGE,528.2179768243044,CALCULABLE,原因は統計だけでは特定しない,13027.42,14805.34,-1777.92,15239.52,16857.79,-1618.2700000000004,2212.1000000000004,2052.4500000000007,159.64999999999964,2212.1,2052.45,159.6500000000001,159.65000000000003,3.979039320256561e-13,PASS,PASS,843.0,843.0,160.0,FORBIDDEN_WITHOUT_EXTERNAL_PRIMARY_EVIDENCE,継続標本のみを用い母集団推計を行うため、本系列に比べサンプルサイズが小さくなる。,営業利益及び経常利益については、標準誤差率の算出は行っていない。,継続標本PDFは利益水準とその符号を公表しないため、売上高と営業利益の増加率から得る利益率方向は代理指標である。
20261,2026年1 - 3 月,128,小売業,26,全規模,False,False,True,129,3,interest_expense,支払利息等,支払利息等の前年差による利益影響,-1,1374.89,776.68,598.2100000000002,-598.2100000000002,REDUCES_PROFIT_CHANGE,-374.7009082367689,CALCULABLE,会計的な利益影響であり因果を示さない,13027.42,14805.34,-1777.92,15239.52,16857.79,-1618.2700000000004,2212.1000000000004,2052.4500000000007,159.64999999999964,2212.1,2052.45,159.6500000000001,159.65000000000003,3.979039320256561e-13,PASS,PASS,598.0,-598.0,160.0,FORBIDDEN_WITHOUT_EXTERNAL_PRIMARY_EVIDENCE,継続標本のみを用い母集団推計を行うため、本系列に比べサンプルサイズが小さくなる。,営業利益及び経常利益については、標準誤差率の算出は行っていない。,継続標本PDFは利益水準とその符号を公表しないため、売上高と営業利益の増加率から得る利益率方向は代理指標である。
20261,2026年1 - 3 月,128,小売業,26,全規模,False,False,True,129,4,other_non_operating_expense,その他の営業外費用,その他の営業外費用の前年差による利益影響,-1,1477.16,1248.13,229.02999999999997,-229.02999999999997,REDUCES_PROFIT_CHANGE,-143.45756341998154,CALCULABLE,会計的な利益影響であり因果を示さない,13027.42,14805.34,-1777.92,15239.52,16857.79,-1618.2700000000004,2212.1000000000004,2052.4500000000007,159.64999999999964,2212.1,2052.45,159.6500000000001,159.65000000000003,3.979039320256561e-13,PASS,PASS,229.0,-229.0,160.0,FORBIDDEN_WITHOUT_EXTERNAL_PRIMARY_EVIDENCE,継続標本のみを用い母集団推計を行うため、本系列に比べサンプルサイズが小さくなる。,営業利益及び経常利益については、標準誤差率の算出は行っていない。,継続標本PDFは利益水準とその符号を公表しないため、売上高と営業利益の増加率から得る利益率方向は代理指標である。
20261,2026年1 - 3 月,129,卸売業・小売業(集約),19,1千万円以上 - 1億円未満,False,True,False,129,1,interest_and_dividend_income,受取利息等,受取利息等の前年差による利益影響,1,876.97,380.21,496.76000000000005,496.76000000000005,INCREASES_PROFIT_CHANGE,55.20536984352773,CALCULABLE,会計的な利益影響であり因果を示さない,15520.21,16424.12,-903.9099999999999,18653.57,18657.64,-4.069999999999709,3133.3600000000006,2233.5200000000004,899.8400000000001,3133.3599999999997,2233.52,899.8399999999997,899.8399999999995,-6.821210263296962e-13,PASS,PASS,497.0,497.0,900.0,FORBIDDEN_WITHOUT_EXTERNAL_PRIMARY_EVIDENCE,継続標本のみを用い母集団推計を行うため、本系列に比べサンプルサイズが小さくなる。,営業利益及び経常利益については、標準誤差率の算出は行っていない。,継続標本PDFは利益水準とその符号を公表しないため、売上高と営業利益の増加率から得る利益率方向は代理指標である。
20261,2026年1 - 3 月,129,卸売業・小売業(集約),19,1千万円以上 - 1億円未満,False,True,False,129,2,other_non_operating_income,その他の営業外収益,その他の営業外収益の前年差による利益影響,1,6485.36,4969.24,1516.12,1516.12,INCREASES_PROFIT_CHANGE,168.4877311522048,CALCULABLE,原因は統計だけでは特定しない,15520.21,16424.12,-903.9099999999999,18653.57,18657.64,-4.069999999999709,3133.3600000000006,2233.5200000000004,899.8400000000001,3133.3599999999997,2233.52,899.8399999999997,899.8399999999995,-6.821210263296962e-13,PASS,PASS,1516.0,1516.0,900.0,FORBIDDEN_WITHOUT_EXTERNAL_PRIMARY_EVIDENCE,継続標本のみを用い母集団推計を行うため、本系列に比べサンプルサイズが小さくなる。,営業利益及び経常利益については、標準誤差率の算出は行っていない。,継続標本PDFは利益水準とその符号を公表しないため、売上高と営業利益の増加率から得る利益率方向は代理指標である。
20261,2026年1 - 3 月,129,卸売業・小売業(集約),19,1千万円以上 - 1億円未満,False,True,False,129,3,interest_expense,支払利息等,支払利息等の前年差による利益影響,-1,1791.21,1047.56,743.6500000000001,-743.6500000000001,REDUCES_PROFIT_CHANGE,-82.64246977240398,CALCULABLE,会計的な利益影響であり因果を示さない,15520.21,16424.12,-903.9099999999999,18653.57,18657.64,-4.069999999999709,3133.3600000000006,2233.5200000000004,899.8400000000001,3133.3599999999997,2233.52,899.8399999999997,899.8399999999995,-6.821210263296962e-13,PASS,PASS,744.0,-744.0,900.0,FORBIDDEN_WITHOUT_EXTERNAL_PRIMARY_EVIDENCE,継続標本のみを用い母集団推計を行うため、本系列に比べサンプルサイズが小さくなる。,営業利益及び経常利益については、標準誤差率の算出は行っていない。,継続標本PDFは利益水準とその符号を公表しないため、売上高と営業利益の増加率から得る利益率方向は代理指標である。
20261,2026年1 - 3 月,129,卸売業・小売業(集約),19,1千万円以上 - 1億円未満,False,True,False,129,4,other_non_operating_expense,その他の営業外費用,その他の営業外費用の前年差による利益影響,-1,2437.76,2068.37,369.3900000000003,-369.3900000000003,REDUCES_PROFIT_CHANGE,-41.05063122332862,CALCULABLE,会計的な利益影響であり因果を示さない,15520.21,16424.12,-903.9099999999999,18653.57,18657.64,-4.069999999999709,3133.3600000000006,2233.5200000000004,899.8400000000001,3133.3599999999997,2233.52,899.8399999999997,899.8399999999995,-6.821210263296962e-13,PASS,PASS,369.0,-369.0,900.0,FORBIDDEN_WITHOUT_EXTERNAL_PRIMARY_EVIDENCE,継続標本のみを用い母集団推計を行うため、本系列に比べサンプルサイズが小さくなる。,営業利益及び経常利益については、標準誤差率の算出は行っていない。,継続標本PDFは利益水準とその符号を公表しないため、売上高と営業利益の増加率から得る利益率方向は代理指標である。
20261,2026年1 - 3 月,129,卸売業・小売業(集約),24,1億円以上 - 10億円未満,False,True,False,129,1,interest_and_dividend_income,受取利息等,受取利息等の前年差による利益影響,1,610.18,549.47,60.70999999999992,60.70999999999992,INCREASES_PROFIT_CHANGE,-19.08759353581086,CALCULABLE,会計的な利益影響であり因果を示さない,9678.46,10389.65,-711.1900000000005,11183.83,12213.08,-1029.25,1505.3700000000008,1823.4300000000003,-318.0599999999995,1505.37,1823.43,-318.0600000000002,-318.06000000000023,-7.389644451905042e-13,PASS,PASS,61.0,61.0,-318.0,FORBIDDEN_WITHOUT_EXTERNAL_PRIMARY_EVIDENCE,継続標本のみを用い母集団推計を行うため、本系列に比べサンプルサイズが小さくなる。,営業利益及び経常利益については、標準誤差率の算出は行っていない。,継続標本PDFは利益水準とその符号を公表しないため、売上高と営業利益の増加率から得る利益率方向は代理指標である。
20261,2026年1 - 3 月,129,卸売業・小売業(集約),24,1億円以上 - 10億円未満,False,True,False,129,2,other_non_operating_income,その他の営業外収益,その他の営業外収益の前年差による利益影響,1,2468.97,2978.96,-509.99000000000024,-509.99000000000024,REDUCES_PROFIT_CHANGE,160.34396025907094,CALCULABLE,原因は統計だけでは特定しない,9678.46,10389.65,-711.1900000000005,11183.83,12213.08,-1029.25,1505.3700000000008,1823.4300000000003,-318.0599999999995,1505.37,1823.43,-318.0600000000002,-318.06000000000023,-7.389644451905042e-13,PASS,PASS,-510.0,-510.0,-318.0,FORBIDDEN_WITHOUT_EXTERNAL_PRIMARY_EVIDENCE,継続標本のみを用い母集団推計を行うため、本系列に比べサンプルサイズが小さくなる。,営業利益及び経常利益については、標準誤差率の算出は行っていない。,継続標本PDFは利益水準とその符号を公表しないため、売上高と営業利益の増加率から得る利益率方向は代理指標である。
20261,2026年1 - 3 月,129,卸売業・小売業(集約),24,1億円以上 - 10億円未満,False,True,False,129,3,interest_expense,支払利息等,支払利息等の前年差による利益影響,-1,514.0,394.09,119.91000000000003,-119.91000000000003,REDUCES_PROFIT_CHANGE,37.70043388039999,CALCULABLE,会計的な利益影響であり因果を示さない,9678.46,10389.65,-711.1900000000005,11183.83,12213.08,-1029.25,1505.3700000000008,1823.4300000000003,-318.0599999999995,1505.37,1823.43,-318.0600000000002,-318.06000000000023,-7.389644451905042e-13,PASS,PASS,120.0,-120.0,-318.0,FORBIDDEN_WITHOUT_EXTERNAL_PRIMARY_EVIDENCE,継続標本のみを用い母集団推計を行うため、本系列に比べサンプルサイズが小さくなる。,営業利益及び経常利益については、標準誤差率の算出は行っていない。,継続標本PDFは利益水準とその符号を公表しないため、売上高と営業利益の増加率から得る利益率方向は代理指標である。
20261,2026年1 - 3 月,129,卸売業・小売業(集約),24,1億円以上 - 10億円未満,False,True,False,129,4,other_non_operating_expense,その他の営業外費用,その他の営業外費用の前年差による利益影響,-1,1059.78,1310.91,-251.1300000000001,251.1300000000001,INCREASES_PROFIT_CHANGE,-78.95680060365984,CALCULABLE,会計的な利益影響であり因果を示さない,9678.46,10389.65,-711.1900000000005,11183.83,12213.08,-1029.25,1505.3700000000008,1823.4300000000003,-318.0599999999995,1505.37,1823.43,-318.0600000000002,-318.06000000000023,-7.389644451905042e-13,PASS,PASS,-251.0,251.0,-318.0,FORBIDDEN_WITHOUT_EXTERNAL_PRIMARY_EVIDENCE,継続標本のみを用い母集団推計を行うため、本系列に比べサンプルサイズが小さくなる。,営業利益及び経常利益については、標準誤差率の算出は行っていない。,継続標本PDFは利益水準とその符号を公表しないため、売上高と営業利益の増加率から得る利益率方向は代理指標である。
20261,2026年1 - 3 月,129,卸売業・小売業(集約),25,10億円以上,False,True,False,129,1,interest_and_dividend_income,受取利息等,受取利息等の前年差による利益影響,1,5251.02,5771.88,-520.8599999999997,-520.8599999999997,REDUCES_PROFIT_CHANGE,-20.42115745768625,CALCULABLE,会計的な利益影響であり因果を示さない,11178.63,9511.19,1667.4399999999987,20553.03,16335.0,4218.029999999999,9374.4,6823.8099999999995,2550.59,9374.4,6823.81,2550.5899999999992,2550.59,0.0,PASS,PASS,-521.0,-521.0,2551.0,FORBIDDEN_WITHOUT_EXTERNAL_PRIMARY_EVIDENCE,継続標本のみを用い母集団推計を行うため、本系列に比べサンプルサイズが小さくなる。,営業利益及び経常利益については、標準誤差率の算出は行っていない。,継続標本PDFは利益水準とその符号を公表しないため、売上高と営業利益の増加率から得る利益率方向は代理指標である。
20261,2026年1 - 3 月,129,卸売業・小売業(集約),25,10億円以上,False,True,False,129,2,other_non_operating_income,その他の営業外収益,その他の営業外収益の前年差による利益影響,1,7055.28,5414.29,1640.9899999999998,1640.9899999999998,INCREASES_PROFIT_CHANGE,64.33766305050987,CALCULABLE,原因は統計だけでは特定しない,11178.63,9511.19,1667.4399999999987,20553.03,16335.0,4218.029999999999,9374.4,6823.8099999999995,2550.59,9374.4,6823.81,2550.5899999999992,2550.59,0.0,PASS,PASS,1641.0,1641.0,2551.0,FORBIDDEN_WITHOUT_EXTERNAL_PRIMARY_EVIDENCE,継続標本のみを用い母集団推計を行うため、本系列に比べサンプルサイズが小さくなる。,営業利益及び経常利益については、標準誤差率の算出は行っていない。,継続標本PDFは利益水準とその符号を公表しないため、売上高と営業利益の増加率から得る利益率方向は代理指標である。
20261,2026年1 - 3 月,129,卸売業・小売業(集約),25,10億円以上,False,True,False,129,3,interest_expense,支払利息等,支払利息等の前年差による利益影響,-1,1140.32,987.93,152.39,-152.39,REDUCES_PROFIT_CHANGE,-5.974696050717676,CALCULABLE,会計的な利益影響であり因果を示さない,11178.63,9511.19,1667.4399999999987,20553.03,16335.0,4218.029999999999,9374.4,6823.8099999999995,2550.59,9374.4,6823.81,2550.5899999999992,2550.59,0.0,PASS,PASS,152.0,-152.0,2551.0,FORBIDDEN_WITHOUT_EXTERNAL_PRIMARY_EVIDENCE,継続標本のみを用い母集団推計を行うため、本系列に比べサンプルサイズが小さくなる。,営業利益及び経常利益については、標準誤差率の算出は行っていない。,継続標本PDFは利益水準とその符号を公表しないため、売上高と営業利益の増加率から得る利益率方向は代理指標である。
20261,2026年1 - 3 月,129,卸売業・小売業(集約),25,10億円以上,False,True,False,129,4,other_non_operating_expense,その他の営業外費用,その他の営業外費用の前年差による利益影響,-1,1791.58,3374.43,-1582.85,1582.85,INCREASES_PROFIT_CHANGE,62.05819045789405,CALCULABLE,会計的な利益影響であり因果を示さない,11178.63,9511.19,1667.4399999999987,20553.03,16335.0,4218.029999999999,9374.4,6823.8099999999995,2550.59,9374.4,6823.81,2550.5899999999992,2550.59,0.0,PASS,PASS,-1583.0,1583.0,2551.0,FORBIDDEN_WITHOUT_EXTERNAL_PRIMARY_EVIDENCE,継続標本のみを用い母集団推計を行うため、本系列に比べサンプルサイズが小さくなる。,営業利益及び経常利益については、標準誤差率の算出は行っていない。,継続標本PDFは利益水準とその符号を公表しないため、売上高と営業利益の増加率から得る利益率方向は代理指標である。
20261,2026年1 - 3 月,129,卸売業・小売業(集約),26,全規模,False,True,False,129,1,interest_and_dividend_income,受取利息等,受取利息等の前年差による利益影響,1,6738.17,6701.56,36.60999999999967,36.60999999999967,INCREASES_PROFIT_CHANGE,1.16876358795416,CALCULABLE,会計的な利益影響であり因果を示さない,36377.3,36324.96,52.34000000000378,50390.43,47205.72,3184.709999999999,14013.129999999997,10880.760000000002,3132.3699999999953,14013.130000000001,10880.76,3132.370000000001,3132.3700000000003,5.002220859751105e-12,PASS,PASS,37.0,37.0,3133.0,FORBIDDEN_WITHOUT_EXTERNAL_PRIMARY_EVIDENCE,継続標本のみを用い母集団推計を行うため、本系列に比べサンプルサイズが小さくなる。,営業利益及び経常利益については、標準誤差率の算出は行っていない。,継続標本PDFは利益水準とその符号を公表しないため、売上高と営業利益の増加率から得る利益率方向は代理指標である。
20261,2026年1 - 3 月,129,卸売業・小売業(集約),26,全規模,False,True,False,129,2,other_non_operating_income,その他の営業外収益,その他の営業外収益の前年差による利益影響,1,16009.61,13362.49,2647.120000000001,2647.120000000001,INCREASES_PROFIT_CHANGE,84.50853507088897,CALCULABLE,原因は統計だけでは特定しない,36377.3,36324.96,52.34000000000378,50390.43,47205.72,3184.709999999999,14013.129999999997,10880.760000000002,3132.3699999999953,14013.130000000001,10880.76,3132.370000000001,3132.3700000000003,5.002220859751105e-12,PASS,PASS,2647.0,2647.0,3133.0,FORBIDDEN_WITHOUT_EXTERNAL_PRIMARY_EVIDENCE,継続標本のみを用い母集団推計を行うため、本系列に比べサンプルサイズが小さくなる。,営業利益及び経常利益については、標準誤差率の算出は行っていない。,継続標本PDFは利益水準とその符号を公表しないため、売上高と営業利益の増加率から得る利益率方向は代理指標である。
20261,2026年1 - 3 月,129,卸売業・小売業(集約),26,全規模,False,True,False,129,3,interest_expense,支払利息等,支払利息等の前年差による利益影響,-1,3445.53,2429.58,1015.9500000000003,-1015.9500000000003,REDUCES_PROFIT_CHANGE,-32.4339078716755,CALCULABLE,会計的な利益影響であり因果を示さない,36377.3,36324.96,52.34000000000378,50390.43,47205.72,3184.709999999999,14013.129999999997,10880.760000000002,3132.3699999999953,14013.130000000001,10880.76,3132.370000000001,3132.3700000000003,5.002220859751105e-12,PASS,PASS,1016.0,-1016.0,3133.0,FORBIDDEN_WITHOUT_EXTERNAL_PRIMARY_EVIDENCE,継続標本のみを用い母集団推計を行うため、本系列に比べサンプルサイズが小さくなる。,営業利益及び経常利益については、標準誤差率の算出は行っていない。,継続標本PDFは利益水準とその符号を公表しないため、売上高と営業利益の増加率から得る利益率方向は代理指標である。
20261,2026年1 - 3 月,129,卸売業・小売業(集約),26,全規模,False,True,False,129,4,other_non_operating_expense,その他の営業外費用,その他の営業外費用の前年差による利益影響,-1,5289.12,6753.71,-1464.5900000000001,1464.5900000000001,INCREASES_PROFIT_CHANGE,46.75660921283253,CALCULABLE,会計的な利益影響であり因果を示さない,36377.3,36324.96,52.34000000000378,50390.43,47205.72,3184.709999999999,14013.129999999997,10880.760000000002,3132.3699999999953,14013.130000000001,10880.76,3132.370000000001,3132.3700000000003,5.002220859751105e-12,PASS,PASS,-1465.0,1465.0,3133.0,FORBIDDEN_WITHOUT_EXTERNAL_PRIMARY_EVIDENCE,継続標本のみを用い母集団推計を行うため、本系列に比べサンプルサイズが小さくなる。,営業利益及び経常利益については、標準誤差率の算出は行っていない。,継続標本PDFは利益水準とその符号を公表しないため、売上高と営業利益の増加率から得る利益率方向は代理指標である。
20261,2026年1 - 3 月,130,不動産業,19,1千万円以上 - 1億円未満,False,False,True,155,1,interest_and_dividend_income,受取利息等,受取利息等の前年差による利益影響,1,401.57,237.63,163.94,163.94,INCREASES_PROFIT_CHANGE,87.14186998352199,CALCULABLE,会計的な利益影響であり因果を示さない,6677.62,7311.71,-634.0900000000001,7731.07,8177.03,-445.96000000000004,1053.4499999999998,865.3199999999997,188.1300000000001,1053.4499999999998,865.3199999999999,188.12999999999988,188.12999999999988,-2.2737367544323206e-13,PASS,PASS,164.0,164.0,188.0,FORBIDDEN_WITHOUT_EXTERNAL_PRIMARY_EVIDENCE,継続標本のみを用い母集団推計を行うため、本系列に比べサンプルサイズが小さくなる。,営業利益及び経常利益については、標準誤差率の算出は行っていない。,継続標本PDFは利益水準とその符号を公表しないため、売上高と営業利益の増加率から得る利益率方向は代理指標である。
20261,2026年1 - 3 月,130,不動産業,19,1千万円以上 - 1億円未満,False,False,True,155,2,other_non_operating_income,その他の営業外収益,その他の営業外収益の前年差による利益影響,1,2765.41,2183.52,581.8899999999999,581.8899999999999,INCREASES_PROFIT_CHANGE,309.30207835007684,CALCULABLE,原因は統計だけでは特定しない,6677.62,7311.71,-634.0900000000001,7731.07,8177.03,-445.96000000000004,1053.4499999999998,865.3199999999997,188.1300000000001,1053.4499999999998,865.3199999999999,188.12999999999988,188.12999999999988,-2.2737367544323206e-13,PASS,PASS,582.0,582.0,188.0,FORBIDDEN_WITHOUT_EXTERNAL_PRIMARY_EVIDENCE,継続標本のみを用い母集団推計を行うため、本系列に比べサンプルサイズが小さくなる。,営業利益及び経常利益については、標準誤差率の算出は行っていない。,継続標本PDFは利益水準とその符号を公表しないため、売上高と営業利益の増加率から得る利益率方向は代理指標である。
20261,2026年1 - 3 月,130,不動産業,19,1千万円以上 - 1億円未満,False,False,True,155,3,interest_expense,支払利息等,支払利息等の前年差による利益影響,-1,1216.18,1129.14,87.03999999999996,-87.03999999999996,REDUCES_PROFIT_CHANGE,-46.26587997661187,CALCULABLE,会計的な利益影響であり因果を示さない,6677.62,7311.71,-634.0900000000001,7731.07,8177.03,-445.96000000000004,1053.4499999999998,865.3199999999997,188.1300000000001,1053.4499999999998,865.3199999999999,188.12999999999988,188.12999999999988,-2.2737367544323206e-13,PASS,PASS,87.0,-87.0,188.0,FORBIDDEN_WITHOUT_EXTERNAL_PRIMARY_EVIDENCE,継続標本のみを用い母集団推計を行うため、本系列に比べサンプルサイズが小さくなる。,営業利益及び経常利益については、標準誤差率の算出は行っていない。,継続標本PDFは利益水準とその符号を公表しないため、売上高と営業利益の増加率から得る利益率方向は代理指標である。
20261,2026年1 - 3 月,130,不動産業,19,1千万円以上 - 1億円未満,False,False,True,155,4,other_non_operating_expense,その他の営業外費用,その他の営業外費用の前年差による利益影響,-1,897.35,426.69,470.66,-470.66,REDUCES_PROFIT_CHANGE,-250.17806835698707,CALCULABLE,会計的な利益影響であり因果を示さない,6677.62,7311.71,-634.0900000000001,7731.07,8177.03,-445.96000000000004,1053.4499999999998,865.3199999999997,188.1300000000001,1053.4499999999998,865.3199999999999,188.12999999999988,188.12999999999988,-2.2737367544323206e-13,PASS,PASS,471.0,-471.0,188.0,FORBIDDEN_WITHOUT_EXTERNAL_PRIMARY_EVIDENCE,継続標本のみを用い母集団推計を行うため、本系列に比べサンプルサイズが小さくなる。,営業利益及び経常利益については、標準誤差率の算出は行っていない。,継続標本PDFは利益水準とその符号を公表しないため、売上高と営業利益の増加率から得る利益率方向は代理指標である。
20261,2026年1 - 3 月,130,不動産業,24,1億円以上 - 10億円未満,False,False,True,155,1,interest_and_dividend_income,受取利息等,受取利息等の前年差による利益影響,1,547.39,849.77,-302.38,-302.38,REDUCES_PROFIT_CHANGE,182.83952110291338,CALCULABLE,会計的な利益影響であり因果を示さない,6453.51,5504.44,949.0700000000006,6898.11,6114.42,783.6899999999996,444.59999999999945,609.9800000000005,-165.38000000000102,444.6,609.98,-165.38,-165.38,1.0231815394945443e-12,PASS,PASS,-302.0,-302.0,-165.0,FORBIDDEN_WITHOUT_EXTERNAL_PRIMARY_EVIDENCE,継続標本のみを用い母集団推計を行うため、本系列に比べサンプルサイズが小さくなる。,営業利益及び経常利益については、標準誤差率の算出は行っていない。,継続標本PDFは利益水準とその符号を公表しないため、売上高と営業利益の増加率から得る利益率方向は代理指標である。
20261,2026年1 - 3 月,130,不動産業,24,1億円以上 - 10億円未満,False,False,True,155,2,other_non_operating_income,その他の営業外収益,その他の営業外収益の前年差による利益影響,1,646.08,422.17,223.91000000000003,223.91000000000003,INCREASES_PROFIT_CHANGE,-135.39122022009835,CALCULABLE,原因は統計だけでは特定しない,6453.51,5504.44,949.0700000000006,6898.11,6114.42,783.6899999999996,444.59999999999945,609.9800000000005,-165.38000000000102,444.6,609.98,-165.38,-165.38,1.0231815394945443e-12,PASS,PASS,224.0,224.0,-165.0,FORBIDDEN_WITHOUT_EXTERNAL_PRIMARY_EVIDENCE,継続標本のみを用い母集団推計を行うため、本系列に比べサンプルサイズが小さくなる。,営業利益及び経常利益については、標準誤差率の算出は行っていない。,継続標本PDFは利益水準とその符号を公表しないため、売上高と営業利益の増加率から得る利益率方向は代理指標である。
20261,2026年1 - 3 月,130,不動産業,24,1億円以上 - 10億円未満,False,False,True,155,3,interest_expense,支払利息等,支払利息等の前年差による利益影響,-1,489.48,406.09,83.39000000000004,-83.39000000000004,REDUCES_PROFIT_CHANGE,50.423267626073,CALCULABLE,会計的な利益影響であり因果を示さない,6453.51,5504.44,949.0700000000006,6898.11,6114.42,783.6899999999996,444.59999999999945,609.9800000000005,-165.38000000000102,444.6,609.98,-165.38,-165.38,1.0231815394945443e-12,PASS,PASS,83.0,-83.0,-165.0,FORBIDDEN_WITHOUT_EXTERNAL_PRIMARY_EVIDENCE,継続標本のみを用い母集団推計を行うため、本系列に比べサンプルサイズが小さくなる。,営業利益及び経常利益については、標準誤差率の算出は行っていない。,継続標本PDFは利益水準とその符号を公表しないため、売上高と営業利益の増加率から得る利益率方向は代理指標である。
20261,2026年1 - 3 月,130,不動産業,24,1億円以上 - 10億円未満,False,False,True,155,4,other_non_operating_expense,その他の営業外費用,その他の営業外費用の前年差による利益影響,-1,259.39,255.87,3.519999999999982,-3.519999999999982,REDUCES_PROFIT_CHANGE,2.128431491111356,CALCULABLE,会計的な利益影響であり因果を示さない,6453.51,5504.44,949.0700000000006,6898.11,6114.42,783.6899999999996,444.59999999999945,609.9800000000005,-165.38000000000102,444.6,609.98,-165.38,-165.38,1.0231815394945443e-12,PASS,PASS,4.0,-4.0,-165.0,FORBIDDEN_WITHOUT_EXTERNAL_PRIMARY_EVIDENCE,継続標本のみを用い母集団推計を行うため、本系列に比べサンプルサイズが小さくなる。,営業利益及び経常利益については、標準誤差率の算出は行っていない。,継続標本PDFは利益水準とその符号を公表しないため、売上高と営業利益の増加率から得る利益率方向は代理指標である。
20261,2026年1 - 3 月,130,不動産業,25,10億円以上,False,False,True,155,1,interest_and_dividend_income,受取利息等,受取利息等の前年差による利益影響,1,868.92,925.25,-56.33000000000004,-56.33000000000004,REDUCES_PROFIT_CHANGE,-568.9898989899203,CALCULABLE,会計的な利益影響であり因果を示さない,8791.22,7074.13,1717.0899999999992,8948.13,7221.14,1726.9899999999989,156.90999999999985,147.01000000000022,9.899999999999636,156.90999999999997,147.01000000000005,9.89999999999992,9.89999999999992,2.8421709430404007e-13,PASS,PASS,-56.0,-56.0,10.0,FORBIDDEN_WITHOUT_EXTERNAL_PRIMARY_EVIDENCE,継続標本のみを用い母集団推計を行うため、本系列に比べサンプルサイズが小さくなる。,営業利益及び経常利益については、標準誤差率の算出は行っていない。,継続標本PDFは利益水準とその符号を公表しないため、売上高と営業利益の増加率から得る利益率方向は代理指標である。
20261,2026年1 - 3 月,130,不動産業,25,10億円以上,False,False,True,155,2,other_non_operating_income,その他の営業外収益,その他の営業外収益の前年差による利益影響,1,988.11,621.74,366.37,366.37,INCREASES_PROFIT_CHANGE,3700.7070707072066,CALCULABLE,原因は統計だけでは特定しない,8791.22,7074.13,1717.0899999999992,8948.13,7221.14,1726.9899999999989,156.90999999999985,147.01000000000022,9.899999999999636,156.90999999999997,147.01000000000005,9.89999999999992,9.89999999999992,2.8421709430404007e-13,PASS,PASS,366.0,366.0,10.0,FORBIDDEN_WITHOUT_EXTERNAL_PRIMARY_EVIDENCE,継続標本のみを用い母集団推計を行うため、本系列に比べサンプルサイズが小さくなる。,営業利益及び経常利益については、標準誤差率の算出は行っていない。,継続標本PDFは利益水準とその符号を公表しないため、売上高と営業利益の増加率から得る利益率方向は代理指標である。
20261,2026年1 - 3 月,130,不動産業,25,10億円以上,False,False,True,155,3,interest_expense,支払利息等,支払利息等の前年差による利益影響,-1,1281.97,890.9,391.07000000000005,-391.07000000000005,REDUCES_PROFIT_CHANGE,-3950.2020202021663,CALCULABLE,会計的な利益影響であり因果を示さない,8791.22,7074.13,1717.0899999999992,8948.13,7221.14,1726.9899999999989,156.90999999999985,147.01000000000022,9.899999999999636,156.90999999999997,147.01000000000005,9.89999999999992,9.89999999999992,2.8421709430404007e-13,PASS,PASS,391.0,-391.0,10.0,FORBIDDEN_WITHOUT_EXTERNAL_PRIMARY_EVIDENCE,継続標本のみを用い母集団推計を行うため、本系列に比べサンプルサイズが小さくなる。,営業利益及び経常利益については、標準誤差率の算出は行っていない。,継続標本PDFは利益水準とその符号を公表しないため、売上高と営業利益の増加率から得る利益率方向は代理指標である。
20261,2026年1 - 3 月,130,不動産業,25,10億円以上,False,False,True,155,4,other_non_operating_expense,その他の営業外費用,その他の営業外費用の前年差による利益影響,-1,418.15,509.08,-90.93,90.93,INCREASES_PROFIT_CHANGE,918.4848484848823,CALCULABLE,会計的な利益影響であり因果を示さない,8791.22,7074.13,1717.0899999999992,8948.13,7221.14,1726.9899999999989,156.90999999999985,147.01000000000022,9.899999999999636,156.90999999999997,147.01000000000005,9.89999999999992,9.89999999999992,2.8421709430404007e-13,PASS,PASS,-91.0,91.0,10.0,FORBIDDEN_WITHOUT_EXTERNAL_PRIMARY_EVIDENCE,継続標本のみを用い母集団推計を行うため、本系列に比べサンプルサイズが小さくなる。,営業利益及び経常利益については、標準誤差率の算出は行っていない。,継続標本PDFは利益水準とその符号を公表しないため、売上高と営業利益の増加率から得る利益率方向は代理指標である。
20261,2026年1 - 3 月,130,不動産業,26,全規模,False,False,True,155,1,interest_and_dividend_income,受取利息等,受取利息等の前年差による利益影響,1,1817.88,2012.65,-194.76999999999998,-194.76999999999998,REDUCES_PROFIT_CHANGE,-596.5390505359611,CALCULABLE,会計的な利益影響であり因果を示さない,21922.35,19890.28,2032.0699999999997,23577.31,21512.59,2064.720000000001,1654.9600000000028,1622.3100000000013,32.650000000001455,1654.9600000000003,1622.3099999999997,32.650000000000546,32.650000000000546,-9.094947017729282e-13,PASS,PASS,-195.0,-195.0,32.0,FORBIDDEN_WITHOUT_EXTERNAL_PRIMARY_EVIDENCE,継続標本のみを用い母集団推計を行うため、本系列に比べサンプルサイズが小さくなる。,営業利益及び経常利益については、標準誤差率の算出は行っていない。,継続標本PDFは利益水準とその符号を公表しないため、売上高と営業利益の増加率から得る利益率方向は代理指標である。
20261,2026年1 - 3 月,130,不動産業,26,全規模,False,False,True,155,2,other_non_operating_income,その他の営業外収益,その他の営業外収益の前年差による利益影響,1,4399.6,3227.43,1172.1700000000005,1172.1700000000005,INCREASES_PROFIT_CHANGE,3590.1071975496116,CALCULABLE,原因は統計だけでは特定しない,21922.35,19890.28,2032.0699999999997,23577.31,21512.59,2064.720000000001,1654.9600000000028,1622.3100000000013,32.650000000001455,1654.9600000000003,1622.3099999999997,32.650000000000546,32.650000000000546,-9.094947017729282e-13,PASS,PASS,1172.0,1172.0,32.0,FORBIDDEN_WITHOUT_EXTERNAL_PRIMARY_EVIDENCE,継続標本のみを用い母集団推計を行うため、本系列に比べサンプルサイズが小さくなる。,営業利益及び経常利益については、標準誤差率の算出は行っていない。,継続標本PDFは利益水準とその符号を公表しないため、売上高と営業利益の増加率から得る利益率方向は代理指標である。
20261,2026年1 - 3 月,130,不動産業,26,全規模,False,False,True,155,3,interest_expense,支払利息等,支払利息等の前年差による利益影響,-1,2987.63,2426.13,561.5,-561.5,REDUCES_PROFIT_CHANGE,-1719.7549770290198,CALCULABLE,会計的な利益影響であり因果を示さない,21922.35,19890.28,2032.0699999999997,23577.31,21512.59,2064.720000000001,1654.9600000000028,1622.3100000000013,32.650000000001455,1654.9600000000003,1622.3099999999997,32.650000000000546,32.650000000000546,-9.094947017729282e-13,PASS,PASS,562.0,-562.0,32.0,FORBIDDEN_WITHOUT_EXTERNAL_PRIMARY_EVIDENCE,継続標本のみを用い母集団推計を行うため、本系列に比べサンプルサイズが小さくなる。,営業利益及び経常利益については、標準誤差率の算出は行っていない。,継続標本PDFは利益水準とその符号を公表しないため、売上高と営業利益の増加率から得る利益率方向は代理指標である。
20261,2026年1 - 3 月,130,不動産業,26,全規模,False,False,True,155,4,other_non_operating_expense,その他の営業外費用,その他の営業外費用の前年差による利益影響,-1,1574.89,1191.64,383.25,-383.25,REDUCES_PROFIT_CHANGE,-1173.8131699846338,CALCULABLE,会計的な利益影響であり因果を示さない,21922.35,19890.28,2032.0699999999997,23577.31,21512.59,2064.720000000001,1654.9600000000028,1622.3100000000013,32.650000000001455,1654.9600000000003,1622.3099999999997,32.650000000000546,32.650000000000546,-9.094947017729282e-13,PASS,PASS,383.0,-383.0,32.0,FORBIDDEN_WITHOUT_EXTERNAL_PRIMARY_EVIDENCE,継続標本のみを用い母集団推計を行うため、本系列に比べサンプルサイズが小さくなる。,営業利益及び経常利益については、標準誤差率の算出は行っていない。,継続標本PDFは利益水準とその符号を公表しないため、売上高と営業利益の増加率から得る利益率方向は代理指標である。
20261,2026年1 - 3 月,131,陸運業,19,1千万円以上 - 1億円未満,False,False,True,134,1,interest_and_dividend_income,受取利息等,受取利息等の前年差による利益影響,1,43.93,11.5,32.43,32.43,INCREASES_PROFIT_CHANGE,107.74086378737573,CALCULABLE,会計的な利益影響であり因果を示さない,1684.23,1475.76,208.47000000000003,1917.87,1679.3,238.56999999999994,233.63999999999987,203.53999999999996,30.09999999999991,233.64000000000001,203.54,30.100000000000023,30.100000000000016,1.0658141036401503e-13,PASS,PASS,32.0,32.0,30.0,FORBIDDEN_WITHOUT_EXTERNAL_PRIMARY_EVIDENCE,継続標本のみを用い母集団推計を行うため、本系列に比べサンプルサイズが小さくなる。,営業利益及び経常利益については、標準誤差率の算出は行っていない。,継続標本PDFは利益水準とその符号を公表しないため、売上高と営業利益の増加率から得る利益率方向は代理指標である。
20261,2026年1 - 3 月,131,陸運業,19,1千万円以上 - 1億円未満,False,False,True,134,2,other_non_operating_income,その他の営業外収益,その他の営業外収益の前年差による利益影響,1,725.01,878.37,-153.36,-153.36,REDUCES_PROFIT_CHANGE,-509.5016611295697,CALCULABLE,原因は統計だけでは特定しない,1684.23,1475.76,208.47000000000003,1917.87,1679.3,238.56999999999994,233.63999999999987,203.53999999999996,30.09999999999991,233.64000000000001,203.54,30.100000000000023,30.100000000000016,1.0658141036401503e-13,PASS,PASS,-153.0,-153.0,30.0,FORBIDDEN_WITHOUT_EXTERNAL_PRIMARY_EVIDENCE,継続標本のみを用い母集団推計を行うため、本系列に比べサンプルサイズが小さくなる。,営業利益及び経常利益については、標準誤差率の算出は行っていない。,継続標本PDFは利益水準とその符号を公表しないため、売上高と営業利益の増加率から得る利益率方向は代理指標である。
20261,2026年1 - 3 月,131,陸運業,19,1千万円以上 - 1億円未満,False,False,True,134,3,interest_expense,支払利息等,支払利息等の前年差による利益影響,-1,284.71,193.04,91.66999999999999,-91.66999999999999,REDUCES_PROFIT_CHANGE,-304.55149501661214,CALCULABLE,会計的な利益影響であり因果を示さない,1684.23,1475.76,208.47000000000003,1917.87,1679.3,238.56999999999994,233.63999999999987,203.53999999999996,30.09999999999991,233.64000000000001,203.54,30.100000000000023,30.100000000000016,1.0658141036401503e-13,PASS,PASS,92.0,-92.0,30.0,FORBIDDEN_WITHOUT_EXTERNAL_PRIMARY_EVIDENCE,継続標本のみを用い母集団推計を行うため、本系列に比べサンプルサイズが小さくなる。,営業利益及び経常利益については、標準誤差率の算出は行っていない。,継続標本PDFは利益水準とその符号を公表しないため、売上高と営業利益の増加率から得る利益率方向は代理指標である。
20261,2026年1 - 3 月,131,陸運業,19,1千万円以上 - 1億円未満,False,False,True,134,4,other_non_operating_expense,その他の営業外費用,その他の営業外費用の前年差による利益影響,-1,250.59,493.29,-242.70000000000002,242.70000000000002,INCREASES_PROFIT_CHANGE,806.3122923588064,CALCULABLE,会計的な利益影響であり因果を示さない,1684.23,1475.76,208.47000000000003,1917.87,1679.3,238.56999999999994,233.63999999999987,203.53999999999996,30.09999999999991,233.64000000000001,203.54,30.100000000000023,30.100000000000016,1.0658141036401503e-13,PASS,PASS,-243.0,243.0,30.0,FORBIDDEN_WITHOUT_EXTERNAL_PRIMARY_EVIDENCE,継続標本のみを用い母集団推計を行うため、本系列に比べサンプルサイズが小さくなる。,営業利益及び経常利益については、標準誤差率の算出は行っていない。,継続標本PDFは利益水準とその符号を公表しないため、売上高と営業利益の増加率から得る利益率方向は代理指標である。
20261,2026年1 - 3 月,131,陸運業,24,1億円以上 - 10億円未満,False,False,True,134,1,interest_and_dividend_income,受取利息等,受取利息等の前年差による利益影響,1,118.35,13.87,104.47999999999999,104.47999999999999,INCREASES_PROFIT_CHANGE,355.1325628823927,CALCULABLE,会計的な利益影響であり因果を示さない,816.09,260.2,555.8900000000001,864.07,278.76,585.3100000000001,47.98000000000002,18.560000000000002,29.420000000000016,47.97999999999999,18.559999999999988,29.42,29.419999999999995,-2.1316282072803006e-14,PASS,PASS,104.0,104.0,29.0,FORBIDDEN_WITHOUT_EXTERNAL_PRIMARY_EVIDENCE,継続標本のみを用い母集団推計を行うため、本系列に比べサンプルサイズが小さくなる。,営業利益及び経常利益については、標準誤差率の算出は行っていない。,継続標本PDFは利益水準とその符号を公表しないため、売上高と営業利益の増加率から得る利益率方向は代理指標である。
20261,2026年1 - 3 月,131,陸運業,24,1億円以上 - 10億円未満,False,False,True,134,2,other_non_operating_income,その他の営業外収益,その他の営業外収益の前年差による利益影響,1,192.37,177.35,15.02000000000001,15.02000000000001,INCREASES_PROFIT_CHANGE,51.05370496261048,CALCULABLE,原因は統計だけでは特定しない,816.09,260.2,555.8900000000001,864.07,278.76,585.3100000000001,47.98000000000002,18.560000000000002,29.420000000000016,47.97999999999999,18.559999999999988,29.42,29.419999999999995,-2.1316282072803006e-14,PASS,PASS,15.0,15.0,29.0,FORBIDDEN_WITHOUT_EXTERNAL_PRIMARY_EVIDENCE,継続標本のみを用い母集団推計を行うため、本系列に比べサンプルサイズが小さくなる。,営業利益及び経常利益については、標準誤差率の算出は行っていない。,継続標本PDFは利益水準とその符号を公表しないため、売上高と営業利益の増加率から得る利益率方向は代理指標である。
20261,2026年1 - 3 月,131,陸運業,24,1億円以上 - 10億円未満,False,False,True,134,3,interest_expense,支払利息等,支払利息等の前年差による利益影響,-1,200.77,123.12,77.65,-77.65,REDUCES_PROFIT_CHANGE,-263.93609789258994,CALCULABLE,会計的な利益影響であり因果を示さない,816.09,260.2,555.8900000000001,864.07,278.76,585.3100000000001,47.98000000000002,18.560000000000002,29.420000000000016,47.97999999999999,18.559999999999988,29.42,29.419999999999995,-2.1316282072803006e-14,PASS,PASS,78.0,-78.0,29.0,FORBIDDEN_WITHOUT_EXTERNAL_PRIMARY_EVIDENCE,継続標本のみを用い母集団推計を行うため、本系列に比べサンプルサイズが小さくなる。,営業利益及び経常利益については、標準誤差率の算出は行っていない。,継続標本PDFは利益水準とその符号を公表しないため、売上高と営業利益の増加率から得る利益率方向は代理指標である。
20261,2026年1 - 3 月,131,陸運業,24,1億円以上 - 10億円未満,False,False,True,134,4,other_non_operating_expense,その他の営業外費用,その他の営業外費用の前年差による利益影響,-1,61.97,49.54,12.43,-12.43,REDUCES_PROFIT_CHANGE,-42.2501699524133,CALCULABLE,会計的な利益影響であり因果を示さない,816.09,260.2,555.8900000000001,864.07,278.76,585.3100000000001,47.98000000000002,18.560000000000002,29.420000000000016,47.97999999999999,18.559999999999988,29.42,29.419999999999995,-2.1316282072803006e-14,PASS,PASS,12.0,-12.0,29.0,FORBIDDEN_WITHOUT_EXTERNAL_PRIMARY_EVIDENCE,継続標本のみを用い母集団推計を行うため、本系列に比べサンプルサイズが小さくなる。,営業利益及び経常利益については、標準誤差率の算出は行っていない。,継続標本PDFは利益水準とその符号を公表しないため、売上高と営業利益の増加率から得る利益率方向は代理指標である。
20261,2026年1 - 3 月,131,陸運業,25,10億円以上,False,False,True,134,1,interest_and_dividend_income,受取利息等,受取利息等の前年差による利益影響,1,252.87,230.15,22.72,22.72,INCREASES_PROFIT_CHANGE,-31.80291153415461,CALCULABLE,会計的な利益影響であり因果を示さない,1705.78,1002.85,702.93,1494.15,862.66,631.4900000000001,-211.62999999999988,-140.19000000000005,-71.43999999999983,-211.63000000000002,-140.18999999999997,-71.44000000000005,-71.44000000000005,-2.2737367544323206e-13,PASS,PASS,23.0,23.0,-72.0,FORBIDDEN_WITHOUT_EXTERNAL_PRIMARY_EVIDENCE,継続標本のみを用い母集団推計を行うため、本系列に比べサンプルサイズが小さくなる。,営業利益及び経常利益については、標準誤差率の算出は行っていない。,継続標本PDFは利益水準とその符号を公表しないため、売上高と営業利益の増加率から得る利益率方向は代理指標である。
20261,2026年1 - 3 月,131,陸運業,25,10億円以上,False,False,True,134,2,other_non_operating_income,その他の営業外収益,その他の営業外収益の前年差による利益影響,1,478.29,487.9,-9.609999999999957,-9.609999999999957,REDUCES_PROFIT_CHANGE,13.451847704367273,CALCULABLE,原因は統計だけでは特定しない,1705.78,1002.85,702.93,1494.15,862.66,631.4900000000001,-211.62999999999988,-140.19000000000005,-71.43999999999983,-211.63000000000002,-140.18999999999997,-71.44000000000005,-71.44000000000005,-2.2737367544323206e-13,PASS,PASS,-10.0,-10.0,-72.0,FORBIDDEN_WITHOUT_EXTERNAL_PRIMARY_EVIDENCE,継続標本のみを用い母集団推計を行うため、本系列に比べサンプルサイズが小さくなる。,営業利益及び経常利益については、標準誤差率の算出は行っていない。,継続標本PDFは利益水準とその符号を公表しないため、売上高と営業利益の増加率から得る利益率方向は代理指標である。
20261,2026年1 - 3 月,131,陸運業,25,10億円以上,False,False,True,134,3,interest_expense,支払利息等,支払利息等の前年差による利益影響,-1,751.96,662.93,89.03000000000009,-89.03000000000009,REDUCES_PROFIT_CHANGE,124.62206047032518,CALCULABLE,会計的な利益影響であり因果を示さない,1705.78,1002.85,702.93,1494.15,862.66,631.4900000000001,-211.62999999999988,-140.19000000000005,-71.43999999999983,-211.63000000000002,-140.18999999999997,-71.44000000000005,-71.44000000000005,-2.2737367544323206e-13,PASS,PASS,89.0,-89.0,-72.0,FORBIDDEN_WITHOUT_EXTERNAL_PRIMARY_EVIDENCE,継続標本のみを用い母集団推計を行うため、本系列に比べサンプルサイズが小さくなる。,営業利益及び経常利益については、標準誤差率の算出は行っていない。,継続標本PDFは利益水準とその符号を公表しないため、売上高と営業利益の増加率から得る利益率方向は代理指標である。
20261,2026年1 - 3 月,131,陸運業,25,10億円以上,False,False,True,134,4,other_non_operating_expense,その他の営業外費用,その他の営業外費用の前年差による利益影響,-1,190.83,195.31,-4.47999999999999,4.47999999999999,INCREASES_PROFIT_CHANGE,-6.270996640537514,CALCULABLE,会計的な利益影響であり因果を示さない,1705.78,1002.85,702.93,1494.15,862.66,631.4900000000001,-211.62999999999988,-140.19000000000005,-71.43999999999983,-211.63000000000002,-140.18999999999997,-71.44000000000005,-71.44000000000005,-2.2737367544323206e-13,PASS,PASS,-4.0,4.0,-72.0,FORBIDDEN_WITHOUT_EXTERNAL_PRIMARY_EVIDENCE,継続標本のみを用い母集団推計を行うため、本系列に比べサンプルサイズが小さくなる。,営業利益及び経常利益については、標準誤差率の算出は行っていない。,継続標本PDFは利益水準とその符号を公表しないため、売上高と営業利益の増加率から得る利益率方向は代理指標である。
20261,2026年1 - 3 月,131,陸運業,26,全規模,False,False,True,134,1,interest_and_dividend_income,受取利息等,受取利息等の前年差による利益影響,1,415.15,255.52,159.62999999999997,159.62999999999997,INCREASES_PROFIT_CHANGE,-1339.177852348985,CALCULABLE,会計的な利益影響であり因果を示さない,4206.1,2738.81,1467.2900000000004,4276.09,2820.72,1455.3700000000003,69.98999999999978,81.90999999999985,-11.920000000000073,69.99000000000001,81.90999999999988,-11.919999999999874,-11.919999999999874,1.9895196601282805e-13,PASS,PASS,160.0,160.0,-11.0,FORBIDDEN_WITHOUT_EXTERNAL_PRIMARY_EVIDENCE,継続標本のみを用い母集団推計を行うため、本系列に比べサンプルサイズが小さくなる。,営業利益及び経常利益については、標準誤差率の算出は行っていない。,継続標本PDFは利益水準とその符号を公表しないため、売上高と営業利益の増加率から得る利益率方向は代理指標である。
20261,2026年1 - 3 月,131,陸運業,26,全規模,False,False,True,134,2,other_non_operating_income,その他の営業外収益,その他の営業外収益の前年差による利益影響,1,1395.67,1543.62,-147.94999999999982,-147.94999999999982,REDUCES_PROFIT_CHANGE,1241.191275167776,CALCULABLE,原因は統計だけでは特定しない,4206.1,2738.81,1467.2900000000004,4276.09,2820.72,1455.3700000000003,69.98999999999978,81.90999999999985,-11.920000000000073,69.99000000000001,81.90999999999988,-11.919999999999874,-11.919999999999874,1.9895196601282805e-13,PASS,PASS,-148.0,-148.0,-11.0,FORBIDDEN_WITHOUT_EXTERNAL_PRIMARY_EVIDENCE,継続標本のみを用い母集団推計を行うため、本系列に比べサンプルサイズが小さくなる。,営業利益及び経常利益については、標準誤差率の算出は行っていない。,継続標本PDFは利益水準とその符号を公表しないため、売上高と営業利益の増加率から得る利益率方向は代理指標である。
20261,2026年1 - 3 月,131,陸運業,26,全規模,False,False,True,134,3,interest_expense,支払利息等,支払利息等の前年差による利益影響,-1,1237.44,979.09,258.35,-258.35,REDUCES_PROFIT_CHANGE,2167.3657718120676,CALCULABLE,会計的な利益影響であり因果を示さない,4206.1,2738.81,1467.2900000000004,4276.09,2820.72,1455.3700000000003,69.98999999999978,81.90999999999985,-11.920000000000073,69.99000000000001,81.90999999999988,-11.919999999999874,-11.919999999999874,1.9895196601282805e-13,PASS,PASS,258.0,-258.0,-11.0,FORBIDDEN_WITHOUT_EXTERNAL_PRIMARY_EVIDENCE,継続標本のみを用い母集団推計を行うため、本系列に比べサンプルサイズが小さくなる。,営業利益及び経常利益については、標準誤差率の算出は行っていない。,継続標本PDFは利益水準とその符号を公表しないため、売上高と営業利益の増加率から得る利益率方向は代理指標である。
20261,2026年1 - 3 月,131,陸運業,26,全規模,False,False,True,134,4,other_non_operating_expense,その他の営業外費用,その他の営業外費用の前年差による利益影響,-1,503.39,738.14,-234.75,234.75,INCREASES_PROFIT_CHANGE,-1969.3791946308604,CALCULABLE,会計的な利益影響であり因果を示さない,4206.1,2738.81,1467.2900000000004,4276.09,2820.72,1455.3700000000003,69.98999999999978,81.90999999999985,-11.920000000000073,69.99000000000001,81.90999999999988,-11.919999999999874,-11.919999999999874,1.9895196601282805e-13,PASS,PASS,-235.0,235.0,-11.0,FORBIDDEN_WITHOUT_EXTERNAL_PRIMARY_EVIDENCE,継続標本のみを用い母集団推計を行うため、本系列に比べサンプルサイズが小さくなる。,営業利益及び経常利益については、標準誤差率の算出は行っていない。,継続標本PDFは利益水準とその符号を公表しないため、売上高と営業利益の増加率から得る利益率方向は代理指標である。
20261,2026年1 - 3 月,132,水運業,19,1千万円以上 - 1億円未満,False,False,True,134,1,interest_and_dividend_income,受取利息等,受取利息等の前年差による利益影響,1,12.88,12.08,0.8000000000000007,0.8000000000000007,INCREASES_PROFIT_CHANGE,-0.24222605746813233,CALCULABLE,会計的な利益影響であり因果を示さない,222.64,383.63,-160.99,292.56,783.82,-491.26000000000005,69.92000000000002,400.19000000000005,-330.27000000000004,69.91999999999999,400.19,-330.27,-330.27,5.684341886080802e-14,PASS,PASS,1.0,1.0,-330.0,FORBIDDEN_WITHOUT_EXTERNAL_PRIMARY_EVIDENCE,継続標本のみを用い母集団推計を行うため、本系列に比べサンプルサイズが小さくなる。,営業利益及び経常利益については、標準誤差率の算出は行っていない。,継続標本PDFは利益水準とその符号を公表しないため、売上高と営業利益の増加率から得る利益率方向は代理指標である。
20261,2026年1 - 3 月,132,水運業,19,1千万円以上 - 1億円未満,False,False,True,134,2,other_non_operating_income,その他の営業外収益,その他の営業外収益の前年差による利益影響,1,144.48,481.26,-336.78,-336.78,REDUCES_PROFIT_CHANGE,101.97111454264692,CALCULABLE,原因は統計だけでは特定しない,222.64,383.63,-160.99,292.56,783.82,-491.26000000000005,69.92000000000002,400.19000000000005,-330.27000000000004,69.91999999999999,400.19,-330.27,-330.27,5.684341886080802e-14,PASS,PASS,-337.0,-337.0,-330.0,FORBIDDEN_WITHOUT_EXTERNAL_PRIMARY_EVIDENCE,継続標本のみを用い母集団推計を行うため、本系列に比べサンプルサイズが小さくなる。,営業利益及び経常利益については、標準誤差率の算出は行っていない。,継続標本PDFは利益水準とその符号を公表しないため、売上高と営業利益の増加率から得る利益率方向は代理指標である。
20261,2026年1 - 3 月,132,水運業,19,1千万円以上 - 1億円未満,False,False,True,134,3,interest_expense,支払利息等,支払利息等の前年差による利益影響,-1,44.64,67.36,-22.72,22.72,INCREASES_PROFIT_CHANGE,-6.879220032094952,CALCULABLE,会計的な利益影響であり因果を示さない,222.64,383.63,-160.99,292.56,783.82,-491.26000000000005,69.92000000000002,400.19000000000005,-330.27000000000004,69.91999999999999,400.19,-330.27,-330.27,5.684341886080802e-14,PASS,PASS,-23.0,23.0,-330.0,FORBIDDEN_WITHOUT_EXTERNAL_PRIMARY_EVIDENCE,継続標本のみを用い母集団推計を行うため、本系列に比べサンプルサイズが小さくなる。,営業利益及び経常利益については、標準誤差率の算出は行っていない。,継続標本PDFは利益水準とその符号を公表しないため、売上高と営業利益の増加率から得る利益率方向は代理指標である。
20261,2026年1 - 3 月,132,水運業,19,1千万円以上 - 1億円未満,False,False,True,134,4,other_non_operating_expense,その他の営業外費用,その他の営業外費用の前年差による利益影響,-1,42.8,25.79,17.009999999999998,-17.009999999999998,REDUCES_PROFIT_CHANGE,5.150331546916158,CALCULABLE,会計的な利益影響であり因果を示さない,222.64,383.63,-160.99,292.56,783.82,-491.26000000000005,69.92000000000002,400.19000000000005,-330.27000000000004,69.91999999999999,400.19,-330.27,-330.27,5.684341886080802e-14,PASS,PASS,17.0,-17.0,-330.0,FORBIDDEN_WITHOUT_EXTERNAL_PRIMARY_EVIDENCE,継続標本のみを用い母集団推計を行うため、本系列に比べサンプルサイズが小さくなる。,営業利益及び経常利益については、標準誤差率の算出は行っていない。,継続標本PDFは利益水準とその符号を公表しないため、売上高と営業利益の増加率から得る利益率方向は代理指標である。
20261,2026年1 - 3 月,132,水運業,24,1億円以上 - 10億円未満,False,False,True,134,1,interest_and_dividend_income,受取利息等,受取利息等の前年差による利益影響,1,30.15,70.16,-40.01,-40.01,REDUCES_PROFIT_CHANGE,210.5789473684209,CALCULABLE,会計的な利益影響であり因果を示さない,151.43,-39.73,191.16,200.79,28.63,172.16,49.359999999999985,68.36,-19.000000000000014,49.35999999999999,68.36,-19.000000000000007,-19.0,1.4210854715202004e-14,PASS,PASS,-40.0,-40.0,-20.0,FORBIDDEN_WITHOUT_EXTERNAL_PRIMARY_EVIDENCE,継続標本のみを用い母集団推計を行うため、本系列に比べサンプルサイズが小さくなる。,営業利益及び経常利益については、標準誤差率の算出は行っていない。,継続標本PDFは利益水準とその符号を公表しないため、売上高と営業利益の増加率から得る利益率方向は代理指標である。
20261,2026年1 - 3 月,132,水運業,24,1億円以上 - 10億円未満,False,False,True,134,2,other_non_operating_income,その他の営業外収益,その他の営業外収益の前年差による利益影響,1,128.44,50.13,78.31,78.31,INCREASES_PROFIT_CHANGE,-412.1578947368418,CALCULABLE,原因は統計だけでは特定しない,151.43,-39.73,191.16,200.79,28.63,172.16,49.359999999999985,68.36,-19.000000000000014,49.35999999999999,68.36,-19.000000000000007,-19.0,1.4210854715202004e-14,PASS,PASS,78.0,78.0,-20.0,FORBIDDEN_WITHOUT_EXTERNAL_PRIMARY_EVIDENCE,継続標本のみを用い母集団推計を行うため、本系列に比べサンプルサイズが小さくなる。,営業利益及び経常利益については、標準誤差率の算出は行っていない。,継続標本PDFは利益水準とその符号を公表しないため、売上高と営業利益の増加率から得る利益率方向は代理指標である。
20261,2026年1 - 3 月,132,水運業,24,1億円以上 - 10億円未満,False,False,True,134,3,interest_expense,支払利息等,支払利息等の前年差による利益影響,-1,34.94,9.18,25.759999999999998,-25.759999999999998,REDUCES_PROFIT_CHANGE,135.57894736842093,CALCULABLE,会計的な利益影響であり因果を示さない,151.43,-39.73,191.16,200.79,28.63,172.16,49.359999999999985,68.36,-19.000000000000014,49.35999999999999,68.36,-19.000000000000007,-19.0,1.4210854715202004e-14,PASS,PASS,26.0,-26.0,-20.0,FORBIDDEN_WITHOUT_EXTERNAL_PRIMARY_EVIDENCE,継続標本のみを用い母集団推計を行うため、本系列に比べサンプルサイズが小さくなる。,営業利益及び経常利益については、標準誤差率の算出は行っていない。,継続標本PDFは利益水準とその符号を公表しないため、売上高と営業利益の増加率から得る利益率方向は代理指標である。
20261,2026年1 - 3 月,132,水運業,24,1億円以上 - 10億円未満,False,False,True,134,4,other_non_operating_expense,その他の営業外費用,その他の営業外費用の前年差による利益影響,-1,74.29,42.75,31.540000000000006,-31.540000000000006,REDUCES_PROFIT_CHANGE,165.99999999999991,CALCULABLE,会計的な利益影響であり因果を示さない,151.43,-39.73,191.16,200.79,28.63,172.16,49.359999999999985,68.36,-19.000000000000014,49.35999999999999,68.36,-19.000000000000007,-19.0,1.4210854715202004e-14,PASS,PASS,32.0,-32.0,-20.0,FORBIDDEN_WITHOUT_EXTERNAL_PRIMARY_EVIDENCE,継続標本のみを用い母集団推計を行うため、本系列に比べサンプルサイズが小さくなる。,営業利益及び経常利益については、標準誤差率の算出は行っていない。,継続標本PDFは利益水準とその符号を公表しないため、売上高と営業利益の増加率から得る利益率方向は代理指標である。
20261,2026年1 - 3 月,132,水運業,25,10億円以上,False,False,True,134,1,interest_and_dividend_income,受取利息等,受取利息等の前年差による利益影響,1,342.6,350.86,-8.259999999999991,-8.259999999999991,REDUCES_PROFIT_CHANGE,-8.217270194986066,CALCULABLE,会計的な利益影響であり因果を示さない,410.93,425.01,-14.079999999999984,530.12,443.68,86.44,119.19,18.670000000000016,100.51999999999998,119.19000000000003,18.67,100.52000000000002,100.52000000000002,4.263256414560601e-14,PASS,PASS,-8.0,-8.0,101.0,FORBIDDEN_WITHOUT_EXTERNAL_PRIMARY_EVIDENCE,継続標本のみを用い母集団推計を行うため、本系列に比べサンプルサイズが小さくなる。,営業利益及び経常利益については、標準誤差率の算出は行っていない。,継続標本PDFは利益水準とその符号を公表しないため、売上高と営業利益の増加率から得る利益率方向は代理指標である。
20261,2026年1 - 3 月,132,水運業,25,10億円以上,False,False,True,134,2,other_non_operating_income,その他の営業外収益,その他の営業外収益の前年差による利益影響,1,100.68,132.86,-32.18000000000001,-32.18000000000001,REDUCES_PROFIT_CHANGE,-32.013529645841636,CALCULABLE,原因は統計だけでは特定しない,410.93,425.01,-14.079999999999984,530.12,443.68,86.44,119.19,18.670000000000016,100.51999999999998,119.19000000000003,18.67,100.52000000000002,100.52000000000002,4.263256414560601e-14,PASS,PASS,-32.0,-32.0,101.0,FORBIDDEN_WITHOUT_EXTERNAL_PRIMARY_EVIDENCE,継続標本のみを用い母集団推計を行うため、本系列に比べサンプルサイズが小さくなる。,営業利益及び経常利益については、標準誤差率の算出は行っていない。,継続標本PDFは利益水準とその符号を公表しないため、売上高と営業利益の増加率から得る利益率方向は代理指標である。
20261,2026年1 - 3 月,132,水運業,25,10億円以上,False,False,True,134,3,interest_expense,支払利息等,支払利息等の前年差による利益影響,-1,139.72,99.58,40.14,-40.14,REDUCES_PROFIT_CHANGE,-39.93235177079189,CALCULABLE,会計的な利益影響であり因果を示さない,410.93,425.01,-14.079999999999984,530.12,443.68,86.44,119.19,18.670000000000016,100.51999999999998,119.19000000000003,18.67,100.52000000000002,100.52000000000002,4.263256414560601e-14,PASS,PASS,40.0,-40.0,101.0,FORBIDDEN_WITHOUT_EXTERNAL_PRIMARY_EVIDENCE,継続標本のみを用い母集団推計を行うため、本系列に比べサンプルサイズが小さくなる。,営業利益及び経常利益については、標準誤差率の算出は行っていない。,継続標本PDFは利益水準とその符号を公表しないため、売上高と営業利益の増加率から得る利益率方向は代理指標である。
20261,2026年1 - 3 月,132,水運業,25,10億円以上,False,False,True,134,4,other_non_operating_expense,その他の営業外費用,その他の営業外費用の前年差による利益影響,-1,184.37,365.47,-181.10000000000002,181.10000000000002,INCREASES_PROFIT_CHANGE,180.16315161161964,CALCULABLE,会計的な利益影響であり因果を示さない,410.93,425.01,-14.079999999999984,530.12,443.68,86.44,119.19,18.670000000000016,100.51999999999998,119.19000000000003,18.67,100.52000000000002,100.52000000000002,4.263256414560601e-14,PASS,PASS,-181.0,181.0,101.0,FORBIDDEN_WITHOUT_EXTERNAL_PRIMARY_EVIDENCE,継続標本のみを用い母集団推計を行うため、本系列に比べサンプルサイズが小さくなる。,営業利益及び経常利益については、標準誤差率の算出は行っていない。,継続標本PDFは利益水準とその符号を公表しないため、売上高と営業利益の増加率から得る利益率方向は代理指標である。
20261,2026年1 - 3 月,132,水運業,26,全規模,False,False,True,134,1,interest_and_dividend_income,受取利息等,受取利息等の前年差による利益影響,1,385.63,433.1,-47.47000000000003,-47.47000000000003,REDUCES_PROFIT_CHANGE,19.083417085427136,CALCULABLE,会計的な利益影響であり因果を示さない,785.0,768.91,16.090000000000032,1023.47,1256.13,-232.66000000000008,238.47000000000003,487.22000000000014,-248.7500000000001,238.47000000000003,487.22,-248.75,-248.75,1.1368683772161603e-13,PASS,PASS,-47.0,-47.0,-248.0,FORBIDDEN_WITHOUT_EXTERNAL_PRIMARY_EVIDENCE,継続標本のみを用い母集団推計を行うため、本系列に比べサンプルサイズが小さくなる。,営業利益及び経常利益については、標準誤差率の算出は行っていない。,継続標本PDFは利益水準とその符号を公表しないため、売上高と営業利益の増加率から得る利益率方向は代理指標である。
20261,2026年1 - 3 月,132,水運業,26,全規模,False,False,True,134,2,other_non_operating_income,その他の営業外収益,その他の営業外収益の前年差による利益影響,1,373.6,664.25,-290.65,-290.65,REDUCES_PROFIT_CHANGE,116.84422110552757,CALCULABLE,原因は統計だけでは特定しない,785.0,768.91,16.090000000000032,1023.47,1256.13,-232.66000000000008,238.47000000000003,487.22000000000014,-248.7500000000001,238.47000000000003,487.22,-248.75,-248.75,1.1368683772161603e-13,PASS,PASS,-291.0,-291.0,-248.0,FORBIDDEN_WITHOUT_EXTERNAL_PRIMARY_EVIDENCE,継続標本のみを用い母集団推計を行うため、本系列に比べサンプルサイズが小さくなる。,営業利益及び経常利益については、標準誤差率の算出は行っていない。,継続標本PDFは利益水準とその符号を公表しないため、売上高と営業利益の増加率から得る利益率方向は代理指標である。
20261,2026年1 - 3 月,132,水運業,26,全規模,False,False,True,134,3,interest_expense,支払利息等,支払利息等の前年差による利益影響,-1,219.3,176.12,43.18000000000001,-43.18000000000001,REDUCES_PROFIT_CHANGE,17.35879396984924,CALCULABLE,会計的な利益影響であり因果を示さない,785.0,768.91,16.090000000000032,1023.47,1256.13,-232.66000000000008,238.47000000000003,487.22000000000014,-248.7500000000001,238.47000000000003,487.22,-248.75,-248.75,1.1368683772161603e-13,PASS,PASS,43.0,-43.0,-248.0,FORBIDDEN_WITHOUT_EXTERNAL_PRIMARY_EVIDENCE,継続標本のみを用い母集団推計を行うため、本系列に比べサンプルサイズが小さくなる。,営業利益及び経常利益については、標準誤差率の算出は行っていない。,継続標本PDFは利益水準とその符号を公表しないため、売上高と営業利益の増加率から得る利益率方向は代理指標である。
20261,2026年1 - 3 月,132,水運業,26,全規模,False,False,True,134,4,other_non_operating_expense,その他の営業外費用,その他の営業外費用の前年差による利益影響,-1,301.46,434.01,-132.55,132.55,INCREASES_PROFIT_CHANGE,-53.286432160804,CALCULABLE,会計的な利益影響であり因果を示さない,785.0,768.91,16.090000000000032,1023.47,1256.13,-232.66000000000008,238.47000000000003,487.22000000000014,-248.7500000000001,238.47000000000003,487.22,-248.75,-248.75,1.1368683772161603e-13,PASS,PASS,-133.0,133.0,-248.0,FORBIDDEN_WITHOUT_EXTERNAL_PRIMARY_EVIDENCE,継続標本のみを用い母集団推計を行うため、本系列に比べサンプルサイズが小さくなる。,営業利益及び経常利益については、標準誤差率の算出は行っていない。,継続標本PDFは利益水準とその符号を公表しないため、売上高と営業利益の増加率から得る利益率方向は代理指標である。
20261,2026年1 - 3 月,133,その他の運輸業,19,1千万円以上 - 1億円未満,False,False,True,134,1,interest_and_dividend_income,受取利息等,受取利息等の前年差による利益影響,1,28.8,111.76,-82.96000000000001,-82.96000000000001,REDUCES_PROFIT_CHANGE,-60.2337907500182,CALCULABLE,会計的な利益影響であり因果を示さない,790.1,378.76,411.34000000000003,891.18,342.11,549.0699999999999,101.07999999999993,-36.64999999999998,137.7299999999999,101.07999999999997,-36.64999999999999,137.72999999999996,137.72999999999996,5.684341886080802e-14,PASS,PASS,-83.0,-83.0,138.0,FORBIDDEN_WITHOUT_EXTERNAL_PRIMARY_EVIDENCE,継続標本のみを用い母集団推計を行うため、本系列に比べサンプルサイズが小さくなる。,営業利益及び経常利益については、標準誤差率の算出は行っていない。,継続標本PDFは利益水準とその符号を公表しないため、売上高と営業利益の増加率から得る利益率方向は代理指標である。
20261,2026年1 - 3 月,133,その他の運輸業,19,1千万円以上 - 1億円未満,False,False,True,134,2,other_non_operating_income,その他の営業外収益,その他の営業外収益の前年差による利益影響,1,276.59,106.83,169.76,169.76,INCREASES_PROFIT_CHANGE,123.25564510273732,CALCULABLE,原因は統計だけでは特定しない,790.1,378.76,411.34000000000003,891.18,342.11,549.0699999999999,101.07999999999993,-36.64999999999998,137.7299999999999,101.07999999999997,-36.64999999999999,137.72999999999996,137.72999999999996,5.684341886080802e-14,PASS,PASS,170.0,170.0,138.0,FORBIDDEN_WITHOUT_EXTERNAL_PRIMARY_EVIDENCE,継続標本のみを用い母集団推計を行うため、本系列に比べサンプルサイズが小さくなる。,営業利益及び経常利益については、標準誤差率の算出は行っていない。,継続標本PDFは利益水準とその符号を公表しないため、売上高と営業利益の増加率から得る利益率方向は代理指標である。
20261,2026年1 - 3 月,133,その他の運輸業,19,1千万円以上 - 1億円未満,False,False,True,134,3,interest_expense,支払利息等,支払利息等の前年差による利益影響,-1,138.5,178.19,-39.69,39.69,INCREASES_PROFIT_CHANGE,28.81725114354173,CALCULABLE,会計的な利益影響であり因果を示さない,790.1,378.76,411.34000000000003,891.18,342.11,549.0699999999999,101.07999999999993,-36.64999999999998,137.7299999999999,101.07999999999997,-36.64999999999999,137.72999999999996,137.72999999999996,5.684341886080802e-14,PASS,PASS,-40.0,40.0,138.0,FORBIDDEN_WITHOUT_EXTERNAL_PRIMARY_EVIDENCE,継続標本のみを用い母集団推計を行うため、本系列に比べサンプルサイズが小さくなる。,営業利益及び経常利益については、標準誤差率の算出は行っていない。,継続標本PDFは利益水準とその符号を公表しないため、売上高と営業利益の増加率から得る利益率方向は代理指標である。
20261,2026年1 - 3 月,133,その他の運輸業,19,1千万円以上 - 1億円未満,False,False,True,134,4,other_non_operating_expense,その他の営業外費用,その他の営業外費用の前年差による利益影響,-1,65.81,77.05,-11.239999999999995,11.239999999999995,INCREASES_PROFIT_CHANGE,8.160894503739202,CALCULABLE,会計的な利益影響であり因果を示さない,790.1,378.76,411.34000000000003,891.18,342.11,549.0699999999999,101.07999999999993,-36.64999999999998,137.7299999999999,101.07999999999997,-36.64999999999999,137.72999999999996,137.72999999999996,5.684341886080802e-14,PASS,PASS,-11.0,11.0,138.0,FORBIDDEN_WITHOUT_EXTERNAL_PRIMARY_EVIDENCE,継続標本のみを用い母集団推計を行うため、本系列に比べサンプルサイズが小さくなる。,営業利益及び経常利益については、標準誤差率の算出は行っていない。,継続標本PDFは利益水準とその符号を公表しないため、売上高と営業利益の増加率から得る利益率方向は代理指標である。
20261,2026年1 - 3 月,133,その他の運輸業,24,1億円以上 - 10億円未満,False,False,True,134,1,interest_and_dividend_income,受取利息等,受取利息等の前年差による利益影響,1,38.24,34.41,3.8300000000000054,3.8300000000000054,INCREASES_PROFIT_CHANGE,-8.238330823833103,CALCULABLE,会計的な利益影響であり因果を示さない,382.9,301.42,81.47999999999996,439.83,404.84,34.99000000000001,56.93000000000001,103.41999999999996,-46.48999999999995,56.93,103.42,-46.49,-46.49000000000001,-5.684341886080802e-14,PASS,PASS,4.0,4.0,-46.0,FORBIDDEN_WITHOUT_EXTERNAL_PRIMARY_EVIDENCE,継続標本のみを用い母集団推計を行うため、本系列に比べサンプルサイズが小さくなる。,営業利益及び経常利益については、標準誤差率の算出は行っていない。,継続標本PDFは利益水準とその符号を公表しないため、売上高と営業利益の増加率から得る利益率方向は代理指標である。
20261,2026年1 - 3 月,133,その他の運輸業,24,1億円以上 - 10億円未満,False,False,True,134,2,other_non_operating_income,その他の営業外収益,その他の営業外収益の前年差による利益影響,1,83.35,147.18,-63.83000000000001,-63.83000000000001,REDUCES_PROFIT_CHANGE,137.29834372983453,CALCULABLE,原因は統計だけでは特定しない,382.9,301.42,81.47999999999996,439.83,404.84,34.99000000000001,56.93000000000001,103.41999999999996,-46.48999999999995,56.93,103.42,-46.49,-46.49000000000001,-5.684341886080802e-14,PASS,PASS,-64.0,-64.0,-46.0,FORBIDDEN_WITHOUT_EXTERNAL_PRIMARY_EVIDENCE,継続標本のみを用い母集団推計を行うため、本系列に比べサンプルサイズが小さくなる。,営業利益及び経常利益については、標準誤差率の算出は行っていない。,継続標本PDFは利益水準とその符号を公表しないため、売上高と営業利益の増加率から得る利益率方向は代理指標である。
20261,2026年1 - 3 月,133,その他の運輸業,24,1億円以上 - 10億円未満,False,False,True,134,3,interest_expense,支払利息等,支払利息等の前年差による利益影響,-1,38.19,31.01,7.179999999999996,-7.179999999999996,REDUCES_PROFIT_CHANGE,15.444181544418162,CALCULABLE,会計的な利益影響であり因果を示さない,382.9,301.42,81.47999999999996,439.83,404.84,34.99000000000001,56.93000000000001,103.41999999999996,-46.48999999999995,56.93,103.42,-46.49,-46.49000000000001,-5.684341886080802e-14,PASS,PASS,7.0,-7.0,-46.0,FORBIDDEN_WITHOUT_EXTERNAL_PRIMARY_EVIDENCE,継続標本のみを用い母集団推計を行うため、本系列に比べサンプルサイズが小さくなる。,営業利益及び経常利益については、標準誤差率の算出は行っていない。,継続標本PDFは利益水準とその符号を公表しないため、売上高と営業利益の増加率から得る利益率方向は代理指標である。
20261,2026年1 - 3 月,133,その他の運輸業,24,1億円以上 - 10億円未満,False,False,True,134,4,other_non_operating_expense,その他の営業外費用,その他の営業外費用の前年差による利益影響,-1,26.47,47.16,-20.689999999999998,20.689999999999998,INCREASES_PROFIT_CHANGE,-44.50419445041949,CALCULABLE,会計的な利益影響であり因果を示さない,382.9,301.42,81.47999999999996,439.83,404.84,34.99000000000001,56.93000000000001,103.41999999999996,-46.48999999999995,56.93,103.42,-46.49,-46.49000000000001,-5.684341886080802e-14,PASS,PASS,-21.0,21.0,-46.0,FORBIDDEN_WITHOUT_EXTERNAL_PRIMARY_EVIDENCE,継続標本のみを用い母集団推計を行うため、本系列に比べサンプルサイズが小さくなる。,営業利益及び経常利益については、標準誤差率の算出は行っていない。,継続標本PDFは利益水準とその符号を公表しないため、売上高と営業利益の増加率から得る利益率方向は代理指標である。
20261,2026年1 - 3 月,133,その他の運輸業,25,10億円以上,False,False,True,134,1,interest_and_dividend_income,受取利息等,受取利息等の前年差による利益影響,1,150.67,113.67,36.999999999999986,36.999999999999986,INCREASES_PROFIT_CHANGE,20.352035203520348,CALCULABLE,会計的な利益影響であり因果を示さない,1897.71,988.47,909.24,2002.33,911.29,1091.04,104.61999999999989,-77.18000000000006,181.79999999999995,104.62,-77.17999999999994,181.79999999999995,181.79999999999995,0.0,PASS,PASS,37.0,37.0,182.0,FORBIDDEN_WITHOUT_EXTERNAL_PRIMARY_EVIDENCE,継続標本のみを用い母集団推計を行うため、本系列に比べサンプルサイズが小さくなる。,営業利益及び経常利益については、標準誤差率の算出は行っていない。,継続標本PDFは利益水準とその符号を公表しないため、売上高と営業利益の増加率から得る利益率方向は代理指標である。
20261,2026年1 - 3 月,133,その他の運輸業,25,10億円以上,False,False,True,134,2,other_non_operating_income,その他の営業外収益,その他の営業外収益の前年差による利益影響,1,541.19,334.6,206.59000000000003,206.59000000000003,INCREASES_PROFIT_CHANGE,113.63586358635868,CALCULABLE,原因は統計だけでは特定しない,1897.71,988.47,909.24,2002.33,911.29,1091.04,104.61999999999989,-77.18000000000006,181.79999999999995,104.62,-77.17999999999994,181.79999999999995,181.79999999999995,0.0,PASS,PASS,207.0,207.0,182.0,FORBIDDEN_WITHOUT_EXTERNAL_PRIMARY_EVIDENCE,継続標本のみを用い母集団推計を行うため、本系列に比べサンプルサイズが小さくなる。,営業利益及び経常利益については、標準誤差率の算出は行っていない。,継続標本PDFは利益水準とその符号を公表しないため、売上高と営業利益の増加率から得る利益率方向は代理指標である。
20261,2026年1 - 3 月,133,その他の運輸業,25,10億円以上,False,False,True,134,3,interest_expense,支払利息等,支払利息等の前年差による利益影響,-1,211.08,175.42,35.660000000000025,-35.660000000000025,REDUCES_PROFIT_CHANGE,-19.614961496149633,CALCULABLE,会計的な利益影響であり因果を示さない,1897.71,988.47,909.24,2002.33,911.29,1091.04,104.61999999999989,-77.18000000000006,181.79999999999995,104.62,-77.17999999999994,181.79999999999995,181.79999999999995,0.0,PASS,PASS,36.0,-36.0,182.0,FORBIDDEN_WITHOUT_EXTERNAL_PRIMARY_EVIDENCE,継続標本のみを用い母集団推計を行うため、本系列に比べサンプルサイズが小さくなる。,営業利益及び経常利益については、標準誤差率の算出は行っていない。,継続標本PDFは利益水準とその符号を公表しないため、売上高と営業利益の増加率から得る利益率方向は代理指標である。
20261,2026年1 - 3 月,133,その他の運輸業,25,10億円以上,False,False,True,134,4,other_non_operating_expense,その他の営業外費用,その他の営業外費用の前年差による利益影響,-1,376.16,350.03,26.130000000000052,-26.130000000000052,REDUCES_PROFIT_CHANGE,-14.372937293729404,CALCULABLE,会計的な利益影響であり因果を示さない,1897.71,988.47,909.24,2002.33,911.29,1091.04,104.61999999999989,-77.18000000000006,181.79999999999995,104.62,-77.17999999999994,181.79999999999995,181.79999999999995,0.0,PASS,PASS,26.0,-26.0,182.0,FORBIDDEN_WITHOUT_EXTERNAL_PRIMARY_EVIDENCE,継続標本のみを用い母集団推計を行うため、本系列に比べサンプルサイズが小さくなる。,営業利益及び経常利益については、標準誤差率の算出は行っていない。,継続標本PDFは利益水準とその符号を公表しないため、売上高と営業利益の増加率から得る利益率方向は代理指標である。
20261,2026年1 - 3 月,133,その他の運輸業,26,全規模,False,False,True,134,1,interest_and_dividend_income,受取利息等,受取利息等の前年差による利益影響,1,217.71,259.84,-42.12999999999997,-42.12999999999997,REDUCES_PROFIT_CHANGE,-15.429973630237303,CALCULABLE,会計的な利益影響であり因果を示さない,3070.71,1668.65,1402.06,3333.34,1658.24,1675.1000000000001,262.6300000000001,-10.410000000000082,273.0400000000002,262.63,-10.410000000000025,273.04,273.0400000000001,-1.1368683772161603e-13,PASS,PASS,-42.0,-42.0,274.0,FORBIDDEN_WITHOUT_EXTERNAL_PRIMARY_EVIDENCE,継続標本のみを用い母集団推計を行うため、本系列に比べサンプルサイズが小さくなる。,営業利益及び経常利益については、標準誤差率の算出は行っていない。,継続標本PDFは利益水準とその符号を公表しないため、売上高と営業利益の増加率から得る利益率方向は代理指標である。
20261,2026年1 - 3 月,133,その他の運輸業,26,全規模,False,False,True,134,2,other_non_operating_income,その他の営業外収益,その他の営業外収益の前年差による利益影響,1,901.13,588.61,312.52,312.52,INCREASES_PROFIT_CHANGE,114.45941986522112,CALCULABLE,原因は統計だけでは特定しない,3070.71,1668.65,1402.06,3333.34,1658.24,1675.1000000000001,262.6300000000001,-10.410000000000082,273.0400000000002,262.63,-10.410000000000025,273.04,273.0400000000001,-1.1368683772161603e-13,PASS,PASS,313.0,313.0,274.0,FORBIDDEN_WITHOUT_EXTERNAL_PRIMARY_EVIDENCE,継続標本のみを用い母集団推計を行うため、本系列に比べサンプルサイズが小さくなる。,営業利益及び経常利益については、標準誤差率の算出は行っていない。,継続標本PDFは利益水準とその符号を公表しないため、売上高と営業利益の増加率から得る利益率方向は代理指標である。
20261,2026年1 - 3 月,133,その他の運輸業,26,全規模,False,False,True,134,3,interest_expense,支払利息等,支払利息等の前年差による利益影響,-1,387.77,384.62,3.1499999999999773,-3.1499999999999773,REDUCES_PROFIT_CHANGE,-1.1536771169059388,CALCULABLE,会計的な利益影響であり因果を示さない,3070.71,1668.65,1402.06,3333.34,1658.24,1675.1000000000001,262.6300000000001,-10.410000000000082,273.0400000000002,262.63,-10.410000000000025,273.04,273.0400000000001,-1.1368683772161603e-13,PASS,PASS,3.0,-3.0,274.0,FORBIDDEN_WITHOUT_EXTERNAL_PRIMARY_EVIDENCE,継続標本のみを用い母集団推計を行うため、本系列に比べサンプルサイズが小さくなる。,営業利益及び経常利益については、標準誤差率の算出は行っていない。,継続標本PDFは利益水準とその符号を公表しないため、売上高と営業利益の増加率から得る利益率方向は代理指標である。
20261,2026年1 - 3 月,133,その他の運輸業,26,全規模,False,False,True,134,4,other_non_operating_expense,その他の営業外費用,その他の営業外費用の前年差による利益影響,-1,468.44,474.24,-5.800000000000011,5.800000000000011,INCREASES_PROFIT_CHANGE,2.1242308819220654,CALCULABLE,会計的な利益影響であり因果を示さない,3070.71,1668.65,1402.06,3333.34,1658.24,1675.1000000000001,262.6300000000001,-10.410000000000082,273.0400000000002,262.63,-10.410000000000025,273.04,273.0400000000001,-1.1368683772161603e-13,PASS,PASS,-6.0,6.0,274.0,FORBIDDEN_WITHOUT_EXTERNAL_PRIMARY_EVIDENCE,継続標本のみを用い母集団推計を行うため、本系列に比べサンプルサイズが小さくなる。,営業利益及び経常利益については、標準誤差率の算出は行っていない。,継続標本PDFは利益水準とその符号を公表しないため、売上高と営業利益の増加率から得る利益率方向は代理指標である。
20261,2026年1 - 3 月,134,運輸業、郵便業(集約),19,1千万円以上 - 1億円未満,False,True,False,134,1,interest_and_dividend_income,受取利息等,受取利息等の前年差による利益影響,1,85.61,135.34,-49.730000000000004,-49.730000000000004,REDUCES_PROFIT_CHANGE,30.614380694410322,CALCULABLE,会計的な利益影響であり因果を示さない,2696.97,2238.15,458.8199999999997,3101.61,2805.23,296.3800000000001,404.6400000000003,567.0799999999999,-162.4399999999996,404.63999999999993,567.08,-162.4400000000001,-162.44000000000017,-5.684341886080801e-13,PASS,PASS,-50.0,-50.0,-162.0,FORBIDDEN_WITHOUT_EXTERNAL_PRIMARY_EVIDENCE,継続標本のみを用い母集団推計を行うため、本系列に比べサンプルサイズが小さくなる。,営業利益及び経常利益については、標準誤差率の算出は行っていない。,継続標本PDFは利益水準とその符号を公表しないため、売上高と営業利益の増加率から得る利益率方向は代理指標である。
20261,2026年1 - 3 月,134,運輸業、郵便業(集約),19,1千万円以上 - 1億円未満,False,True,False,134,2,other_non_operating_income,その他の営業外収益,その他の営業外収益の前年差による利益影響,1,1146.08,1466.46,-320.3800000000001,-320.3800000000001,REDUCES_PROFIT_CHANGE,197.22974636789024,CALCULABLE,原因は統計だけでは特定しない,2696.97,2238.15,458.8199999999997,3101.61,2805.23,296.3800000000001,404.6400000000003,567.0799999999999,-162.4399999999996,404.63999999999993,567.08,-162.4400000000001,-162.44000000000017,-5.684341886080801e-13,PASS,PASS,-320.0,-320.0,-162.0,FORBIDDEN_WITHOUT_EXTERNAL_PRIMARY_EVIDENCE,継続標本のみを用い母集団推計を行うため、本系列に比べサンプルサイズが小さくなる。,営業利益及び経常利益については、標準誤差率の算出は行っていない。,継続標本PDFは利益水準とその符号を公表しないため、売上高と営業利益の増加率から得る利益率方向は代理指標である。
20261,2026年1 - 3 月,134,運輸業、郵便業(集約),19,1千万円以上 - 1億円未満,False,True,False,134,3,interest_expense,支払利息等,支払利息等の前年差による利益影響,-1,467.85,438.59,29.260000000000048,-29.260000000000048,REDUCES_PROFIT_CHANGE,18.012804727899606,CALCULABLE,会計的な利益影響であり因果を示さない,2696.97,2238.15,458.8199999999997,3101.61,2805.23,296.3800000000001,404.6400000000003,567.0799999999999,-162.4399999999996,404.63999999999993,567.08,-162.4400000000001,-162.44000000000017,-5.684341886080801e-13,PASS,PASS,29.0,-29.0,-162.0,FORBIDDEN_WITHOUT_EXTERNAL_PRIMARY_EVIDENCE,継続標本のみを用い母集団推計を行うため、本系列に比べサンプルサイズが小さくなる。,営業利益及び経常利益については、標準誤差率の算出は行っていない。,継続標本PDFは利益水準とその符号を公表しないため、売上高と営業利益の増加率から得る利益率方向は代理指標である。
20261,2026年1 - 3 月,134,運輸業、郵便業(集約),19,1千万円以上 - 1億円未満,False,True,False,134,4,other_non_operating_expense,その他の営業外費用,その他の営業外費用の前年差による利益影響,-1,359.2,596.13,-236.93,236.93,INCREASES_PROFIT_CHANGE,-145.85693179019984,CALCULABLE,会計的な利益影響であり因果を示さない,2696.97,2238.15,458.8199999999997,3101.61,2805.23,296.3800000000001,404.6400000000003,567.0799999999999,-162.4399999999996,404.63999999999993,567.08,-162.4400000000001,-162.44000000000017,-5.684341886080801e-13,PASS,PASS,-237.0,237.0,-162.0,FORBIDDEN_WITHOUT_EXTERNAL_PRIMARY_EVIDENCE,継続標本のみを用い母集団推計を行うため、本系列に比べサンプルサイズが小さくなる。,営業利益及び経常利益については、標準誤差率の算出は行っていない。,継続標本PDFは利益水準とその符号を公表しないため、売上高と営業利益の増加率から得る利益率方向は代理指標である。
20261,2026年1 - 3 月,134,運輸業、郵便業(集約),24,1億円以上 - 10億円未満,False,True,False,134,1,interest_and_dividend_income,受取利息等,受取利息等の前年差による利益影響,1,186.74,118.44,68.30000000000001,68.30000000000001,INCREASES_PROFIT_CHANGE,-189.35403382312148,CALCULABLE,会計的な利益影響であり因果を示さない,1350.42,521.89,828.5300000000001,1504.69,712.23,792.46,154.26999999999998,190.34000000000003,-36.07000000000005,154.27000000000007,190.34000000000003,-36.069999999999965,-36.069999999999965,8.526512829121202e-14,PASS,PASS,68.0,68.0,-36.0,FORBIDDEN_WITHOUT_EXTERNAL_PRIMARY_EVIDENCE,継続標本のみを用い母集団推計を行うため、本系列に比べサンプルサイズが小さくなる。,営業利益及び経常利益については、標準誤差率の算出は行っていない。,継続標本PDFは利益水準とその符号を公表しないため、売上高と営業利益の増加率から得る利益率方向は代理指標である。
20261,2026年1 - 3 月,134,運輸業、郵便業(集約),24,1億円以上 - 10億円未満,False,True,False,134,2,other_non_operating_income,その他の営業外収益,その他の営業外収益の前年差による利益影響,1,404.16,374.66,29.5,29.5,INCREASES_PROFIT_CHANGE,-81.78541724424718,CALCULABLE,原因は統計だけでは特定しない,1350.42,521.89,828.5300000000001,1504.69,712.23,792.46,154.26999999999998,190.34000000000003,-36.07000000000005,154.27000000000007,190.34000000000003,-36.069999999999965,-36.069999999999965,8.526512829121202e-14,PASS,PASS,30.0,30.0,-36.0,FORBIDDEN_WITHOUT_EXTERNAL_PRIMARY_EVIDENCE,継続標本のみを用い母集団推計を行うため、本系列に比べサンプルサイズが小さくなる。,営業利益及び経常利益については、標準誤差率の算出は行っていない。,継続標本PDFは利益水準とその符号を公表しないため、売上高と営業利益の増加率から得る利益率方向は代理指標である。
20261,2026年1 - 3 月,134,運輸業、郵便業(集約),24,1億円以上 - 10億円未満,False,True,False,134,3,interest_expense,支払利息等,支払利息等の前年差による利益影響,-1,273.9,163.31,110.58999999999997,-110.58999999999997,REDUCES_PROFIT_CHANGE,306.5982811200439,CALCULABLE,会計的な利益影響であり因果を示さない,1350.42,521.89,828.5300000000001,1504.69,712.23,792.46,154.26999999999998,190.34000000000003,-36.07000000000005,154.27000000000007,190.34000000000003,-36.069999999999965,-36.069999999999965,8.526512829121202e-14,PASS,PASS,111.0,-111.0,-36.0,FORBIDDEN_WITHOUT_EXTERNAL_PRIMARY_EVIDENCE,継続標本のみを用い母集団推計を行うため、本系列に比べサンプルサイズが小さくなる。,営業利益及び経常利益については、標準誤差率の算出は行っていない。,継続標本PDFは利益水準とその符号を公表しないため、売上高と営業利益の増加率から得る利益率方向は代理指標である。
20261,2026年1 - 3 月,134,運輸業、郵便業(集約),24,1億円以上 - 10億円未満,False,True,False,134,4,other_non_operating_expense,その他の営業外費用,その他の営業外費用の前年差による利益影響,-1,162.73,139.45,23.28,-23.28,REDUCES_PROFIT_CHANGE,64.54116994732456,CALCULABLE,会計的な利益影響であり因果を示さない,1350.42,521.89,828.5300000000001,1504.69,712.23,792.46,154.26999999999998,190.34000000000003,-36.07000000000005,154.27000000000007,190.34000000000003,-36.069999999999965,-36.069999999999965,8.526512829121202e-14,PASS,PASS,23.0,-23.0,-36.0,FORBIDDEN_WITHOUT_EXTERNAL_PRIMARY_EVIDENCE,継続標本のみを用い母集団推計を行うため、本系列に比べサンプルサイズが小さくなる。,営業利益及び経常利益については、標準誤差率の算出は行っていない。,継続標本PDFは利益水準とその符号を公表しないため、売上高と営業利益の増加率から得る利益率方向は代理指標である。
20261,2026年1 - 3 月,134,運輸業、郵便業(集約),25,10億円以上,False,True,False,134,1,interest_and_dividend_income,受取利息等,受取利息等の前年差による利益影響,1,746.14,694.68,51.460000000000036,51.460000000000036,INCREASES_PROFIT_CHANGE,24.402503793626764,CALCULABLE,会計的な利益影響であり因果を示さない,4014.42,2416.33,1598.0900000000001,4026.6,2217.63,1808.9699999999998,12.179999999999836,-198.69999999999982,210.87999999999965,12.180000000000064,-198.69999999999993,210.88,210.88,3.410605131648481e-13,PASS,PASS,51.0,51.0,210.0,FORBIDDEN_WITHOUT_EXTERNAL_PRIMARY_EVIDENCE,継続標本のみを用い母集団推計を行うため、本系列に比べサンプルサイズが小さくなる。,営業利益及び経常利益については、標準誤差率の算出は行っていない。,継続標本PDFは利益水準とその符号を公表しないため、売上高と営業利益の増加率から得る利益率方向は代理指標である。
20261,2026年1 - 3 月,134,運輸業、郵便業(集約),25,10億円以上,False,True,False,134,2,other_non_operating_income,その他の営業外収益,その他の営業外収益の前年差による利益影響,1,1120.16,955.36,164.80000000000007,164.80000000000007,INCREASES_PROFIT_CHANGE,78.14871016691973,CALCULABLE,原因は統計だけでは特定しない,4014.42,2416.33,1598.0900000000001,4026.6,2217.63,1808.9699999999998,12.179999999999836,-198.69999999999982,210.87999999999965,12.180000000000064,-198.69999999999993,210.88,210.88,3.410605131648481e-13,PASS,PASS,165.0,165.0,210.0,FORBIDDEN_WITHOUT_EXTERNAL_PRIMARY_EVIDENCE,継続標本のみを用い母集団推計を行うため、本系列に比べサンプルサイズが小さくなる。,営業利益及び経常利益については、標準誤差率の算出は行っていない。,継続標本PDFは利益水準とその符号を公表しないため、売上高と営業利益の増加率から得る利益率方向は代理指標である。
20261,2026年1 - 3 月,134,運輸業、郵便業(集約),25,10億円以上,False,True,False,134,3,interest_expense,支払利息等,支払利息等の前年差による利益影響,-1,1102.76,937.93,164.83000000000004,-164.83000000000004,REDUCES_PROFIT_CHANGE,-78.16293626707147,CALCULABLE,会計的な利益影響であり因果を示さない,4014.42,2416.33,1598.0900000000001,4026.6,2217.63,1808.9699999999998,12.179999999999836,-198.69999999999982,210.87999999999965,12.180000000000064,-198.69999999999993,210.88,210.88,3.410605131648481e-13,PASS,PASS,165.0,-165.0,210.0,FORBIDDEN_WITHOUT_EXTERNAL_PRIMARY_EVIDENCE,継続標本のみを用い母集団推計を行うため、本系列に比べサンプルサイズが小さくなる。,営業利益及び経常利益については、標準誤差率の算出は行っていない。,継続標本PDFは利益水準とその符号を公表しないため、売上高と営業利益の増加率から得る利益率方向は代理指標である。
20261,2026年1 - 3 月,134,運輸業、郵便業(集約),25,10億円以上,False,True,False,134,4,other_non_operating_expense,その他の営業外費用,その他の営業外費用の前年差による利益影響,-1,751.36,910.81,-159.44999999999993,159.44999999999993,INCREASES_PROFIT_CHANGE,75.61172230652514,CALCULABLE,会計的な利益影響であり因果を示さない,4014.42,2416.33,1598.0900000000001,4026.6,2217.63,1808.9699999999998,12.179999999999836,-198.69999999999982,210.87999999999965,12.180000000000064,-198.69999999999993,210.88,210.88,3.410605131648481e-13,PASS,PASS,-159.0,159.0,210.0,FORBIDDEN_WITHOUT_EXTERNAL_PRIMARY_EVIDENCE,継続標本のみを用い母集団推計を行うため、本系列に比べサンプルサイズが小さくなる。,営業利益及び経常利益については、標準誤差率の算出は行っていない。,継続標本PDFは利益水準とその符号を公表しないため、売上高と営業利益の増加率から得る利益率方向は代理指標である。
20261,2026年1 - 3 月,134,運輸業、郵便業(集約),26,全規模,False,True,False,134,1,interest_and_dividend_income,受取利息等,受取利息等の前年差による利益影響,1,1018.49,948.46,70.02999999999997,70.02999999999997,INCREASES_PROFIT_CHANGE,566.1277283751475,CALCULABLE,会計的な利益影響であり因果を示さない,8061.81,5176.37,2885.4400000000005,8632.9,5735.09,2897.8099999999995,571.0899999999992,558.7200000000003,12.369999999998981,571.0900000000001,558.72,12.370000000000118,12.370000000000118,1.1368683772161603e-12,PASS,PASS,70.0,70.0,12.0,FORBIDDEN_WITHOUT_EXTERNAL_PRIMARY_EVIDENCE,継続標本のみを用い母集団推計を行うため、本系列に比べサンプルサイズが小さくなる。,営業利益及び経常利益については、標準誤差率の算出は行っていない。,継続標本PDFは利益水準とその符号を公表しないため、売上高と営業利益の増加率から得る利益率方向は代理指標である。
20261,2026年1 - 3 月,134,運輸業、郵便業(集約),26,全規模,False,True,False,134,2,other_non_operating_income,その他の営業外収益,その他の営業外収益の前年差による利益影響,1,2670.4,2796.48,-126.07999999999993,-126.07999999999993,REDUCES_PROFIT_CHANGE,-1019.2400970089759,CALCULABLE,原因は統計だけでは特定しない,8061.81,5176.37,2885.4400000000005,8632.9,5735.09,2897.8099999999995,571.0899999999992,558.7200000000003,12.369999999998981,571.0900000000001,558.72,12.370000000000118,12.370000000000118,1.1368683772161603e-12,PASS,PASS,-126.0,-126.0,12.0,FORBIDDEN_WITHOUT_EXTERNAL_PRIMARY_EVIDENCE,継続標本のみを用い母集団推計を行うため、本系列に比べサンプルサイズが小さくなる。,営業利益及び経常利益については、標準誤差率の算出は行っていない。,継続標本PDFは利益水準とその符号を公表しないため、売上高と営業利益の増加率から得る利益率方向は代理指標である。
20261,2026年1 - 3 月,134,運輸業、郵便業(集約),26,全規模,False,True,False,134,3,interest_expense,支払利息等,支払利息等の前年差による利益影響,-1,1844.51,1539.83,304.68000000000006,-304.68000000000006,REDUCES_PROFIT_CHANGE,-2463.0557801133805,CALCULABLE,会計的な利益影響であり因果を示さない,8061.81,5176.37,2885.4400000000005,8632.9,5735.09,2897.8099999999995,571.0899999999992,558.7200000000003,12.369999999998981,571.0900000000001,558.72,12.370000000000118,12.370000000000118,1.1368683772161603e-12,PASS,PASS,305.0,-305.0,12.0,FORBIDDEN_WITHOUT_EXTERNAL_PRIMARY_EVIDENCE,継続標本のみを用い母集団推計を行うため、本系列に比べサンプルサイズが小さくなる。,営業利益及び経常利益については、標準誤差率の算出は行っていない。,継続標本PDFは利益水準とその符号を公表しないため、売上高と営業利益の増加率から得る利益率方向は代理指標である。
20261,2026年1 - 3 月,134,運輸業、郵便業(集約),26,全規模,False,True,False,134,4,other_non_operating_expense,その他の営業外費用,その他の営業外費用の前年差による利益影響,-1,1273.29,1646.39,-373.10000000000014,373.10000000000014,INCREASES_PROFIT_CHANGE,3016.168148747218,CALCULABLE,会計的な利益影響であり因果を示さない,8061.81,5176.37,2885.4400000000005,8632.9,5735.09,2897.8099999999995,571.0899999999992,558.7200000000003,12.369999999998981,571.0900000000001,558.72,12.370000000000118,12.370000000000118,1.1368683772161603e-12,PASS,PASS,-373.0,373.0,12.0,FORBIDDEN_WITHOUT_EXTERNAL_PRIMARY_EVIDENCE,継続標本のみを用い母集団推計を行うため、本系列に比べサンプルサイズが小さくなる。,営業利益及び経常利益については、標準誤差率の算出は行っていない。,継続標本PDFは利益水準とその符号を公表しないため、売上高と営業利益の増加率から得る利益率方向は代理指標である。
20261,2026年1 - 3 月,135,電気業,19,1千万円以上 - 1億円未満,False,True,True,135,1,interest_and_dividend_income,受取利息等,受取利息等の前年差による利益影響,1,5.12,7.18,-2.0599999999999996,-2.0599999999999996,REDUCES_PROFIT_CHANGE,4.303321495717568,CALCULABLE,会計的な利益影響であり因果を示さない,255.46,-54.58,310.04,198.3,-63.87,262.17,-57.16,-9.29,-47.87,-57.16000000000001,-9.289999999999996,-47.87000000000002,-47.87000000000001,-1.4210854715202004e-14,PASS,PASS,-2.0,-2.0,-48.0,FORBIDDEN_WITHOUT_EXTERNAL_PRIMARY_EVIDENCE,継続標本のみを用い母集団推計を行うため、本系列に比べサンプルサイズが小さくなる。,営業利益及び経常利益については、標準誤差率の算出は行っていない。,継続標本PDFは利益水準とその符号を公表しないため、売上高と営業利益の増加率から得る利益率方向は代理指標である。
20261,2026年1 - 3 月,135,電気業,19,1千万円以上 - 1億円未満,False,True,True,135,2,other_non_operating_income,その他の営業外収益,その他の営業外収益の前年差による利益影響,1,29.31,62.42,-33.11,-33.11,REDUCES_PROFIT_CHANGE,69.1664925840819,CALCULABLE,原因は統計だけでは特定しない,255.46,-54.58,310.04,198.3,-63.87,262.17,-57.16,-9.29,-47.87,-57.16000000000001,-9.289999999999996,-47.87000000000002,-47.87000000000001,-1.4210854715202004e-14,PASS,PASS,-33.0,-33.0,-48.0,FORBIDDEN_WITHOUT_EXTERNAL_PRIMARY_EVIDENCE,継続標本のみを用い母集団推計を行うため、本系列に比べサンプルサイズが小さくなる。,営業利益及び経常利益については、標準誤差率の算出は行っていない。,継続標本PDFは利益水準とその符号を公表しないため、売上高と営業利益の増加率から得る利益率方向は代理指標である。
20261,2026年1 - 3 月,135,電気業,19,1千万円以上 - 1億円未満,False,True,True,135,3,interest_expense,支払利息等,支払利息等の前年差による利益影響,-1,71.29,62.58,8.710000000000008,-8.710000000000008,REDUCES_PROFIT_CHANGE,18.195111761019444,CALCULABLE,会計的な利益影響であり因果を示さない,255.46,-54.58,310.04,198.3,-63.87,262.17,-57.16,-9.29,-47.87,-57.16000000000001,-9.289999999999996,-47.87000000000002,-47.87000000000001,-1.4210854715202004e-14,PASS,PASS,9.0,-9.0,-48.0,FORBIDDEN_WITHOUT_EXTERNAL_PRIMARY_EVIDENCE,継続標本のみを用い母集団推計を行うため、本系列に比べサンプルサイズが小さくなる。,営業利益及び経常利益については、標準誤差率の算出は行っていない。,継続標本PDFは利益水準とその符号を公表しないため、売上高と営業利益の増加率から得る利益率方向は代理指標である。
20261,2026年1 - 3 月,135,電気業,19,1千万円以上 - 1億円未満,False,True,True,135,4,other_non_operating_expense,その他の営業外費用,その他の営業外費用の前年差による利益影響,-1,20.3,16.31,3.990000000000002,-3.990000000000002,REDUCES_PROFIT_CHANGE,8.33507415918112,CALCULABLE,会計的な利益影響であり因果を示さない,255.46,-54.58,310.04,198.3,-63.87,262.17,-57.16,-9.29,-47.87,-57.16000000000001,-9.289999999999996,-47.87000000000002,-47.87000000000001,-1.4210854715202004e-14,PASS,PASS,4.0,-4.0,-48.0,FORBIDDEN_WITHOUT_EXTERNAL_PRIMARY_EVIDENCE,継続標本のみを用い母集団推計を行うため、本系列に比べサンプルサイズが小さくなる。,営業利益及び経常利益については、標準誤差率の算出は行っていない。,継続標本PDFは利益水準とその符号を公表しないため、売上高と営業利益の増加率から得る利益率方向は代理指標である。
20261,2026年1 - 3 月,135,電気業,24,1億円以上 - 10億円未満,False,True,True,135,1,interest_and_dividend_income,受取利息等,受取利息等の前年差による利益影響,1,19.99,11.73,8.259999999999998,8.259999999999998,INCREASES_PROFIT_CHANGE,-13.764372604565905,CALCULABLE,会計的な利益影響であり因果を示さない,615.4,791.56,-176.15999999999997,508.11,744.28,-236.16999999999996,-107.28999999999996,-47.27999999999997,-60.00999999999999,-107.29000000000002,-47.27999999999999,-60.01000000000003,-60.010000000000055,-6.394884621840902e-14,PASS,PASS,8.0,8.0,-60.0,FORBIDDEN_WITHOUT_EXTERNAL_PRIMARY_EVIDENCE,継続標本のみを用い母集団推計を行うため、本系列に比べサンプルサイズが小さくなる。,営業利益及び経常利益については、標準誤差率の算出は行っていない。,継続標本PDFは利益水準とその符号を公表しないため、売上高と営業利益の増加率から得る利益率方向は代理指標である。
20261,2026年1 - 3 月,135,電気業,24,1億円以上 - 10億円未満,False,True,True,135,2,other_non_operating_income,その他の営業外収益,その他の営業外収益の前年差による利益影響,1,313.02,82.15,230.86999999999998,230.86999999999998,INCREASES_PROFIT_CHANGE,-384.71921346442264,CALCULABLE,原因は統計だけでは特定しない,615.4,791.56,-176.15999999999997,508.11,744.28,-236.16999999999996,-107.28999999999996,-47.27999999999997,-60.00999999999999,-107.29000000000002,-47.27999999999999,-60.01000000000003,-60.010000000000055,-6.394884621840902e-14,PASS,PASS,231.0,231.0,-60.0,FORBIDDEN_WITHOUT_EXTERNAL_PRIMARY_EVIDENCE,継続標本のみを用い母集団推計を行うため、本系列に比べサンプルサイズが小さくなる。,営業利益及び経常利益については、標準誤差率の算出は行っていない。,継続標本PDFは利益水準とその符号を公表しないため、売上高と営業利益の増加率から得る利益率方向は代理指標である。
20261,2026年1 - 3 月,135,電気業,24,1億円以上 - 10億円未満,False,True,True,135,3,interest_expense,支払利息等,支払利息等の前年差による利益影響,-1,115.24,105.07,10.170000000000002,-10.170000000000002,REDUCES_PROFIT_CHANGE,16.94717547075488,CALCULABLE,会計的な利益影響であり因果を示さない,615.4,791.56,-176.15999999999997,508.11,744.28,-236.16999999999996,-107.28999999999996,-47.27999999999997,-60.00999999999999,-107.29000000000002,-47.27999999999999,-60.01000000000003,-60.010000000000055,-6.394884621840902e-14,PASS,PASS,10.0,-10.0,-60.0,FORBIDDEN_WITHOUT_EXTERNAL_PRIMARY_EVIDENCE,継続標本のみを用い母集団推計を行うため、本系列に比べサンプルサイズが小さくなる。,営業利益及び経常利益については、標準誤差率の算出は行っていない。,継続標本PDFは利益水準とその符号を公表しないため、売上高と営業利益の増加率から得る利益率方向は代理指標である。
20261,2026年1 - 3 月,135,電気業,24,1億円以上 - 10億円未満,False,True,True,135,4,other_non_operating_expense,その他の営業外費用,その他の営業外費用の前年差による利益影響,-1,325.06,36.09,288.97,-288.97,REDUCES_PROFIT_CHANGE,481.5364105982337,CALCULABLE,会計的な利益影響であり因果を示さない,615.4,791.56,-176.15999999999997,508.11,744.28,-236.16999999999996,-107.28999999999996,-47.27999999999997,-60.00999999999999,-107.29000000000002,-47.27999999999999,-60.01000000000003,-60.010000000000055,-6.394884621840902e-14,PASS,PASS,289.0,-289.0,-60.0,FORBIDDEN_WITHOUT_EXTERNAL_PRIMARY_EVIDENCE,継続標本のみを用い母集団推計を行うため、本系列に比べサンプルサイズが小さくなる。,営業利益及び経常利益については、標準誤差率の算出は行っていない。,継続標本PDFは利益水準とその符号を公表しないため、売上高と営業利益の増加率から得る利益率方向は代理指標である。
20261,2026年1 - 3 月,135,電気業,25,10億円以上,False,True,True,135,1,interest_and_dividend_income,受取利息等,受取利息等の前年差による利益影響,1,672.29,634.58,37.70999999999992,37.70999999999992,INCREASES_PROFIT_CHANGE,-10.505348785379965,CALCULABLE,会計的な利益影響であり因果を示さない,68.76,1767.55,-1698.79,-860.77,1196.98,-2057.75,-929.53,-570.5699999999999,-358.96000000000004,-929.53,-570.57,-358.9599999999999,-358.9599999999999,1.1368683772161603e-13,PASS,PASS,38.0,38.0,-359.0,FORBIDDEN_WITHOUT_EXTERNAL_PRIMARY_EVIDENCE,継続標本のみを用い母集団推計を行うため、本系列に比べサンプルサイズが小さくなる。,営業利益及び経常利益については、標準誤差率の算出は行っていない。,継続標本PDFは利益水準とその符号を公表しないため、売上高と営業利益の増加率から得る利益率方向は代理指標である。
20261,2026年1 - 3 月,135,電気業,25,10億円以上,False,True,True,135,2,other_non_operating_income,その他の営業外収益,その他の営業外収益の前年差による利益影響,1,816.72,1291.09,-474.3699999999999,-474.3699999999999,REDUCES_PROFIT_CHANGE,132.15121462001335,CALCULABLE,原因は統計だけでは特定しない,68.76,1767.55,-1698.79,-860.77,1196.98,-2057.75,-929.53,-570.5699999999999,-358.96000000000004,-929.53,-570.57,-358.9599999999999,-358.9599999999999,1.1368683772161603e-13,PASS,PASS,-474.0,-474.0,-359.0,FORBIDDEN_WITHOUT_EXTERNAL_PRIMARY_EVIDENCE,継続標本のみを用い母集団推計を行うため、本系列に比べサンプルサイズが小さくなる。,営業利益及び経常利益については、標準誤差率の算出は行っていない。,継続標本PDFは利益水準とその符号を公表しないため、売上高と営業利益の増加率から得る利益率方向は代理指標である。
20261,2026年1 - 3 月,135,電気業,25,10億円以上,False,True,True,135,3,interest_expense,支払利息等,支払利息等の前年差による利益影響,-1,1280.33,1005.72,274.6099999999999,-274.6099999999999,REDUCES_PROFIT_CHANGE,76.50156006240246,CALCULABLE,会計的な利益影響であり因果を示さない,68.76,1767.55,-1698.79,-860.77,1196.98,-2057.75,-929.53,-570.5699999999999,-358.96000000000004,-929.53,-570.57,-358.9599999999999,-358.9599999999999,1.1368683772161603e-13,PASS,PASS,275.0,-275.0,-359.0,FORBIDDEN_WITHOUT_EXTERNAL_PRIMARY_EVIDENCE,継続標本のみを用い母集団推計を行うため、本系列に比べサンプルサイズが小さくなる。,営業利益及び経常利益については、標準誤差率の算出は行っていない。,継続標本PDFは利益水準とその符号を公表しないため、売上高と営業利益の増加率から得る利益率方向は代理指標である。
20261,2026年1 - 3 月,135,電気業,25,10億円以上,False,True,True,135,4,other_non_operating_expense,その他の営業外費用,その他の営業外費用の前年差による利益影響,-1,1138.21,1490.52,-352.30999999999995,352.30999999999995,INCREASES_PROFIT_CHANGE,-98.14742589703586,CALCULABLE,会計的な利益影響であり因果を示さない,68.76,1767.55,-1698.79,-860.77,1196.98,-2057.75,-929.53,-570.5699999999999,-358.96000000000004,-929.53,-570.57,-358.9599999999999,-358.9599999999999,1.1368683772161603e-13,PASS,PASS,-352.0,352.0,-359.0,FORBIDDEN_WITHOUT_EXTERNAL_PRIMARY_EVIDENCE,継続標本のみを用い母集団推計を行うため、本系列に比べサンプルサイズが小さくなる。,営業利益及び経常利益については、標準誤差率の算出は行っていない。,継続標本PDFは利益水準とその符号を公表しないため、売上高と営業利益の増加率から得る利益率方向は代理指標である。
20261,2026年1 - 3 月,135,電気業,26,全規模,False,True,True,135,1,interest_and_dividend_income,受取利息等,受取利息等の前年差による利益影響,1,697.4,653.49,43.90999999999997,43.90999999999997,INCREASES_PROFIT_CHANGE,-9.405792134350094,CALCULABLE,会計的な利益影響であり因果を示さない,939.62,2504.53,-1564.9100000000003,-154.36,1877.39,-2031.75,-1093.98,-627.1400000000001,-466.8399999999999,-1093.98,-627.1399999999999,-466.84000000000015,-466.84000000000003,-1.1368683772161603e-13,PASS,PASS,44.0,44.0,-467.0,FORBIDDEN_WITHOUT_EXTERNAL_PRIMARY_EVIDENCE,継続標本のみを用い母集団推計を行うため、本系列に比べサンプルサイズが小さくなる。,営業利益及び経常利益については、標準誤差率の算出は行っていない。,継続標本PDFは利益水準とその符号を公表しないため、売上高と営業利益の増加率から得る利益率方向は代理指標である。
20261,2026年1 - 3 月,135,電気業,26,全規模,False,True,True,135,2,other_non_operating_income,その他の営業外収益,その他の営業外収益の前年差による利益影響,1,1159.05,1435.66,-276.6100000000001,-276.6100000000001,REDUCES_PROFIT_CHANGE,59.251563704909636,CALCULABLE,原因は統計だけでは特定しない,939.62,2504.53,-1564.9100000000003,-154.36,1877.39,-2031.75,-1093.98,-627.1400000000001,-466.8399999999999,-1093.98,-627.1399999999999,-466.84000000000015,-466.84000000000003,-1.1368683772161603e-13,PASS,PASS,-277.0,-277.0,-467.0,FORBIDDEN_WITHOUT_EXTERNAL_PRIMARY_EVIDENCE,継続標本のみを用い母集団推計を行うため、本系列に比べサンプルサイズが小さくなる。,営業利益及び経常利益については、標準誤差率の算出は行っていない。,継続標本PDFは利益水準とその符号を公表しないため、売上高と営業利益の増加率から得る利益率方向は代理指標である。
20261,2026年1 - 3 月,135,電気業,26,全規模,False,True,True,135,3,interest_expense,支払利息等,支払利息等の前年差による利益影響,-1,1466.86,1173.37,293.49,-293.49,REDUCES_PROFIT_CHANGE,62.86736355068119,CALCULABLE,会計的な利益影響であり因果を示さない,939.62,2504.53,-1564.9100000000003,-154.36,1877.39,-2031.75,-1093.98,-627.1400000000001,-466.8399999999999,-1093.98,-627.1399999999999,-466.84000000000015,-466.84000000000003,-1.1368683772161603e-13,PASS,PASS,293.0,-293.0,-467.0,FORBIDDEN_WITHOUT_EXTERNAL_PRIMARY_EVIDENCE,継続標本のみを用い母集団推計を行うため、本系列に比べサンプルサイズが小さくなる。,営業利益及び経常利益については、標準誤差率の算出は行っていない。,継続標本PDFは利益水準とその符号を公表しないため、売上高と営業利益の増加率から得る利益率方向は代理指標である。
20261,2026年1 - 3 月,135,電気業,26,全規模,False,True,True,135,4,other_non_operating_expense,その他の営業外費用,その他の営業外費用の前年差による利益影響,-1,1483.57,1542.92,-59.350000000000136,59.350000000000136,INCREASES_PROFIT_CHANGE,-12.713135121240713,CALCULABLE,会計的な利益影響であり因果を示さない,939.62,2504.53,-1564.9100000000003,-154.36,1877.39,-2031.75,-1093.98,-627.1400000000001,-466.8399999999999,-1093.98,-627.1399999999999,-466.84000000000015,-466.84000000000003,-1.1368683772161603e-13,PASS,PASS,-59.0,59.0,-467.0,FORBIDDEN_WITHOUT_EXTERNAL_PRIMARY_EVIDENCE,継続標本のみを用い母集団推計を行うため、本系列に比べサンプルサイズが小さくなる。,営業利益及び経常利益については、標準誤差率の算出は行っていない。,継続標本PDFは利益水準とその符号を公表しないため、売上高と営業利益の増加率から得る利益率方向は代理指標である。
20261,2026年1 - 3 月,136,ガス・熱供給・水道業,19,1千万円以上 - 1億円未満,False,True,True,136,1,interest_and_dividend_income,受取利息等,受取利息等の前年差による利益影響,1,0.61,1.43,-0.82,-0.82,REDUCES_PROFIT_CHANGE,49.39759036144546,CALCULABLE,会計的な利益影響であり因果を示さない,81.56,67.21,14.350000000000009,85.47,72.78,12.689999999999998,3.9099999999999966,5.570000000000007,-1.6600000000000108,3.9099999999999993,5.57,-1.660000000000001,-1.6600000000000006,1.021405182655144e-14,PASS,PASS,-1.0,-1.0,-1.0,FORBIDDEN_WITHOUT_EXTERNAL_PRIMARY_EVIDENCE,継続標本のみを用い母集団推計を行うため、本系列に比べサンプルサイズが小さくなる。,営業利益及び経常利益については、標準誤差率の算出は行っていない。,継続標本PDFは利益水準とその符号を公表しないため、売上高と営業利益の増加率から得る利益率方向は代理指標である。
20261,2026年1 - 3 月,136,ガス・熱供給・水道業,19,1千万円以上 - 1億円未満,False,True,True,136,2,other_non_operating_income,その他の営業外収益,その他の営業外収益の前年差による利益影響,1,11.19,12.57,-1.3800000000000008,-1.3800000000000008,REDUCES_PROFIT_CHANGE,83.13253012048143,CALCULABLE,原因は統計だけでは特定しない,81.56,67.21,14.350000000000009,85.47,72.78,12.689999999999998,3.9099999999999966,5.570000000000007,-1.6600000000000108,3.9099999999999993,5.57,-1.660000000000001,-1.6600000000000006,1.021405182655144e-14,PASS,PASS,-1.0,-1.0,-1.0,FORBIDDEN_WITHOUT_EXTERNAL_PRIMARY_EVIDENCE,継続標本のみを用い母集団推計を行うため、本系列に比べサンプルサイズが小さくなる。,営業利益及び経常利益については、標準誤差率の算出は行っていない。,継続標本PDFは利益水準とその符号を公表しないため、売上高と営業利益の増加率から得る利益率方向は代理指標である。
20261,2026年1 - 3 月,136,ガス・熱供給・水道業,19,1千万円以上 - 1億円未満,False,True,True,136,3,interest_expense,支払利息等,支払利息等の前年差による利益影響,-1,2.19,1.9,0.29000000000000004,-0.29000000000000004,REDUCES_PROFIT_CHANGE,17.46987951807218,CALCULABLE,会計的な利益影響であり因果を示さない,81.56,67.21,14.350000000000009,85.47,72.78,12.689999999999998,3.9099999999999966,5.570000000000007,-1.6600000000000108,3.9099999999999993,5.57,-1.660000000000001,-1.6600000000000006,1.021405182655144e-14,PASS,PASS,0.0,-0.0,-1.0,FORBIDDEN_WITHOUT_EXTERNAL_PRIMARY_EVIDENCE,継続標本のみを用い母集団推計を行うため、本系列に比べサンプルサイズが小さくなる。,営業利益及び経常利益については、標準誤差率の算出は行っていない。,継続標本PDFは利益水準とその符号を公表しないため、売上高と営業利益の増加率から得る利益率方向は代理指標である。
20261,2026年1 - 3 月,136,ガス・熱供給・水道業,19,1千万円以上 - 1億円未満,False,True,True,136,4,other_non_operating_expense,その他の営業外費用,その他の営業外費用の前年差による利益影響,-1,5.7,6.53,-0.8300000000000001,0.8300000000000001,INCREASES_PROFIT_CHANGE,-49.99999999999968,CALCULABLE,会計的な利益影響であり因果を示さない,81.56,67.21,14.350000000000009,85.47,72.78,12.689999999999998,3.9099999999999966,5.570000000000007,-1.6600000000000108,3.9099999999999993,5.57,-1.660000000000001,-1.6600000000000006,1.021405182655144e-14,PASS,PASS,-1.0,1.0,-1.0,FORBIDDEN_WITHOUT_EXTERNAL_PRIMARY_EVIDENCE,継続標本のみを用い母集団推計を行うため、本系列に比べサンプルサイズが小さくなる。,営業利益及び経常利益については、標準誤差率の算出は行っていない。,継続標本PDFは利益水準とその符号を公表しないため、売上高と営業利益の増加率から得る利益率方向は代理指標である。
20261,2026年1 - 3 月,136,ガス・熱供給・水道業,24,1億円以上 - 10億円未満,False,True,True,136,1,interest_and_dividend_income,受取利息等,受取利息等の前年差による利益影響,1,3.89,1.03,2.8600000000000003,2.8600000000000003,INCREASES_PROFIT_CHANGE,41.03299856527995,CALCULABLE,会計的な利益影響であり因果を示さない,264.79,148.51,116.28000000000003,277.13,153.88,123.25,12.339999999999975,5.3700000000000045,6.96999999999997,12.34,5.37,6.97,6.970000000000001,3.019806626980426e-14,PASS,PASS,3.0,3.0,7.0,FORBIDDEN_WITHOUT_EXTERNAL_PRIMARY_EVIDENCE,継続標本のみを用い母集団推計を行うため、本系列に比べサンプルサイズが小さくなる。,営業利益及び経常利益については、標準誤差率の算出は行っていない。,継続標本PDFは利益水準とその符号を公表しないため、売上高と営業利益の増加率から得る利益率方向は代理指標である。
20261,2026年1 - 3 月,136,ガス・熱供給・水道業,24,1億円以上 - 10億円未満,False,True,True,136,2,other_non_operating_income,その他の営業外収益,その他の営業外収益の前年差による利益影響,1,28.46,12.73,15.73,15.73,INCREASES_PROFIT_CHANGE,225.6814921090397,CALCULABLE,原因は統計だけでは特定しない,264.79,148.51,116.28000000000003,277.13,153.88,123.25,12.339999999999975,5.3700000000000045,6.96999999999997,12.34,5.37,6.97,6.970000000000001,3.019806626980426e-14,PASS,PASS,16.0,16.0,7.0,FORBIDDEN_WITHOUT_EXTERNAL_PRIMARY_EVIDENCE,継続標本のみを用い母集団推計を行うため、本系列に比べサンプルサイズが小さくなる。,営業利益及び経常利益については、標準誤差率の算出は行っていない。,継続標本PDFは利益水準とその符号を公表しないため、売上高と営業利益の増加率から得る利益率方向は代理指標である。
20261,2026年1 - 3 月,136,ガス・熱供給・水道業,24,1億円以上 - 10億円未満,False,True,True,136,3,interest_expense,支払利息等,支払利息等の前年差による利益影響,-1,7.63,5.82,1.8099999999999996,-1.8099999999999996,REDUCES_PROFIT_CHANGE,-25.968436154949888,CALCULABLE,会計的な利益影響であり因果を示さない,264.79,148.51,116.28000000000003,277.13,153.88,123.25,12.339999999999975,5.3700000000000045,6.96999999999997,12.34,5.37,6.97,6.970000000000001,3.019806626980426e-14,PASS,PASS,2.0,-2.0,7.0,FORBIDDEN_WITHOUT_EXTERNAL_PRIMARY_EVIDENCE,継続標本のみを用い母集団推計を行うため、本系列に比べサンプルサイズが小さくなる。,営業利益及び経常利益については、標準誤差率の算出は行っていない。,継続標本PDFは利益水準とその符号を公表しないため、売上高と営業利益の増加率から得る利益率方向は代理指標である。
20261,2026年1 - 3 月,136,ガス・熱供給・水道業,24,1億円以上 - 10億円未満,False,True,True,136,4,other_non_operating_expense,その他の営業外費用,その他の営業外費用の前年差による利益影響,-1,12.38,2.57,9.81,-9.81,REDUCES_PROFIT_CHANGE,-140.74605451936932,CALCULABLE,会計的な利益影響であり因果を示さない,264.79,148.51,116.28000000000003,277.13,153.88,123.25,12.339999999999975,5.3700000000000045,6.96999999999997,12.34,5.37,6.97,6.970000000000001,3.019806626980426e-14,PASS,PASS,10.0,-10.0,7.0,FORBIDDEN_WITHOUT_EXTERNAL_PRIMARY_EVIDENCE,継続標本のみを用い母集団推計を行うため、本系列に比べサンプルサイズが小さくなる。,営業利益及び経常利益については、標準誤差率の算出は行っていない。,継続標本PDFは利益水準とその符号を公表しないため、売上高と営業利益の増加率から得る利益率方向は代理指標である。
20261,2026年1 - 3 月,136,ガス・熱供給・水道業,25,10億円以上,False,True,True,136,1,interest_and_dividend_income,受取利息等,受取利息等の前年差による利益影響,1,68.25,82.49,-14.239999999999995,-14.239999999999995,REDUCES_PROFIT_CHANGE,-111.59874608150476,CALCULABLE,会計的な利益影響であり因果を示さない,565.86,1019.21,-453.35,570.81,1011.4,-440.59000000000003,4.949999999999932,-7.810000000000059,12.759999999999991,4.950000000000003,-7.810000000000002,12.760000000000005,12.760000000000005,1.4210854715202004e-14,PASS,PASS,-14.0,-14.0,13.0,FORBIDDEN_WITHOUT_EXTERNAL_PRIMARY_EVIDENCE,継続標本のみを用い母集団推計を行うため、本系列に比べサンプルサイズが小さくなる。,営業利益及び経常利益については、標準誤差率の算出は行っていない。,継続標本PDFは利益水準とその符号を公表しないため、売上高と営業利益の増加率から得る利益率方向は代理指標である。
20261,2026年1 - 3 月,136,ガス・熱供給・水道業,25,10億円以上,False,True,True,136,2,other_non_operating_income,その他の営業外収益,その他の営業外収益の前年差による利益影響,1,252.04,110.12,141.92,141.92,INCREASES_PROFIT_CHANGE,1112.2257053291544,CALCULABLE,原因は統計だけでは特定しない,565.86,1019.21,-453.35,570.81,1011.4,-440.59000000000003,4.949999999999932,-7.810000000000059,12.759999999999991,4.950000000000003,-7.810000000000002,12.760000000000005,12.760000000000005,1.4210854715202004e-14,PASS,PASS,142.0,142.0,13.0,FORBIDDEN_WITHOUT_EXTERNAL_PRIMARY_EVIDENCE,継続標本のみを用い母集団推計を行うため、本系列に比べサンプルサイズが小さくなる。,営業利益及び経常利益については、標準誤差率の算出は行っていない。,継続標本PDFは利益水準とその符号を公表しないため、売上高と営業利益の増加率から得る利益率方向は代理指標である。
20261,2026年1 - 3 月,136,ガス・熱供給・水道業,25,10億円以上,False,True,True,136,3,interest_expense,支払利息等,支払利息等の前年差による利益影響,-1,100.67,108.43,-7.760000000000005,7.760000000000005,INCREASES_PROFIT_CHANGE,60.815047021943656,CALCULABLE,会計的な利益影響であり因果を示さない,565.86,1019.21,-453.35,570.81,1011.4,-440.59000000000003,4.949999999999932,-7.810000000000059,12.759999999999991,4.950000000000003,-7.810000000000002,12.760000000000005,12.760000000000005,1.4210854715202004e-14,PASS,PASS,-8.0,8.0,13.0,FORBIDDEN_WITHOUT_EXTERNAL_PRIMARY_EVIDENCE,継続標本のみを用い母集団推計を行うため、本系列に比べサンプルサイズが小さくなる。,営業利益及び経常利益については、標準誤差率の算出は行っていない。,継続標本PDFは利益水準とその符号を公表しないため、売上高と営業利益の増加率から得る利益率方向は代理指標である。
20261,2026年1 - 3 月,136,ガス・熱供給・水道業,25,10億円以上,False,True,True,136,4,other_non_operating_expense,その他の営業外費用,その他の営業外費用の前年差による利益影響,-1,214.67,91.99,122.67999999999999,-122.67999999999999,REDUCES_PROFIT_CHANGE,-961.4420062695931,CALCULABLE,会計的な利益影響であり因果を示さない,565.86,1019.21,-453.35,570.81,1011.4,-440.59000000000003,4.949999999999932,-7.810000000000059,12.759999999999991,4.950000000000003,-7.810000000000002,12.760000000000005,12.760000000000005,1.4210854715202004e-14,PASS,PASS,123.0,-123.0,13.0,FORBIDDEN_WITHOUT_EXTERNAL_PRIMARY_EVIDENCE,継続標本のみを用い母集団推計を行うため、本系列に比べサンプルサイズが小さくなる。,営業利益及び経常利益については、標準誤差率の算出は行っていない。,継続標本PDFは利益水準とその符号を公表しないため、売上高と営業利益の増加率から得る利益率方向は代理指標である。
20261,2026年1 - 3 月,136,ガス・熱供給・水道業,26,全規模,False,True,True,136,1,interest_and_dividend_income,受取利息等,受取利息等の前年差による利益影響,1,72.75,84.95,-12.200000000000003,-12.200000000000003,REDUCES_PROFIT_CHANGE,-67.5152185943551,CALCULABLE,会計的な利益影響であり因果を示さない,912.21,1234.93,-322.72,933.41,1238.06,-304.65,21.199999999999932,3.1299999999998818,18.07000000000005,21.200000000000003,3.1299999999999812,18.07000000000002,18.07000000000002,-2.842170943040401e-14,PASS,PASS,-12.0,-12.0,18.0,FORBIDDEN_WITHOUT_EXTERNAL_PRIMARY_EVIDENCE,継続標本のみを用い母集団推計を行うため、本系列に比べサンプルサイズが小さくなる。,営業利益及び経常利益については、標準誤差率の算出は行っていない。,継続標本PDFは利益水準とその符号を公表しないため、売上高と営業利益の増加率から得る利益率方向は代理指標である。
20261,2026年1 - 3 月,136,ガス・熱供給・水道業,26,全規模,False,True,True,136,2,other_non_operating_income,その他の営業外収益,その他の営業外収益の前年差による利益影響,1,291.69,135.42,156.27,156.27,INCREASES_PROFIT_CHANGE,864.8035417819567,CALCULABLE,原因は統計だけでは特定しない,912.21,1234.93,-322.72,933.41,1238.06,-304.65,21.199999999999932,3.1299999999998818,18.07000000000005,21.200000000000003,3.1299999999999812,18.07000000000002,18.07000000000002,-2.842170943040401e-14,PASS,PASS,156.0,156.0,18.0,FORBIDDEN_WITHOUT_EXTERNAL_PRIMARY_EVIDENCE,継続標本のみを用い母集団推計を行うため、本系列に比べサンプルサイズが小さくなる。,営業利益及び経常利益については、標準誤差率の算出は行っていない。,継続標本PDFは利益水準とその符号を公表しないため、売上高と営業利益の増加率から得る利益率方向は代理指標である。
20261,2026年1 - 3 月,136,ガス・熱供給・水道業,26,全規模,False,True,True,136,3,interest_expense,支払利息等,支払利息等の前年差による利益影響,-1,110.49,116.15,-5.660000000000011,5.660000000000011,INCREASES_PROFIT_CHANGE,31.32263420033202,CALCULABLE,会計的な利益影響であり因果を示さない,912.21,1234.93,-322.72,933.41,1238.06,-304.65,21.199999999999932,3.1299999999998818,18.07000000000005,21.200000000000003,3.1299999999999812,18.07000000000002,18.07000000000002,-2.842170943040401e-14,PASS,PASS,-6.0,6.0,18.0,FORBIDDEN_WITHOUT_EXTERNAL_PRIMARY_EVIDENCE,継続標本のみを用い母集団推計を行うため、本系列に比べサンプルサイズが小さくなる。,営業利益及び経常利益については、標準誤差率の算出は行っていない。,継続標本PDFは利益水準とその符号を公表しないため、売上高と営業利益の増加率から得る利益率方向は代理指標である。
20261,2026年1 - 3 月,136,ガス・熱供給・水道業,26,全規模,False,True,True,136,4,other_non_operating_expense,その他の営業外費用,その他の営業外費用の前年差による利益影響,-1,232.75,101.09,131.66,-131.66,REDUCES_PROFIT_CHANGE,-728.6109573879338,CALCULABLE,会計的な利益影響であり因果を示さない,912.21,1234.93,-322.72,933.41,1238.06,-304.65,21.199999999999932,3.1299999999998818,18.07000000000005,21.200000000000003,3.1299999999999812,18.07000000000002,18.07000000000002,-2.842170943040401e-14,PASS,PASS,132.0,-132.0,18.0,FORBIDDEN_WITHOUT_EXTERNAL_PRIMARY_EVIDENCE,継続標本のみを用い母集団推計を行うため、本系列に比べサンプルサイズが小さくなる。,営業利益及び経常利益については、標準誤差率の算出は行っていない。,継続標本PDFは利益水準とその符号を公表しないため、売上高と営業利益の増加率から得る利益率方向は代理指標である。
20261,2026年1 - 3 月,137,サービス業(集約),19,1千万円以上 - 1億円未満,False,True,False,137,1,interest_and_dividend_income,受取利息等,受取利息等の前年差による利益影響,1,895.12,494.58,400.54,400.54,INCREASES_PROFIT_CHANGE,22.12243725698125,CALCULABLE,会計的な利益影響であり因果を示さない,15780.73,17807.58,-2026.8500000000022,18141.69,18357.98,-216.29000000000087,2360.959999999999,550.3999999999978,1810.5600000000013,2360.96,550.4000000000003,1810.5599999999997,1810.5599999999997,-1.5916157281026244e-12,PASS,PASS,401.0,401.0,1811.0,FORBIDDEN_WITHOUT_EXTERNAL_PRIMARY_EVIDENCE,継続標本のみを用い母集団推計を行うため、本系列に比べサンプルサイズが小さくなる。,営業利益及び経常利益については、標準誤差率の算出は行っていない。,継続標本PDFは利益水準とその符号を公表しないため、売上高と営業利益の増加率から得る利益率方向は代理指標である。
20261,2026年1 - 3 月,137,サービス業(集約),19,1千万円以上 - 1億円未満,False,True,False,137,2,other_non_operating_income,その他の営業外収益,その他の営業外収益の前年差による利益影響,1,4362.3,3979.59,382.71000000000004,382.71000000000004,INCREASES_PROFIT_CHANGE,21.137659066808045,CALCULABLE,原因は統計だけでは特定しない,15780.73,17807.58,-2026.8500000000022,18141.69,18357.98,-216.29000000000087,2360.959999999999,550.3999999999978,1810.5600000000013,2360.96,550.4000000000003,1810.5599999999997,1810.5599999999997,-1.5916157281026244e-12,PASS,PASS,383.0,383.0,1811.0,FORBIDDEN_WITHOUT_EXTERNAL_PRIMARY_EVIDENCE,継続標本のみを用い母集団推計を行うため、本系列に比べサンプルサイズが小さくなる。,営業利益及び経常利益については、標準誤差率の算出は行っていない。,継続標本PDFは利益水準とその符号を公表しないため、売上高と営業利益の増加率から得る利益率方向は代理指標である。
20261,2026年1 - 3 月,137,サービス業(集約),19,1千万円以上 - 1億円未満,False,True,False,137,3,interest_expense,支払利息等,支払利息等の前年差による利益影響,-1,1845.65,1337.05,508.60000000000014,-508.60000000000014,REDUCES_PROFIT_CHANGE,-28.090756451042758,CALCULABLE,会計的な利益影響であり因果を示さない,15780.73,17807.58,-2026.8500000000022,18141.69,18357.98,-216.29000000000087,2360.959999999999,550.3999999999978,1810.5600000000013,2360.96,550.4000000000003,1810.5599999999997,1810.5599999999997,-1.5916157281026244e-12,PASS,PASS,509.0,-509.0,1811.0,FORBIDDEN_WITHOUT_EXTERNAL_PRIMARY_EVIDENCE,継続標本のみを用い母集団推計を行うため、本系列に比べサンプルサイズが小さくなる。,営業利益及び経常利益については、標準誤差率の算出は行っていない。,継続標本PDFは利益水準とその符号を公表しないため、売上高と営業利益の増加率から得る利益率方向は代理指標である。
20261,2026年1 - 3 月,137,サービス業(集約),19,1千万円以上 - 1億円未満,False,True,False,137,4,other_non_operating_expense,その他の営業外費用,その他の営業外費用の前年差による利益影響,-1,1050.81,2586.72,-1535.9099999999999,1535.9099999999999,INCREASES_PROFIT_CHANGE,84.83066012725338,CALCULABLE,会計的な利益影響であり因果を示さない,15780.73,17807.58,-2026.8500000000022,18141.69,18357.98,-216.29000000000087,2360.959999999999,550.3999999999978,1810.5600000000013,2360.96,550.4000000000003,1810.5599999999997,1810.5599999999997,-1.5916157281026244e-12,PASS,PASS,-1536.0,1536.0,1811.0,FORBIDDEN_WITHOUT_EXTERNAL_PRIMARY_EVIDENCE,継続標本のみを用い母集団推計を行うため、本系列に比べサンプルサイズが小さくなる。,営業利益及び経常利益については、標準誤差率の算出は行っていない。,継続標本PDFは利益水準とその符号を公表しないため、売上高と営業利益の増加率から得る利益率方向は代理指標である。
20261,2026年1 - 3 月,137,サービス業(集約),24,1億円以上 - 10億円未満,False,True,False,137,1,interest_and_dividend_income,受取利息等,受取利息等の前年差による利益影響,1,1044.48,720.26,324.22,324.22,INCREASES_PROFIT_CHANGE,33.966454694980726,CALCULABLE,会計的な利益影響であり因果を示さない,9132.65,7682.39,1450.2599999999993,10313.87,7909.08,2404.790000000001,1181.2200000000012,226.6899999999996,954.5300000000016,1181.2199999999998,226.69000000000005,954.5299999999997,954.5299999999999,-1.7053025658242404e-12,PASS,PASS,324.0,324.0,954.0,FORBIDDEN_WITHOUT_EXTERNAL_PRIMARY_EVIDENCE,継続標本のみを用い母集団推計を行うため、本系列に比べサンプルサイズが小さくなる。,営業利益及び経常利益については、標準誤差率の算出は行っていない。,継続標本PDFは利益水準とその符号を公表しないため、売上高と営業利益の増加率から得る利益率方向は代理指標である。
20261,2026年1 - 3 月,137,サービス業(集約),24,1億円以上 - 10億円未満,False,True,False,137,2,other_non_operating_income,その他の営業外収益,その他の営業外収益の前年差による利益影響,1,1773.8,1207.47,566.3299999999999,566.3299999999999,INCREASES_PROFIT_CHANGE,59.33077011723037,CALCULABLE,原因は統計だけでは特定しない,9132.65,7682.39,1450.2599999999993,10313.87,7909.08,2404.790000000001,1181.2200000000012,226.6899999999996,954.5300000000016,1181.2199999999998,226.69000000000005,954.5299999999997,954.5299999999999,-1.7053025658242404e-12,PASS,PASS,566.0,566.0,954.0,FORBIDDEN_WITHOUT_EXTERNAL_PRIMARY_EVIDENCE,継続標本のみを用い母集団推計を行うため、本系列に比べサンプルサイズが小さくなる。,営業利益及び経常利益については、標準誤差率の算出は行っていない。,継続標本PDFは利益水準とその符号を公表しないため、売上高と営業利益の増加率から得る利益率方向は代理指標である。
20261,2026年1 - 3 月,137,サービス業(集約),24,1億円以上 - 10億円未満,False,True,False,137,3,interest_expense,支払利息等,支払利息等の前年差による利益影響,-1,695.71,540.55,155.16000000000008,-155.16000000000008,REDUCES_PROFIT_CHANGE,-16.255120320995655,CALCULABLE,会計的な利益影響であり因果を示さない,9132.65,7682.39,1450.2599999999993,10313.87,7909.08,2404.790000000001,1181.2200000000012,226.6899999999996,954.5300000000016,1181.2199999999998,226.69000000000005,954.5299999999997,954.5299999999999,-1.7053025658242404e-12,PASS,PASS,155.0,-155.0,954.0,FORBIDDEN_WITHOUT_EXTERNAL_PRIMARY_EVIDENCE,継続標本のみを用い母集団推計を行うため、本系列に比べサンプルサイズが小さくなる。,営業利益及び経常利益については、標準誤差率の算出は行っていない。,継続標本PDFは利益水準とその符号を公表しないため、売上高と営業利益の増加率から得る利益率方向は代理指標である。
20261,2026年1 - 3 月,137,サービス業(集約),24,1億円以上 - 10億円未満,False,True,False,137,4,other_non_operating_expense,その他の営業外費用,その他の営業外費用の前年差による利益影響,-1,941.35,1160.49,-219.14,219.14,INCREASES_PROFIT_CHANGE,22.95789550878439,CALCULABLE,会計的な利益影響であり因果を示さない,9132.65,7682.39,1450.2599999999993,10313.87,7909.08,2404.790000000001,1181.2200000000012,226.6899999999996,954.5300000000016,1181.2199999999998,226.69000000000005,954.5299999999997,954.5299999999999,-1.7053025658242404e-12,PASS,PASS,-219.0,219.0,954.0,FORBIDDEN_WITHOUT_EXTERNAL_PRIMARY_EVIDENCE,継続標本のみを用い母集団推計を行うため、本系列に比べサンプルサイズが小さくなる。,営業利益及び経常利益については、標準誤差率の算出は行っていない。,継続標本PDFは利益水準とその符号を公表しないため、売上高と営業利益の増加率から得る利益率方向は代理指標である。
20261,2026年1 - 3 月,137,サービス業(集約),25,10億円以上,False,True,False,137,1,interest_and_dividend_income,受取利息等,受取利息等の前年差による利益影響,1,3585.28,2997.43,587.8500000000004,587.8500000000004,INCREASES_PROFIT_CHANGE,-37.929477046165815,CALCULABLE,会計的な利益影響であり因果を示さない,17515.94,19597.8,-2081.8600000000006,14626.54,18258.25,-3631.709999999999,-2889.399999999998,-1339.5499999999993,-1549.8499999999985,-2889.399999999999,-1339.5500000000006,-1549.8499999999985,-1549.8499999999985,0.0,PASS,PASS,588.0,588.0,-1549.0,FORBIDDEN_WITHOUT_EXTERNAL_PRIMARY_EVIDENCE,継続標本のみを用い母集団推計を行うため、本系列に比べサンプルサイズが小さくなる。,営業利益及び経常利益については、標準誤差率の算出は行っていない。,継続標本PDFは利益水準とその符号を公表しないため、売上高と営業利益の増加率から得る利益率方向は代理指標である。
20261,2026年1 - 3 月,137,サービス業(集約),25,10億円以上,False,True,False,137,2,other_non_operating_income,その他の営業外収益,その他の営業外収益の前年差による利益影響,1,4661.77,2451.04,2210.7300000000005,2210.7300000000005,INCREASES_PROFIT_CHANGE,-142.6415459560604,CALCULABLE,原因は統計だけでは特定しない,17515.94,19597.8,-2081.8600000000006,14626.54,18258.25,-3631.709999999999,-2889.399999999998,-1339.5499999999993,-1549.8499999999985,-2889.399999999999,-1339.5500000000006,-1549.8499999999985,-1549.8499999999985,0.0,PASS,PASS,2211.0,2211.0,-1549.0,FORBIDDEN_WITHOUT_EXTERNAL_PRIMARY_EVIDENCE,継続標本のみを用い母集団推計を行うため、本系列に比べサンプルサイズが小さくなる。,営業利益及び経常利益については、標準誤差率の算出は行っていない。,継続標本PDFは利益水準とその符号を公表しないため、売上高と営業利益の増加率から得る利益率方向は代理指標である。
20261,2026年1 - 3 月,137,サービス業(集約),25,10億円以上,False,True,False,137,3,interest_expense,支払利息等,支払利息等の前年差による利益影響,-1,5927.96,4409.01,1518.9499999999998,-1518.9499999999998,REDUCES_PROFIT_CHANGE,98.00625867019397,CALCULABLE,会計的な利益影響であり因果を示さない,17515.94,19597.8,-2081.8600000000006,14626.54,18258.25,-3631.709999999999,-2889.399999999998,-1339.5499999999993,-1549.8499999999985,-2889.399999999999,-1339.5500000000006,-1549.8499999999985,-1549.8499999999985,0.0,PASS,PASS,1519.0,-1519.0,-1549.0,FORBIDDEN_WITHOUT_EXTERNAL_PRIMARY_EVIDENCE,継続標本のみを用い母集団推計を行うため、本系列に比べサンプルサイズが小さくなる。,営業利益及び経常利益については、標準誤差率の算出は行っていない。,継続標本PDFは利益水準とその符号を公表しないため、売上高と営業利益の増加率から得る利益率方向は代理指標である。
20261,2026年1 - 3 月,137,サービス業(集約),25,10億円以上,False,True,False,137,4,other_non_operating_expense,その他の営業外費用,その他の営業外費用の前年差による利益影響,-1,5208.49,2379.01,2829.4799999999996,-2829.4799999999996,REDUCES_PROFIT_CHANGE,182.56476433203227,CALCULABLE,会計的な利益影響であり因果を示さない,17515.94,19597.8,-2081.8600000000006,14626.54,18258.25,-3631.709999999999,-2889.399999999998,-1339.5499999999993,-1549.8499999999985,-2889.399999999999,-1339.5500000000006,-1549.8499999999985,-1549.8499999999985,0.0,PASS,PASS,2829.0,-2829.0,-1549.0,FORBIDDEN_WITHOUT_EXTERNAL_PRIMARY_EVIDENCE,継続標本のみを用い母集団推計を行うため、本系列に比べサンプルサイズが小さくなる。,営業利益及び経常利益については、標準誤差率の算出は行っていない。,継続標本PDFは利益水準とその符号を公表しないため、売上高と営業利益の増加率から得る利益率方向は代理指標である。
20261,2026年1 - 3 月,137,サービス業(集約),26,全規模,False,True,False,137,1,interest_and_dividend_income,受取利息等,受取利息等の前年差による利益影響,1,5524.88,4212.27,1312.6099999999997,1312.6099999999997,INCREASES_PROFIT_CHANGE,108.01240907145927,CALCULABLE,会計的な利益影響であり因果を示さない,42429.32,45087.77,-2658.449999999997,43082.1,44525.31,-1443.2099999999991,652.7799999999988,-562.4599999999991,1215.239999999998,652.7800000000016,-562.4599999999991,1215.2400000000007,1215.2400000000007,2.7284841053187847e-12,PASS,PASS,1313.0,1313.0,1216.0,FORBIDDEN_WITHOUT_EXTERNAL_PRIMARY_EVIDENCE,継続標本のみを用い母集団推計を行うため、本系列に比べサンプルサイズが小さくなる。,営業利益及び経常利益については、標準誤差率の算出は行っていない。,継続標本PDFは利益水準とその符号を公表しないため、売上高と営業利益の増加率から得る利益率方向は代理指標である。
20261,2026年1 - 3 月,137,サービス業(集約),26,全規模,False,True,False,137,2,other_non_operating_income,その他の営業外収益,その他の営業外収益の前年差による利益影響,1,10797.87,7638.1,3159.7700000000004,3159.7700000000004,INCREASES_PROFIT_CHANGE,260.0120140877527,CALCULABLE,原因は統計だけでは特定しない,42429.32,45087.77,-2658.449999999997,43082.1,44525.31,-1443.2099999999991,652.7799999999988,-562.4599999999991,1215.239999999998,652.7800000000016,-562.4599999999991,1215.2400000000007,1215.2400000000007,2.7284841053187847e-12,PASS,PASS,3160.0,3160.0,1216.0,FORBIDDEN_WITHOUT_EXTERNAL_PRIMARY_EVIDENCE,継続標本のみを用い母集団推計を行うため、本系列に比べサンプルサイズが小さくなる。,営業利益及び経常利益については、標準誤差率の算出は行っていない。,継続標本PDFは利益水準とその符号を公表しないため、売上高と営業利益の増加率から得る利益率方向は代理指標である。
20261,2026年1 - 3 月,137,サービス業(集約),26,全規模,False,True,False,137,3,interest_expense,支払利息等,支払利息等の前年差による利益影響,-1,8469.32,6286.61,2182.71,-2182.71,REDUCES_PROFIT_CHANGE,-179.6114347783157,CALCULABLE,会計的な利益影響であり因果を示さない,42429.32,45087.77,-2658.449999999997,43082.1,44525.31,-1443.2099999999991,652.7799999999988,-562.4599999999991,1215.239999999998,652.7800000000016,-562.4599999999991,1215.2400000000007,1215.2400000000007,2.7284841053187847e-12,PASS,PASS,2183.0,-2183.0,1216.0,FORBIDDEN_WITHOUT_EXTERNAL_PRIMARY_EVIDENCE,継続標本のみを用い母集団推計を行うため、本系列に比べサンプルサイズが小さくなる。,営業利益及び経常利益については、標準誤差率の算出は行っていない。,継続標本PDFは利益水準とその符号を公表しないため、売上高と営業利益の増加率から得る利益率方向は代理指標である。
20261,2026年1 - 3 月,137,サービス業(集約),26,全規模,False,True,False,137,4,other_non_operating_expense,その他の営業外費用,その他の営業外費用の前年差による利益影響,-1,7200.65,6126.22,1074.4299999999994,-1074.4299999999994,REDUCES_PROFIT_CHANGE,-88.41298838089605,CALCULABLE,会計的な利益影響であり因果を示さない,42429.32,45087.77,-2658.449999999997,43082.1,44525.31,-1443.2099999999991,652.7799999999988,-562.4599999999991,1215.239999999998,652.7800000000016,-562.4599999999991,1215.2400000000007,1215.2400000000007,2.7284841053187847e-12,PASS,PASS,1074.0,-1074.0,1216.0,FORBIDDEN_WITHOUT_EXTERNAL_PRIMARY_EVIDENCE,継続標本のみを用い母集団推計を行うため、本系列に比べサンプルサイズが小さくなる。,営業利益及び経常利益については、標準誤差率の算出は行っていない。,継続標本PDFは利益水準とその符号を公表しないため、売上高と営業利益の増加率から得る利益率方向は代理指標である。
20261,2026年1 - 3 月,138,広告業,19,1千万円以上 - 1億円未満,False,False,True,137,1,interest_and_dividend_income,受取利息等,受取利息等の前年差による利益影響,1,19.18,12.6,6.58,6.58,INCREASES_PROFIT_CHANGE,-5.6607019958706175,CALCULABLE,会計的な利益影響であり因果を示さない,800.72,1046.68,-245.96000000000004,855.39,1217.59,-362.19999999999993,54.66999999999996,170.90999999999985,-116.2399999999999,54.67,170.91,-116.24,-116.23999999999998,-8.526512829121202e-14,PASS,PASS,7.0,7.0,-116.0,FORBIDDEN_WITHOUT_EXTERNAL_PRIMARY_EVIDENCE,継続標本のみを用い母集団推計を行うため、本系列に比べサンプルサイズが小さくなる。,営業利益及び経常利益については、標準誤差率の算出は行っていない。,継続標本PDFは利益水準とその符号を公表しないため、売上高と営業利益の増加率から得る利益率方向は代理指標である。
20261,2026年1 - 3 月,138,広告業,19,1千万円以上 - 1億円未満,False,False,True,137,2,other_non_operating_income,その他の営業外収益,その他の営業外収益の前年差による利益影響,1,52.46,183.89,-131.42999999999998,-131.42999999999998,REDUCES_PROFIT_CHANGE,113.06779077770139,CALCULABLE,原因は統計だけでは特定しない,800.72,1046.68,-245.96000000000004,855.39,1217.59,-362.19999999999993,54.66999999999996,170.90999999999985,-116.2399999999999,54.67,170.91,-116.24,-116.23999999999998,-8.526512829121202e-14,PASS,PASS,-131.0,-131.0,-116.0,FORBIDDEN_WITHOUT_EXTERNAL_PRIMARY_EVIDENCE,継続標本のみを用い母集団推計を行うため、本系列に比べサンプルサイズが小さくなる。,営業利益及び経常利益については、標準誤差率の算出は行っていない。,継続標本PDFは利益水準とその符号を公表しないため、売上高と営業利益の増加率から得る利益率方向は代理指標である。
20261,2026年1 - 3 月,138,広告業,19,1千万円以上 - 1億円未満,False,False,True,137,3,interest_expense,支払利息等,支払利息等の前年差による利益影響,-1,8.11,18.47,-10.36,10.36,INCREASES_PROFIT_CHANGE,-8.912594631796292,CALCULABLE,会計的な利益影響であり因果を示さない,800.72,1046.68,-245.96000000000004,855.39,1217.59,-362.19999999999993,54.66999999999996,170.90999999999985,-116.2399999999999,54.67,170.91,-116.24,-116.23999999999998,-8.526512829121202e-14,PASS,PASS,-10.0,10.0,-116.0,FORBIDDEN_WITHOUT_EXTERNAL_PRIMARY_EVIDENCE,継続標本のみを用い母集団推計を行うため、本系列に比べサンプルサイズが小さくなる。,営業利益及び経常利益については、標準誤差率の算出は行っていない。,継続標本PDFは利益水準とその符号を公表しないため、売上高と営業利益の増加率から得る利益率方向は代理指標である。
20261,2026年1 - 3 月,138,広告業,19,1千万円以上 - 1億円未満,False,False,True,137,4,other_non_operating_expense,その他の営業外費用,その他の営業外費用の前年差による利益影響,-1,8.86,7.11,1.7499999999999991,-1.7499999999999991,REDUCES_PROFIT_CHANGE,1.5055058499655891,CALCULABLE,会計的な利益影響であり因果を示さない,800.72,1046.68,-245.96000000000004,855.39,1217.59,-362.19999999999993,54.66999999999996,170.90999999999985,-116.2399999999999,54.67,170.91,-116.24,-116.23999999999998,-8.526512829121202e-14,PASS,PASS,2.0,-2.0,-116.0,FORBIDDEN_WITHOUT_EXTERNAL_PRIMARY_EVIDENCE,継続標本のみを用い母集団推計を行うため、本系列に比べサンプルサイズが小さくなる。,営業利益及び経常利益については、標準誤差率の算出は行っていない。,継続標本PDFは利益水準とその符号を公表しないため、売上高と営業利益の増加率から得る利益率方向は代理指標である。
20261,2026年1 - 3 月,138,広告業,24,1億円以上 - 10億円未満,False,False,True,137,1,interest_and_dividend_income,受取利息等,受取利息等の前年差による利益影響,1,11.06,28.64,-17.58,-17.58,REDUCES_PROFIT_CHANGE,-375.64102564102507,CALCULABLE,会計的な利益影響であり因果を示さない,538.85,361.17,177.68,550.38,368.02,182.36,11.529999999999973,6.849999999999966,4.680000000000007,11.530000000000001,6.849999999999994,4.680000000000007,4.680000000000014,7.105427357601002e-15,PASS,PASS,-18.0,-18.0,5.0,FORBIDDEN_WITHOUT_EXTERNAL_PRIMARY_EVIDENCE,継続標本のみを用い母集団推計を行うため、本系列に比べサンプルサイズが小さくなる。,営業利益及び経常利益については、標準誤差率の算出は行っていない。,継続標本PDFは利益水準とその符号を公表しないため、売上高と営業利益の増加率から得る利益率方向は代理指標である。
20261,2026年1 - 3 月,138,広告業,24,1億円以上 - 10億円未満,False,False,True,137,2,other_non_operating_income,その他の営業外収益,その他の営業外収益の前年差による利益影響,1,14.76,142.26,-127.49999999999999,-127.49999999999999,REDUCES_PROFIT_CHANGE,-2724.35897435897,CALCULABLE,原因は統計だけでは特定しない,538.85,361.17,177.68,550.38,368.02,182.36,11.529999999999973,6.849999999999966,4.680000000000007,11.530000000000001,6.849999999999994,4.680000000000007,4.680000000000014,7.105427357601002e-15,PASS,PASS,-127.0,-127.0,5.0,FORBIDDEN_WITHOUT_EXTERNAL_PRIMARY_EVIDENCE,継続標本のみを用い母集団推計を行うため、本系列に比べサンプルサイズが小さくなる。,営業利益及び経常利益については、標準誤差率の算出は行っていない。,継続標本PDFは利益水準とその符号を公表しないため、売上高と営業利益の増加率から得る利益率方向は代理指標である。
20261,2026年1 - 3 月,138,広告業,24,1億円以上 - 10億円未満,False,False,True,137,3,interest_expense,支払利息等,支払利息等の前年差による利益影響,-1,6.9,66.1,-59.199999999999996,59.199999999999996,INCREASES_PROFIT_CHANGE,1264.9572649572629,CALCULABLE,会計的な利益影響であり因果を示さない,538.85,361.17,177.68,550.38,368.02,182.36,11.529999999999973,6.849999999999966,4.680000000000007,11.530000000000001,6.849999999999994,4.680000000000007,4.680000000000014,7.105427357601002e-15,PASS,PASS,-59.0,59.0,5.0,FORBIDDEN_WITHOUT_EXTERNAL_PRIMARY_EVIDENCE,継続標本のみを用い母集団推計を行うため、本系列に比べサンプルサイズが小さくなる。,営業利益及び経常利益については、標準誤差率の算出は行っていない。,継続標本PDFは利益水準とその符号を公表しないため、売上高と営業利益の増加率から得る利益率方向は代理指標である。
20261,2026年1 - 3 月,138,広告業,24,1億円以上 - 10億円未満,False,False,True,137,4,other_non_operating_expense,その他の営業外費用,その他の営業外費用の前年差による利益影響,-1,7.39,97.95,-90.56,90.56,INCREASES_PROFIT_CHANGE,1935.0427350427324,CALCULABLE,会計的な利益影響であり因果を示さない,538.85,361.17,177.68,550.38,368.02,182.36,11.529999999999973,6.849999999999966,4.680000000000007,11.530000000000001,6.849999999999994,4.680000000000007,4.680000000000014,7.105427357601002e-15,PASS,PASS,-91.0,91.0,5.0,FORBIDDEN_WITHOUT_EXTERNAL_PRIMARY_EVIDENCE,継続標本のみを用い母集団推計を行うため、本系列に比べサンプルサイズが小さくなる。,営業利益及び経常利益については、標準誤差率の算出は行っていない。,継続標本PDFは利益水準とその符号を公表しないため、売上高と営業利益の増加率から得る利益率方向は代理指標である。
20261,2026年1 - 3 月,138,広告業,25,10億円以上,False,False,True,137,1,interest_and_dividend_income,受取利息等,受取利息等の前年差による利益影響,1,14.26,10.9,3.3599999999999994,3.3599999999999994,INCREASES_PROFIT_CHANGE,-21.832358674463872,CALCULABLE,会計的な利益影響であり因果を示さない,466.92,518.43,-51.509999999999934,493.02,559.92,-66.89999999999998,26.099999999999966,41.49000000000001,-15.390000000000043,26.1,41.49,-15.39,-15.39,4.263256414560601e-14,PASS,PASS,3.0,3.0,-15.0,FORBIDDEN_WITHOUT_EXTERNAL_PRIMARY_EVIDENCE,継続標本のみを用い母集団推計を行うため、本系列に比べサンプルサイズが小さくなる。,営業利益及び経常利益については、標準誤差率の算出は行っていない。,継続標本PDFは利益水準とその符号を公表しないため、売上高と営業利益の増加率から得る利益率方向は代理指標である。
20261,2026年1 - 3 月,138,広告業,25,10億円以上,False,False,True,137,2,other_non_operating_income,その他の営業外収益,その他の営業外収益の前年差による利益影響,1,29.36,53.71,-24.35,-24.35,REDUCES_PROFIT_CHANGE,158.2196231319034,CALCULABLE,原因は統計だけでは特定しない,466.92,518.43,-51.509999999999934,493.02,559.92,-66.89999999999998,26.099999999999966,41.49000000000001,-15.390000000000043,26.1,41.49,-15.39,-15.39,4.263256414560601e-14,PASS,PASS,-24.0,-24.0,-15.0,FORBIDDEN_WITHOUT_EXTERNAL_PRIMARY_EVIDENCE,継続標本のみを用い母集団推計を行うため、本系列に比べサンプルサイズが小さくなる。,営業利益及び経常利益については、標準誤差率の算出は行っていない。,継続標本PDFは利益水準とその符号を公表しないため、売上高と営業利益の増加率から得る利益率方向は代理指標である。
20261,2026年1 - 3 月,138,広告業,25,10億円以上,False,False,True,137,3,interest_expense,支払利息等,支払利息等の前年差による利益影響,-1,2.15,1.89,0.26,-0.26,REDUCES_PROFIT_CHANGE,1.689408706952562,CALCULABLE,会計的な利益影響であり因果を示さない,466.92,518.43,-51.509999999999934,493.02,559.92,-66.89999999999998,26.099999999999966,41.49000000000001,-15.390000000000043,26.1,41.49,-15.39,-15.39,4.263256414560601e-14,PASS,PASS,0.0,-0.0,-15.0,FORBIDDEN_WITHOUT_EXTERNAL_PRIMARY_EVIDENCE,継続標本のみを用い母集団推計を行うため、本系列に比べサンプルサイズが小さくなる。,営業利益及び経常利益については、標準誤差率の算出は行っていない。,継続標本PDFは利益水準とその符号を公表しないため、売上高と営業利益の増加率から得る利益率方向は代理指標である。
20261,2026年1 - 3 月,138,広告業,25,10億円以上,False,False,True,137,4,other_non_operating_expense,その他の営業外費用,その他の営業外費用の前年差による利益影響,-1,15.37,21.23,-5.860000000000001,5.860000000000001,INCREASES_PROFIT_CHANGE,-38.07667316439237,CALCULABLE,会計的な利益影響であり因果を示さない,466.92,518.43,-51.509999999999934,493.02,559.92,-66.89999999999998,26.099999999999966,41.49000000000001,-15.390000000000043,26.1,41.49,-15.39,-15.39,4.263256414560601e-14,PASS,PASS,-6.0,6.0,-15.0,FORBIDDEN_WITHOUT_EXTERNAL_PRIMARY_EVIDENCE,継続標本のみを用い母集団推計を行うため、本系列に比べサンプルサイズが小さくなる。,営業利益及び経常利益については、標準誤差率の算出は行っていない。,継続標本PDFは利益水準とその符号を公表しないため、売上高と営業利益の増加率から得る利益率方向は代理指標である。
20261,2026年1 - 3 月,138,広告業,26,全規模,False,False,True,137,1,interest_and_dividend_income,受取利息等,受取利息等の前年差による利益影響,1,44.5,52.14,-7.640000000000001,-7.640000000000001,REDUCES_PROFIT_CHANGE,6.018117369042917,CALCULABLE,会計的な利益影響であり因果を示さない,1806.49,1926.28,-119.78999999999996,1898.79,2145.53,-246.74000000000024,92.29999999999995,219.25000000000023,-126.95000000000027,92.3,219.25,-126.95,-126.95000000000003,2.4158453015843406e-13,PASS,PASS,-8.0,-8.0,-127.0,FORBIDDEN_WITHOUT_EXTERNAL_PRIMARY_EVIDENCE,継続標本のみを用い母集団推計を行うため、本系列に比べサンプルサイズが小さくなる。,営業利益及び経常利益については、標準誤差率の算出は行っていない。,継続標本PDFは利益水準とその符号を公表しないため、売上高と営業利益の増加率から得る利益率方向は代理指標である。
20261,2026年1 - 3 月,138,広告業,26,全規模,False,False,True,137,2,other_non_operating_income,その他の営業外収益,その他の営業外収益の前年差による利益影響,1,96.58,379.86,-283.28000000000003,-283.28000000000003,REDUCES_PROFIT_CHANGE,223.1429696730992,CALCULABLE,原因は統計だけでは特定しない,1806.49,1926.28,-119.78999999999996,1898.79,2145.53,-246.74000000000024,92.29999999999995,219.25000000000023,-126.95000000000027,92.3,219.25,-126.95,-126.95000000000003,2.4158453015843406e-13,PASS,PASS,-283.0,-283.0,-127.0,FORBIDDEN_WITHOUT_EXTERNAL_PRIMARY_EVIDENCE,継続標本のみを用い母集団推計を行うため、本系列に比べサンプルサイズが小さくなる。,営業利益及び経常利益については、標準誤差率の算出は行っていない。,継続標本PDFは利益水準とその符号を公表しないため、売上高と営業利益の増加率から得る利益率方向は代理指標である。
20261,2026年1 - 3 月,138,広告業,26,全規模,False,False,True,137,3,interest_expense,支払利息等,支払利息等の前年差による利益影響,-1,17.16,86.46,-69.3,69.3,INCREASES_PROFIT_CHANGE,-54.58842063804635,CALCULABLE,会計的な利益影響であり因果を示さない,1806.49,1926.28,-119.78999999999996,1898.79,2145.53,-246.74000000000024,92.29999999999995,219.25000000000023,-126.95000000000027,92.3,219.25,-126.95,-126.95000000000003,2.4158453015843406e-13,PASS,PASS,-69.0,69.0,-127.0,FORBIDDEN_WITHOUT_EXTERNAL_PRIMARY_EVIDENCE,継続標本のみを用い母集団推計を行うため、本系列に比べサンプルサイズが小さくなる。,営業利益及び経常利益については、標準誤差率の算出は行っていない。,継続標本PDFは利益水準とその符号を公表しないため、売上高と営業利益の増加率から得る利益率方向は代理指標である。
20261,2026年1 - 3 月,138,広告業,26,全規模,False,False,True,137,4,other_non_operating_expense,その他の営業外費用,その他の営業外費用の前年差による利益影響,-1,31.62,126.29,-94.67,94.67,INCREASES_PROFIT_CHANGE,-74.57266640409594,CALCULABLE,会計的な利益影響であり因果を示さない,1806.49,1926.28,-119.78999999999996,1898.79,2145.53,-246.74000000000024,92.29999999999995,219.25000000000023,-126.95000000000027,92.3,219.25,-126.95,-126.95000000000003,2.4158453015843406e-13,PASS,PASS,-95.0,95.0,-127.0,FORBIDDEN_WITHOUT_EXTERNAL_PRIMARY_EVIDENCE,継続標本のみを用い母集団推計を行うため、本系列に比べサンプルサイズが小さくなる。,営業利益及び経常利益については、標準誤差率の算出は行っていない。,継続標本PDFは利益水準とその符号を公表しないため、売上高と営業利益の増加率から得る利益率方向は代理指標である。
20261,2026年1 - 3 月,139,宿泊業,19,1千万円以上 - 1億円未満,False,False,True,137,1,interest_and_dividend_income,受取利息等,受取利息等の前年差による利益影響,1,19.77,4.59,15.18,15.18,INCREASES_PROFIT_CHANGE,36.350574712643684,CALCULABLE,会計的な利益影響であり因果を示さない,250.93,149.99,100.94,251.98,109.28,142.7,1.049999999999983,-40.71000000000001,41.75999999999999,1.0499999999999972,-40.71000000000001,41.760000000000005,41.760000000000005,1.4210854715202004e-14,PASS,PASS,15.0,15.0,41.0,FORBIDDEN_WITHOUT_EXTERNAL_PRIMARY_EVIDENCE,継続標本のみを用い母集団推計を行うため、本系列に比べサンプルサイズが小さくなる。,営業利益及び経常利益については、標準誤差率の算出は行っていない。,継続標本PDFは利益水準とその符号を公表しないため、売上高と営業利益の増加率から得る利益率方向は代理指標である。
20261,2026年1 - 3 月,139,宿泊業,19,1千万円以上 - 1億円未満,False,False,True,137,2,other_non_operating_income,その他の営業外収益,その他の営業外収益の前年差による利益影響,1,148.34,138.0,10.340000000000003,10.340000000000003,INCREASES_PROFIT_CHANGE,24.760536398467448,CALCULABLE,原因は統計だけでは特定しない,250.93,149.99,100.94,251.98,109.28,142.7,1.049999999999983,-40.71000000000001,41.75999999999999,1.0499999999999972,-40.71000000000001,41.760000000000005,41.760000000000005,1.4210854715202004e-14,PASS,PASS,10.0,10.0,41.0,FORBIDDEN_WITHOUT_EXTERNAL_PRIMARY_EVIDENCE,継続標本のみを用い母集団推計を行うため、本系列に比べサンプルサイズが小さくなる。,営業利益及び経常利益については、標準誤差率の算出は行っていない。,継続標本PDFは利益水準とその符号を公表しないため、売上高と営業利益の増加率から得る利益率方向は代理指標である。
20261,2026年1 - 3 月,139,宿泊業,19,1千万円以上 - 1億円未満,False,False,True,137,3,interest_expense,支払利息等,支払利息等の前年差による利益影響,-1,142.9,154.09,-11.189999999999998,11.189999999999998,INCREASES_PROFIT_CHANGE,26.795977011494255,CALCULABLE,会計的な利益影響であり因果を示さない,250.93,149.99,100.94,251.98,109.28,142.7,1.049999999999983,-40.71000000000001,41.75999999999999,1.0499999999999972,-40.71000000000001,41.760000000000005,41.760000000000005,1.4210854715202004e-14,PASS,PASS,-11.0,11.0,41.0,FORBIDDEN_WITHOUT_EXTERNAL_PRIMARY_EVIDENCE,継続標本のみを用い母集団推計を行うため、本系列に比べサンプルサイズが小さくなる。,営業利益及び経常利益については、標準誤差率の算出は行っていない。,継続標本PDFは利益水準とその符号を公表しないため、売上高と営業利益の増加率から得る利益率方向は代理指標である。
20261,2026年1 - 3 月,139,宿泊業,19,1千万円以上 - 1億円未満,False,False,True,137,4,other_non_operating_expense,その他の営業外費用,その他の営業外費用の前年差による利益影響,-1,24.16,29.21,-5.050000000000001,5.050000000000001,INCREASES_PROFIT_CHANGE,12.092911877394641,CALCULABLE,会計的な利益影響であり因果を示さない,250.93,149.99,100.94,251.98,109.28,142.7,1.049999999999983,-40.71000000000001,41.75999999999999,1.0499999999999972,-40.71000000000001,41.760000000000005,41.760000000000005,1.4210854715202004e-14,PASS,PASS,-5.0,5.0,41.0,FORBIDDEN_WITHOUT_EXTERNAL_PRIMARY_EVIDENCE,継続標本のみを用い母集団推計を行うため、本系列に比べサンプルサイズが小さくなる。,営業利益及び経常利益については、標準誤差率の算出は行っていない。,継続標本PDFは利益水準とその符号を公表しないため、売上高と営業利益の増加率から得る利益率方向は代理指標である。
20261,2026年1 - 3 月,139,宿泊業,24,1億円以上 - 10億円未満,False,False,True,137,1,interest_and_dividend_income,受取利息等,受取利息等の前年差による利益影響,1,32.89,9.65,23.240000000000002,23.240000000000002,INCREASES_PROFIT_CHANGE,62.50672404518558,CALCULABLE,会計的な利益影響であり因果を示さない,401.4,509.89,-108.49000000000001,352.88,424.19,-71.31,-48.51999999999998,-85.69999999999999,37.18000000000001,-48.519999999999996,-85.7,37.18000000000001,37.18000000000001,0.0,PASS,PASS,23.0,23.0,37.0,FORBIDDEN_WITHOUT_EXTERNAL_PRIMARY_EVIDENCE,継続標本のみを用い母集団推計を行うため、本系列に比べサンプルサイズが小さくなる。,営業利益及び経常利益については、標準誤差率の算出は行っていない。,継続標本PDFは利益水準とその符号を公表しないため、売上高と営業利益の増加率から得る利益率方向は代理指標である。
20261,2026年1 - 3 月,139,宿泊業,24,1億円以上 - 10億円未満,False,False,True,137,2,other_non_operating_income,その他の営業外収益,その他の営業外収益の前年差による利益影響,1,23.09,23.33,-0.23999999999999844,-0.23999999999999844,REDUCES_PROFIT_CHANGE,-0.6455083378160258,CALCULABLE,原因は統計だけでは特定しない,401.4,509.89,-108.49000000000001,352.88,424.19,-71.31,-48.51999999999998,-85.69999999999999,37.18000000000001,-48.519999999999996,-85.7,37.18000000000001,37.18000000000001,0.0,PASS,PASS,-0.0,-0.0,37.0,FORBIDDEN_WITHOUT_EXTERNAL_PRIMARY_EVIDENCE,継続標本のみを用い母集団推計を行うため、本系列に比べサンプルサイズが小さくなる。,営業利益及び経常利益については、標準誤差率の算出は行っていない。,継続標本PDFは利益水準とその符号を公表しないため、売上高と営業利益の増加率から得る利益率方向は代理指標である。
20261,2026年1 - 3 月,139,宿泊業,24,1億円以上 - 10億円未満,False,False,True,137,3,interest_expense,支払利息等,支払利息等の前年差による利益影響,-1,45.27,39.77,5.5,-5.5,REDUCES_PROFIT_CHANGE,-14.792899408284022,CALCULABLE,会計的な利益影響であり因果を示さない,401.4,509.89,-108.49000000000001,352.88,424.19,-71.31,-48.51999999999998,-85.69999999999999,37.18000000000001,-48.519999999999996,-85.7,37.18000000000001,37.18000000000001,0.0,PASS,PASS,6.0,-6.0,37.0,FORBIDDEN_WITHOUT_EXTERNAL_PRIMARY_EVIDENCE,継続標本のみを用い母集団推計を行うため、本系列に比べサンプルサイズが小さくなる。,営業利益及び経常利益については、標準誤差率の算出は行っていない。,継続標本PDFは利益水準とその符号を公表しないため、売上高と営業利益の増加率から得る利益率方向は代理指標である。
20261,2026年1 - 3 月,139,宿泊業,24,1億円以上 - 10億円未満,False,False,True,137,4,other_non_operating_expense,その他の営業外費用,その他の営業外費用の前年差による利益影響,-1,59.23,78.91,-19.68,19.68,INCREASES_PROFIT_CHANGE,52.931683700914455,CALCULABLE,会計的な利益影響であり因果を示さない,401.4,509.89,-108.49000000000001,352.88,424.19,-71.31,-48.51999999999998,-85.69999999999999,37.18000000000001,-48.519999999999996,-85.7,37.18000000000001,37.18000000000001,0.0,PASS,PASS,-20.0,20.0,37.0,FORBIDDEN_WITHOUT_EXTERNAL_PRIMARY_EVIDENCE,継続標本のみを用い母集団推計を行うため、本系列に比べサンプルサイズが小さくなる。,営業利益及び経常利益については、標準誤差率の算出は行っていない。,継続標本PDFは利益水準とその符号を公表しないため、売上高と営業利益の増加率から得る利益率方向は代理指標である。
20261,2026年1 - 3 月,139,宿泊業,25,10億円以上,False,False,True,137,1,interest_and_dividend_income,受取利息等,受取利息等の前年差による利益影響,1,3.49,2.51,0.9800000000000004,0.9800000000000004,INCREASES_PROFIT_CHANGE,17.132867132867187,CALCULABLE,会計的な利益影響であり因果を示さない,164.56,100.67,63.89,172.89,103.28,69.60999999999999,8.329999999999984,2.6099999999999994,5.719999999999985,8.329999999999998,2.6100000000000003,5.719999999999998,5.719999999999998,1.3322676295501878e-14,PASS,PASS,1.0,1.0,6.0,FORBIDDEN_WITHOUT_EXTERNAL_PRIMARY_EVIDENCE,継続標本のみを用い母集団推計を行うため、本系列に比べサンプルサイズが小さくなる。,営業利益及び経常利益については、標準誤差率の算出は行っていない。,継続標本PDFは利益水準とその符号を公表しないため、売上高と営業利益の増加率から得る利益率方向は代理指標である。
20261,2026年1 - 3 月,139,宿泊業,25,10億円以上,False,False,True,137,2,other_non_operating_income,その他の営業外収益,その他の営業外収益の前年差による利益影響,1,21.38,12.68,8.7,8.7,INCREASES_PROFIT_CHANGE,152.0979020979025,CALCULABLE,原因は統計だけでは特定しない,164.56,100.67,63.89,172.89,103.28,69.60999999999999,8.329999999999984,2.6099999999999994,5.719999999999985,8.329999999999998,2.6100000000000003,5.719999999999998,5.719999999999998,1.3322676295501878e-14,PASS,PASS,9.0,9.0,6.0,FORBIDDEN_WITHOUT_EXTERNAL_PRIMARY_EVIDENCE,継続標本のみを用い母集団推計を行うため、本系列に比べサンプルサイズが小さくなる。,営業利益及び経常利益については、標準誤差率の算出は行っていない。,継続標本PDFは利益水準とその符号を公表しないため、売上高と営業利益の増加率から得る利益率方向は代理指標である。
20261,2026年1 - 3 月,139,宿泊業,25,10億円以上,False,False,True,137,3,interest_expense,支払利息等,支払利息等の前年差による利益影響,-1,11.81,7.52,4.290000000000001,-4.290000000000001,REDUCES_PROFIT_CHANGE,-75.00000000000023,CALCULABLE,会計的な利益影響であり因果を示さない,164.56,100.67,63.89,172.89,103.28,69.60999999999999,8.329999999999984,2.6099999999999994,5.719999999999985,8.329999999999998,2.6100000000000003,5.719999999999998,5.719999999999998,1.3322676295501878e-14,PASS,PASS,4.0,-4.0,6.0,FORBIDDEN_WITHOUT_EXTERNAL_PRIMARY_EVIDENCE,継続標本のみを用い母集団推計を行うため、本系列に比べサンプルサイズが小さくなる。,営業利益及び経常利益については、標準誤差率の算出は行っていない。,継続標本PDFは利益水準とその符号を公表しないため、売上高と営業利益の増加率から得る利益率方向は代理指標である。
20261,2026年1 - 3 月,139,宿泊業,25,10億円以上,False,False,True,137,4,other_non_operating_expense,その他の営業外費用,その他の営業外費用の前年差による利益影響,-1,4.73,5.06,-0.3299999999999992,0.3299999999999992,INCREASES_PROFIT_CHANGE,5.76923076923077,CALCULABLE,会計的な利益影響であり因果を示さない,164.56,100.67,63.89,172.89,103.28,69.60999999999999,8.329999999999984,2.6099999999999994,5.719999999999985,8.329999999999998,2.6100000000000003,5.719999999999998,5.719999999999998,1.3322676295501878e-14,PASS,PASS,-0.0,0.0,6.0,FORBIDDEN_WITHOUT_EXTERNAL_PRIMARY_EVIDENCE,継続標本のみを用い母集団推計を行うため、本系列に比べサンプルサイズが小さくなる。,営業利益及び経常利益については、標準誤差率の算出は行っていない。,継続標本PDFは利益水準とその符号を公表しないため、売上高と営業利益の増加率から得る利益率方向は代理指標である。
20261,2026年1 - 3 月,139,宿泊業,26,全規模,False,False,True,137,1,interest_and_dividend_income,受取利息等,受取利息等の前年差による利益影響,1,56.15,16.75,39.4,39.4,INCREASES_PROFIT_CHANGE,46.53909756673755,CALCULABLE,会計的な利益影響であり因果を示さない,816.89,760.55,56.34000000000003,777.75,636.75,141.0,-39.139999999999986,-123.79999999999995,84.65999999999997,-39.13999999999999,-123.80000000000001,84.66000000000003,84.66000000000003,5.684341886080802e-14,PASS,PASS,39.0,39.0,84.0,FORBIDDEN_WITHOUT_EXTERNAL_PRIMARY_EVIDENCE,継続標本のみを用い母集団推計を行うため、本系列に比べサンプルサイズが小さくなる。,営業利益及び経常利益については、標準誤差率の算出は行っていない。,継続標本PDFは利益水準とその符号を公表しないため、売上高と営業利益の増加率から得る利益率方向は代理指標である。
20261,2026年1 - 3 月,139,宿泊業,26,全規模,False,False,True,137,2,other_non_operating_income,その他の営業外収益,その他の営業外収益の前年差による利益影響,1,192.81,174.01,18.80000000000001,18.80000000000001,INCREASES_PROFIT_CHANGE,22.206472950626054,CALCULABLE,原因は統計だけでは特定しない,816.89,760.55,56.34000000000003,777.75,636.75,141.0,-39.139999999999986,-123.79999999999995,84.65999999999997,-39.13999999999999,-123.80000000000001,84.66000000000003,84.66000000000003,5.684341886080802e-14,PASS,PASS,19.0,19.0,84.0,FORBIDDEN_WITHOUT_EXTERNAL_PRIMARY_EVIDENCE,継続標本のみを用い母集団推計を行うため、本系列に比べサンプルサイズが小さくなる。,営業利益及び経常利益については、標準誤差率の算出は行っていない。,継続標本PDFは利益水準とその符号を公表しないため、売上高と営業利益の増加率から得る利益率方向は代理指標である。
20261,2026年1 - 3 月,139,宿泊業,26,全規模,False,False,True,137,3,interest_expense,支払利息等,支払利息等の前年差による利益影響,-1,199.98,201.38,-1.4000000000000057,1.4000000000000057,INCREASES_PROFIT_CHANGE,1.6536735175998185,CALCULABLE,会計的な利益影響であり因果を示さない,816.89,760.55,56.34000000000003,777.75,636.75,141.0,-39.139999999999986,-123.79999999999995,84.65999999999997,-39.13999999999999,-123.80000000000001,84.66000000000003,84.66000000000003,5.684341886080802e-14,PASS,PASS,-1.0,1.0,84.0,FORBIDDEN_WITHOUT_EXTERNAL_PRIMARY_EVIDENCE,継続標本のみを用い母集団推計を行うため、本系列に比べサンプルサイズが小さくなる。,営業利益及び経常利益については、標準誤差率の算出は行っていない。,継続標本PDFは利益水準とその符号を公表しないため、売上高と営業利益の増加率から得る利益率方向は代理指標である。
20261,2026年1 - 3 月,139,宿泊業,26,全規模,False,False,True,137,4,other_non_operating_expense,その他の営業外費用,その他の営業外費用の前年差による利益影響,-1,88.12,113.18,-25.060000000000002,25.060000000000002,INCREASES_PROFIT_CHANGE,29.60075596503663,CALCULABLE,会計的な利益影響であり因果を示さない,816.89,760.55,56.34000000000003,777.75,636.75,141.0,-39.139999999999986,-123.79999999999995,84.65999999999997,-39.13999999999999,-123.80000000000001,84.66000000000003,84.66000000000003,5.684341886080802e-14,PASS,PASS,-25.0,25.0,84.0,FORBIDDEN_WITHOUT_EXTERNAL_PRIMARY_EVIDENCE,継続標本のみを用い母集団推計を行うため、本系列に比べサンプルサイズが小さくなる。,営業利益及び経常利益については、標準誤差率の算出は行っていない。,継続標本PDFは利益水準とその符号を公表しないため、売上高と営業利益の増加率から得る利益率方向は代理指標である。
20261,2026年1 - 3 月,140,生活関連サービス業,19,1千万円以上 - 1億円未満,False,False,True,137,1,interest_and_dividend_income,受取利息等,受取利息等の前年差による利益影響,1,59.29,68.3,-9.009999999999998,-9.009999999999998,REDUCES_PROFIT_CHANGE,125.48746518106132,CALCULABLE,会計的な利益影響であり因果を示さない,891.01,1197.19,-306.18000000000006,1115.15,1428.51,-313.3599999999999,224.1400000000001,231.31999999999994,-7.179999999999836,224.14000000000001,231.32,-7.179999999999978,-7.180000000000007,-1.7053025658242404e-13,PASS,PASS,-9.0,-9.0,-7.0,FORBIDDEN_WITHOUT_EXTERNAL_PRIMARY_EVIDENCE,継続標本のみを用い母集団推計を行うため、本系列に比べサンプルサイズが小さくなる。,営業利益及び経常利益については、標準誤差率の算出は行っていない。,継続標本PDFは利益水準とその符号を公表しないため、売上高と営業利益の増加率から得る利益率方向は代理指標である。
20261,2026年1 - 3 月,140,生活関連サービス業,19,1千万円以上 - 1億円未満,False,False,True,137,2,other_non_operating_income,その他の営業外収益,その他の営業外収益の前年差による利益影響,1,276.11,460.05,-183.94,-183.94,REDUCES_PROFIT_CHANGE,2561.838440111479,CALCULABLE,原因は統計だけでは特定しない,891.01,1197.19,-306.18000000000006,1115.15,1428.51,-313.3599999999999,224.1400000000001,231.31999999999994,-7.179999999999836,224.14000000000001,231.32,-7.179999999999978,-7.180000000000007,-1.7053025658242404e-13,PASS,PASS,-184.0,-184.0,-7.0,FORBIDDEN_WITHOUT_EXTERNAL_PRIMARY_EVIDENCE,継続標本のみを用い母集団推計を行うため、本系列に比べサンプルサイズが小さくなる。,営業利益及び経常利益については、標準誤差率の算出は行っていない。,継続標本PDFは利益水準とその符号を公表しないため、売上高と営業利益の増加率から得る利益率方向は代理指標である。
20261,2026年1 - 3 月,140,生活関連サービス業,19,1千万円以上 - 1億円未満,False,False,True,137,3,interest_expense,支払利息等,支払利息等の前年差による利益影響,-1,60.24,109.9,-49.660000000000004,49.660000000000004,INCREASES_PROFIT_CHANGE,-691.643454039013,CALCULABLE,会計的な利益影響であり因果を示さない,891.01,1197.19,-306.18000000000006,1115.15,1428.51,-313.3599999999999,224.1400000000001,231.31999999999994,-7.179999999999836,224.14000000000001,231.32,-7.179999999999978,-7.180000000000007,-1.7053025658242404e-13,PASS,PASS,-50.0,50.0,-7.0,FORBIDDEN_WITHOUT_EXTERNAL_PRIMARY_EVIDENCE,継続標本のみを用い母集団推計を行うため、本系列に比べサンプルサイズが小さくなる。,営業利益及び経常利益については、標準誤差率の算出は行っていない。,継続標本PDFは利益水準とその符号を公表しないため、売上高と営業利益の増加率から得る利益率方向は代理指標である。
20261,2026年1 - 3 月,140,生活関連サービス業,19,1千万円以上 - 1億円未満,False,False,True,137,4,other_non_operating_expense,その他の営業外費用,その他の営業外費用の前年差による利益影響,-1,51.02,187.13,-136.10999999999999,136.10999999999999,INCREASES_PROFIT_CHANGE,-1895.682451253525,CALCULABLE,会計的な利益影響であり因果を示さない,891.01,1197.19,-306.18000000000006,1115.15,1428.51,-313.3599999999999,224.1400000000001,231.31999999999994,-7.179999999999836,224.14000000000001,231.32,-7.179999999999978,-7.180000000000007,-1.7053025658242404e-13,PASS,PASS,-136.0,136.0,-7.0,FORBIDDEN_WITHOUT_EXTERNAL_PRIMARY_EVIDENCE,継続標本のみを用い母集団推計を行うため、本系列に比べサンプルサイズが小さくなる。,営業利益及び経常利益については、標準誤差率の算出は行っていない。,継続標本PDFは利益水準とその符号を公表しないため、売上高と営業利益の増加率から得る利益率方向は代理指標である。
20261,2026年1 - 3 月,140,生活関連サービス業,24,1億円以上 - 10億円未満,False,False,True,137,1,interest_and_dividend_income,受取利息等,受取利息等の前年差による利益影響,1,58.91,45.96,12.949999999999996,12.949999999999996,INCREASES_PROFIT_CHANGE,22.81134401972873,CALCULABLE,会計的な利益影響であり因果を示さない,324.93,514.74,-189.81,371.71,504.75,-133.04000000000002,46.77999999999997,-9.990000000000009,56.76999999999998,46.78,-9.989999999999995,56.769999999999996,56.769999999999996,1.4210854715202004e-14,PASS,PASS,13.0,13.0,57.0,FORBIDDEN_WITHOUT_EXTERNAL_PRIMARY_EVIDENCE,継続標本のみを用い母集団推計を行うため、本系列に比べサンプルサイズが小さくなる。,営業利益及び経常利益については、標準誤差率の算出は行っていない。,継続標本PDFは利益水準とその符号を公表しないため、売上高と営業利益の増加率から得る利益率方向は代理指標である。
20261,2026年1 - 3 月,140,生活関連サービス業,24,1億円以上 - 10億円未満,False,False,True,137,2,other_non_operating_income,その他の営業外収益,その他の営業外収益の前年差による利益影響,1,79.79,124.18,-44.39,-44.39,REDUCES_PROFIT_CHANGE,-78.19270741588869,CALCULABLE,原因は統計だけでは特定しない,324.93,514.74,-189.81,371.71,504.75,-133.04000000000002,46.77999999999997,-9.990000000000009,56.76999999999998,46.78,-9.989999999999995,56.769999999999996,56.769999999999996,1.4210854715202004e-14,PASS,PASS,-44.0,-44.0,57.0,FORBIDDEN_WITHOUT_EXTERNAL_PRIMARY_EVIDENCE,継続標本のみを用い母集団推計を行うため、本系列に比べサンプルサイズが小さくなる。,営業利益及び経常利益については、標準誤差率の算出は行っていない。,継続標本PDFは利益水準とその符号を公表しないため、売上高と営業利益の増加率から得る利益率方向は代理指標である。
20261,2026年1 - 3 月,140,生活関連サービス業,24,1億円以上 - 10億円未満,False,False,True,137,3,interest_expense,支払利息等,支払利息等の前年差による利益影響,-1,37.86,44.29,-6.43,6.43,INCREASES_PROFIT_CHANGE,11.326404791262993,CALCULABLE,会計的な利益影響であり因果を示さない,324.93,514.74,-189.81,371.71,504.75,-133.04000000000002,46.77999999999997,-9.990000000000009,56.76999999999998,46.78,-9.989999999999995,56.769999999999996,56.769999999999996,1.4210854715202004e-14,PASS,PASS,-6.0,6.0,57.0,FORBIDDEN_WITHOUT_EXTERNAL_PRIMARY_EVIDENCE,継続標本のみを用い母集団推計を行うため、本系列に比べサンプルサイズが小さくなる。,営業利益及び経常利益については、標準誤差率の算出は行っていない。,継続標本PDFは利益水準とその符号を公表しないため、売上高と営業利益の増加率から得る利益率方向は代理指標である。
20261,2026年1 - 3 月,140,生活関連サービス業,24,1億円以上 - 10億円未満,False,False,True,137,4,other_non_operating_expense,その他の営業外費用,その他の営業外費用の前年差による利益影響,-1,54.06,135.84,-81.78,81.78,INCREASES_PROFIT_CHANGE,144.05495860489702,CALCULABLE,会計的な利益影響であり因果を示さない,324.93,514.74,-189.81,371.71,504.75,-133.04000000000002,46.77999999999997,-9.990000000000009,56.76999999999998,46.78,-9.989999999999995,56.769999999999996,56.769999999999996,1.4210854715202004e-14,PASS,PASS,-82.0,82.0,57.0,FORBIDDEN_WITHOUT_EXTERNAL_PRIMARY_EVIDENCE,継続標本のみを用い母集団推計を行うため、本系列に比べサンプルサイズが小さくなる。,営業利益及び経常利益については、標準誤差率の算出は行っていない。,継続標本PDFは利益水準とその符号を公表しないため、売上高と営業利益の増加率から得る利益率方向は代理指標である。
20261,2026年1 - 3 月,140,生活関連サービス業,25,10億円以上,False,False,True,137,1,interest_and_dividend_income,受取利息等,受取利息等の前年差による利益影響,1,1.42,1.81,-0.3900000000000001,-0.3900000000000001,REDUCES_PROFIT_CHANGE,4.710144927536232,CALCULABLE,会計的な利益影響であり因果を示さない,26.17,49.39,-23.22,26.79,58.29,-31.5,0.6199999999999974,8.899999999999999,-8.280000000000001,0.6199999999999997,8.900000000000002,-8.280000000000003,-8.280000000000001,0.0,PASS,PASS,-0.0,-0.0,-7.0,FORBIDDEN_WITHOUT_EXTERNAL_PRIMARY_EVIDENCE,継続標本のみを用い母集団推計を行うため、本系列に比べサンプルサイズが小さくなる。,営業利益及び経常利益については、標準誤差率の算出は行っていない。,継続標本PDFは利益水準とその符号を公表しないため、売上高と営業利益の増加率から得る利益率方向は代理指標である。
20261,2026年1 - 3 月,140,生活関連サービス業,25,10億円以上,False,False,True,137,2,other_non_operating_income,その他の営業外収益,その他の営業外収益の前年差による利益影響,1,3.75,16.12,-12.370000000000001,-12.370000000000001,REDUCES_PROFIT_CHANGE,149.39613526570048,CALCULABLE,原因は統計だけでは特定しない,26.17,49.39,-23.22,26.79,58.29,-31.5,0.6199999999999974,8.899999999999999,-8.280000000000001,0.6199999999999997,8.900000000000002,-8.280000000000003,-8.280000000000001,0.0,PASS,PASS,-12.0,-12.0,-7.0,FORBIDDEN_WITHOUT_EXTERNAL_PRIMARY_EVIDENCE,継続標本のみを用い母集団推計を行うため、本系列に比べサンプルサイズが小さくなる。,営業利益及び経常利益については、標準誤差率の算出は行っていない。,継続標本PDFは利益水準とその符号を公表しないため、売上高と営業利益の増加率から得る利益率方向は代理指標である。
20261,2026年1 - 3 月,140,生活関連サービス業,25,10億円以上,False,False,True,137,3,interest_expense,支払利息等,支払利息等の前年差による利益影響,-1,2.99,3.57,-0.5799999999999996,0.5799999999999996,INCREASES_PROFIT_CHANGE,-7.004830917874391,CALCULABLE,会計的な利益影響であり因果を示さない,26.17,49.39,-23.22,26.79,58.29,-31.5,0.6199999999999974,8.899999999999999,-8.280000000000001,0.6199999999999997,8.900000000000002,-8.280000000000003,-8.280000000000001,0.0,PASS,PASS,-1.0,1.0,-7.0,FORBIDDEN_WITHOUT_EXTERNAL_PRIMARY_EVIDENCE,継続標本のみを用い母集団推計を行うため、本系列に比べサンプルサイズが小さくなる。,営業利益及び経常利益については、標準誤差率の算出は行っていない。,継続標本PDFは利益水準とその符号を公表しないため、売上高と営業利益の増加率から得る利益率方向は代理指標である。
20261,2026年1 - 3 月,140,生活関連サービス業,25,10億円以上,False,False,True,137,4,other_non_operating_expense,その他の営業外費用,その他の営業外費用の前年差による利益影響,-1,1.56,5.46,-3.9,3.9,INCREASES_PROFIT_CHANGE,-47.10144927536231,CALCULABLE,会計的な利益影響であり因果を示さない,26.17,49.39,-23.22,26.79,58.29,-31.5,0.6199999999999974,8.899999999999999,-8.280000000000001,0.6199999999999997,8.900000000000002,-8.280000000000003,-8.280000000000001,0.0,PASS,PASS,-4.0,4.0,-7.0,FORBIDDEN_WITHOUT_EXTERNAL_PRIMARY_EVIDENCE,継続標本のみを用い母集団推計を行うため、本系列に比べサンプルサイズが小さくなる。,営業利益及び経常利益については、標準誤差率の算出は行っていない。,継続標本PDFは利益水準とその符号を公表しないため、売上高と営業利益の増加率から得る利益率方向は代理指標である。
20261,2026年1 - 3 月,140,生活関連サービス業,26,全規模,False,False,True,137,1,interest_and_dividend_income,受取利息等,受取利息等の前年差による利益影響,1,119.62,116.07,3.5500000000000114,3.5500000000000114,INCREASES_PROFIT_CHANGE,8.593560881142572,CALCULABLE,会計的な利益影響であり因果を示さない,1242.11,1761.32,-519.21,1513.65,1991.55,-477.89999999999986,271.5400000000002,230.23000000000002,41.31000000000017,271.53999999999996,230.23000000000002,41.309999999999945,41.309999999999974,-1.9895196601282805e-13,PASS,PASS,4.0,4.0,42.0,FORBIDDEN_WITHOUT_EXTERNAL_PRIMARY_EVIDENCE,継続標本のみを用い母集団推計を行うため、本系列に比べサンプルサイズが小さくなる。,営業利益及び経常利益については、標準誤差率の算出は行っていない。,継続標本PDFは利益水準とその符号を公表しないため、売上高と営業利益の増加率から得る利益率方向は代理指標である。
20261,2026年1 - 3 月,140,生活関連サービス業,26,全規模,False,False,True,137,2,other_non_operating_income,その他の営業外収益,その他の営業外収益の前年差による利益影響,1,359.65,600.35,-240.70000000000005,-240.70000000000005,REDUCES_PROFIT_CHANGE,-582.6676349552143,CALCULABLE,原因は統計だけでは特定しない,1242.11,1761.32,-519.21,1513.65,1991.55,-477.89999999999986,271.5400000000002,230.23000000000002,41.31000000000017,271.53999999999996,230.23000000000002,41.309999999999945,41.309999999999974,-1.9895196601282805e-13,PASS,PASS,-241.0,-241.0,42.0,FORBIDDEN_WITHOUT_EXTERNAL_PRIMARY_EVIDENCE,継続標本のみを用い母集団推計を行うため、本系列に比べサンプルサイズが小さくなる。,営業利益及び経常利益については、標準誤差率の算出は行っていない。,継続標本PDFは利益水準とその符号を公表しないため、売上高と営業利益の増加率から得る利益率方向は代理指標である。
20261,2026年1 - 3 月,140,生活関連サービス業,26,全規模,False,False,True,137,3,interest_expense,支払利息等,支払利息等の前年差による利益影響,-1,101.09,157.76,-56.66999999999999,56.66999999999999,INCREASES_PROFIT_CHANGE,137.1822803195346,CALCULABLE,会計的な利益影響であり因果を示さない,1242.11,1761.32,-519.21,1513.65,1991.55,-477.89999999999986,271.5400000000002,230.23000000000002,41.31000000000017,271.53999999999996,230.23000000000002,41.309999999999945,41.309999999999974,-1.9895196601282805e-13,PASS,PASS,-57.0,57.0,42.0,FORBIDDEN_WITHOUT_EXTERNAL_PRIMARY_EVIDENCE,継続標本のみを用い母集団推計を行うため、本系列に比べサンプルサイズが小さくなる。,営業利益及び経常利益については、標準誤差率の算出は行っていない。,継続標本PDFは利益水準とその符号を公表しないため、売上高と営業利益の増加率から得る利益率方向は代理指標である。
20261,2026年1 - 3 月,140,生活関連サービス業,26,全規模,False,False,True,137,4,other_non_operating_expense,その他の営業外費用,その他の営業外費用の前年差による利益影響,-1,106.64,328.43,-221.79000000000002,221.79000000000002,INCREASES_PROFIT_CHANGE,536.8917937545366,CALCULABLE,会計的な利益影響であり因果を示さない,1242.11,1761.32,-519.21,1513.65,1991.55,-477.89999999999986,271.5400000000002,230.23000000000002,41.31000000000017,271.53999999999996,230.23000000000002,41.309999999999945,41.309999999999974,-1.9895196601282805e-13,PASS,PASS,-222.0,222.0,42.0,FORBIDDEN_WITHOUT_EXTERNAL_PRIMARY_EVIDENCE,継続標本のみを用い母集団推計を行うため、本系列に比べサンプルサイズが小さくなる。,営業利益及び経常利益については、標準誤差率の算出は行っていない。,継続標本PDFは利益水準とその符号を公表しないため、売上高と営業利益の増加率から得る利益率方向は代理指標である。
20261,2026年1 - 3 月,141,娯楽業,19,1千万円以上 - 1億円未満,False,False,True,137,1,interest_and_dividend_income,受取利息等,受取利息等の前年差による利益影響,1,82.26,24.47,57.790000000000006,57.790000000000006,INCREASES_PROFIT_CHANGE,-46.25050020008002,CALCULABLE,会計的な利益影響であり因果を示さない,739.79,768.73,-28.940000000000055,844.68,998.57,-153.8900000000001,104.88999999999999,229.84000000000003,-124.95000000000005,104.89,229.84000000000003,-124.95000000000003,-124.95000000000003,1.4210854715202004e-14,PASS,PASS,58.0,58.0,-124.0,FORBIDDEN_WITHOUT_EXTERNAL_PRIMARY_EVIDENCE,継続標本のみを用い母集団推計を行うため、本系列に比べサンプルサイズが小さくなる。,営業利益及び経常利益については、標準誤差率の算出は行っていない。,継続標本PDFは利益水準とその符号を公表しないため、売上高と営業利益の増加率から得る利益率方向は代理指標である。
20261,2026年1 - 3 月,141,娯楽業,19,1千万円以上 - 1億円未満,False,False,True,137,2,other_non_operating_income,その他の営業外収益,その他の営業外収益の前年差による利益影響,1,336.27,516.47,-180.20000000000005,-180.20000000000005,REDUCES_PROFIT_CHANGE,144.2176870748299,CALCULABLE,原因は統計だけでは特定しない,739.79,768.73,-28.940000000000055,844.68,998.57,-153.8900000000001,104.88999999999999,229.84000000000003,-124.95000000000005,104.89,229.84000000000003,-124.95000000000003,-124.95000000000003,1.4210854715202004e-14,PASS,PASS,-180.0,-180.0,-124.0,FORBIDDEN_WITHOUT_EXTERNAL_PRIMARY_EVIDENCE,継続標本のみを用い母集団推計を行うため、本系列に比べサンプルサイズが小さくなる。,営業利益及び経常利益については、標準誤差率の算出は行っていない。,継続標本PDFは利益水準とその符号を公表しないため、売上高と営業利益の増加率から得る利益率方向は代理指標である。
20261,2026年1 - 3 月,141,娯楽業,19,1千万円以上 - 1億円未満,False,False,True,137,3,interest_expense,支払利息等,支払利息等の前年差による利益影響,-1,258.45,144.15,114.29999999999998,-114.29999999999998,REDUCES_PROFIT_CHANGE,91.47659063625446,CALCULABLE,会計的な利益影響であり因果を示さない,739.79,768.73,-28.940000000000055,844.68,998.57,-153.8900000000001,104.88999999999999,229.84000000000003,-124.95000000000005,104.89,229.84000000000003,-124.95000000000003,-124.95000000000003,1.4210854715202004e-14,PASS,PASS,114.0,-114.0,-124.0,FORBIDDEN_WITHOUT_EXTERNAL_PRIMARY_EVIDENCE,継続標本のみを用い母集団推計を行うため、本系列に比べサンプルサイズが小さくなる。,営業利益及び経常利益については、標準誤差率の算出は行っていない。,継続標本PDFは利益水準とその符号を公表しないため、売上高と営業利益の増加率から得る利益率方向は代理指標である。
20261,2026年1 - 3 月,141,娯楽業,19,1千万円以上 - 1億円未満,False,False,True,137,4,other_non_operating_expense,その他の営業外費用,その他の営業外費用の前年差による利益影響,-1,55.19,166.95,-111.75999999999999,111.75999999999999,INCREASES_PROFIT_CHANGE,-89.44377751100436,CALCULABLE,会計的な利益影響であり因果を示さない,739.79,768.73,-28.940000000000055,844.68,998.57,-153.8900000000001,104.88999999999999,229.84000000000003,-124.95000000000005,104.89,229.84000000000003,-124.95000000000003,-124.95000000000003,1.4210854715202004e-14,PASS,PASS,-112.0,112.0,-124.0,FORBIDDEN_WITHOUT_EXTERNAL_PRIMARY_EVIDENCE,継続標本のみを用い母集団推計を行うため、本系列に比べサンプルサイズが小さくなる。,営業利益及び経常利益については、標準誤差率の算出は行っていない。,継続標本PDFは利益水準とその符号を公表しないため、売上高と営業利益の増加率から得る利益率方向は代理指標である。
20261,2026年1 - 3 月,141,娯楽業,24,1億円以上 - 10億円未満,False,False,True,137,1,interest_and_dividend_income,受取利息等,受取利息等の前年差による利益影響,1,40.79,7.93,32.86,32.86,INCREASES_PROFIT_CHANGE,-73.66061421206005,CALCULABLE,会計的な利益影響であり因果を示さない,867.21,442.11,425.1,745.72,365.23,380.49,-121.49000000000001,-76.88,-44.610000000000014,-121.49000000000001,-76.88,-44.610000000000014,-44.61,1.4210854715202004e-14,PASS,PASS,33.0,33.0,-45.0,FORBIDDEN_WITHOUT_EXTERNAL_PRIMARY_EVIDENCE,継続標本のみを用い母集団推計を行うため、本系列に比べサンプルサイズが小さくなる。,営業利益及び経常利益については、標準誤差率の算出は行っていない。,継続標本PDFは利益水準とその符号を公表しないため、売上高と営業利益の増加率から得る利益率方向は代理指標である。
20261,2026年1 - 3 月,141,娯楽業,24,1億円以上 - 10億円未満,False,False,True,137,2,other_non_operating_income,その他の営業外収益,その他の営業外収益の前年差による利益影響,1,52.3,77.22,-24.92,-24.92,REDUCES_PROFIT_CHANGE,55.861914368975555,CALCULABLE,原因は統計だけでは特定しない,867.21,442.11,425.1,745.72,365.23,380.49,-121.49000000000001,-76.88,-44.610000000000014,-121.49000000000001,-76.88,-44.610000000000014,-44.61,1.4210854715202004e-14,PASS,PASS,-25.0,-25.0,-45.0,FORBIDDEN_WITHOUT_EXTERNAL_PRIMARY_EVIDENCE,継続標本のみを用い母集団推計を行うため、本系列に比べサンプルサイズが小さくなる。,営業利益及び経常利益については、標準誤差率の算出は行っていない。,継続標本PDFは利益水準とその符号を公表しないため、売上高と営業利益の増加率から得る利益率方向は代理指標である。
20261,2026年1 - 3 月,141,娯楽業,24,1億円以上 - 10億円未満,False,False,True,137,3,interest_expense,支払利息等,支払利息等の前年差による利益影響,-1,114.56,38.87,75.69,-75.69,REDUCES_PROFIT_CHANGE,169.6704774714189,CALCULABLE,会計的な利益影響であり因果を示さない,867.21,442.11,425.1,745.72,365.23,380.49,-121.49000000000001,-76.88,-44.610000000000014,-121.49000000000001,-76.88,-44.610000000000014,-44.61,1.4210854715202004e-14,PASS,PASS,76.0,-76.0,-45.0,FORBIDDEN_WITHOUT_EXTERNAL_PRIMARY_EVIDENCE,継続標本のみを用い母集団推計を行うため、本系列に比べサンプルサイズが小さくなる。,営業利益及び経常利益については、標準誤差率の算出は行っていない。,継続標本PDFは利益水準とその符号を公表しないため、売上高と営業利益の増加率から得る利益率方向は代理指標である。
20261,2026年1 - 3 月,141,娯楽業,24,1億円以上 - 10億円未満,False,False,True,137,4,other_non_operating_expense,その他の営業外費用,その他の営業外費用の前年差による利益影響,-1,100.02,123.16,-23.14,23.14,INCREASES_PROFIT_CHANGE,-51.871777628334435,CALCULABLE,会計的な利益影響であり因果を示さない,867.21,442.11,425.1,745.72,365.23,380.49,-121.49000000000001,-76.88,-44.610000000000014,-121.49000000000001,-76.88,-44.610000000000014,-44.61,1.4210854715202004e-14,PASS,PASS,-23.0,23.0,-45.0,FORBIDDEN_WITHOUT_EXTERNAL_PRIMARY_EVIDENCE,継続標本のみを用い母集団推計を行うため、本系列に比べサンプルサイズが小さくなる。,営業利益及び経常利益については、標準誤差率の算出は行っていない。,継続標本PDFは利益水準とその符号を公表しないため、売上高と営業利益の増加率から得る利益率方向は代理指標である。
20261,2026年1 - 3 月,141,娯楽業,25,10億円以上,False,False,True,137,1,interest_and_dividend_income,受取利息等,受取利息等の前年差による利益影響,1,21.51,10.1,11.410000000000002,11.410000000000002,INCREASES_PROFIT_CHANGE,-36.119025007913734,CALCULABLE,会計的な利益影響であり因果を示さない,558.57,714.4,-155.82999999999993,524.67,712.09,-187.42000000000007,-33.90000000000009,-2.3099999999999454,-31.590000000000146,-33.9,-2.3100000000000005,-31.589999999999996,-31.589999999999996,1.4921397450962104e-13,PASS,PASS,11.0,11.0,-32.0,FORBIDDEN_WITHOUT_EXTERNAL_PRIMARY_EVIDENCE,継続標本のみを用い母集団推計を行うため、本系列に比べサンプルサイズが小さくなる。,営業利益及び経常利益については、標準誤差率の算出は行っていない。,継続標本PDFは利益水準とその符号を公表しないため、売上高と営業利益の増加率から得る利益率方向は代理指標である。
20261,2026年1 - 3 月,141,娯楽業,25,10億円以上,False,False,True,137,2,other_non_operating_income,その他の営業外収益,その他の営業外収益の前年差による利益影響,1,27.69,44.58,-16.889999999999997,-16.889999999999997,REDUCES_PROFIT_CHANGE,53.46628679961988,CALCULABLE,原因は統計だけでは特定しない,558.57,714.4,-155.82999999999993,524.67,712.09,-187.42000000000007,-33.90000000000009,-2.3099999999999454,-31.590000000000146,-33.9,-2.3100000000000005,-31.589999999999996,-31.589999999999996,1.4921397450962104e-13,PASS,PASS,-17.0,-17.0,-32.0,FORBIDDEN_WITHOUT_EXTERNAL_PRIMARY_EVIDENCE,継続標本のみを用い母集団推計を行うため、本系列に比べサンプルサイズが小さくなる。,営業利益及び経常利益については、標準誤差率の算出は行っていない。,継続標本PDFは利益水準とその符号を公表しないため、売上高と営業利益の増加率から得る利益率方向は代理指標である。
20261,2026年1 - 3 月,141,娯楽業,25,10億円以上,False,False,True,137,3,interest_expense,支払利息等,支払利息等の前年差による利益影響,-1,34.78,26.47,8.310000000000002,-8.310000000000002,REDUCES_PROFIT_CHANGE,26.305792972459525,CALCULABLE,会計的な利益影響であり因果を示さない,558.57,714.4,-155.82999999999993,524.67,712.09,-187.42000000000007,-33.90000000000009,-2.3099999999999454,-31.590000000000146,-33.9,-2.3100000000000005,-31.589999999999996,-31.589999999999996,1.4921397450962104e-13,PASS,PASS,8.0,-8.0,-32.0,FORBIDDEN_WITHOUT_EXTERNAL_PRIMARY_EVIDENCE,継続標本のみを用い母集団推計を行うため、本系列に比べサンプルサイズが小さくなる。,営業利益及び経常利益については、標準誤差率の算出は行っていない。,継続標本PDFは利益水準とその符号を公表しないため、売上高と営業利益の増加率から得る利益率方向は代理指標である。
20261,2026年1 - 3 月,141,娯楽業,25,10億円以上,False,False,True,137,4,other_non_operating_expense,その他の営業外費用,その他の営業外費用の前年差による利益影響,-1,48.32,30.52,17.8,-17.8,REDUCES_PROFIT_CHANGE,56.346945235833864,CALCULABLE,会計的な利益影響であり因果を示さない,558.57,714.4,-155.82999999999993,524.67,712.09,-187.42000000000007,-33.90000000000009,-2.3099999999999454,-31.590000000000146,-33.9,-2.3100000000000005,-31.589999999999996,-31.589999999999996,1.4921397450962104e-13,PASS,PASS,18.0,-18.0,-32.0,FORBIDDEN_WITHOUT_EXTERNAL_PRIMARY_EVIDENCE,継続標本のみを用い母集団推計を行うため、本系列に比べサンプルサイズが小さくなる。,営業利益及び経常利益については、標準誤差率の算出は行っていない。,継続標本PDFは利益水準とその符号を公表しないため、売上高と営業利益の増加率から得る利益率方向は代理指標である。
20261,2026年1 - 3 月,141,娯楽業,26,全規模,False,False,True,137,1,interest_and_dividend_income,受取利息等,受取利息等の前年差による利益影響,1,144.56,42.5,102.06,102.06,INCREASES_PROFIT_CHANGE,-50.73825503355708,CALCULABLE,会計的な利益影響であり因果を示さない,2165.57,1925.24,240.33000000000015,2115.07,2075.89,39.18000000000029,-50.5,150.64999999999986,-201.14999999999986,-50.50000000000003,150.64999999999998,-201.15,-201.15,-1.4210854715202004e-13,PASS,PASS,102.0,102.0,-201.0,FORBIDDEN_WITHOUT_EXTERNAL_PRIMARY_EVIDENCE,継続標本のみを用い母集団推計を行うため、本系列に比べサンプルサイズが小さくなる。,営業利益及び経常利益については、標準誤差率の算出は行っていない。,継続標本PDFは利益水準とその符号を公表しないため、売上高と営業利益の増加率から得る利益率方向は代理指標である。
20261,2026年1 - 3 月,141,娯楽業,26,全規模,False,False,True,137,2,other_non_operating_income,その他の営業外収益,その他の営業外収益の前年差による利益影響,1,416.26,638.27,-222.01,-222.01,REDUCES_PROFIT_CHANGE,110.37037037037042,CALCULABLE,原因は統計だけでは特定しない,2165.57,1925.24,240.33000000000015,2115.07,2075.89,39.18000000000029,-50.5,150.64999999999986,-201.14999999999986,-50.50000000000003,150.64999999999998,-201.15,-201.15,-1.4210854715202004e-13,PASS,PASS,-222.0,-222.0,-201.0,FORBIDDEN_WITHOUT_EXTERNAL_PRIMARY_EVIDENCE,継続標本のみを用い母集団推計を行うため、本系列に比べサンプルサイズが小さくなる。,営業利益及び経常利益については、標準誤差率の算出は行っていない。,継続標本PDFは利益水準とその符号を公表しないため、売上高と営業利益の増加率から得る利益率方向は代理指標である。
20261,2026年1 - 3 月,141,娯楽業,26,全規模,False,False,True,137,3,interest_expense,支払利息等,支払利息等の前年差による利益影響,-1,407.79,209.49,198.3,-198.3,REDUCES_PROFIT_CHANGE,98.58314690529463,CALCULABLE,会計的な利益影響であり因果を示さない,2165.57,1925.24,240.33000000000015,2115.07,2075.89,39.18000000000029,-50.5,150.64999999999986,-201.14999999999986,-50.50000000000003,150.64999999999998,-201.15,-201.15,-1.4210854715202004e-13,PASS,PASS,198.0,-198.0,-201.0,FORBIDDEN_WITHOUT_EXTERNAL_PRIMARY_EVIDENCE,継続標本のみを用い母集団推計を行うため、本系列に比べサンプルサイズが小さくなる。,営業利益及び経常利益については、標準誤差率の算出は行っていない。,継続標本PDFは利益水準とその符号を公表しないため、売上高と営業利益の増加率から得る利益率方向は代理指標である。
20261,2026年1 - 3 月,141,娯楽業,26,全規模,False,False,True,137,4,other_non_operating_expense,その他の営業外費用,その他の営業外費用の前年差による利益影響,-1,203.53,320.63,-117.1,117.1,INCREASES_PROFIT_CHANGE,-58.21526224210791,CALCULABLE,会計的な利益影響であり因果を示さない,2165.57,1925.24,240.33000000000015,2115.07,2075.89,39.18000000000029,-50.5,150.64999999999986,-201.14999999999986,-50.50000000000003,150.64999999999998,-201.15,-201.15,-1.4210854715202004e-13,PASS,PASS,-117.0,117.0,-201.0,FORBIDDEN_WITHOUT_EXTERNAL_PRIMARY_EVIDENCE,継続標本のみを用い母集団推計を行うため、本系列に比べサンプルサイズが小さくなる。,営業利益及び経常利益については、標準誤差率の算出は行っていない。,継続標本PDFは利益水準とその符号を公表しないため、売上高と営業利益の増加率から得る利益率方向は代理指標である。
20261,2026年1 - 3 月,142,情報通信業,19,1千万円以上 - 1億円未満,False,True,True,142,1,interest_and_dividend_income,受取利息等,受取利息等の前年差による利益影響,1,93.89,39.28,54.61,54.61,INCREASES_PROFIT_CHANGE,7.494167695896804,CALCULABLE,会計的な利益影響であり因果を示さない,965.7,2847.73,-1882.03,1243.82,2397.15,-1153.3300000000002,278.1199999999999,-450.5799999999999,728.6999999999998,278.12,-450.58000000000004,728.7,728.7,2.2737367544323206e-13,PASS,PASS,55.0,55.0,729.0,FORBIDDEN_WITHOUT_EXTERNAL_PRIMARY_EVIDENCE,継続標本のみを用い母集団推計を行うため、本系列に比べサンプルサイズが小さくなる。,営業利益及び経常利益については、標準誤差率の算出は行っていない。,継続標本PDFは利益水準とその符号を公表しないため、売上高と営業利益の増加率から得る利益率方向は代理指標である。
20261,2026年1 - 3 月,142,情報通信業,19,1千万円以上 - 1億円未満,False,True,True,142,2,other_non_operating_income,その他の営業外収益,その他の営業外収益の前年差による利益影響,1,898.66,675.44,223.2199999999999,223.2199999999999,INCREASES_PROFIT_CHANGE,30.632633456840946,CALCULABLE,原因は統計だけでは特定しない,965.7,2847.73,-1882.03,1243.82,2397.15,-1153.3300000000002,278.1199999999999,-450.5799999999999,728.6999999999998,278.12,-450.58000000000004,728.7,728.7,2.2737367544323206e-13,PASS,PASS,223.0,223.0,729.0,FORBIDDEN_WITHOUT_EXTERNAL_PRIMARY_EVIDENCE,継続標本のみを用い母集団推計を行うため、本系列に比べサンプルサイズが小さくなる。,営業利益及び経常利益については、標準誤差率の算出は行っていない。,継続標本PDFは利益水準とその符号を公表しないため、売上高と営業利益の増加率から得る利益率方向は代理指標である。
20261,2026年1 - 3 月,142,情報通信業,19,1千万円以上 - 1億円未満,False,True,True,142,3,interest_expense,支払利息等,支払利息等の前年差による利益影響,-1,271.53,194.61,76.91999999999996,-76.91999999999996,REDUCES_PROFIT_CHANGE,-10.555784273363521,CALCULABLE,会計的な利益影響であり因果を示さない,965.7,2847.73,-1882.03,1243.82,2397.15,-1153.3300000000002,278.1199999999999,-450.5799999999999,728.6999999999998,278.12,-450.58000000000004,728.7,728.7,2.2737367544323206e-13,PASS,PASS,77.0,-77.0,729.0,FORBIDDEN_WITHOUT_EXTERNAL_PRIMARY_EVIDENCE,継続標本のみを用い母集団推計を行うため、本系列に比べサンプルサイズが小さくなる。,営業利益及び経常利益については、標準誤差率の算出は行っていない。,継続標本PDFは利益水準とその符号を公表しないため、売上高と営業利益の増加率から得る利益率方向は代理指標である。
20261,2026年1 - 3 月,142,情報通信業,19,1千万円以上 - 1億円未満,False,True,True,142,4,other_non_operating_expense,その他の営業外費用,その他の営業外費用の前年差による利益影響,-1,442.9,970.69,-527.7900000000001,527.7900000000001,INCREASES_PROFIT_CHANGE,72.4289831206258,CALCULABLE,会計的な利益影響であり因果を示さない,965.7,2847.73,-1882.03,1243.82,2397.15,-1153.3300000000002,278.1199999999999,-450.5799999999999,728.6999999999998,278.12,-450.58000000000004,728.7,728.7,2.2737367544323206e-13,PASS,PASS,-528.0,528.0,729.0,FORBIDDEN_WITHOUT_EXTERNAL_PRIMARY_EVIDENCE,継続標本のみを用い母集団推計を行うため、本系列に比べサンプルサイズが小さくなる。,営業利益及び経常利益については、標準誤差率の算出は行っていない。,継続標本PDFは利益水準とその符号を公表しないため、売上高と営業利益の増加率から得る利益率方向は代理指標である。
20261,2026年1 - 3 月,142,情報通信業,24,1億円以上 - 10億円未満,False,True,True,142,1,interest_and_dividend_income,受取利息等,受取利息等の前年差による利益影響,1,204.71,297.32,-92.60999999999999,-92.60999999999999,REDUCES_PROFIT_CHANGE,5.02207086537314,CALCULABLE,会計的な利益影響であり因果を示さない,8764.28,6472.6,2291.6800000000003,8911.74,8464.12,447.619999999999,147.45999999999913,1991.5200000000004,-1844.0600000000013,147.45999999999998,1991.52,-1844.06,-1844.06,1.3642420526593924e-12,PASS,PASS,-93.0,-93.0,-1845.0,FORBIDDEN_WITHOUT_EXTERNAL_PRIMARY_EVIDENCE,継続標本のみを用い母集団推計を行うため、本系列に比べサンプルサイズが小さくなる。,営業利益及び経常利益については、標準誤差率の算出は行っていない。,継続標本PDFは利益水準とその符号を公表しないため、売上高と営業利益の増加率から得る利益率方向は代理指標である。
20261,2026年1 - 3 月,142,情報通信業,24,1億円以上 - 10億円未満,False,True,True,142,2,other_non_operating_income,その他の営業外収益,その他の営業外収益の前年差による利益影響,1,711.15,2695.85,-1984.6999999999998,-1984.6999999999998,REDUCES_PROFIT_CHANGE,107.62664989208585,CALCULABLE,原因は統計だけでは特定しない,8764.28,6472.6,2291.6800000000003,8911.74,8464.12,447.619999999999,147.45999999999913,1991.5200000000004,-1844.0600000000013,147.45999999999998,1991.52,-1844.06,-1844.06,1.3642420526593924e-12,PASS,PASS,-1985.0,-1985.0,-1845.0,FORBIDDEN_WITHOUT_EXTERNAL_PRIMARY_EVIDENCE,継続標本のみを用い母集団推計を行うため、本系列に比べサンプルサイズが小さくなる。,営業利益及び経常利益については、標準誤差率の算出は行っていない。,継続標本PDFは利益水準とその符号を公表しないため、売上高と営業利益の増加率から得る利益率方向は代理指標である。
20261,2026年1 - 3 月,142,情報通信業,24,1億円以上 - 10億円未満,False,True,True,142,3,interest_expense,支払利息等,支払利息等の前年差による利益影響,-1,249.52,220.37,29.150000000000006,-29.150000000000006,REDUCES_PROFIT_CHANGE,1.5807511686170723,CALCULABLE,会計的な利益影響であり因果を示さない,8764.28,6472.6,2291.6800000000003,8911.74,8464.12,447.619999999999,147.45999999999913,1991.5200000000004,-1844.0600000000013,147.45999999999998,1991.52,-1844.06,-1844.06,1.3642420526593924e-12,PASS,PASS,29.0,-29.0,-1845.0,FORBIDDEN_WITHOUT_EXTERNAL_PRIMARY_EVIDENCE,継続標本のみを用い母集団推計を行うため、本系列に比べサンプルサイズが小さくなる。,営業利益及び経常利益については、標準誤差率の算出は行っていない。,継続標本PDFは利益水準とその符号を公表しないため、売上高と営業利益の増加率から得る利益率方向は代理指標である。
20261,2026年1 - 3 月,142,情報通信業,24,1億円以上 - 10億円未満,False,True,True,142,4,other_non_operating_expense,その他の営業外費用,その他の営業外費用の前年差による利益影響,-1,518.88,781.28,-262.4,262.4,INCREASES_PROFIT_CHANGE,-14.229471926076146,CALCULABLE,会計的な利益影響であり因果を示さない,8764.28,6472.6,2291.6800000000003,8911.74,8464.12,447.619999999999,147.45999999999913,1991.5200000000004,-1844.0600000000013,147.45999999999998,1991.52,-1844.06,-1844.06,1.3642420526593924e-12,PASS,PASS,-262.0,262.0,-1845.0,FORBIDDEN_WITHOUT_EXTERNAL_PRIMARY_EVIDENCE,継続標本のみを用い母集団推計を行うため、本系列に比べサンプルサイズが小さくなる。,営業利益及び経常利益については、標準誤差率の算出は行っていない。,継続標本PDFは利益水準とその符号を公表しないため、売上高と営業利益の増加率から得る利益率方向は代理指標である。
20261,2026年1 - 3 月,142,情報通信業,25,10億円以上,False,True,True,142,1,interest_and_dividend_income,受取利息等,受取利息等の前年差による利益影響,1,1425.71,973.38,452.33000000000004,452.33000000000004,INCREASES_PROFIT_CHANGE,-86.7546366443543,CALCULABLE,会計的な利益影響であり因果を示さない,11102.25,9833.96,1268.2900000000009,12947.74,12200.84,746.8999999999996,1845.4899999999998,2366.880000000001,-521.3900000000012,1845.4900000000002,2366.88,-521.3899999999999,-521.3899999999998,1.4779288903810084e-12,PASS,PASS,452.0,452.0,-521.0,FORBIDDEN_WITHOUT_EXTERNAL_PRIMARY_EVIDENCE,継続標本のみを用い母集団推計を行うため、本系列に比べサンプルサイズが小さくなる。,営業利益及び経常利益については、標準誤差率の算出は行っていない。,継続標本PDFは利益水準とその符号を公表しないため、売上高と営業利益の増加率から得る利益率方向は代理指標である。
20261,2026年1 - 3 月,142,情報通信業,25,10億円以上,False,True,True,142,2,other_non_operating_income,その他の営業外収益,その他の営業外収益の前年差による利益影響,1,3248.34,4000.56,-752.2199999999998,-752.2199999999998,REDUCES_PROFIT_CHANGE,144.2720420414657,CALCULABLE,原因は統計だけでは特定しない,11102.25,9833.96,1268.2900000000009,12947.74,12200.84,746.8999999999996,1845.4899999999998,2366.880000000001,-521.3900000000012,1845.4900000000002,2366.88,-521.3899999999999,-521.3899999999998,1.4779288903810084e-12,PASS,PASS,-752.0,-752.0,-521.0,FORBIDDEN_WITHOUT_EXTERNAL_PRIMARY_EVIDENCE,継続標本のみを用い母集団推計を行うため、本系列に比べサンプルサイズが小さくなる。,営業利益及び経常利益については、標準誤差率の算出は行っていない。,継続標本PDFは利益水準とその符号を公表しないため、売上高と営業利益の増加率から得る利益率方向は代理指標である。
20261,2026年1 - 3 月,142,情報通信業,25,10億円以上,False,True,True,142,3,interest_expense,支払利息等,支払利息等の前年差による利益影響,-1,1292.44,839.3,453.1400000000001,-453.1400000000001,REDUCES_PROFIT_CHANGE,86.90999060204435,CALCULABLE,会計的な利益影響であり因果を示さない,11102.25,9833.96,1268.2900000000009,12947.74,12200.84,746.8999999999996,1845.4899999999998,2366.880000000001,-521.3900000000012,1845.4900000000002,2366.88,-521.3899999999999,-521.3899999999998,1.4779288903810084e-12,PASS,PASS,453.0,-453.0,-521.0,FORBIDDEN_WITHOUT_EXTERNAL_PRIMARY_EVIDENCE,継続標本のみを用い母集団推計を行うため、本系列に比べサンプルサイズが小さくなる。,営業利益及び経常利益については、標準誤差率の算出は行っていない。,継続標本PDFは利益水準とその符号を公表しないため、売上高と営業利益の増加率から得る利益率方向は代理指標である。
20261,2026年1 - 3 月,142,情報通信業,25,10億円以上,False,True,True,142,4,other_non_operating_expense,その他の営業外費用,その他の営業外費用の前年差による利益影響,-1,1536.12,1767.76,-231.6400000000001,231.6400000000001,INCREASES_PROFIT_CHANGE,-44.42739599915602,CALCULABLE,会計的な利益影響であり因果を示さない,11102.25,9833.96,1268.2900000000009,12947.74,12200.84,746.8999999999996,1845.4899999999998,2366.880000000001,-521.3900000000012,1845.4900000000002,2366.88,-521.3899999999999,-521.3899999999998,1.4779288903810084e-12,PASS,PASS,-232.0,232.0,-521.0,FORBIDDEN_WITHOUT_EXTERNAL_PRIMARY_EVIDENCE,継続標本のみを用い母集団推計を行うため、本系列に比べサンプルサイズが小さくなる。,営業利益及び経常利益については、標準誤差率の算出は行っていない。,継続標本PDFは利益水準とその符号を公表しないため、売上高と営業利益の増加率から得る利益率方向は代理指標である。
20261,2026年1 - 3 月,142,情報通信業,26,全規模,False,True,True,142,1,interest_and_dividend_income,受取利息等,受取利息等の前年差による利益影響,1,1724.31,1309.98,414.3299999999999,414.3299999999999,INCREASES_PROFIT_CHANGE,-25.31418970520849,CALCULABLE,会計的な利益影響であり因果を示さない,20832.23,19154.29,1677.9399999999987,23103.3,23062.11,41.18999999999869,2271.0699999999997,3907.8199999999997,-1636.75,2271.0699999999997,3907.8200000000006,-1636.750000000001,-1636.750000000001,-9.094947017729282e-13,PASS,PASS,414.0,414.0,-1637.0,FORBIDDEN_WITHOUT_EXTERNAL_PRIMARY_EVIDENCE,継続標本のみを用い母集団推計を行うため、本系列に比べサンプルサイズが小さくなる。,営業利益及び経常利益については、標準誤差率の算出は行っていない。,継続標本PDFは利益水準とその符号を公表しないため、売上高と営業利益の増加率から得る利益率方向は代理指標である。
20261,2026年1 - 3 月,142,情報通信業,26,全規模,False,True,True,142,2,other_non_operating_income,その他の営業外収益,その他の営業外収益の前年差による利益影響,1,4858.15,7371.85,-2513.7000000000007,-2513.7000000000007,REDUCES_PROFIT_CHANGE,153.57873835344438,CALCULABLE,原因は統計だけでは特定しない,20832.23,19154.29,1677.9399999999987,23103.3,23062.11,41.18999999999869,2271.0699999999997,3907.8199999999997,-1636.75,2271.0699999999997,3907.8200000000006,-1636.750000000001,-1636.750000000001,-9.094947017729282e-13,PASS,PASS,-2514.0,-2514.0,-1637.0,FORBIDDEN_WITHOUT_EXTERNAL_PRIMARY_EVIDENCE,継続標本のみを用い母集団推計を行うため、本系列に比べサンプルサイズが小さくなる。,営業利益及び経常利益については、標準誤差率の算出は行っていない。,継続標本PDFは利益水準とその符号を公表しないため、売上高と営業利益の増加率から得る利益率方向は代理指標である。
20261,2026年1 - 3 月,142,情報通信業,26,全規模,False,True,True,142,3,interest_expense,支払利息等,支払利息等の前年差による利益影響,-1,1813.49,1254.28,559.21,-559.21,REDUCES_PROFIT_CHANGE,34.165877501145566,CALCULABLE,会計的な利益影響であり因果を示さない,20832.23,19154.29,1677.9399999999987,23103.3,23062.11,41.18999999999869,2271.0699999999997,3907.8199999999997,-1636.75,2271.0699999999997,3907.8200000000006,-1636.750000000001,-1636.750000000001,-9.094947017729282e-13,PASS,PASS,559.0,-559.0,-1637.0,FORBIDDEN_WITHOUT_EXTERNAL_PRIMARY_EVIDENCE,継続標本のみを用い母集団推計を行うため、本系列に比べサンプルサイズが小さくなる。,営業利益及び経常利益については、標準誤差率の算出は行っていない。,継続標本PDFは利益水準とその符号を公表しないため、売上高と営業利益の増加率から得る利益率方向は代理指標である。
20261,2026年1 - 3 月,142,情報通信業,26,全規模,False,True,True,142,4,other_non_operating_expense,その他の営業外費用,その他の営業外費用の前年差による利益影響,-1,2497.9,3519.73,-1021.8299999999999,1021.8299999999999,INCREASES_PROFIT_CHANGE,-62.43042614938139,CALCULABLE,会計的な利益影響であり因果を示さない,20832.23,19154.29,1677.9399999999987,23103.3,23062.11,41.18999999999869,2271.0699999999997,3907.8199999999997,-1636.75,2271.0699999999997,3907.8200000000006,-1636.750000000001,-1636.750000000001,-9.094947017729282e-13,PASS,PASS,-1022.0,1022.0,-1637.0,FORBIDDEN_WITHOUT_EXTERNAL_PRIMARY_EVIDENCE,継続標本のみを用い母集団推計を行うため、本系列に比べサンプルサイズが小さくなる。,営業利益及び経常利益については、標準誤差率の算出は行っていない。,継続標本PDFは利益水準とその符号を公表しないため、売上高と営業利益の増加率から得る利益率方向は代理指標である。
20261,2026年1 - 3 月,143,その他のサービス業,19,1千万円以上 - 1億円未満,False,False,True,137,1,interest_and_dividend_income,受取利息等,受取利息等の前年差による利益影響,1,51.69,188.13,-136.44,-136.44,REDUCES_PROFIT_CHANGE,-30.515297906602264,CALCULABLE,会計的な利益影響であり因果を示さない,2714.82,2142.06,572.7600000000002,3130.57,2110.69,1019.8800000000001,415.75,-31.36999999999989,447.1199999999999,415.75,-31.370000000000005,447.12,447.11999999999995,5.684341886080802e-14,PASS,PASS,-136.0,-136.0,448.0,FORBIDDEN_WITHOUT_EXTERNAL_PRIMARY_EVIDENCE,継続標本のみを用い母集団推計を行うため、本系列に比べサンプルサイズが小さくなる。,営業利益及び経常利益については、標準誤差率の算出は行っていない。,継続標本PDFは利益水準とその符号を公表しないため、売上高と営業利益の増加率から得る利益率方向は代理指標である。
20261,2026年1 - 3 月,143,その他のサービス業,19,1千万円以上 - 1億円未満,False,False,True,137,2,other_non_operating_income,その他の営業外収益,その他の営業外収益の前年差による利益影響,1,685.4,465.48,219.91999999999996,219.91999999999996,INCREASES_PROFIT_CHANGE,49.18590087672213,CALCULABLE,原因は統計だけでは特定しない,2714.82,2142.06,572.7600000000002,3130.57,2110.69,1019.8800000000001,415.75,-31.36999999999989,447.1199999999999,415.75,-31.370000000000005,447.12,447.11999999999995,5.684341886080802e-14,PASS,PASS,220.0,220.0,448.0,FORBIDDEN_WITHOUT_EXTERNAL_PRIMARY_EVIDENCE,継続標本のみを用い母集団推計を行うため、本系列に比べサンプルサイズが小さくなる。,営業利益及び経常利益については、標準誤差率の算出は行っていない。,継続標本PDFは利益水準とその符号を公表しないため、売上高と営業利益の増加率から得る利益率方向は代理指標である。
20261,2026年1 - 3 月,143,その他のサービス業,19,1千万円以上 - 1億円未満,False,False,True,137,3,interest_expense,支払利息等,支払利息等の前年差による利益影響,-1,209.12,234.74,-25.620000000000005,25.620000000000005,INCREASES_PROFIT_CHANGE,5.7300053676865295,CALCULABLE,会計的な利益影響であり因果を示さない,2714.82,2142.06,572.7600000000002,3130.57,2110.69,1019.8800000000001,415.75,-31.36999999999989,447.1199999999999,415.75,-31.370000000000005,447.12,447.11999999999995,5.684341886080802e-14,PASS,PASS,-26.0,26.0,448.0,FORBIDDEN_WITHOUT_EXTERNAL_PRIMARY_EVIDENCE,継続標本のみを用い母集団推計を行うため、本系列に比べサンプルサイズが小さくなる。,営業利益及び経常利益については、標準誤差率の算出は行っていない。,継続標本PDFは利益水準とその符号を公表しないため、売上高と営業利益の増加率から得る利益率方向は代理指標である。
20261,2026年1 - 3 月,143,その他のサービス業,19,1千万円以上 - 1億円未満,False,False,True,137,4,other_non_operating_expense,その他の営業外費用,その他の営業外費用の前年差による利益影響,-1,112.22,450.24,-338.02,338.02,INCREASES_PROFIT_CHANGE,75.59939166219361,CALCULABLE,会計的な利益影響であり因果を示さない,2714.82,2142.06,572.7600000000002,3130.57,2110.69,1019.8800000000001,415.75,-31.36999999999989,447.1199999999999,415.75,-31.370000000000005,447.12,447.11999999999995,5.684341886080802e-14,PASS,PASS,-338.0,338.0,448.0,FORBIDDEN_WITHOUT_EXTERNAL_PRIMARY_EVIDENCE,継続標本のみを用い母集団推計を行うため、本系列に比べサンプルサイズが小さくなる。,営業利益及び経常利益については、標準誤差率の算出は行っていない。,継続標本PDFは利益水準とその符号を公表しないため、売上高と営業利益の増加率から得る利益率方向は代理指標である。
20261,2026年1 - 3 月,143,その他のサービス業,24,1億円以上 - 10億円未満,False,False,True,137,1,interest_and_dividend_income,受取利息等,受取利息等の前年差による利益影響,1,369.82,147.97,221.85,221.85,INCREASES_PROFIT_CHANGE,46.33361876318373,CALCULABLE,会計的な利益影響であり因果を示さない,2918.9,2825.11,93.78999999999996,3562.93,2990.33,572.5999999999999,644.0299999999997,165.2199999999998,478.80999999999995,644.03,165.22000000000003,478.80999999999995,478.80999999999995,0.0,PASS,PASS,222.0,222.0,478.0,FORBIDDEN_WITHOUT_EXTERNAL_PRIMARY_EVIDENCE,継続標本のみを用い母集団推計を行うため、本系列に比べサンプルサイズが小さくなる。,営業利益及び経常利益については、標準誤差率の算出は行っていない。,継続標本PDFは利益水準とその符号を公表しないため、売上高と営業利益の増加率から得る利益率方向は代理指標である。
20261,2026年1 - 3 月,143,その他のサービス業,24,1億円以上 - 10億円未満,False,False,True,137,2,other_non_operating_income,その他の営業外収益,その他の営業外収益の前年差による利益影響,1,569.43,449.2,120.22999999999996,120.22999999999996,INCREASES_PROFIT_CHANGE,25.11016896054802,CALCULABLE,原因は統計だけでは特定しない,2918.9,2825.11,93.78999999999996,3562.93,2990.33,572.5999999999999,644.0299999999997,165.2199999999998,478.80999999999995,644.03,165.22000000000003,478.80999999999995,478.80999999999995,0.0,PASS,PASS,120.0,120.0,478.0,FORBIDDEN_WITHOUT_EXTERNAL_PRIMARY_EVIDENCE,継続標本のみを用い母集団推計を行うため、本系列に比べサンプルサイズが小さくなる。,営業利益及び経常利益については、標準誤差率の算出は行っていない。,継続標本PDFは利益水準とその符号を公表しないため、売上高と営業利益の増加率から得る利益率方向は代理指標である。
20261,2026年1 - 3 月,143,その他のサービス業,24,1億円以上 - 10億円未満,False,False,True,137,3,interest_expense,支払利息等,支払利息等の前年差による利益影響,-1,87.02,111.42,-24.400000000000006,24.400000000000006,INCREASES_PROFIT_CHANGE,5.095967085065059,CALCULABLE,会計的な利益影響であり因果を示さない,2918.9,2825.11,93.78999999999996,3562.93,2990.33,572.5999999999999,644.0299999999997,165.2199999999998,478.80999999999995,644.03,165.22000000000003,478.80999999999995,478.80999999999995,0.0,PASS,PASS,-24.0,24.0,478.0,FORBIDDEN_WITHOUT_EXTERNAL_PRIMARY_EVIDENCE,継続標本のみを用い母集団推計を行うため、本系列に比べサンプルサイズが小さくなる。,営業利益及び経常利益については、標準誤差率の算出は行っていない。,継続標本PDFは利益水準とその符号を公表しないため、売上高と営業利益の増加率から得る利益率方向は代理指標である。
20261,2026年1 - 3 月,143,その他のサービス業,24,1億円以上 - 10億円未満,False,False,True,137,4,other_non_operating_expense,その他の営業外費用,その他の営業外費用の前年差による利益影響,-1,208.2,320.53,-112.32999999999998,112.32999999999998,INCREASES_PROFIT_CHANGE,23.460245191203192,CALCULABLE,会計的な利益影響であり因果を示さない,2918.9,2825.11,93.78999999999996,3562.93,2990.33,572.5999999999999,644.0299999999997,165.2199999999998,478.80999999999995,644.03,165.22000000000003,478.80999999999995,478.80999999999995,0.0,PASS,PASS,-112.0,112.0,478.0,FORBIDDEN_WITHOUT_EXTERNAL_PRIMARY_EVIDENCE,継続標本のみを用い母集団推計を行うため、本系列に比べサンプルサイズが小さくなる。,営業利益及び経常利益については、標準誤差率の算出は行っていない。,継続標本PDFは利益水準とその符号を公表しないため、売上高と営業利益の増加率から得る利益率方向は代理指標である。
20261,2026年1 - 3 月,143,その他のサービス業,25,10億円以上,False,False,True,137,1,interest_and_dividend_income,受取利息等,受取利息等の前年差による利益影響,1,214.41,183.39,31.02000000000001,31.02000000000001,INCREASES_PROFIT_CHANGE,29.3416572077185,CALCULABLE,会計的な利益影響であり因果を示さない,1374.46,1422.8,-48.33999999999992,1587.99,1530.61,57.38000000000011,213.52999999999997,107.80999999999995,105.72000000000003,213.52999999999997,107.80999999999999,105.71999999999998,105.71999999999998,-4.263256414560601e-14,PASS,PASS,31.0,31.0,105.0,FORBIDDEN_WITHOUT_EXTERNAL_PRIMARY_EVIDENCE,継続標本のみを用い母集団推計を行うため、本系列に比べサンプルサイズが小さくなる。,営業利益及び経常利益については、標準誤差率の算出は行っていない。,継続標本PDFは利益水準とその符号を公表しないため、売上高と営業利益の増加率から得る利益率方向は代理指標である。
20261,2026年1 - 3 月,143,その他のサービス業,25,10億円以上,False,False,True,137,2,other_non_operating_income,その他の営業外収益,その他の営業外収益の前年差による利益影響,1,281.27,259.12,22.149999999999977,22.149999999999977,INCREASES_PROFIT_CHANGE,20.951570185395358,CALCULABLE,原因は統計だけでは特定しない,1374.46,1422.8,-48.33999999999992,1587.99,1530.61,57.38000000000011,213.52999999999997,107.80999999999995,105.72000000000003,213.52999999999997,107.80999999999999,105.71999999999998,105.71999999999998,-4.263256414560601e-14,PASS,PASS,22.0,22.0,105.0,FORBIDDEN_WITHOUT_EXTERNAL_PRIMARY_EVIDENCE,継続標本のみを用い母集団推計を行うため、本系列に比べサンプルサイズが小さくなる。,営業利益及び経常利益については、標準誤差率の算出は行っていない。,継続標本PDFは利益水準とその符号を公表しないため、売上高と営業利益の増加率から得る利益率方向は代理指標である。
20261,2026年1 - 3 月,143,その他のサービス業,25,10億円以上,False,False,True,137,3,interest_expense,支払利息等,支払利息等の前年差による利益影響,-1,113.75,47.83,65.92,-65.92,REDUCES_PROFIT_CHANGE,-62.353386303443045,CALCULABLE,会計的な利益影響であり因果を示さない,1374.46,1422.8,-48.33999999999992,1587.99,1530.61,57.38000000000011,213.52999999999997,107.80999999999995,105.72000000000003,213.52999999999997,107.80999999999999,105.71999999999998,105.71999999999998,-4.263256414560601e-14,PASS,PASS,66.0,-66.0,105.0,FORBIDDEN_WITHOUT_EXTERNAL_PRIMARY_EVIDENCE,継続標本のみを用い母集団推計を行うため、本系列に比べサンプルサイズが小さくなる。,営業利益及び経常利益については、標準誤差率の算出は行っていない。,継続標本PDFは利益水準とその符号を公表しないため、売上高と営業利益の増加率から得る利益率方向は代理指標である。
20261,2026年1 - 3 月,143,その他のサービス業,25,10億円以上,False,False,True,137,4,other_non_operating_expense,その他の営業外費用,その他の営業外費用の前年差による利益影響,-1,168.4,286.87,-118.47,118.47,INCREASES_PROFIT_CHANGE,112.06015891032915,CALCULABLE,会計的な利益影響であり因果を示さない,1374.46,1422.8,-48.33999999999992,1587.99,1530.61,57.38000000000011,213.52999999999997,107.80999999999995,105.72000000000003,213.52999999999997,107.80999999999999,105.71999999999998,105.71999999999998,-4.263256414560601e-14,PASS,PASS,-118.0,118.0,105.0,FORBIDDEN_WITHOUT_EXTERNAL_PRIMARY_EVIDENCE,継続標本のみを用い母集団推計を行うため、本系列に比べサンプルサイズが小さくなる。,営業利益及び経常利益については、標準誤差率の算出は行っていない。,継続標本PDFは利益水準とその符号を公表しないため、売上高と営業利益の増加率から得る利益率方向は代理指標である。
20261,2026年1 - 3 月,143,その他のサービス業,26,全規模,False,False,True,137,1,interest_and_dividend_income,受取利息等,受取利息等の前年差による利益影響,1,635.92,519.49,116.42999999999995,116.42999999999995,INCREASES_PROFIT_CHANGE,11.285804294091987,CALCULABLE,会計的な利益影響であり因果を示さない,7008.18,6389.97,618.21,8281.49,6631.63,1649.8599999999997,1273.3099999999995,241.65999999999985,1031.6499999999996,1273.31,241.65999999999985,1031.65,1031.65,4.547473508864641e-13,PASS,PASS,116.0,116.0,1031.0,FORBIDDEN_WITHOUT_EXTERNAL_PRIMARY_EVIDENCE,継続標本のみを用い母集団推計を行うため、本系列に比べサンプルサイズが小さくなる。,営業利益及び経常利益については、標準誤差率の算出は行っていない。,継続標本PDFは利益水準とその符号を公表しないため、売上高と営業利益の増加率から得る利益率方向は代理指標である。
20261,2026年1 - 3 月,143,その他のサービス業,26,全規模,False,False,True,137,2,other_non_operating_income,その他の営業外収益,その他の営業外収益の前年差による利益影響,1,1536.1,1173.8,362.29999999999995,362.29999999999995,INCREASES_PROFIT_CHANGE,35.11849949110648,CALCULABLE,原因は統計だけでは特定しない,7008.18,6389.97,618.21,8281.49,6631.63,1649.8599999999997,1273.3099999999995,241.65999999999985,1031.6499999999996,1273.31,241.65999999999985,1031.65,1031.65,4.547473508864641e-13,PASS,PASS,362.0,362.0,1031.0,FORBIDDEN_WITHOUT_EXTERNAL_PRIMARY_EVIDENCE,継続標本のみを用い母集団推計を行うため、本系列に比べサンプルサイズが小さくなる。,営業利益及び経常利益については、標準誤差率の算出は行っていない。,継続標本PDFは利益水準とその符号を公表しないため、売上高と営業利益の増加率から得る利益率方向は代理指標である。
20261,2026年1 - 3 月,143,その他のサービス業,26,全規模,False,False,True,137,3,interest_expense,支払利息等,支払利息等の前年差による利益影響,-1,409.89,393.99,15.899999999999977,-15.899999999999977,REDUCES_PROFIT_CHANGE,-1.5412203751272218,CALCULABLE,会計的な利益影響であり因果を示さない,7008.18,6389.97,618.21,8281.49,6631.63,1649.8599999999997,1273.3099999999995,241.65999999999985,1031.6499999999996,1273.31,241.65999999999985,1031.65,1031.65,4.547473508864641e-13,PASS,PASS,16.0,-16.0,1031.0,FORBIDDEN_WITHOUT_EXTERNAL_PRIMARY_EVIDENCE,継続標本のみを用い母集団推計を行うため、本系列に比べサンプルサイズが小さくなる。,営業利益及び経常利益については、標準誤差率の算出は行っていない。,継続標本PDFは利益水準とその符号を公表しないため、売上高と営業利益の増加率から得る利益率方向は代理指標である。
20261,2026年1 - 3 月,143,その他のサービス業,26,全規模,False,False,True,137,4,other_non_operating_expense,その他の営業外費用,その他の営業外費用の前年差による利益影響,-1,488.82,1057.64,-568.8200000000002,568.8200000000002,INCREASES_PROFIT_CHANGE,55.13691658992879,CALCULABLE,会計的な利益影響であり因果を示さない,7008.18,6389.97,618.21,8281.49,6631.63,1649.8599999999997,1273.3099999999995,241.65999999999985,1031.6499999999996,1273.31,241.65999999999985,1031.65,1031.65,4.547473508864641e-13,PASS,PASS,-569.0,569.0,1031.0,FORBIDDEN_WITHOUT_EXTERNAL_PRIMARY_EVIDENCE,継続標本のみを用い母集団推計を行うため、本系列に比べサンプルサイズが小さくなる。,営業利益及び経常利益については、標準誤差率の算出は行っていない。,継続標本PDFは利益水準とその符号を公表しないため、売上高と営業利益の増加率から得る利益率方向は代理指標である。
20261,2026年1 - 3 月,145,情報通信機械器具製造業,19,1千万円以上 - 1億円未満,False,False,True,108,1,interest_and_dividend_income,受取利息等,受取利息等の前年差による利益影響,1,44.64,13.55,31.09,31.09,INCREASES_PROFIT_CHANGE,-37.91001097427144,CALCULABLE,会計的な利益影響であり因果を示さない,1879.0,901.47,977.53,1969.36,1073.84,895.52,90.3599999999999,172.3699999999999,-82.00999999999999,90.35999999999999,172.36999999999998,-82.00999999999999,-82.00999999999999,0.0,PASS,PASS,31.0,31.0,-82.0,FORBIDDEN_WITHOUT_EXTERNAL_PRIMARY_EVIDENCE,継続標本のみを用い母集団推計を行うため、本系列に比べサンプルサイズが小さくなる。,営業利益及び経常利益については、標準誤差率の算出は行っていない。,継続標本PDFは利益水準とその符号を公表しないため、売上高と営業利益の増加率から得る利益率方向は代理指標である。
20261,2026年1 - 3 月,145,情報通信機械器具製造業,19,1千万円以上 - 1億円未満,False,False,True,108,2,other_non_operating_income,その他の営業外収益,その他の営業外収益の前年差による利益影響,1,163.82,250.89,-87.07,-87.07,REDUCES_PROFIT_CHANGE,106.16997927082063,CALCULABLE,原因は統計だけでは特定しない,1879.0,901.47,977.53,1969.36,1073.84,895.52,90.3599999999999,172.3699999999999,-82.00999999999999,90.35999999999999,172.36999999999998,-82.00999999999999,-82.00999999999999,0.0,PASS,PASS,-87.0,-87.0,-82.0,FORBIDDEN_WITHOUT_EXTERNAL_PRIMARY_EVIDENCE,継続標本のみを用い母集団推計を行うため、本系列に比べサンプルサイズが小さくなる。,営業利益及び経常利益については、標準誤差率の算出は行っていない。,継続標本PDFは利益水準とその符号を公表しないため、売上高と営業利益の増加率から得る利益率方向は代理指標である。
20261,2026年1 - 3 月,145,情報通信機械器具製造業,19,1千万円以上 - 1億円未満,False,False,True,108,3,interest_expense,支払利息等,支払利息等の前年差による利益影響,-1,40.43,33.49,6.939999999999998,-6.939999999999998,REDUCES_PROFIT_CHANGE,8.462382636263868,CALCULABLE,会計的な利益影響であり因果を示さない,1879.0,901.47,977.53,1969.36,1073.84,895.52,90.3599999999999,172.3699999999999,-82.00999999999999,90.35999999999999,172.36999999999998,-82.00999999999999,-82.00999999999999,0.0,PASS,PASS,7.0,-7.0,-82.0,FORBIDDEN_WITHOUT_EXTERNAL_PRIMARY_EVIDENCE,継続標本のみを用い母集団推計を行うため、本系列に比べサンプルサイズが小さくなる。,営業利益及び経常利益については、標準誤差率の算出は行っていない。,継続標本PDFは利益水準とその符号を公表しないため、売上高と営業利益の増加率から得る利益率方向は代理指標である。
20261,2026年1 - 3 月,145,情報通信機械器具製造業,19,1千万円以上 - 1億円未満,False,False,True,108,4,other_non_operating_expense,その他の営業外費用,その他の営業外費用の前年差による利益影響,-1,77.67,58.58,19.090000000000003,-19.090000000000003,REDUCES_PROFIT_CHANGE,23.277649067186935,CALCULABLE,会計的な利益影響であり因果を示さない,1879.0,901.47,977.53,1969.36,1073.84,895.52,90.3599999999999,172.3699999999999,-82.00999999999999,90.35999999999999,172.36999999999998,-82.00999999999999,-82.00999999999999,0.0,PASS,PASS,19.0,-19.0,-82.0,FORBIDDEN_WITHOUT_EXTERNAL_PRIMARY_EVIDENCE,継続標本のみを用い母集団推計を行うため、本系列に比べサンプルサイズが小さくなる。,営業利益及び経常利益については、標準誤差率の算出は行っていない。,継続標本PDFは利益水準とその符号を公表しないため、売上高と営業利益の増加率から得る利益率方向は代理指標である。
20261,2026年1 - 3 月,145,情報通信機械器具製造業,24,1億円以上 - 10億円未満,False,False,True,108,1,interest_and_dividend_income,受取利息等,受取利息等の前年差による利益影響,1,106.33,38.84,67.49,67.49,INCREASES_PROFIT_CHANGE,54.71866385600782,CALCULABLE,会計的な利益影響であり因果を示さない,1074.16,343.57,730.5900000000001,1204.72,350.79,853.9300000000001,130.55999999999995,7.220000000000027,123.33999999999992,130.56,7.220000000000027,123.33999999999997,123.33999999999999,7.105427357601002e-14,PASS,PASS,67.0,67.0,123.0,FORBIDDEN_WITHOUT_EXTERNAL_PRIMARY_EVIDENCE,継続標本のみを用い母集団推計を行うため、本系列に比べサンプルサイズが小さくなる。,営業利益及び経常利益については、標準誤差率の算出は行っていない。,継続標本PDFは利益水準とその符号を公表しないため、売上高と営業利益の増加率から得る利益率方向は代理指標である。
20261,2026年1 - 3 月,145,情報通信機械器具製造業,24,1億円以上 - 10億円未満,False,False,True,108,2,other_non_operating_income,その他の営業外収益,その他の営業外収益の前年差による利益影響,1,314.22,487.37,-173.14999999999998,-173.14999999999998,REDUCES_PROFIT_CHANGE,-140.38430355115946,CALCULABLE,原因は統計だけでは特定しない,1074.16,343.57,730.5900000000001,1204.72,350.79,853.9300000000001,130.55999999999995,7.220000000000027,123.33999999999992,130.56,7.220000000000027,123.33999999999997,123.33999999999999,7.105427357601002e-14,PASS,PASS,-173.0,-173.0,123.0,FORBIDDEN_WITHOUT_EXTERNAL_PRIMARY_EVIDENCE,継続標本のみを用い母集団推計を行うため、本系列に比べサンプルサイズが小さくなる。,営業利益及び経常利益については、標準誤差率の算出は行っていない。,継続標本PDFは利益水準とその符号を公表しないため、売上高と営業利益の増加率から得る利益率方向は代理指標である。
20261,2026年1 - 3 月,145,情報通信機械器具製造業,24,1億円以上 - 10億円未満,False,False,True,108,3,interest_expense,支払利息等,支払利息等の前年差による利益影響,-1,78.12,149.54,-71.41999999999999,71.41999999999999,INCREASES_PROFIT_CHANGE,57.90497810929141,CALCULABLE,会計的な利益影響であり因果を示さない,1074.16,343.57,730.5900000000001,1204.72,350.79,853.9300000000001,130.55999999999995,7.220000000000027,123.33999999999992,130.56,7.220000000000027,123.33999999999997,123.33999999999999,7.105427357601002e-14,PASS,PASS,-71.0,71.0,123.0,FORBIDDEN_WITHOUT_EXTERNAL_PRIMARY_EVIDENCE,継続標本のみを用い母集団推計を行うため、本系列に比べサンプルサイズが小さくなる。,営業利益及び経常利益については、標準誤差率の算出は行っていない。,継続標本PDFは利益水準とその符号を公表しないため、売上高と営業利益の増加率から得る利益率方向は代理指標である。
20261,2026年1 - 3 月,145,情報通信機械器具製造業,24,1億円以上 - 10億円未満,False,False,True,108,4,other_non_operating_expense,その他の営業外費用,その他の営業外費用の前年差による利益影響,-1,211.87,369.45,-157.57999999999998,157.57999999999998,INCREASES_PROFIT_CHANGE,127.7606615858603,CALCULABLE,会計的な利益影響であり因果を示さない,1074.16,343.57,730.5900000000001,1204.72,350.79,853.9300000000001,130.55999999999995,7.220000000000027,123.33999999999992,130.56,7.220000000000027,123.33999999999997,123.33999999999999,7.105427357601002e-14,PASS,PASS,-158.0,158.0,123.0,FORBIDDEN_WITHOUT_EXTERNAL_PRIMARY_EVIDENCE,継続標本のみを用い母集団推計を行うため、本系列に比べサンプルサイズが小さくなる。,営業利益及び経常利益については、標準誤差率の算出は行っていない。,継続標本PDFは利益水準とその符号を公表しないため、売上高と営業利益の増加率から得る利益率方向は代理指標である。
20261,2026年1 - 3 月,145,情報通信機械器具製造業,25,10億円以上,False,False,True,108,1,interest_and_dividend_income,受取利息等,受取利息等の前年差による利益影響,1,1537.07,916.23,620.8399999999999,620.8399999999999,INCREASES_PROFIT_CHANGE,15.480750049870338,CALCULABLE,会計的な利益影響であり因果を示さない,17413.44,7320.15,10093.289999999999,21754.85,7651.16,14103.689999999999,4341.41,331.0100000000002,4010.3999999999996,4341.41,331.0099999999999,4010.4,4010.4000000000005,9.094947017729282e-13,PASS,PASS,621.0,621.0,4011.0,FORBIDDEN_WITHOUT_EXTERNAL_PRIMARY_EVIDENCE,継続標本のみを用い母集団推計を行うため、本系列に比べサンプルサイズが小さくなる。,営業利益及び経常利益については、標準誤差率の算出は行っていない。,継続標本PDFは利益水準とその符号を公表しないため、売上高と営業利益の増加率から得る利益率方向は代理指標である。
20261,2026年1 - 3 月,145,情報通信機械器具製造業,25,10億円以上,False,False,True,108,2,other_non_operating_income,その他の営業外収益,その他の営業外収益の前年差による利益影響,1,5706.13,1952.24,3753.8900000000003,3753.8900000000003,INCREASES_PROFIT_CHANGE,93.60387991222822,CALCULABLE,原因は統計だけでは特定しない,17413.44,7320.15,10093.289999999999,21754.85,7651.16,14103.689999999999,4341.41,331.0100000000002,4010.3999999999996,4341.41,331.0099999999999,4010.4,4010.4000000000005,9.094947017729282e-13,PASS,PASS,3754.0,3754.0,4011.0,FORBIDDEN_WITHOUT_EXTERNAL_PRIMARY_EVIDENCE,継続標本のみを用い母集団推計を行うため、本系列に比べサンプルサイズが小さくなる。,営業利益及び経常利益については、標準誤差率の算出は行っていない。,継続標本PDFは利益水準とその符号を公表しないため、売上高と営業利益の増加率から得る利益率方向は代理指標である。
20261,2026年1 - 3 月,145,情報通信機械器具製造業,25,10億円以上,False,False,True,108,3,interest_expense,支払利息等,支払利息等の前年差による利益影響,-1,1006.78,343.39,663.39,-663.39,REDUCES_PROFIT_CHANGE,-16.54174147217235,CALCULABLE,会計的な利益影響であり因果を示さない,17413.44,7320.15,10093.289999999999,21754.85,7651.16,14103.689999999999,4341.41,331.0100000000002,4010.3999999999996,4341.41,331.0099999999999,4010.4,4010.4000000000005,9.094947017729282e-13,PASS,PASS,663.0,-663.0,4011.0,FORBIDDEN_WITHOUT_EXTERNAL_PRIMARY_EVIDENCE,継続標本のみを用い母集団推計を行うため、本系列に比べサンプルサイズが小さくなる。,営業利益及び経常利益については、標準誤差率の算出は行っていない。,継続標本PDFは利益水準とその符号を公表しないため、売上高と営業利益の増加率から得る利益率方向は代理指標である。
20261,2026年1 - 3 月,145,情報通信機械器具製造業,25,10億円以上,False,False,True,108,4,other_non_operating_expense,その他の営業外費用,その他の営業外費用の前年差による利益影響,-1,1895.01,2194.07,-299.0600000000002,299.0600000000002,INCREASES_PROFIT_CHANGE,7.457111510073814,CALCULABLE,会計的な利益影響であり因果を示さない,17413.44,7320.15,10093.289999999999,21754.85,7651.16,14103.689999999999,4341.41,331.0100000000002,4010.3999999999996,4341.41,331.0099999999999,4010.4,4010.4000000000005,9.094947017729282e-13,PASS,PASS,-299.0,299.0,4011.0,FORBIDDEN_WITHOUT_EXTERNAL_PRIMARY_EVIDENCE,継続標本のみを用い母集団推計を行うため、本系列に比べサンプルサイズが小さくなる。,営業利益及び経常利益については、標準誤差率の算出は行っていない。,継続標本PDFは利益水準とその符号を公表しないため、売上高と営業利益の増加率から得る利益率方向は代理指標である。
20261,2026年1 - 3 月,145,情報通信機械器具製造業,26,全規模,False,False,True,108,1,interest_and_dividend_income,受取利息等,受取利息等の前年差による利益影響,1,1688.04,968.62,719.42,719.42,INCREASES_PROFIT_CHANGE,17.75587218299343,CALCULABLE,会計的な利益影響であり因果を示さない,20366.6,8565.19,11801.409999999998,24928.93,9075.79,15853.14,4562.330000000002,510.60000000000036,4051.7300000000014,4562.33,510.60000000000014,4051.7299999999996,4051.7299999999996,-1.8189894035458565e-12,PASS,PASS,719.0,719.0,4052.0,FORBIDDEN_WITHOUT_EXTERNAL_PRIMARY_EVIDENCE,継続標本のみを用い母集団推計を行うため、本系列に比べサンプルサイズが小さくなる。,営業利益及び経常利益については、標準誤差率の算出は行っていない。,継続標本PDFは利益水準とその符号を公表しないため、売上高と営業利益の増加率から得る利益率方向は代理指標である。
20261,2026年1 - 3 月,145,情報通信機械器具製造業,26,全規模,False,False,True,108,2,other_non_operating_income,その他の営業外収益,その他の営業外収益の前年差による利益影響,1,6184.17,2690.5,3493.67,3493.67,INCREASES_PROFIT_CHANGE,86.22662418275647,CALCULABLE,原因は統計だけでは特定しない,20366.6,8565.19,11801.409999999998,24928.93,9075.79,15853.14,4562.330000000002,510.60000000000036,4051.7300000000014,4562.33,510.60000000000014,4051.7299999999996,4051.7299999999996,-1.8189894035458565e-12,PASS,PASS,3494.0,3494.0,4052.0,FORBIDDEN_WITHOUT_EXTERNAL_PRIMARY_EVIDENCE,継続標本のみを用い母集団推計を行うため、本系列に比べサンプルサイズが小さくなる。,営業利益及び経常利益については、標準誤差率の算出は行っていない。,継続標本PDFは利益水準とその符号を公表しないため、売上高と営業利益の増加率から得る利益率方向は代理指標である。
20261,2026年1 - 3 月,145,情報通信機械器具製造業,26,全規模,False,False,True,108,3,interest_expense,支払利息等,支払利息等の前年差による利益影響,-1,1125.33,526.42,598.91,-598.91,REDUCES_PROFIT_CHANGE,-14.781587124512239,CALCULABLE,会計的な利益影響であり因果を示さない,20366.6,8565.19,11801.409999999998,24928.93,9075.79,15853.14,4562.330000000002,510.60000000000036,4051.7300000000014,4562.33,510.60000000000014,4051.7299999999996,4051.7299999999996,-1.8189894035458565e-12,PASS,PASS,599.0,-599.0,4052.0,FORBIDDEN_WITHOUT_EXTERNAL_PRIMARY_EVIDENCE,継続標本のみを用い母集団推計を行うため、本系列に比べサンプルサイズが小さくなる。,営業利益及び経常利益については、標準誤差率の算出は行っていない。,継続標本PDFは利益水準とその符号を公表しないため、売上高と営業利益の増加率から得る利益率方向は代理指標である。
20261,2026年1 - 3 月,145,情報通信機械器具製造業,26,全規模,False,False,True,108,4,other_non_operating_expense,その他の営業外費用,その他の営業外費用の前年差による利益影響,-1,2184.55,2622.1,-437.5499999999997,437.5499999999997,INCREASES_PROFIT_CHANGE,10.799090758762295,CALCULABLE,会計的な利益影響であり因果を示さない,20366.6,8565.19,11801.409999999998,24928.93,9075.79,15853.14,4562.330000000002,510.60000000000036,4051.7300000000014,4562.33,510.60000000000014,4051.7299999999996,4051.7299999999996,-1.8189894035458565e-12,PASS,PASS,-438.0,438.0,4052.0,FORBIDDEN_WITHOUT_EXTERNAL_PRIMARY_EVIDENCE,継続標本のみを用い母集団推計を行うため、本系列に比べサンプルサイズが小さくなる。,営業利益及び経常利益については、標準誤差率の算出は行っていない。,継続標本PDFは利益水準とその符号を公表しないため、売上高と営業利益の増加率から得る利益率方向は代理指標である。
20261,2026年1 - 3 月,148,飲食サービス業,19,1千万円以上 - 1億円未満,False,False,True,137,1,interest_and_dividend_income,受取利息等,受取利息等の前年差による利益影響,1,248.7,105.58,143.12,143.12,INCREASES_PROFIT_CHANGE,26.878004807692307,CALCULABLE,会計的な利益影響であり因果を示さない,415.33,1143.23,-727.9000000000001,859.36,1054.78,-195.41999999999996,444.03000000000003,-88.45000000000005,532.48,444.03,-88.45000000000003,532.48,532.48,0.0,PASS,PASS,143.0,143.0,532.0,FORBIDDEN_WITHOUT_EXTERNAL_PRIMARY_EVIDENCE,継続標本のみを用い母集団推計を行うため、本系列に比べサンプルサイズが小さくなる。,営業利益及び経常利益については、標準誤差率の算出は行っていない。,継続標本PDFは利益水準とその符号を公表しないため、売上高と営業利益の増加率から得る利益率方向は代理指標である。
20261,2026年1 - 3 月,148,飲食サービス業,19,1千万円以上 - 1億円未満,False,False,True,137,2,other_non_operating_income,その他の営業外収益,その他の営業外収益の前年差による利益影響,1,768.6,520.54,248.06000000000006,248.06000000000006,INCREASES_PROFIT_CHANGE,46.585787259615394,CALCULABLE,原因は統計だけでは特定しない,415.33,1143.23,-727.9000000000001,859.36,1054.78,-195.41999999999996,444.03000000000003,-88.45000000000005,532.48,444.03,-88.45000000000003,532.48,532.48,0.0,PASS,PASS,248.0,248.0,532.0,FORBIDDEN_WITHOUT_EXTERNAL_PRIMARY_EVIDENCE,継続標本のみを用い母集団推計を行うため、本系列に比べサンプルサイズが小さくなる。,営業利益及び経常利益については、標準誤差率の算出は行っていない。,継続標本PDFは利益水準とその符号を公表しないため、売上高と営業利益の増加率から得る利益率方向は代理指標である。
20261,2026年1 - 3 月,148,飲食サービス業,19,1千万円以上 - 1億円未満,False,False,True,137,3,interest_expense,支払利息等,支払利息等の前年差による利益影響,-1,425.16,302.36,122.80000000000001,-122.80000000000001,REDUCES_PROFIT_CHANGE,-23.06189903846154,CALCULABLE,会計的な利益影響であり因果を示さない,415.33,1143.23,-727.9000000000001,859.36,1054.78,-195.41999999999996,444.03000000000003,-88.45000000000005,532.48,444.03,-88.45000000000003,532.48,532.48,0.0,PASS,PASS,123.0,-123.0,532.0,FORBIDDEN_WITHOUT_EXTERNAL_PRIMARY_EVIDENCE,継続標本のみを用い母集団推計を行うため、本系列に比べサンプルサイズが小さくなる。,営業利益及び経常利益については、標準誤差率の算出は行っていない。,継続標本PDFは利益水準とその符号を公表しないため、売上高と営業利益の増加率から得る利益率方向は代理指標である。
20261,2026年1 - 3 月,148,飲食サービス業,19,1千万円以上 - 1億円未満,False,False,True,137,4,other_non_operating_expense,その他の営業外費用,その他の営業外費用の前年差による利益影響,-1,148.11,412.21,-264.09999999999997,264.09999999999997,INCREASES_PROFIT_CHANGE,49.59810697115384,CALCULABLE,会計的な利益影響であり因果を示さない,415.33,1143.23,-727.9000000000001,859.36,1054.78,-195.41999999999996,444.03000000000003,-88.45000000000005,532.48,444.03,-88.45000000000003,532.48,532.48,0.0,PASS,PASS,-264.0,264.0,532.0,FORBIDDEN_WITHOUT_EXTERNAL_PRIMARY_EVIDENCE,継続標本のみを用い母集団推計を行うため、本系列に比べサンプルサイズが小さくなる。,営業利益及び経常利益については、標準誤差率の算出は行っていない。,継続標本PDFは利益水準とその符号を公表しないため、売上高と営業利益の増加率から得る利益率方向は代理指標である。
20261,2026年1 - 3 月,148,飲食サービス業,24,1億円以上 - 10億円未満,False,False,True,137,1,interest_and_dividend_income,受取利息等,受取利息等の前年差による利益影響,1,3.93,5.19,-1.2600000000000002,-1.2600000000000002,REDUCES_PROFIT_CHANGE,-16.091954022988542,CALCULABLE,会計的な利益影響であり因果を示さない,123.94,157.64,-33.69999999999999,132.42,158.29,-25.870000000000005,8.47999999999999,0.6500000000000057,7.829999999999984,8.479999999999999,0.6500000000000048,7.829999999999994,7.829999999999995,1.0658141036401503e-14,PASS,PASS,-1.0,-1.0,9.0,FORBIDDEN_WITHOUT_EXTERNAL_PRIMARY_EVIDENCE,継続標本のみを用い母集団推計を行うため、本系列に比べサンプルサイズが小さくなる。,営業利益及び経常利益については、標準誤差率の算出は行っていない。,継続標本PDFは利益水準とその符号を公表しないため、売上高と営業利益の増加率から得る利益率方向は代理指標である。
20261,2026年1 - 3 月,148,飲食サービス業,24,1億円以上 - 10億円未満,False,False,True,137,2,other_non_operating_income,その他の営業外収益,その他の営業外収益の前年差による利益影響,1,25.84,31.17,-5.330000000000002,-5.330000000000002,REDUCES_PROFIT_CHANGE,-68.07151979565789,CALCULABLE,原因は統計だけでは特定しない,123.94,157.64,-33.69999999999999,132.42,158.29,-25.870000000000005,8.47999999999999,0.6500000000000057,7.829999999999984,8.479999999999999,0.6500000000000048,7.829999999999994,7.829999999999995,1.0658141036401503e-14,PASS,PASS,-5.0,-5.0,9.0,FORBIDDEN_WITHOUT_EXTERNAL_PRIMARY_EVIDENCE,継続標本のみを用い母集団推計を行うため、本系列に比べサンプルサイズが小さくなる。,営業利益及び経常利益については、標準誤差率の算出は行っていない。,継続標本PDFは利益水準とその符号を公表しないため、売上高と営業利益の増加率から得る利益率方向は代理指標である。
20261,2026年1 - 3 月,148,飲食サービス業,24,1億円以上 - 10億円未満,False,False,True,137,3,interest_expense,支払利息等,支払利息等の前年差による利益影響,-1,12.06,18.58,-6.519999999999998,6.519999999999998,INCREASES_PROFIT_CHANGE,83.26947637292479,CALCULABLE,会計的な利益影響であり因果を示さない,123.94,157.64,-33.69999999999999,132.42,158.29,-25.870000000000005,8.47999999999999,0.6500000000000057,7.829999999999984,8.479999999999999,0.6500000000000048,7.829999999999994,7.829999999999995,1.0658141036401503e-14,PASS,PASS,-7.0,7.0,9.0,FORBIDDEN_WITHOUT_EXTERNAL_PRIMARY_EVIDENCE,継続標本のみを用い母集団推計を行うため、本系列に比べサンプルサイズが小さくなる。,営業利益及び経常利益については、標準誤差率の算出は行っていない。,継続標本PDFは利益水準とその符号を公表しないため、売上高と営業利益の増加率から得る利益率方向は代理指標である。
20261,2026年1 - 3 月,148,飲食サービス業,24,1億円以上 - 10億円未満,False,False,True,137,4,other_non_operating_expense,その他の営業外費用,その他の営業外費用の前年差による利益影響,-1,9.23,17.13,-7.899999999999999,7.899999999999999,INCREASES_PROFIT_CHANGE,100.89399744572177,CALCULABLE,会計的な利益影響であり因果を示さない,123.94,157.64,-33.69999999999999,132.42,158.29,-25.870000000000005,8.47999999999999,0.6500000000000057,7.829999999999984,8.479999999999999,0.6500000000000048,7.829999999999994,7.829999999999995,1.0658141036401503e-14,PASS,PASS,-8.0,8.0,9.0,FORBIDDEN_WITHOUT_EXTERNAL_PRIMARY_EVIDENCE,継続標本のみを用い母集団推計を行うため、本系列に比べサンプルサイズが小さくなる。,営業利益及び経常利益については、標準誤差率の算出は行っていない。,継続標本PDFは利益水準とその符号を公表しないため、売上高と営業利益の増加率から得る利益率方向は代理指標である。
20261,2026年1 - 3 月,148,飲食サービス業,25,10億円以上,False,False,True,137,1,interest_and_dividend_income,受取利息等,受取利息等の前年差による利益影響,1,22.93,16.17,6.759999999999998,6.759999999999998,INCREASES_PROFIT_CHANGE,0.2797353273441282,CALCULABLE,会計的な利益影響であり因果を示さない,545.46,355.41,190.05,2978.56,371.94,2606.62,2433.1,16.529999999999973,2416.5699999999997,2433.1000000000004,16.53,2416.57,2416.5700000000006,9.094947017729282e-13,PASS,PASS,7.0,7.0,2417.0,FORBIDDEN_WITHOUT_EXTERNAL_PRIMARY_EVIDENCE,継続標本のみを用い母集団推計を行うため、本系列に比べサンプルサイズが小さくなる。,営業利益及び経常利益については、標準誤差率の算出は行っていない。,継続標本PDFは利益水準とその符号を公表しないため、売上高と営業利益の増加率から得る利益率方向は代理指標である。
20261,2026年1 - 3 月,148,飲食サービス業,25,10億円以上,False,False,True,137,2,other_non_operating_income,その他の営業外収益,その他の営業外収益の前年差による利益影響,1,2987.05,47.18,2939.8700000000003,2939.8700000000003,INCREASES_PROFIT_CHANGE,121.65465928981989,CALCULABLE,原因は統計だけでは特定しない,545.46,355.41,190.05,2978.56,371.94,2606.62,2433.1,16.529999999999973,2416.5699999999997,2433.1000000000004,16.53,2416.57,2416.5700000000006,9.094947017729282e-13,PASS,PASS,2940.0,2940.0,2417.0,FORBIDDEN_WITHOUT_EXTERNAL_PRIMARY_EVIDENCE,継続標本のみを用い母集団推計を行うため、本系列に比べサンプルサイズが小さくなる。,営業利益及び経常利益については、標準誤差率の算出は行っていない。,継続標本PDFは利益水準とその符号を公表しないため、売上高と営業利益の増加率から得る利益率方向は代理指標である。
20261,2026年1 - 3 月,148,飲食サービス業,25,10億円以上,False,False,True,137,3,interest_expense,支払利息等,支払利息等の前年差による利益影響,-1,16.57,11.82,4.75,-4.75,REDUCES_PROFIT_CHANGE,-0.19655958652139194,CALCULABLE,会計的な利益影響であり因果を示さない,545.46,355.41,190.05,2978.56,371.94,2606.62,2433.1,16.529999999999973,2416.5699999999997,2433.1000000000004,16.53,2416.57,2416.5700000000006,9.094947017729282e-13,PASS,PASS,5.0,-5.0,2417.0,FORBIDDEN_WITHOUT_EXTERNAL_PRIMARY_EVIDENCE,継続標本のみを用い母集団推計を行うため、本系列に比べサンプルサイズが小さくなる。,営業利益及び経常利益については、標準誤差率の算出は行っていない。,継続標本PDFは利益水準とその符号を公表しないため、売上高と営業利益の増加率から得る利益率方向は代理指標である。
20261,2026年1 - 3 月,148,飲食サービス業,25,10億円以上,False,False,True,137,4,other_non_operating_expense,その他の営業外費用,その他の営業外費用の前年差による利益影響,-1,560.31,35.0,525.31,-525.31,REDUCES_PROFIT_CHANGE,-21.737835030642604,CALCULABLE,会計的な利益影響であり因果を示さない,545.46,355.41,190.05,2978.56,371.94,2606.62,2433.1,16.529999999999973,2416.5699999999997,2433.1000000000004,16.53,2416.57,2416.5700000000006,9.094947017729282e-13,PASS,PASS,525.0,-525.0,2417.0,FORBIDDEN_WITHOUT_EXTERNAL_PRIMARY_EVIDENCE,継続標本のみを用い母集団推計を行うため、本系列に比べサンプルサイズが小さくなる。,営業利益及び経常利益については、標準誤差率の算出は行っていない。,継続標本PDFは利益水準とその符号を公表しないため、売上高と営業利益の増加率から得る利益率方向は代理指標である。
20261,2026年1 - 3 月,148,飲食サービス業,26,全規模,False,False,True,137,1,interest_and_dividend_income,受取利息等,受取利息等の前年差による利益影響,1,275.56,126.94,148.62,148.62,INCREASES_PROFIT_CHANGE,5.026243878682936,CALCULABLE,会計的な利益影響であり因果を示さない,1084.73,1656.28,-571.55,3970.34,1585.01,2385.33,2885.61,-71.26999999999998,2956.88,2885.6099999999997,-71.26999999999998,2956.8799999999997,2956.88,0.0,PASS,PASS,149.0,149.0,2958.0,FORBIDDEN_WITHOUT_EXTERNAL_PRIMARY_EVIDENCE,継続標本のみを用い母集団推計を行うため、本系列に比べサンプルサイズが小さくなる。,営業利益及び経常利益については、標準誤差率の算出は行っていない。,継続標本PDFは利益水準とその符号を公表しないため、売上高と営業利益の増加率から得る利益率方向は代理指標である。
20261,2026年1 - 3 月,148,飲食サービス業,26,全規模,False,False,True,137,2,other_non_operating_income,その他の営業外収益,その他の営業外収益の前年差による利益影響,1,3781.49,598.89,3182.6,3182.6,INCREASES_PROFIT_CHANGE,107.63372203133031,CALCULABLE,原因は統計だけでは特定しない,1084.73,1656.28,-571.55,3970.34,1585.01,2385.33,2885.61,-71.26999999999998,2956.88,2885.6099999999997,-71.26999999999998,2956.8799999999997,2956.88,0.0,PASS,PASS,3183.0,3183.0,2958.0,FORBIDDEN_WITHOUT_EXTERNAL_PRIMARY_EVIDENCE,継続標本のみを用い母集団推計を行うため、本系列に比べサンプルサイズが小さくなる。,営業利益及び経常利益については、標準誤差率の算出は行っていない。,継続標本PDFは利益水準とその符号を公表しないため、売上高と営業利益の増加率から得る利益率方向は代理指標である。
20261,2026年1 - 3 月,148,飲食サービス業,26,全規模,False,False,True,137,3,interest_expense,支払利息等,支払利息等の前年差による利益影響,-1,453.79,332.76,121.03000000000003,-121.03000000000003,REDUCES_PROFIT_CHANGE,-4.093165769324424,CALCULABLE,会計的な利益影響であり因果を示さない,1084.73,1656.28,-571.55,3970.34,1585.01,2385.33,2885.61,-71.26999999999998,2956.88,2885.6099999999997,-71.26999999999998,2956.8799999999997,2956.88,0.0,PASS,PASS,121.0,-121.0,2958.0,FORBIDDEN_WITHOUT_EXTERNAL_PRIMARY_EVIDENCE,継続標本のみを用い母集団推計を行うため、本系列に比べサンプルサイズが小さくなる。,営業利益及び経常利益については、標準誤差率の算出は行っていない。,継続標本PDFは利益水準とその符号を公表しないため、売上高と営業利益の増加率から得る利益率方向は代理指標である。
20261,2026年1 - 3 月,148,飲食サービス業,26,全規模,False,False,True,137,4,other_non_operating_expense,その他の営業外費用,その他の営業外費用の前年差による利益影響,-1,717.65,464.34,253.31,-253.31,REDUCES_PROFIT_CHANGE,-8.566800140688834,CALCULABLE,会計的な利益影響であり因果を示さない,1084.73,1656.28,-571.55,3970.34,1585.01,2385.33,2885.61,-71.26999999999998,2956.88,2885.6099999999997,-71.26999999999998,2956.8799999999997,2956.88,0.0,PASS,PASS,253.0,-253.0,2958.0,FORBIDDEN_WITHOUT_EXTERNAL_PRIMARY_EVIDENCE,継続標本のみを用い母集団推計を行うため、本系列に比べサンプルサイズが小さくなる。,営業利益及び経常利益については、標準誤差率の算出は行っていない。,継続標本PDFは利益水準とその符号を公表しないため、売上高と営業利益の増加率から得る利益率方向は代理指標である。
20261,2026年1 - 3 月,150,リース業,19,1千万円以上 - 1億円未満,False,False,True,155,1,interest_and_dividend_income,受取利息等,受取利息等の前年差による利益影響,1,4.54,4.71,-0.16999999999999993,-0.16999999999999993,REDUCES_PROFIT_CHANGE,0.11497362369809272,CALCULABLE,会計的な利益影響であり因果を示さない,689.83,699.35,-9.519999999999982,849.9,1007.28,-157.38,160.06999999999994,307.92999999999995,-147.86,160.07,307.93,-147.86,-147.86,0.0,PASS,PASS,-0.0,-0.0,-148.0,FORBIDDEN_WITHOUT_EXTERNAL_PRIMARY_EVIDENCE,継続標本のみを用い母集団推計を行うため、本系列に比べサンプルサイズが小さくなる。,営業利益及び経常利益については、標準誤差率の算出は行っていない。,継続標本PDFは利益水準とその符号を公表しないため、売上高と営業利益の増加率から得る利益率方向は代理指標である。
20261,2026年1 - 3 月,150,リース業,19,1千万円以上 - 1億円未満,False,False,True,155,2,other_non_operating_income,その他の営業外収益,その他の営業外収益の前年差による利益影響,1,275.45,357.26,-81.81,-81.81,REDUCES_PROFIT_CHANGE,55.32936561612336,CALCULABLE,原因は統計だけでは特定しない,689.83,699.35,-9.519999999999982,849.9,1007.28,-157.38,160.06999999999994,307.92999999999995,-147.86,160.07,307.93,-147.86,-147.86,0.0,PASS,PASS,-82.0,-82.0,-148.0,FORBIDDEN_WITHOUT_EXTERNAL_PRIMARY_EVIDENCE,継続標本のみを用い母集団推計を行うため、本系列に比べサンプルサイズが小さくなる。,営業利益及び経常利益については、標準誤差率の算出は行っていない。,継続標本PDFは利益水準とその符号を公表しないため、売上高と営業利益の増加率から得る利益率方向は代理指標である。
20261,2026年1 - 3 月,150,リース業,19,1千万円以上 - 1億円未満,False,False,True,155,3,interest_expense,支払利息等,支払利息等の前年差による利益影響,-1,40.56,34.5,6.060000000000002,-6.060000000000002,REDUCES_PROFIT_CHANGE,4.0984715271202505,CALCULABLE,会計的な利益影響であり因果を示さない,689.83,699.35,-9.519999999999982,849.9,1007.28,-157.38,160.06999999999994,307.92999999999995,-147.86,160.07,307.93,-147.86,-147.86,0.0,PASS,PASS,6.0,-6.0,-148.0,FORBIDDEN_WITHOUT_EXTERNAL_PRIMARY_EVIDENCE,継続標本のみを用い母集団推計を行うため、本系列に比べサンプルサイズが小さくなる。,営業利益及び経常利益については、標準誤差率の算出は行っていない。,継続標本PDFは利益水準とその符号を公表しないため、売上高と営業利益の増加率から得る利益率方向は代理指標である。
20261,2026年1 - 3 月,150,リース業,19,1千万円以上 - 1億円未満,False,False,True,155,4,other_non_operating_expense,その他の営業外費用,その他の営業外費用の前年差による利益影響,-1,79.36,19.54,59.82,-59.82,REDUCES_PROFIT_CHANGE,40.457189233058294,CALCULABLE,会計的な利益影響であり因果を示さない,689.83,699.35,-9.519999999999982,849.9,1007.28,-157.38,160.06999999999994,307.92999999999995,-147.86,160.07,307.93,-147.86,-147.86,0.0,PASS,PASS,60.0,-60.0,-148.0,FORBIDDEN_WITHOUT_EXTERNAL_PRIMARY_EVIDENCE,継続標本のみを用い母集団推計を行うため、本系列に比べサンプルサイズが小さくなる。,営業利益及び経常利益については、標準誤差率の算出は行っていない。,継続標本PDFは利益水準とその符号を公表しないため、売上高と営業利益の増加率から得る利益率方向は代理指標である。
20261,2026年1 - 3 月,150,リース業,24,1億円以上 - 10億円未満,False,False,True,155,1,interest_and_dividend_income,受取利息等,受取利息等の前年差による利益影響,1,196.74,25.41,171.33,171.33,INCREASES_PROFIT_CHANGE,116.63830076928316,CALCULABLE,会計的な利益影響であり因果を示さない,272.97,341.86,-68.88999999999999,464.2,386.2,78.0,191.22999999999996,44.339999999999975,146.89,191.23000000000002,44.34,146.89000000000001,146.89000000000001,2.842170943040401e-14,PASS,PASS,171.0,171.0,146.0,FORBIDDEN_WITHOUT_EXTERNAL_PRIMARY_EVIDENCE,継続標本のみを用い母集団推計を行うため、本系列に比べサンプルサイズが小さくなる。,営業利益及び経常利益については、標準誤差率の算出は行っていない。,継続標本PDFは利益水準とその符号を公表しないため、売上高と営業利益の増加率から得る利益率方向は代理指標である。
20261,2026年1 - 3 月,150,リース業,24,1億円以上 - 10億円未満,False,False,True,155,2,other_non_operating_income,その他の営業外収益,その他の営業外収益の前年差による利益影響,1,71.75,56.83,14.920000000000002,14.920000000000002,INCREASES_PROFIT_CHANGE,10.157260535094291,CALCULABLE,原因は統計だけでは特定しない,272.97,341.86,-68.88999999999999,464.2,386.2,78.0,191.22999999999996,44.339999999999975,146.89,191.23000000000002,44.34,146.89000000000001,146.89000000000001,2.842170943040401e-14,PASS,PASS,15.0,15.0,146.0,FORBIDDEN_WITHOUT_EXTERNAL_PRIMARY_EVIDENCE,継続標本のみを用い母集団推計を行うため、本系列に比べサンプルサイズが小さくなる。,営業利益及び経常利益については、標準誤差率の算出は行っていない。,継続標本PDFは利益水準とその符号を公表しないため、売上高と営業利益の増加率から得る利益率方向は代理指標である。
20261,2026年1 - 3 月,150,リース業,24,1億円以上 - 10億円未満,False,False,True,155,3,interest_expense,支払利息等,支払利息等の前年差による利益影響,-1,35.16,17.38,17.779999999999998,-17.779999999999998,REDUCES_PROFIT_CHANGE,-12.104295731499763,CALCULABLE,会計的な利益影響であり因果を示さない,272.97,341.86,-68.88999999999999,464.2,386.2,78.0,191.22999999999996,44.339999999999975,146.89,191.23000000000002,44.34,146.89000000000001,146.89000000000001,2.842170943040401e-14,PASS,PASS,18.0,-18.0,146.0,FORBIDDEN_WITHOUT_EXTERNAL_PRIMARY_EVIDENCE,継続標本のみを用い母集団推計を行うため、本系列に比べサンプルサイズが小さくなる。,営業利益及び経常利益については、標準誤差率の算出は行っていない。,継続標本PDFは利益水準とその符号を公表しないため、売上高と営業利益の増加率から得る利益率方向は代理指標である。
20261,2026年1 - 3 月,150,リース業,24,1億円以上 - 10億円未満,False,False,True,155,4,other_non_operating_expense,その他の営業外費用,その他の営業外費用の前年差による利益影響,-1,42.1,20.52,21.580000000000002,-21.580000000000002,REDUCES_PROFIT_CHANGE,-14.691265572877665,CALCULABLE,会計的な利益影響であり因果を示さない,272.97,341.86,-68.88999999999999,464.2,386.2,78.0,191.22999999999996,44.339999999999975,146.89,191.23000000000002,44.34,146.89000000000001,146.89000000000001,2.842170943040401e-14,PASS,PASS,22.0,-22.0,146.0,FORBIDDEN_WITHOUT_EXTERNAL_PRIMARY_EVIDENCE,継続標本のみを用い母集団推計を行うため、本系列に比べサンプルサイズが小さくなる。,営業利益及び経常利益については、標準誤差率の算出は行っていない。,継続標本PDFは利益水準とその符号を公表しないため、売上高と営業利益の増加率から得る利益率方向は代理指標である。
20261,2026年1 - 3 月,150,リース業,25,10億円以上,False,False,True,155,1,interest_and_dividend_income,受取利息等,受取利息等の前年差による利益影響,1,1050.28,744.49,305.78999999999996,305.78999999999996,INCREASES_PROFIT_CHANGE,57.37901788227343,CALCULABLE,会計的な利益影響であり因果を示さない,2354.24,2467.35,-113.11000000000013,3256.69,2836.87,419.82000000000016,902.4500000000003,369.52,532.9300000000003,902.4499999999999,369.52,532.93,532.93,-3.410605131648481e-13,PASS,PASS,306.0,306.0,533.0,FORBIDDEN_WITHOUT_EXTERNAL_PRIMARY_EVIDENCE,継続標本のみを用い母集団推計を行うため、本系列に比べサンプルサイズが小さくなる。,営業利益及び経常利益については、標準誤差率の算出は行っていない。,継続標本PDFは利益水準とその符号を公表しないため、売上高と営業利益の増加率から得る利益率方向は代理指標である。
20261,2026年1 - 3 月,150,リース業,25,10億円以上,False,False,True,155,2,other_non_operating_income,その他の営業外収益,その他の営業外収益の前年差による利益影響,1,193.54,169.43,24.109999999999985,24.109999999999985,INCREASES_PROFIT_CHANGE,4.524046310021949,CALCULABLE,原因は統計だけでは特定しない,2354.24,2467.35,-113.11000000000013,3256.69,2836.87,419.82000000000016,902.4500000000003,369.52,532.9300000000003,902.4499999999999,369.52,532.93,532.93,-3.410605131648481e-13,PASS,PASS,24.0,24.0,533.0,FORBIDDEN_WITHOUT_EXTERNAL_PRIMARY_EVIDENCE,継続標本のみを用い母集団推計を行うため、本系列に比べサンプルサイズが小さくなる。,営業利益及び経常利益については、標準誤差率の算出は行っていない。,継続標本PDFは利益水準とその符号を公表しないため、売上高と営業利益の増加率から得る利益率方向は代理指標である。
20261,2026年1 - 3 月,150,リース業,25,10億円以上,False,False,True,155,3,interest_expense,支払利息等,支払利息等の前年差による利益影響,-1,307.0,247.18,59.81999999999999,-59.81999999999999,REDUCES_PROFIT_CHANGE,-11.224738708648408,CALCULABLE,会計的な利益影響であり因果を示さない,2354.24,2467.35,-113.11000000000013,3256.69,2836.87,419.82000000000016,902.4500000000003,369.52,532.9300000000003,902.4499999999999,369.52,532.93,532.93,-3.410605131648481e-13,PASS,PASS,60.0,-60.0,533.0,FORBIDDEN_WITHOUT_EXTERNAL_PRIMARY_EVIDENCE,継続標本のみを用い母集団推計を行うため、本系列に比べサンプルサイズが小さくなる。,営業利益及び経常利益については、標準誤差率の算出は行っていない。,継続標本PDFは利益水準とその符号を公表しないため、売上高と営業利益の増加率から得る利益率方向は代理指標である。
20261,2026年1 - 3 月,150,リース業,25,10億円以上,False,False,True,155,4,other_non_operating_expense,その他の営業外費用,その他の営業外費用の前年差による利益影響,-1,34.37,297.22,-262.85,262.85,INCREASES_PROFIT_CHANGE,49.32167451635297,CALCULABLE,会計的な利益影響であり因果を示さない,2354.24,2467.35,-113.11000000000013,3256.69,2836.87,419.82000000000016,902.4500000000003,369.52,532.9300000000003,902.4499999999999,369.52,532.93,532.93,-3.410605131648481e-13,PASS,PASS,-263.0,263.0,533.0,FORBIDDEN_WITHOUT_EXTERNAL_PRIMARY_EVIDENCE,継続標本のみを用い母集団推計を行うため、本系列に比べサンプルサイズが小さくなる。,営業利益及び経常利益については、標準誤差率の算出は行っていない。,継続標本PDFは利益水準とその符号を公表しないため、売上高と営業利益の増加率から得る利益率方向は代理指標である。
20261,2026年1 - 3 月,150,リース業,26,全規模,False,False,True,155,1,interest_and_dividend_income,受取利息等,受取利息等の前年差による利益影響,1,1251.56,774.61,476.94999999999993,476.94999999999993,INCREASES_PROFIT_CHANGE,89.6589969170615,CALCULABLE,会計的な利益影響であり因果を示さない,3317.04,3508.56,-191.51999999999998,4570.79,4230.35,340.4399999999996,1253.75,721.7900000000004,531.9599999999996,1253.75,721.79,531.96,531.9599999999999,3.410605131648481e-13,PASS,PASS,477.0,477.0,531.0,FORBIDDEN_WITHOUT_EXTERNAL_PRIMARY_EVIDENCE,継続標本のみを用い母集団推計を行うため、本系列に比べサンプルサイズが小さくなる。,営業利益及び経常利益については、標準誤差率の算出は行っていない。,継続標本PDFは利益水準とその符号を公表しないため、売上高と営業利益の増加率から得る利益率方向は代理指標である。
20261,2026年1 - 3 月,150,リース業,26,全規模,False,False,True,155,2,other_non_operating_income,その他の営業外収益,その他の営業外収益の前年差による利益影響,1,540.74,583.52,-42.77999999999997,-42.77999999999997,REDUCES_PROFIT_CHANGE,-8.041958041958043,CALCULABLE,原因は統計だけでは特定しない,3317.04,3508.56,-191.51999999999998,4570.79,4230.35,340.4399999999996,1253.75,721.7900000000004,531.9599999999996,1253.75,721.79,531.96,531.9599999999999,3.410605131648481e-13,PASS,PASS,-43.0,-43.0,531.0,FORBIDDEN_WITHOUT_EXTERNAL_PRIMARY_EVIDENCE,継続標本のみを用い母集団推計を行うため、本系列に比べサンプルサイズが小さくなる。,営業利益及び経常利益については、標準誤差率の算出は行っていない。,継続標本PDFは利益水準とその符号を公表しないため、売上高と営業利益の増加率から得る利益率方向は代理指標である。
20261,2026年1 - 3 月,150,リース業,26,全規模,False,False,True,155,3,interest_expense,支払利息等,支払利息等の前年差による利益影響,-1,382.72,299.06,83.66000000000003,-83.66000000000003,REDUCES_PROFIT_CHANGE,-15.72674637190768,CALCULABLE,会計的な利益影響であり因果を示さない,3317.04,3508.56,-191.51999999999998,4570.79,4230.35,340.4399999999996,1253.75,721.7900000000004,531.9599999999996,1253.75,721.79,531.96,531.9599999999999,3.410605131648481e-13,PASS,PASS,84.0,-84.0,531.0,FORBIDDEN_WITHOUT_EXTERNAL_PRIMARY_EVIDENCE,継続標本のみを用い母集団推計を行うため、本系列に比べサンプルサイズが小さくなる。,営業利益及び経常利益については、標準誤差率の算出は行っていない。,継続標本PDFは利益水準とその符号を公表しないため、売上高と営業利益の増加率から得る利益率方向は代理指標である。
20261,2026年1 - 3 月,150,リース業,26,全規模,False,False,True,155,4,other_non_operating_expense,その他の営業外費用,その他の営業外費用の前年差による利益影響,-1,155.83,337.28,-181.44999999999996,181.44999999999996,INCREASES_PROFIT_CHANGE,34.10970749680429,CALCULABLE,会計的な利益影響であり因果を示さない,3317.04,3508.56,-191.51999999999998,4570.79,4230.35,340.4399999999996,1253.75,721.7900000000004,531.9599999999996,1253.75,721.79,531.96,531.9599999999999,3.410605131648481e-13,PASS,PASS,-181.0,181.0,531.0,FORBIDDEN_WITHOUT_EXTERNAL_PRIMARY_EVIDENCE,継続標本のみを用い母集団推計を行うため、本系列に比べサンプルサイズが小さくなる。,営業利益及び経常利益については、標準誤差率の算出は行っていない。,継続標本PDFは利益水準とその符号を公表しないため、売上高と営業利益の増加率から得る利益率方向は代理指標である。
20261,2026年1 - 3 月,151,その他の物品賃貸業,19,1千万円以上 - 1億円未満,False,False,True,155,1,interest_and_dividend_income,受取利息等,受取利息等の前年差による利益影響,1,3.41,0.36,3.0500000000000003,3.0500000000000003,INCREASES_PROFIT_CHANGE,15.935214211076293,CALCULABLE,会計的な利益影響であり因果を示さない,153.11,115.22,37.890000000000015,178.12,121.09,57.03,25.00999999999999,5.8700000000000045,19.139999999999986,25.01000000000006,5.870000000000007,19.14000000000005,19.14000000000005,6.394884621840902e-14,PASS,PASS,3.0,3.0,19.0,FORBIDDEN_WITHOUT_EXTERNAL_PRIMARY_EVIDENCE,継続標本のみを用い母集団推計を行うため、本系列に比べサンプルサイズが小さくなる。,営業利益及び経常利益については、標準誤差率の算出は行っていない。,継続標本PDFは利益水準とその符号を公表しないため、売上高と営業利益の増加率から得る利益率方向は代理指標である。
20261,2026年1 - 3 月,151,その他の物品賃貸業,19,1千万円以上 - 1億円未満,False,False,True,155,2,other_non_operating_income,その他の営業外収益,その他の営業外収益の前年差による利益影響,1,572.37,175.32,397.05,397.05,INCREASES_PROFIT_CHANGE,2074.4514106583088,CALCULABLE,原因は統計だけでは特定しない,153.11,115.22,37.890000000000015,178.12,121.09,57.03,25.00999999999999,5.8700000000000045,19.139999999999986,25.01000000000006,5.870000000000007,19.14000000000005,19.14000000000005,6.394884621840902e-14,PASS,PASS,397.0,397.0,19.0,FORBIDDEN_WITHOUT_EXTERNAL_PRIMARY_EVIDENCE,継続標本のみを用い母集団推計を行うため、本系列に比べサンプルサイズが小さくなる。,営業利益及び経常利益については、標準誤差率の算出は行っていない。,継続標本PDFは利益水準とその符号を公表しないため、売上高と営業利益の増加率から得る利益率方向は代理指標である。
20261,2026年1 - 3 月,151,その他の物品賃貸業,19,1千万円以上 - 1億円未満,False,False,True,155,3,interest_expense,支払利息等,支払利息等の前年差による利益影響,-1,11.71,10.42,1.290000000000001,-1.290000000000001,REDUCES_PROFIT_CHANGE,-6.739811912225716,CALCULABLE,会計的な利益影響であり因果を示さない,153.11,115.22,37.890000000000015,178.12,121.09,57.03,25.00999999999999,5.8700000000000045,19.139999999999986,25.01000000000006,5.870000000000007,19.14000000000005,19.14000000000005,6.394884621840902e-14,PASS,PASS,1.0,-1.0,19.0,FORBIDDEN_WITHOUT_EXTERNAL_PRIMARY_EVIDENCE,継続標本のみを用い母集団推計を行うため、本系列に比べサンプルサイズが小さくなる。,営業利益及び経常利益については、標準誤差率の算出は行っていない。,継続標本PDFは利益水準とその符号を公表しないため、売上高と営業利益の増加率から得る利益率方向は代理指標である。
20261,2026年1 - 3 月,151,その他の物品賃貸業,19,1千万円以上 - 1億円未満,False,False,True,155,4,other_non_operating_expense,その他の営業外費用,その他の営業外費用の前年差による利益影響,-1,539.06,159.39,379.66999999999996,-379.66999999999996,REDUCES_PROFIT_CHANGE,-1983.646812957159,CALCULABLE,会計的な利益影響であり因果を示さない,153.11,115.22,37.890000000000015,178.12,121.09,57.03,25.00999999999999,5.8700000000000045,19.139999999999986,25.01000000000006,5.870000000000007,19.14000000000005,19.14000000000005,6.394884621840902e-14,PASS,PASS,380.0,-380.0,19.0,FORBIDDEN_WITHOUT_EXTERNAL_PRIMARY_EVIDENCE,継続標本のみを用い母集団推計を行うため、本系列に比べサンプルサイズが小さくなる。,営業利益及び経常利益については、標準誤差率の算出は行っていない。,継続標本PDFは利益水準とその符号を公表しないため、売上高と営業利益の増加率から得る利益率方向は代理指標である。
20261,2026年1 - 3 月,151,その他の物品賃貸業,24,1億円以上 - 10億円未満,False,False,True,155,1,interest_and_dividend_income,受取利息等,受取利息等の前年差による利益影響,1,68.46,65.66,2.799999999999997,2.799999999999997,INCREASES_PROFIT_CHANGE,115.22633744855924,CALCULABLE,会計的な利益影響であり因果を示さない,285.62,195.07,90.55000000000001,353.61,260.63,92.98000000000002,67.99000000000001,65.56,2.430000000000007,67.99,65.56,2.4299999999999926,2.4299999999999966,-1.021405182655144e-14,PASS,PASS,3.0,3.0,2.0,FORBIDDEN_WITHOUT_EXTERNAL_PRIMARY_EVIDENCE,継続標本のみを用い母集団推計を行うため、本系列に比べサンプルサイズが小さくなる。,営業利益及び経常利益については、標準誤差率の算出は行っていない。,継続標本PDFは利益水準とその符号を公表しないため、売上高と営業利益の増加率から得る利益率方向は代理指標である。
20261,2026年1 - 3 月,151,その他の物品賃貸業,24,1億円以上 - 10億円未満,False,False,True,155,2,other_non_operating_income,その他の営業外収益,その他の営業外収益の前年差による利益影響,1,11.58,11.15,0.4299999999999997,0.4299999999999997,INCREASES_PROFIT_CHANGE,17.695473251028744,CALCULABLE,原因は統計だけでは特定しない,285.62,195.07,90.55000000000001,353.61,260.63,92.98000000000002,67.99000000000001,65.56,2.430000000000007,67.99,65.56,2.4299999999999926,2.4299999999999966,-1.021405182655144e-14,PASS,PASS,0.0,0.0,2.0,FORBIDDEN_WITHOUT_EXTERNAL_PRIMARY_EVIDENCE,継続標本のみを用い母集団推計を行うため、本系列に比べサンプルサイズが小さくなる。,営業利益及び経常利益については、標準誤差率の算出は行っていない。,継続標本PDFは利益水準とその符号を公表しないため、売上高と営業利益の増加率から得る利益率方向は代理指標である。
20261,2026年1 - 3 月,151,その他の物品賃貸業,24,1億円以上 - 10億円未満,False,False,True,155,3,interest_expense,支払利息等,支払利息等の前年差による利益影響,-1,6.76,8.78,-2.0199999999999996,2.0199999999999996,INCREASES_PROFIT_CHANGE,83.12757201646065,CALCULABLE,会計的な利益影響であり因果を示さない,285.62,195.07,90.55000000000001,353.61,260.63,92.98000000000002,67.99000000000001,65.56,2.430000000000007,67.99,65.56,2.4299999999999926,2.4299999999999966,-1.021405182655144e-14,PASS,PASS,-2.0,2.0,2.0,FORBIDDEN_WITHOUT_EXTERNAL_PRIMARY_EVIDENCE,継続標本のみを用い母集団推計を行うため、本系列に比べサンプルサイズが小さくなる。,営業利益及び経常利益については、標準誤差率の算出は行っていない。,継続標本PDFは利益水準とその符号を公表しないため、売上高と営業利益の増加率から得る利益率方向は代理指標である。
20261,2026年1 - 3 月,151,その他の物品賃貸業,24,1億円以上 - 10億円未満,False,False,True,155,4,other_non_operating_expense,その他の営業外費用,その他の営業外費用の前年差による利益影響,-1,5.29,2.47,2.82,-2.82,REDUCES_PROFIT_CHANGE,-116.04938271604905,CALCULABLE,会計的な利益影響であり因果を示さない,285.62,195.07,90.55000000000001,353.61,260.63,92.98000000000002,67.99000000000001,65.56,2.430000000000007,67.99,65.56,2.4299999999999926,2.4299999999999966,-1.021405182655144e-14,PASS,PASS,3.0,-3.0,2.0,FORBIDDEN_WITHOUT_EXTERNAL_PRIMARY_EVIDENCE,継続標本のみを用い母集団推計を行うため、本系列に比べサンプルサイズが小さくなる。,営業利益及び経常利益については、標準誤差率の算出は行っていない。,継続標本PDFは利益水準とその符号を公表しないため、売上高と営業利益の増加率から得る利益率方向は代理指標である。
20261,2026年1 - 3 月,151,その他の物品賃貸業,25,10億円以上,False,False,True,155,1,interest_and_dividend_income,受取利息等,受取利息等の前年差による利益影響,1,65.09,7.2,57.89,57.89,INCREASES_PROFIT_CHANGE,109.99429982899483,CALCULABLE,会計的な利益影響であり因果を示さない,146.67,96.83,49.83999999999999,204.3,101.83,102.47000000000001,57.630000000000024,5.0,52.630000000000024,57.63,5.0,52.63,52.63,-2.1316282072803006e-14,PASS,PASS,58.0,58.0,52.0,FORBIDDEN_WITHOUT_EXTERNAL_PRIMARY_EVIDENCE,継続標本のみを用い母集団推計を行うため、本系列に比べサンプルサイズが小さくなる。,営業利益及び経常利益については、標準誤差率の算出は行っていない。,継続標本PDFは利益水準とその符号を公表しないため、売上高と営業利益の増加率から得る利益率方向は代理指標である。
20261,2026年1 - 3 月,151,その他の物品賃貸業,25,10億円以上,False,False,True,155,2,other_non_operating_income,その他の営業外収益,その他の営業外収益の前年差による利益影響,1,4.59,3.35,1.2399999999999998,1.2399999999999998,INCREASES_PROFIT_CHANGE,2.3560706821204622,CALCULABLE,原因は統計だけでは特定しない,146.67,96.83,49.83999999999999,204.3,101.83,102.47000000000001,57.630000000000024,5.0,52.630000000000024,57.63,5.0,52.63,52.63,-2.1316282072803006e-14,PASS,PASS,1.0,1.0,52.0,FORBIDDEN_WITHOUT_EXTERNAL_PRIMARY_EVIDENCE,継続標本のみを用い母集団推計を行うため、本系列に比べサンプルサイズが小さくなる。,営業利益及び経常利益については、標準誤差率の算出は行っていない。,継続標本PDFは利益水準とその符号を公表しないため、売上高と営業利益の増加率から得る利益率方向は代理指標である。
20261,2026年1 - 3 月,151,その他の物品賃貸業,25,10億円以上,False,False,True,155,3,interest_expense,支払利息等,支払利息等の前年差による利益影響,-1,9.07,3.45,5.62,-5.62,REDUCES_PROFIT_CHANGE,-10.678320349610484,CALCULABLE,会計的な利益影響であり因果を示さない,146.67,96.83,49.83999999999999,204.3,101.83,102.47000000000001,57.630000000000024,5.0,52.630000000000024,57.63,5.0,52.63,52.63,-2.1316282072803006e-14,PASS,PASS,6.0,-6.0,52.0,FORBIDDEN_WITHOUT_EXTERNAL_PRIMARY_EVIDENCE,継続標本のみを用い母集団推計を行うため、本系列に比べサンプルサイズが小さくなる。,営業利益及び経常利益については、標準誤差率の算出は行っていない。,継続標本PDFは利益水準とその符号を公表しないため、売上高と営業利益の増加率から得る利益率方向は代理指標である。
20261,2026年1 - 3 月,151,その他の物品賃貸業,25,10億円以上,False,False,True,155,4,other_non_operating_expense,その他の営業外費用,その他の営業外費用の前年差による利益影響,-1,2.98,2.1,0.8799999999999999,-0.8799999999999999,REDUCES_PROFIT_CHANGE,-1.6720501615048442,CALCULABLE,会計的な利益影響であり因果を示さない,146.67,96.83,49.83999999999999,204.3,101.83,102.47000000000001,57.630000000000024,5.0,52.630000000000024,57.63,5.0,52.63,52.63,-2.1316282072803006e-14,PASS,PASS,1.0,-1.0,52.0,FORBIDDEN_WITHOUT_EXTERNAL_PRIMARY_EVIDENCE,継続標本のみを用い母集団推計を行うため、本系列に比べサンプルサイズが小さくなる。,営業利益及び経常利益については、標準誤差率の算出は行っていない。,継続標本PDFは利益水準とその符号を公表しないため、売上高と営業利益の増加率から得る利益率方向は代理指標である。
20261,2026年1 - 3 月,151,その他の物品賃貸業,26,全規模,False,False,True,155,1,interest_and_dividend_income,受取利息等,受取利息等の前年差による利益影響,1,136.96,73.22,63.74000000000001,63.74000000000001,INCREASES_PROFIT_CHANGE,85.90296495956876,CALCULABLE,会計的な利益影響であり因果を示さない,585.4,407.12,178.27999999999997,736.03,483.55,252.47999999999996,150.63,76.43,74.19999999999999,150.62999999999994,76.42999999999998,74.19999999999996,74.19999999999997,-1.4210854715202004e-14,PASS,PASS,64.0,64.0,75.0,FORBIDDEN_WITHOUT_EXTERNAL_PRIMARY_EVIDENCE,継続標本のみを用い母集団推計を行うため、本系列に比べサンプルサイズが小さくなる。,営業利益及び経常利益については、標準誤差率の算出は行っていない。,継続標本PDFは利益水準とその符号を公表しないため、売上高と営業利益の増加率から得る利益率方向は代理指標である。
20261,2026年1 - 3 月,151,その他の物品賃貸業,26,全規模,False,False,True,155,2,other_non_operating_income,その他の営業外収益,その他の営業外収益の前年差による利益影響,1,588.54,189.82,398.71999999999997,398.71999999999997,INCREASES_PROFIT_CHANGE,537.3584905660377,CALCULABLE,原因は統計だけでは特定しない,585.4,407.12,178.27999999999997,736.03,483.55,252.47999999999996,150.63,76.43,74.19999999999999,150.62999999999994,76.42999999999998,74.19999999999996,74.19999999999997,-1.4210854715202004e-14,PASS,PASS,399.0,399.0,75.0,FORBIDDEN_WITHOUT_EXTERNAL_PRIMARY_EVIDENCE,継続標本のみを用い母集団推計を行うため、本系列に比べサンプルサイズが小さくなる。,営業利益及び経常利益については、標準誤差率の算出は行っていない。,継続標本PDFは利益水準とその符号を公表しないため、売上高と営業利益の増加率から得る利益率方向は代理指標である。
20261,2026年1 - 3 月,151,その他の物品賃貸業,26,全規模,False,False,True,155,3,interest_expense,支払利息等,支払利息等の前年差による利益影響,-1,27.54,22.65,4.890000000000001,-4.890000000000001,REDUCES_PROFIT_CHANGE,-6.590296495956875,CALCULABLE,会計的な利益影響であり因果を示さない,585.4,407.12,178.27999999999997,736.03,483.55,252.47999999999996,150.63,76.43,74.19999999999999,150.62999999999994,76.42999999999998,74.19999999999996,74.19999999999997,-1.4210854715202004e-14,PASS,PASS,5.0,-5.0,75.0,FORBIDDEN_WITHOUT_EXTERNAL_PRIMARY_EVIDENCE,継続標本のみを用い母集団推計を行うため、本系列に比べサンプルサイズが小さくなる。,営業利益及び経常利益については、標準誤差率の算出は行っていない。,継続標本PDFは利益水準とその符号を公表しないため、売上高と営業利益の増加率から得る利益率方向は代理指標である。
20261,2026年1 - 3 月,151,その他の物品賃貸業,26,全規模,False,False,True,155,4,other_non_operating_expense,その他の営業外費用,その他の営業外費用の前年差による利益影響,-1,547.33,163.96,383.37,-383.37,REDUCES_PROFIT_CHANGE,-516.6711590296496,CALCULABLE,会計的な利益影響であり因果を示さない,585.4,407.12,178.27999999999997,736.03,483.55,252.47999999999996,150.63,76.43,74.19999999999999,150.62999999999994,76.42999999999998,74.19999999999996,74.19999999999997,-1.4210854715202004e-14,PASS,PASS,383.0,-383.0,75.0,FORBIDDEN_WITHOUT_EXTERNAL_PRIMARY_EVIDENCE,継続標本のみを用い母集団推計を行うため、本系列に比べサンプルサイズが小さくなる。,営業利益及び経常利益については、標準誤差率の算出は行っていない。,継続標本PDFは利益水準とその符号を公表しないため、売上高と営業利益の増加率から得る利益率方向は代理指標である。
20261,2026年1 - 3 月,152,医療、福祉業,19,1千万円以上 - 1億円未満,False,False,True,137,1,interest_and_dividend_income,受取利息等,受取利息等の前年差による利益影響,1,6.42,2.67,3.75,3.75,INCREASES_PROFIT_CHANGE,10.38205980066445,CALCULABLE,会計的な利益影響であり因果を示さない,355.94,481.2,-125.25999999999999,462.14,551.28,-89.13999999999999,106.19999999999999,70.07999999999998,36.120000000000005,106.19999999999999,70.08000000000001,36.119999999999976,36.119999999999976,-2.842170943040401e-14,PASS,PASS,4.0,4.0,37.0,FORBIDDEN_WITHOUT_EXTERNAL_PRIMARY_EVIDENCE,継続標本のみを用い母集団推計を行うため、本系列に比べサンプルサイズが小さくなる。,営業利益及び経常利益については、標準誤差率の算出は行っていない。,継続標本PDFは利益水準とその符号を公表しないため、売上高と営業利益の増加率から得る利益率方向は代理指標である。
20261,2026年1 - 3 月,152,医療、福祉業,19,1千万円以上 - 1億円未満,False,False,True,137,2,other_non_operating_income,その他の営業外収益,その他の営業外収益の前年差による利益影響,1,234.73,219.02,15.70999999999998,15.70999999999998,INCREASES_PROFIT_CHANGE,43.49390919158355,CALCULABLE,原因は統計だけでは特定しない,355.94,481.2,-125.25999999999999,462.14,551.28,-89.13999999999999,106.19999999999999,70.07999999999998,36.120000000000005,106.19999999999999,70.08000000000001,36.119999999999976,36.119999999999976,-2.842170943040401e-14,PASS,PASS,16.0,16.0,37.0,FORBIDDEN_WITHOUT_EXTERNAL_PRIMARY_EVIDENCE,継続標本のみを用い母集団推計を行うため、本系列に比べサンプルサイズが小さくなる。,営業利益及び経常利益については、標準誤差率の算出は行っていない。,継続標本PDFは利益水準とその符号を公表しないため、売上高と営業利益の増加率から得る利益率方向は代理指標である。
20261,2026年1 - 3 月,152,医療、福祉業,19,1千万円以上 - 1億円未満,False,False,True,137,3,interest_expense,支払利息等,支払利息等の前年差による利益影響,-1,77.8,45.48,32.32,-32.32,REDUCES_PROFIT_CHANGE,-89.47951273532668,CALCULABLE,会計的な利益影響であり因果を示さない,355.94,481.2,-125.25999999999999,462.14,551.28,-89.13999999999999,106.19999999999999,70.07999999999998,36.120000000000005,106.19999999999999,70.08000000000001,36.119999999999976,36.119999999999976,-2.842170943040401e-14,PASS,PASS,32.0,-32.0,37.0,FORBIDDEN_WITHOUT_EXTERNAL_PRIMARY_EVIDENCE,継続標本のみを用い母集団推計を行うため、本系列に比べサンプルサイズが小さくなる。,営業利益及び経常利益については、標準誤差率の算出は行っていない。,継続標本PDFは利益水準とその符号を公表しないため、売上高と営業利益の増加率から得る利益率方向は代理指標である。
20261,2026年1 - 3 月,152,医療、福祉業,19,1千万円以上 - 1億円未満,False,False,True,137,4,other_non_operating_expense,その他の営業外費用,その他の営業外費用の前年差による利益影響,-1,57.15,106.13,-48.98,48.98,INCREASES_PROFIT_CHANGE,135.6035437430786,CALCULABLE,会計的な利益影響であり因果を示さない,355.94,481.2,-125.25999999999999,462.14,551.28,-89.13999999999999,106.19999999999999,70.07999999999998,36.120000000000005,106.19999999999999,70.08000000000001,36.119999999999976,36.119999999999976,-2.842170943040401e-14,PASS,PASS,-49.0,49.0,37.0,FORBIDDEN_WITHOUT_EXTERNAL_PRIMARY_EVIDENCE,継続標本のみを用い母集団推計を行うため、本系列に比べサンプルサイズが小さくなる。,営業利益及び経常利益については、標準誤差率の算出は行っていない。,継続標本PDFは利益水準とその符号を公表しないため、売上高と営業利益の増加率から得る利益率方向は代理指標である。
20261,2026年1 - 3 月,152,医療、福祉業,24,1億円以上 - 10億円未満,False,False,True,137,1,interest_and_dividend_income,受取利息等,受取利息等の前年差による利益影響,1,34.94,6.31,28.63,28.63,INCREASES_PROFIT_CHANGE,-58.17923186344238,CALCULABLE,会計的な利益影響であり因果を示さない,328.21,236.6,91.60999999999999,306.28,263.88,42.39999999999998,-21.930000000000007,27.28,-49.21000000000001,-21.930000000000003,27.279999999999994,-49.209999999999994,-49.209999999999994,1.4210854715202004e-14,PASS,PASS,29.0,29.0,-49.0,FORBIDDEN_WITHOUT_EXTERNAL_PRIMARY_EVIDENCE,継続標本のみを用い母集団推計を行うため、本系列に比べサンプルサイズが小さくなる。,営業利益及び経常利益については、標準誤差率の算出は行っていない。,継続標本PDFは利益水準とその符号を公表しないため、売上高と営業利益の増加率から得る利益率方向は代理指標である。
20261,2026年1 - 3 月,152,医療、福祉業,24,1億円以上 - 10億円未満,False,False,True,137,2,other_non_operating_income,その他の営業外収益,その他の営業外収益の前年差による利益影響,1,45.01,63.65,-18.64,-18.64,REDUCES_PROFIT_CHANGE,37.878479983743134,CALCULABLE,原因は統計だけでは特定しない,328.21,236.6,91.60999999999999,306.28,263.88,42.39999999999998,-21.930000000000007,27.28,-49.21000000000001,-21.930000000000003,27.279999999999994,-49.209999999999994,-49.209999999999994,1.4210854715202004e-14,PASS,PASS,-19.0,-19.0,-49.0,FORBIDDEN_WITHOUT_EXTERNAL_PRIMARY_EVIDENCE,継続標本のみを用い母集団推計を行うため、本系列に比べサンプルサイズが小さくなる。,営業利益及び経常利益については、標準誤差率の算出は行っていない。,継続標本PDFは利益水準とその符号を公表しないため、売上高と営業利益の増加率から得る利益率方向は代理指標である。
20261,2026年1 - 3 月,152,医療、福祉業,24,1億円以上 - 10億円未満,False,False,True,137,3,interest_expense,支払利息等,支払利息等の前年差による利益影響,-1,77.47,26.42,51.05,-51.05,REDUCES_PROFIT_CHANGE,103.73907742328792,CALCULABLE,会計的な利益影響であり因果を示さない,328.21,236.6,91.60999999999999,306.28,263.88,42.39999999999998,-21.930000000000007,27.28,-49.21000000000001,-21.930000000000003,27.279999999999994,-49.209999999999994,-49.209999999999994,1.4210854715202004e-14,PASS,PASS,51.0,-51.0,-49.0,FORBIDDEN_WITHOUT_EXTERNAL_PRIMARY_EVIDENCE,継続標本のみを用い母集団推計を行うため、本系列に比べサンプルサイズが小さくなる。,営業利益及び経常利益については、標準誤差率の算出は行っていない。,継続標本PDFは利益水準とその符号を公表しないため、売上高と営業利益の増加率から得る利益率方向は代理指標である。
20261,2026年1 - 3 月,152,医療、福祉業,24,1億円以上 - 10億円未満,False,False,True,137,4,other_non_operating_expense,その他の営業外費用,その他の営業外費用の前年差による利益影響,-1,24.41,16.26,8.149999999999999,-8.149999999999999,REDUCES_PROFIT_CHANGE,16.561674456411293,CALCULABLE,会計的な利益影響であり因果を示さない,328.21,236.6,91.60999999999999,306.28,263.88,42.39999999999998,-21.930000000000007,27.28,-49.21000000000001,-21.930000000000003,27.279999999999994,-49.209999999999994,-49.209999999999994,1.4210854715202004e-14,PASS,PASS,8.0,-8.0,-49.0,FORBIDDEN_WITHOUT_EXTERNAL_PRIMARY_EVIDENCE,継続標本のみを用い母集団推計を行うため、本系列に比べサンプルサイズが小さくなる。,営業利益及び経常利益については、標準誤差率の算出は行っていない。,継続標本PDFは利益水準とその符号を公表しないため、売上高と営業利益の増加率から得る利益率方向は代理指標である。
20261,2026年1 - 3 月,152,医療、福祉業,25,10億円以上,False,False,True,137,1,interest_and_dividend_income,受取利息等,受取利息等の前年差による利益影響,1,7.34,5.84,1.5,1.5,INCREASES_PROFIT_CHANGE,-2.895752895752896,CALCULABLE,会計的な利益影響であり因果を示さない,-4.96,37.25,-42.21,42.56,136.57,-94.00999999999999,47.52,99.32,-51.79999999999999,47.519999999999996,99.32,-51.8,-51.800000000000004,-1.4210854715202004e-14,PASS,PASS,2.0,2.0,-51.0,FORBIDDEN_WITHOUT_EXTERNAL_PRIMARY_EVIDENCE,継続標本のみを用い母集団推計を行うため、本系列に比べサンプルサイズが小さくなる。,営業利益及び経常利益については、標準誤差率の算出は行っていない。,継続標本PDFは利益水準とその符号を公表しないため、売上高と営業利益の増加率から得る利益率方向は代理指標である。
20261,2026年1 - 3 月,152,医療、福祉業,25,10億円以上,False,False,True,137,2,other_non_operating_income,その他の営業外収益,その他の営業外収益の前年差による利益影響,1,64.71,119.8,-55.09,-55.09,REDUCES_PROFIT_CHANGE,106.35135135135138,CALCULABLE,原因は統計だけでは特定しない,-4.96,37.25,-42.21,42.56,136.57,-94.00999999999999,47.52,99.32,-51.79999999999999,47.519999999999996,99.32,-51.8,-51.800000000000004,-1.4210854715202004e-14,PASS,PASS,-55.0,-55.0,-51.0,FORBIDDEN_WITHOUT_EXTERNAL_PRIMARY_EVIDENCE,継続標本のみを用い母集団推計を行うため、本系列に比べサンプルサイズが小さくなる。,営業利益及び経常利益については、標準誤差率の算出は行っていない。,継続標本PDFは利益水準とその符号を公表しないため、売上高と営業利益の増加率から得る利益率方向は代理指標である。
20261,2026年1 - 3 月,152,医療、福祉業,25,10億円以上,False,False,True,137,3,interest_expense,支払利息等,支払利息等の前年差による利益影響,-1,12.95,10.89,2.0599999999999987,-2.0599999999999987,REDUCES_PROFIT_CHANGE,3.976833976833975,CALCULABLE,会計的な利益影響であり因果を示さない,-4.96,37.25,-42.21,42.56,136.57,-94.00999999999999,47.52,99.32,-51.79999999999999,47.519999999999996,99.32,-51.8,-51.800000000000004,-1.4210854715202004e-14,PASS,PASS,2.0,-2.0,-51.0,FORBIDDEN_WITHOUT_EXTERNAL_PRIMARY_EVIDENCE,継続標本のみを用い母集団推計を行うため、本系列に比べサンプルサイズが小さくなる。,営業利益及び経常利益については、標準誤差率の算出は行っていない。,継続標本PDFは利益水準とその符号を公表しないため、売上高と営業利益の増加率から得る利益率方向は代理指標である。
20261,2026年1 - 3 月,152,医療、福祉業,25,10億円以上,False,False,True,137,4,other_non_operating_expense,その他の営業外費用,その他の営業外費用の前年差による利益影響,-1,11.58,15.43,-3.8499999999999996,3.8499999999999996,INCREASES_PROFIT_CHANGE,-7.4324324324324325,CALCULABLE,会計的な利益影響であり因果を示さない,-4.96,37.25,-42.21,42.56,136.57,-94.00999999999999,47.52,99.32,-51.79999999999999,47.519999999999996,99.32,-51.8,-51.800000000000004,-1.4210854715202004e-14,PASS,PASS,-4.0,4.0,-51.0,FORBIDDEN_WITHOUT_EXTERNAL_PRIMARY_EVIDENCE,継続標本のみを用い母集団推計を行うため、本系列に比べサンプルサイズが小さくなる。,営業利益及び経常利益については、標準誤差率の算出は行っていない。,継続標本PDFは利益水準とその符号を公表しないため、売上高と営業利益の増加率から得る利益率方向は代理指標である。
20261,2026年1 - 3 月,152,医療、福祉業,26,全規模,False,False,True,137,1,interest_and_dividend_income,受取利息等,受取利息等の前年差による利益影響,1,48.7,14.82,33.88,33.88,INCREASES_PROFIT_CHANGE,-52.211434735706504,CALCULABLE,会計的な利益影響であり因果を示さない,679.19,755.05,-75.8599999999999,810.98,951.73,-140.75,131.78999999999996,196.68000000000006,-64.8900000000001,131.79,196.68000000000004,-64.89000000000004,-64.89000000000004,5.684341886080802e-14,PASS,PASS,34.0,34.0,-64.0,FORBIDDEN_WITHOUT_EXTERNAL_PRIMARY_EVIDENCE,継続標本のみを用い母集団推計を行うため、本系列に比べサンプルサイズが小さくなる。,営業利益及び経常利益については、標準誤差率の算出は行っていない。,継続標本PDFは利益水準とその符号を公表しないため、売上高と営業利益の増加率から得る利益率方向は代理指標である。
20261,2026年1 - 3 月,152,医療、福祉業,26,全規模,False,False,True,137,2,other_non_operating_income,その他の営業外収益,その他の営業外収益の前年差による利益影響,1,344.45,402.47,-58.02000000000004,-58.02000000000004,REDUCES_PROFIT_CHANGE,89.41285251964855,CALCULABLE,原因は統計だけでは特定しない,679.19,755.05,-75.8599999999999,810.98,951.73,-140.75,131.78999999999996,196.68000000000006,-64.8900000000001,131.79,196.68000000000004,-64.89000000000004,-64.89000000000004,5.684341886080802e-14,PASS,PASS,-58.0,-58.0,-64.0,FORBIDDEN_WITHOUT_EXTERNAL_PRIMARY_EVIDENCE,継続標本のみを用い母集団推計を行うため、本系列に比べサンプルサイズが小さくなる。,営業利益及び経常利益については、標準誤差率の算出は行っていない。,継続標本PDFは利益水準とその符号を公表しないため、売上高と営業利益の増加率から得る利益率方向は代理指標である。
20261,2026年1 - 3 月,152,医療、福祉業,26,全規模,False,False,True,137,3,interest_expense,支払利息等,支払利息等の前年差による利益影響,-1,168.22,82.79,85.42999999999999,-85.42999999999999,REDUCES_PROFIT_CHANGE,131.65356757589745,CALCULABLE,会計的な利益影響であり因果を示さない,679.19,755.05,-75.8599999999999,810.98,951.73,-140.75,131.78999999999996,196.68000000000006,-64.8900000000001,131.79,196.68000000000004,-64.89000000000004,-64.89000000000004,5.684341886080802e-14,PASS,PASS,85.0,-85.0,-64.0,FORBIDDEN_WITHOUT_EXTERNAL_PRIMARY_EVIDENCE,継続標本のみを用い母集団推計を行うため、本系列に比べサンプルサイズが小さくなる。,営業利益及び経常利益については、標準誤差率の算出は行っていない。,継続標本PDFは利益水準とその符号を公表しないため、売上高と営業利益の増加率から得る利益率方向は代理指標である。
20261,2026年1 - 3 月,152,医療、福祉業,26,全規模,False,False,True,137,4,other_non_operating_expense,その他の営業外費用,その他の営業外費用の前年差による利益影響,-1,93.14,137.82,-44.67999999999999,44.67999999999999,INCREASES_PROFIT_CHANGE,-68.85498535983962,CALCULABLE,会計的な利益影響であり因果を示さない,679.19,755.05,-75.8599999999999,810.98,951.73,-140.75,131.78999999999996,196.68000000000006,-64.8900000000001,131.79,196.68000000000004,-64.89000000000004,-64.89000000000004,5.684341886080802e-14,PASS,PASS,-45.0,45.0,-64.0,FORBIDDEN_WITHOUT_EXTERNAL_PRIMARY_EVIDENCE,継続標本のみを用い母集団推計を行うため、本系列に比べサンプルサイズが小さくなる。,営業利益及び経常利益については、標準誤差率の算出は行っていない。,継続標本PDFは利益水準とその符号を公表しないため、売上高と営業利益の増加率から得る利益率方向は代理指標である。
20261,2026年1 - 3 月,153,教育、学習支援業,19,1千万円以上 - 1億円未満,False,False,True,137,1,interest_and_dividend_income,受取利息等,受取利息等の前年差による利益影響,1,10.27,8.49,1.7799999999999994,1.7799999999999994,INCREASES_PROFIT_CHANGE,-1.6099855282199698,CALCULABLE,会計的な利益影響であり因果を示さない,530.17,712.53,-182.36,512.78,805.7,-292.9200000000001,-17.389999999999986,93.17000000000007,-110.56000000000006,-17.390000000000008,93.16999999999999,-110.56,-110.56,5.684341886080802e-14,PASS,PASS,2.0,2.0,-110.0,FORBIDDEN_WITHOUT_EXTERNAL_PRIMARY_EVIDENCE,継続標本のみを用い母集団推計を行うため、本系列に比べサンプルサイズが小さくなる。,営業利益及び経常利益については、標準誤差率の算出は行っていない。,継続標本PDFは利益水準とその符号を公表しないため、売上高と営業利益の増加率から得る利益率方向は代理指標である。
20261,2026年1 - 3 月,153,教育、学習支援業,19,1千万円以上 - 1億円未満,False,False,True,137,2,other_non_operating_income,その他の営業外収益,その他の営業外収益の前年差による利益影響,1,49.32,128.57,-79.25,-79.25,REDUCES_PROFIT_CHANGE,71.68053545586103,CALCULABLE,原因は統計だけでは特定しない,530.17,712.53,-182.36,512.78,805.7,-292.9200000000001,-17.389999999999986,93.17000000000007,-110.56000000000006,-17.390000000000008,93.16999999999999,-110.56,-110.56,5.684341886080802e-14,PASS,PASS,-79.0,-79.0,-110.0,FORBIDDEN_WITHOUT_EXTERNAL_PRIMARY_EVIDENCE,継続標本のみを用い母集団推計を行うため、本系列に比べサンプルサイズが小さくなる。,営業利益及び経常利益については、標準誤差率の算出は行っていない。,継続標本PDFは利益水準とその符号を公表しないため、売上高と営業利益の増加率から得る利益率方向は代理指標である。
20261,2026年1 - 3 月,153,教育、学習支援業,19,1千万円以上 - 1億円未満,False,False,True,137,3,interest_expense,支払利息等,支払利息等の前年差による利益影響,-1,10.97,28.6,-17.630000000000003,17.630000000000003,INCREASES_PROFIT_CHANGE,-15.94609261939218,CALCULABLE,会計的な利益影響であり因果を示さない,530.17,712.53,-182.36,512.78,805.7,-292.9200000000001,-17.389999999999986,93.17000000000007,-110.56000000000006,-17.390000000000008,93.16999999999999,-110.56,-110.56,5.684341886080802e-14,PASS,PASS,-18.0,18.0,-110.0,FORBIDDEN_WITHOUT_EXTERNAL_PRIMARY_EVIDENCE,継続標本のみを用い母集団推計を行うため、本系列に比べサンプルサイズが小さくなる。,営業利益及び経常利益については、標準誤差率の算出は行っていない。,継続標本PDFは利益水準とその符号を公表しないため、売上高と営業利益の増加率から得る利益率方向は代理指標である。
20261,2026年1 - 3 月,153,教育、学習支援業,19,1千万円以上 - 1億円未満,False,False,True,137,4,other_non_operating_expense,その他の営業外費用,その他の営業外費用の前年差による利益影響,-1,66.01,15.29,50.720000000000006,-50.720000000000006,REDUCES_PROFIT_CHANGE,45.875542691751065,CALCULABLE,会計的な利益影響であり因果を示さない,530.17,712.53,-182.36,512.78,805.7,-292.9200000000001,-17.389999999999986,93.17000000000007,-110.56000000000006,-17.390000000000008,93.16999999999999,-110.56,-110.56,5.684341886080802e-14,PASS,PASS,51.0,-51.0,-110.0,FORBIDDEN_WITHOUT_EXTERNAL_PRIMARY_EVIDENCE,継続標本のみを用い母集団推計を行うため、本系列に比べサンプルサイズが小さくなる。,営業利益及び経常利益については、標準誤差率の算出は行っていない。,継続標本PDFは利益水準とその符号を公表しないため、売上高と営業利益の増加率から得る利益率方向は代理指標である。
20261,2026年1 - 3 月,153,教育、学習支援業,24,1億円以上 - 10億円未満,False,False,True,137,1,interest_and_dividend_income,受取利息等,受取利息等の前年差による利益影響,1,6.27,3.68,2.5899999999999994,2.5899999999999994,INCREASES_PROFIT_CHANGE,86.91275167785273,CALCULABLE,会計的な利益影響であり因果を示さない,122.29,8.28,114.01,123.32,6.33,116.99,1.029999999999987,-1.9499999999999993,2.979999999999986,1.0299999999999994,-1.9499999999999997,2.979999999999999,2.979999999999999,1.2878587085651816e-14,PASS,PASS,3.0,3.0,3.0,FORBIDDEN_WITHOUT_EXTERNAL_PRIMARY_EVIDENCE,継続標本のみを用い母集団推計を行うため、本系列に比べサンプルサイズが小さくなる。,営業利益及び経常利益については、標準誤差率の算出は行っていない。,継続標本PDFは利益水準とその符号を公表しないため、売上高と営業利益の増加率から得る利益率方向は代理指標である。
20261,2026年1 - 3 月,153,教育、学習支援業,24,1億円以上 - 10億円未満,False,False,True,137,2,other_non_operating_income,その他の営業外収益,その他の営業外収益の前年差による利益影響,1,6.5,11.15,-4.65,-4.65,REDUCES_PROFIT_CHANGE,-156.04026845637657,CALCULABLE,原因は統計だけでは特定しない,122.29,8.28,114.01,123.32,6.33,116.99,1.029999999999987,-1.9499999999999993,2.979999999999986,1.0299999999999994,-1.9499999999999997,2.979999999999999,2.979999999999999,1.2878587085651816e-14,PASS,PASS,-5.0,-5.0,3.0,FORBIDDEN_WITHOUT_EXTERNAL_PRIMARY_EVIDENCE,継続標本のみを用い母集団推計を行うため、本系列に比べサンプルサイズが小さくなる。,営業利益及び経常利益については、標準誤差率の算出は行っていない。,継続標本PDFは利益水準とその符号を公表しないため、売上高と営業利益の増加率から得る利益率方向は代理指標である。
20261,2026年1 - 3 月,153,教育、学習支援業,24,1億円以上 - 10億円未満,False,False,True,137,3,interest_expense,支払利息等,支払利息等の前年差による利益影響,-1,4.63,4.47,0.16000000000000014,-0.16000000000000014,REDUCES_PROFIT_CHANGE,-5.369127516778553,CALCULABLE,会計的な利益影響であり因果を示さない,122.29,8.28,114.01,123.32,6.33,116.99,1.029999999999987,-1.9499999999999993,2.979999999999986,1.0299999999999994,-1.9499999999999997,2.979999999999999,2.979999999999999,1.2878587085651816e-14,PASS,PASS,0.0,-0.0,3.0,FORBIDDEN_WITHOUT_EXTERNAL_PRIMARY_EVIDENCE,継続標本のみを用い母集団推計を行うため、本系列に比べサンプルサイズが小さくなる。,営業利益及び経常利益については、標準誤差率の算出は行っていない。,継続標本PDFは利益水準とその符号を公表しないため、売上高と営業利益の増加率から得る利益率方向は代理指標である。
20261,2026年1 - 3 月,153,教育、学習支援業,24,1億円以上 - 10億円未満,False,False,True,137,4,other_non_operating_expense,その他の営業外費用,その他の営業外費用の前年差による利益影響,-1,7.11,12.31,-5.2,5.2,INCREASES_PROFIT_CHANGE,174.49664429530281,CALCULABLE,会計的な利益影響であり因果を示さない,122.29,8.28,114.01,123.32,6.33,116.99,1.029999999999987,-1.9499999999999993,2.979999999999986,1.0299999999999994,-1.9499999999999997,2.979999999999999,2.979999999999999,1.2878587085651816e-14,PASS,PASS,-5.0,5.0,3.0,FORBIDDEN_WITHOUT_EXTERNAL_PRIMARY_EVIDENCE,継続標本のみを用い母集団推計を行うため、本系列に比べサンプルサイズが小さくなる。,営業利益及び経常利益については、標準誤差率の算出は行っていない。,継続標本PDFは利益水準とその符号を公表しないため、売上高と営業利益の増加率から得る利益率方向は代理指標である。
20261,2026年1 - 3 月,153,教育、学習支援業,25,10億円以上,False,False,True,137,1,interest_and_dividend_income,受取利息等,受取利息等の前年差による利益影響,1,3.32,22.16,-18.84,-18.84,REDUCES_PROFIT_CHANGE,-147.18750000000003,CALCULABLE,会計的な利益影響であり因果を示さない,144.63,96.41,48.22,179.41,118.39,61.019999999999996,34.78,21.980000000000004,12.799999999999997,34.78,21.979999999999997,12.800000000000004,12.800000000000002,5.329070518200751e-15,PASS,PASS,-19.0,-19.0,13.0,FORBIDDEN_WITHOUT_EXTERNAL_PRIMARY_EVIDENCE,継続標本のみを用い母集団推計を行うため、本系列に比べサンプルサイズが小さくなる。,営業利益及び経常利益については、標準誤差率の算出は行っていない。,継続標本PDFは利益水準とその符号を公表しないため、売上高と営業利益の増加率から得る利益率方向は代理指標である。
20261,2026年1 - 3 月,153,教育、学習支援業,25,10億円以上,False,False,True,137,2,other_non_operating_income,その他の営業外収益,その他の営業外収益の前年差による利益影響,1,38.43,19.49,18.94,18.94,INCREASES_PROFIT_CHANGE,147.96875000000006,CALCULABLE,原因は統計だけでは特定しない,144.63,96.41,48.22,179.41,118.39,61.019999999999996,34.78,21.980000000000004,12.799999999999997,34.78,21.979999999999997,12.800000000000004,12.800000000000002,5.329070518200751e-15,PASS,PASS,19.0,19.0,13.0,FORBIDDEN_WITHOUT_EXTERNAL_PRIMARY_EVIDENCE,継続標本のみを用い母集団推計を行うため、本系列に比べサンプルサイズが小さくなる。,営業利益及び経常利益については、標準誤差率の算出は行っていない。,継続標本PDFは利益水準とその符号を公表しないため、売上高と営業利益の増加率から得る利益率方向は代理指標である。
20261,2026年1 - 3 月,153,教育、学習支援業,25,10億円以上,False,False,True,137,3,interest_expense,支払利息等,支払利息等の前年差による利益影響,-1,3.93,4.49,-0.56,0.56,INCREASES_PROFIT_CHANGE,4.375000000000001,CALCULABLE,会計的な利益影響であり因果を示さない,144.63,96.41,48.22,179.41,118.39,61.019999999999996,34.78,21.980000000000004,12.799999999999997,34.78,21.979999999999997,12.800000000000004,12.800000000000002,5.329070518200751e-15,PASS,PASS,-1.0,1.0,13.0,FORBIDDEN_WITHOUT_EXTERNAL_PRIMARY_EVIDENCE,継続標本のみを用い母集団推計を行うため、本系列に比べサンプルサイズが小さくなる。,営業利益及び経常利益については、標準誤差率の算出は行っていない。,継続標本PDFは利益水準とその符号を公表しないため、売上高と営業利益の増加率から得る利益率方向は代理指標である。
20261,2026年1 - 3 月,153,教育、学習支援業,25,10億円以上,False,False,True,137,4,other_non_operating_expense,その他の営業外費用,その他の営業外費用の前年差による利益影響,-1,3.04,15.18,-12.14,12.14,INCREASES_PROFIT_CHANGE,94.84375000000003,CALCULABLE,会計的な利益影響であり因果を示さない,144.63,96.41,48.22,179.41,118.39,61.019999999999996,34.78,21.980000000000004,12.799999999999997,34.78,21.979999999999997,12.800000000000004,12.800000000000002,5.329070518200751e-15,PASS,PASS,-12.0,12.0,13.0,FORBIDDEN_WITHOUT_EXTERNAL_PRIMARY_EVIDENCE,継続標本のみを用い母集団推計を行うため、本系列に比べサンプルサイズが小さくなる。,営業利益及び経常利益については、標準誤差率の算出は行っていない。,継続標本PDFは利益水準とその符号を公表しないため、売上高と営業利益の増加率から得る利益率方向は代理指標である。
20261,2026年1 - 3 月,153,教育、学習支援業,26,全規模,False,False,True,137,1,interest_and_dividend_income,受取利息等,受取利息等の前年差による利益影響,1,19.86,34.33,-14.469999999999999,-14.469999999999999,REDUCES_PROFIT_CHANGE,15.266933952310618,CALCULABLE,会計的な利益影響であり因果を示さない,797.09,817.22,-20.129999999999995,815.51,930.42,-114.90999999999997,18.41999999999996,113.19999999999993,-94.77999999999997,18.42,113.2,-94.78,-94.78,-2.842170943040401e-14,PASS,PASS,-14.0,-14.0,-94.0,FORBIDDEN_WITHOUT_EXTERNAL_PRIMARY_EVIDENCE,継続標本のみを用い母集団推計を行うため、本系列に比べサンプルサイズが小さくなる。,営業利益及び経常利益については、標準誤差率の算出は行っていない。,継続標本PDFは利益水準とその符号を公表しないため、売上高と営業利益の増加率から得る利益率方向は代理指標である。
20261,2026年1 - 3 月,153,教育、学習支援業,26,全規模,False,False,True,137,2,other_non_operating_income,その他の営業外収益,その他の営業外収益の前年差による利益影響,1,94.25,159.21,-64.96000000000001,-64.96000000000001,REDUCES_PROFIT_CHANGE,68.53766617429841,CALCULABLE,原因は統計だけでは特定しない,797.09,817.22,-20.129999999999995,815.51,930.42,-114.90999999999997,18.41999999999996,113.19999999999993,-94.77999999999997,18.42,113.2,-94.78,-94.78,-2.842170943040401e-14,PASS,PASS,-65.0,-65.0,-94.0,FORBIDDEN_WITHOUT_EXTERNAL_PRIMARY_EVIDENCE,継続標本のみを用い母集団推計を行うため、本系列に比べサンプルサイズが小さくなる。,営業利益及び経常利益については、標準誤差率の算出は行っていない。,継続標本PDFは利益水準とその符号を公表しないため、売上高と営業利益の増加率から得る利益率方向は代理指標である。
20261,2026年1 - 3 月,153,教育、学習支援業,26,全規模,False,False,True,137,3,interest_expense,支払利息等,支払利息等の前年差による利益影響,-1,19.53,37.56,-18.03,18.03,INCREASES_PROFIT_CHANGE,-19.023000633044955,CALCULABLE,会計的な利益影響であり因果を示さない,797.09,817.22,-20.129999999999995,815.51,930.42,-114.90999999999997,18.41999999999996,113.19999999999993,-94.77999999999997,18.42,113.2,-94.78,-94.78,-2.842170943040401e-14,PASS,PASS,-18.0,18.0,-94.0,FORBIDDEN_WITHOUT_EXTERNAL_PRIMARY_EVIDENCE,継続標本のみを用い母集団推計を行うため、本系列に比べサンプルサイズが小さくなる。,営業利益及び経常利益については、標準誤差率の算出は行っていない。,継続標本PDFは利益水準とその符号を公表しないため、売上高と営業利益の増加率から得る利益率方向は代理指標である。
20261,2026年1 - 3 月,153,教育、学習支援業,26,全規模,False,False,True,137,4,other_non_operating_expense,その他の営業外費用,その他の営業外費用の前年差による利益影響,-1,76.16,42.78,33.379999999999995,-33.379999999999995,REDUCES_PROFIT_CHANGE,35.21840050643596,CALCULABLE,会計的な利益影響であり因果を示さない,797.09,817.22,-20.129999999999995,815.51,930.42,-114.90999999999997,18.41999999999996,113.19999999999993,-94.77999999999997,18.42,113.2,-94.78,-94.78,-2.842170943040401e-14,PASS,PASS,33.0,-33.0,-94.0,FORBIDDEN_WITHOUT_EXTERNAL_PRIMARY_EVIDENCE,継続標本のみを用い母集団推計を行うため、本系列に比べサンプルサイズが小さくなる。,営業利益及び経常利益については、標準誤差率の算出は行っていない。,継続標本PDFは利益水準とその符号を公表しないため、売上高と営業利益の増加率から得る利益率方向は代理指標である。
20261,2026年1 - 3 月,154,はん用機械器具製造業,19,1千万円以上 - 1億円未満,False,False,True,108,1,interest_and_dividend_income,受取利息等,受取利息等の前年差による利益影響,1,31.8,18.96,12.84,12.84,INCREASES_PROFIT_CHANGE,-16.705698672911783,CALCULABLE,会計的な利益影響であり因果を示さない,948.9,590.35,358.54999999999995,1005.93,724.24,281.68999999999994,57.02999999999997,133.89,-76.86000000000001,57.029999999999994,133.89000000000001,-76.86000000000001,-76.86000000000001,0.0,PASS,PASS,13.0,13.0,-76.0,FORBIDDEN_WITHOUT_EXTERNAL_PRIMARY_EVIDENCE,継続標本のみを用い母集団推計を行うため、本系列に比べサンプルサイズが小さくなる。,営業利益及び経常利益については、標準誤差率の算出は行っていない。,継続標本PDFは利益水準とその符号を公表しないため、売上高と営業利益の増加率から得る利益率方向は代理指標である。
20261,2026年1 - 3 月,154,はん用機械器具製造業,19,1千万円以上 - 1億円未満,False,False,True,108,2,other_non_operating_income,その他の営業外収益,その他の営業外収益の前年差による利益影響,1,199.88,185.93,13.949999999999989,13.949999999999989,INCREASES_PROFIT_CHANGE,-18.149882903981247,CALCULABLE,原因は統計だけでは特定しない,948.9,590.35,358.54999999999995,1005.93,724.24,281.68999999999994,57.02999999999997,133.89,-76.86000000000001,57.029999999999994,133.89000000000001,-76.86000000000001,-76.86000000000001,0.0,PASS,PASS,14.0,14.0,-76.0,FORBIDDEN_WITHOUT_EXTERNAL_PRIMARY_EVIDENCE,継続標本のみを用い母集団推計を行うため、本系列に比べサンプルサイズが小さくなる。,営業利益及び経常利益については、標準誤差率の算出は行っていない。,継続標本PDFは利益水準とその符号を公表しないため、売上高と営業利益の増加率から得る利益率方向は代理指標である。
20261,2026年1 - 3 月,154,はん用機械器具製造業,19,1千万円以上 - 1億円未満,False,False,True,108,3,interest_expense,支払利息等,支払利息等の前年差による利益影響,-1,27.56,19.18,8.379999999999999,-8.379999999999999,REDUCES_PROFIT_CHANGE,10.90294041113713,CALCULABLE,会計的な利益影響であり因果を示さない,948.9,590.35,358.54999999999995,1005.93,724.24,281.68999999999994,57.02999999999997,133.89,-76.86000000000001,57.029999999999994,133.89000000000001,-76.86000000000001,-76.86000000000001,0.0,PASS,PASS,8.0,-8.0,-76.0,FORBIDDEN_WITHOUT_EXTERNAL_PRIMARY_EVIDENCE,継続標本のみを用い母集団推計を行うため、本系列に比べサンプルサイズが小さくなる。,営業利益及び経常利益については、標準誤差率の算出は行っていない。,継続標本PDFは利益水準とその符号を公表しないため、売上高と営業利益の増加率から得る利益率方向は代理指標である。
20261,2026年1 - 3 月,154,はん用機械器具製造業,19,1千万円以上 - 1億円未満,False,False,True,108,4,other_non_operating_expense,その他の営業外費用,その他の営業外費用の前年差による利益影響,-1,147.09,51.82,95.27000000000001,-95.27000000000001,REDUCES_PROFIT_CHANGE,123.9526411657559,CALCULABLE,会計的な利益影響であり因果を示さない,948.9,590.35,358.54999999999995,1005.93,724.24,281.68999999999994,57.02999999999997,133.89,-76.86000000000001,57.029999999999994,133.89000000000001,-76.86000000000001,-76.86000000000001,0.0,PASS,PASS,95.0,-95.0,-76.0,FORBIDDEN_WITHOUT_EXTERNAL_PRIMARY_EVIDENCE,継続標本のみを用い母集団推計を行うため、本系列に比べサンプルサイズが小さくなる。,営業利益及び経常利益については、標準誤差率の算出は行っていない。,継続標本PDFは利益水準とその符号を公表しないため、売上高と営業利益の増加率から得る利益率方向は代理指標である。
20261,2026年1 - 3 月,154,はん用機械器具製造業,24,1億円以上 - 10億円未満,False,False,True,108,1,interest_and_dividend_income,受取利息等,受取利息等の前年差による利益影響,1,44.94,15.69,29.25,29.25,INCREASES_PROFIT_CHANGE,-163.8655462184872,CALCULABLE,会計的な利益影響であり因果を示さない,614.95,510.99,103.96000000000004,747.63,661.52,86.11000000000001,132.67999999999995,150.52999999999997,-17.850000000000023,132.68,150.53,-17.849999999999994,-17.85000000000001,1.4210854715202004e-14,PASS,PASS,29.0,29.0,-18.0,FORBIDDEN_WITHOUT_EXTERNAL_PRIMARY_EVIDENCE,継続標本のみを用い母集団推計を行うため、本系列に比べサンプルサイズが小さくなる。,営業利益及び経常利益については、標準誤差率の算出は行っていない。,継続標本PDFは利益水準とその符号を公表しないため、売上高と営業利益の増加率から得る利益率方向は代理指標である。
20261,2026年1 - 3 月,154,はん用機械器具製造業,24,1億円以上 - 10億円未満,False,False,True,108,2,other_non_operating_income,その他の営業外収益,その他の営業外収益の前年差による利益影響,1,137.1,177.96,-40.860000000000014,-40.860000000000014,REDUCES_PROFIT_CHANGE,228.90756302520984,CALCULABLE,原因は統計だけでは特定しない,614.95,510.99,103.96000000000004,747.63,661.52,86.11000000000001,132.67999999999995,150.52999999999997,-17.850000000000023,132.68,150.53,-17.849999999999994,-17.85000000000001,1.4210854715202004e-14,PASS,PASS,-41.0,-41.0,-18.0,FORBIDDEN_WITHOUT_EXTERNAL_PRIMARY_EVIDENCE,継続標本のみを用い母集団推計を行うため、本系列に比べサンプルサイズが小さくなる。,営業利益及び経常利益については、標準誤差率の算出は行っていない。,継続標本PDFは利益水準とその符号を公表しないため、売上高と営業利益の増加率から得る利益率方向は代理指標である。
20261,2026年1 - 3 月,154,はん用機械器具製造業,24,1億円以上 - 10億円未満,False,False,True,108,3,interest_expense,支払利息等,支払利息等の前年差による利益影響,-1,8.78,8.7,0.08000000000000007,-0.08000000000000007,REDUCES_PROFIT_CHANGE,0.44817927170868327,CALCULABLE,会計的な利益影響であり因果を示さない,614.95,510.99,103.96000000000004,747.63,661.52,86.11000000000001,132.67999999999995,150.52999999999997,-17.850000000000023,132.68,150.53,-17.849999999999994,-17.85000000000001,1.4210854715202004e-14,PASS,PASS,0.0,-0.0,-18.0,FORBIDDEN_WITHOUT_EXTERNAL_PRIMARY_EVIDENCE,継続標本のみを用い母集団推計を行うため、本系列に比べサンプルサイズが小さくなる。,営業利益及び経常利益については、標準誤差率の算出は行っていない。,継続標本PDFは利益水準とその符号を公表しないため、売上高と営業利益の増加率から得る利益率方向は代理指標である。
20261,2026年1 - 3 月,154,はん用機械器具製造業,24,1億円以上 - 10億円未満,False,False,True,108,4,other_non_operating_expense,その他の営業外費用,その他の営業外費用の前年差による利益影響,-1,40.58,34.42,6.159999999999997,-6.159999999999997,REDUCES_PROFIT_CHANGE,34.50980392156857,CALCULABLE,会計的な利益影響であり因果を示さない,614.95,510.99,103.96000000000004,747.63,661.52,86.11000000000001,132.67999999999995,150.52999999999997,-17.850000000000023,132.68,150.53,-17.849999999999994,-17.85000000000001,1.4210854715202004e-14,PASS,PASS,6.0,-6.0,-18.0,FORBIDDEN_WITHOUT_EXTERNAL_PRIMARY_EVIDENCE,継続標本のみを用い母集団推計を行うため、本系列に比べサンプルサイズが小さくなる。,営業利益及び経常利益については、標準誤差率の算出は行っていない。,継続標本PDFは利益水準とその符号を公表しないため、売上高と営業利益の増加率から得る利益率方向は代理指標である。
20261,2026年1 - 3 月,154,はん用機械器具製造業,25,10億円以上,False,False,True,108,1,interest_and_dividend_income,受取利息等,受取利息等の前年差による利益影響,1,859.23,765.16,94.07000000000005,94.07000000000005,INCREASES_PROFIT_CHANGE,52.57657053431702,CALCULABLE,会計的な利益影響であり因果を示さない,1227.4,745.98,481.4200000000001,2062.46,1402.12,660.3400000000001,835.06,656.1399999999999,178.92000000000007,835.0600000000001,656.14,178.92000000000007,178.92000000000007,0.0,PASS,PASS,94.0,94.0,179.0,FORBIDDEN_WITHOUT_EXTERNAL_PRIMARY_EVIDENCE,継続標本のみを用い母集団推計を行うため、本系列に比べサンプルサイズが小さくなる。,営業利益及び経常利益については、標準誤差率の算出は行っていない。,継続標本PDFは利益水準とその符号を公表しないため、売上高と営業利益の増加率から得る利益率方向は代理指標である。
20261,2026年1 - 3 月,154,はん用機械器具製造業,25,10億円以上,False,False,True,108,2,other_non_operating_income,その他の営業外収益,その他の営業外収益の前年差による利益影響,1,214.37,135.6,78.77000000000001,78.77000000000001,INCREASES_PROFIT_CHANGE,44.02526268723451,CALCULABLE,原因は統計だけでは特定しない,1227.4,745.98,481.4200000000001,2062.46,1402.12,660.3400000000001,835.06,656.1399999999999,178.92000000000007,835.0600000000001,656.14,178.92000000000007,178.92000000000007,0.0,PASS,PASS,79.0,79.0,179.0,FORBIDDEN_WITHOUT_EXTERNAL_PRIMARY_EVIDENCE,継続標本のみを用い母集団推計を行うため、本系列に比べサンプルサイズが小さくなる。,営業利益及び経常利益については、標準誤差率の算出は行っていない。,継続標本PDFは利益水準とその符号を公表しないため、売上高と営業利益の増加率から得る利益率方向は代理指標である。
20261,2026年1 - 3 月,154,はん用機械器具製造業,25,10億円以上,False,False,True,108,3,interest_expense,支払利息等,支払利息等の前年差による利益影響,-1,48.49,28.79,19.700000000000003,-19.700000000000003,REDUCES_PROFIT_CHANGE,-11.010507489380727,CALCULABLE,会計的な利益影響であり因果を示さない,1227.4,745.98,481.4200000000001,2062.46,1402.12,660.3400000000001,835.06,656.1399999999999,178.92000000000007,835.0600000000001,656.14,178.92000000000007,178.92000000000007,0.0,PASS,PASS,20.0,-20.0,179.0,FORBIDDEN_WITHOUT_EXTERNAL_PRIMARY_EVIDENCE,継続標本のみを用い母集団推計を行うため、本系列に比べサンプルサイズが小さくなる。,営業利益及び経常利益については、標準誤差率の算出は行っていない。,継続標本PDFは利益水準とその符号を公表しないため、売上高と営業利益の増加率から得る利益率方向は代理指標である。
20261,2026年1 - 3 月,154,はん用機械器具製造業,25,10億円以上,False,False,True,108,4,other_non_operating_expense,その他の営業外費用,その他の営業外費用の前年差による利益影響,-1,190.05,215.83,-25.78,25.78,INCREASES_PROFIT_CHANGE,14.408674267829191,CALCULABLE,会計的な利益影響であり因果を示さない,1227.4,745.98,481.4200000000001,2062.46,1402.12,660.3400000000001,835.06,656.1399999999999,178.92000000000007,835.0600000000001,656.14,178.92000000000007,178.92000000000007,0.0,PASS,PASS,-26.0,26.0,179.0,FORBIDDEN_WITHOUT_EXTERNAL_PRIMARY_EVIDENCE,継続標本のみを用い母集団推計を行うため、本系列に比べサンプルサイズが小さくなる。,営業利益及び経常利益については、標準誤差率の算出は行っていない。,継続標本PDFは利益水準とその符号を公表しないため、売上高と営業利益の増加率から得る利益率方向は代理指標である。
20261,2026年1 - 3 月,154,はん用機械器具製造業,26,全規模,False,False,True,108,1,interest_and_dividend_income,受取利息等,受取利息等の前年差による利益影響,1,935.97,799.81,136.16000000000008,136.16000000000008,INCREASES_PROFIT_CHANGE,161.69101056881652,CALCULABLE,会計的な利益影響であり因果を示さない,2791.25,1847.32,943.9300000000001,3816.02,2787.88,1028.1399999999999,1024.77,940.5600000000002,84.20999999999981,1024.77,940.56,84.21000000000004,84.21000000000006,2.5579538487363607e-13,PASS,PASS,136.0,136.0,84.0,FORBIDDEN_WITHOUT_EXTERNAL_PRIMARY_EVIDENCE,継続標本のみを用い母集団推計を行うため、本系列に比べサンプルサイズが小さくなる。,営業利益及び経常利益については、標準誤差率の算出は行っていない。,継続標本PDFは利益水準とその符号を公表しないため、売上高と営業利益の増加率から得る利益率方向は代理指標である。
20261,2026年1 - 3 月,154,はん用機械器具製造業,26,全規模,False,False,True,108,2,other_non_operating_income,その他の営業外収益,その他の営業外収益の前年差による利益影響,1,551.35,499.49,51.860000000000014,51.860000000000014,INCREASES_PROFIT_CHANGE,61.58413490084329,CALCULABLE,原因は統計だけでは特定しない,2791.25,1847.32,943.9300000000001,3816.02,2787.88,1028.1399999999999,1024.77,940.5600000000002,84.20999999999981,1024.77,940.56,84.21000000000004,84.21000000000006,2.5579538487363607e-13,PASS,PASS,52.0,52.0,84.0,FORBIDDEN_WITHOUT_EXTERNAL_PRIMARY_EVIDENCE,継続標本のみを用い母集団推計を行うため、本系列に比べサンプルサイズが小さくなる。,営業利益及び経常利益については、標準誤差率の算出は行っていない。,継続標本PDFは利益水準とその符号を公表しないため、売上高と営業利益の増加率から得る利益率方向は代理指標である。
20261,2026年1 - 3 月,154,はん用機械器具製造業,26,全規模,False,False,True,108,3,interest_expense,支払利息等,支払利息等の前年差による利益影響,-1,84.83,56.67,28.159999999999997,-28.159999999999997,REDUCES_PROFIT_CHANGE,-33.44020900130633,CALCULABLE,会計的な利益影響であり因果を示さない,2791.25,1847.32,943.9300000000001,3816.02,2787.88,1028.1399999999999,1024.77,940.5600000000002,84.20999999999981,1024.77,940.56,84.21000000000004,84.21000000000006,2.5579538487363607e-13,PASS,PASS,28.0,-28.0,84.0,FORBIDDEN_WITHOUT_EXTERNAL_PRIMARY_EVIDENCE,継続標本のみを用い母集団推計を行うため、本系列に比べサンプルサイズが小さくなる。,営業利益及び経常利益については、標準誤差率の算出は行っていない。,継続標本PDFは利益水準とその符号を公表しないため、売上高と営業利益の増加率から得る利益率方向は代理指標である。
20261,2026年1 - 3 月,154,はん用機械器具製造業,26,全規模,False,False,True,108,4,other_non_operating_expense,その他の営業外費用,その他の営業外費用の前年差による利益影響,-1,377.72,302.07,75.65000000000003,-75.65000000000003,REDUCES_PROFIT_CHANGE,-89.83493646835316,CALCULABLE,会計的な利益影響であり因果を示さない,2791.25,1847.32,943.9300000000001,3816.02,2787.88,1028.1399999999999,1024.77,940.5600000000002,84.20999999999981,1024.77,940.56,84.21000000000004,84.21000000000006,2.5579538487363607e-13,PASS,PASS,76.0,-76.0,84.0,FORBIDDEN_WITHOUT_EXTERNAL_PRIMARY_EVIDENCE,継続標本のみを用い母集団推計を行うため、本系列に比べサンプルサイズが小さくなる。,営業利益及び経常利益については、標準誤差率の算出は行っていない。,継続標本PDFは利益水準とその符号を公表しないため、売上高と営業利益の増加率から得る利益率方向は代理指標である。
20261,2026年1 - 3 月,155,不動産業、物品賃貸業(集約),19,1千万円以上 - 1億円未満,False,True,False,155,1,interest_and_dividend_income,受取利息等,受取利息等の前年差による利益影響,1,409.52,242.7,166.82,166.82,INCREASES_PROFIT_CHANGE,280.7944790439327,CALCULABLE,会計的な利益影響であり因果を示さない,7520.56,8126.28,-605.7199999999993,8759.09,9305.4,-546.3099999999995,1238.5299999999997,1179.12,59.409999999999854,1238.53,1179.12,59.41000000000008,59.410000000000025,1.7053025658242404e-13,PASS,PASS,167.0,167.0,60.0,FORBIDDEN_WITHOUT_EXTERNAL_PRIMARY_EVIDENCE,継続標本のみを用い母集団推計を行うため、本系列に比べサンプルサイズが小さくなる。,営業利益及び経常利益については、標準誤差率の算出は行っていない。,継続標本PDFは利益水準とその符号を公表しないため、売上高と営業利益の増加率から得る利益率方向は代理指標である。
20261,2026年1 - 3 月,155,不動産業、物品賃貸業(集約),19,1千万円以上 - 1億円未満,False,True,False,155,2,other_non_operating_income,その他の営業外収益,その他の営業外収益の前年差による利益影響,1,3613.23,2716.1,897.1300000000001,897.1300000000001,INCREASES_PROFIT_CHANGE,1510.065645514227,CALCULABLE,原因は統計だけでは特定しない,7520.56,8126.28,-605.7199999999993,8759.09,9305.4,-546.3099999999995,1238.5299999999997,1179.12,59.409999999999854,1238.53,1179.12,59.41000000000008,59.410000000000025,1.7053025658242404e-13,PASS,PASS,897.0,897.0,60.0,FORBIDDEN_WITHOUT_EXTERNAL_PRIMARY_EVIDENCE,継続標本のみを用い母集団推計を行うため、本系列に比べサンプルサイズが小さくなる。,営業利益及び経常利益については、標準誤差率の算出は行っていない。,継続標本PDFは利益水準とその符号を公表しないため、売上高と営業利益の増加率から得る利益率方向は代理指標である。
20261,2026年1 - 3 月,155,不動産業、物品賃貸業(集約),19,1千万円以上 - 1億円未満,False,True,False,155,3,interest_expense,支払利息等,支払利息等の前年差による利益影響,-1,1268.45,1174.06,94.3900000000001,-94.3900000000001,REDUCES_PROFIT_CHANGE,-158.878976603266,CALCULABLE,会計的な利益影響であり因果を示さない,7520.56,8126.28,-605.7199999999993,8759.09,9305.4,-546.3099999999995,1238.5299999999997,1179.12,59.409999999999854,1238.53,1179.12,59.41000000000008,59.410000000000025,1.7053025658242404e-13,PASS,PASS,94.0,-94.0,60.0,FORBIDDEN_WITHOUT_EXTERNAL_PRIMARY_EVIDENCE,継続標本のみを用い母集団推計を行うため、本系列に比べサンプルサイズが小さくなる。,営業利益及び経常利益については、標準誤差率の算出は行っていない。,継続標本PDFは利益水準とその符号を公表しないため、売上高と営業利益の増加率から得る利益率方向は代理指標である。
20261,2026年1 - 3 月,155,不動産業、物品賃貸業(集約),19,1千万円以上 - 1億円未満,False,True,False,155,4,other_non_operating_expense,その他の営業外費用,その他の営業外費用の前年差による利益影響,-1,1515.77,605.62,910.15,-910.15,REDUCES_PROFIT_CHANGE,-1531.9811479548935,CALCULABLE,会計的な利益影響であり因果を示さない,7520.56,8126.28,-605.7199999999993,8759.09,9305.4,-546.3099999999995,1238.5299999999997,1179.12,59.409999999999854,1238.53,1179.12,59.41000000000008,59.410000000000025,1.7053025658242404e-13,PASS,PASS,910.0,-910.0,60.0,FORBIDDEN_WITHOUT_EXTERNAL_PRIMARY_EVIDENCE,継続標本のみを用い母集団推計を行うため、本系列に比べサンプルサイズが小さくなる。,営業利益及び経常利益については、標準誤差率の算出は行っていない。,継続標本PDFは利益水準とその符号を公表しないため、売上高と営業利益の増加率から得る利益率方向は代理指標である。
20261,2026年1 - 3 月,155,不動産業、物品賃貸業(集約),24,1億円以上 - 10億円未満,False,True,False,155,1,interest_and_dividend_income,受取利息等,受取利息等の前年差による利益影響,1,812.59,940.84,-128.25,-128.25,REDUCES_PROFIT_CHANGE,798.5678704856588,CALCULABLE,会計的な利益影響であり因果を示さない,7012.1,6041.37,970.7300000000005,7715.92,6761.25,954.6700000000001,703.8199999999997,719.8800000000001,-16.0600000000004,703.82,719.88,-16.059999999999945,-16.059999999999945,4.547473508864641e-13,PASS,PASS,-128.0,-128.0,-16.0,FORBIDDEN_WITHOUT_EXTERNAL_PRIMARY_EVIDENCE,継続標本のみを用い母集団推計を行うため、本系列に比べサンプルサイズが小さくなる。,営業利益及び経常利益については、標準誤差率の算出は行っていない。,継続標本PDFは利益水準とその符号を公表しないため、売上高と営業利益の増加率から得る利益率方向は代理指標である。
20261,2026年1 - 3 月,155,不動産業、物品賃貸業(集約),24,1億円以上 - 10億円未満,False,True,False,155,2,other_non_operating_income,その他の営業外収益,その他の営業外収益の前年差による利益影響,1,729.41,490.15,239.26,239.26,INCREASES_PROFIT_CHANGE,-1489.7882938978457,CALCULABLE,原因は統計だけでは特定しない,7012.1,6041.37,970.7300000000005,7715.92,6761.25,954.6700000000001,703.8199999999997,719.8800000000001,-16.0600000000004,703.82,719.88,-16.059999999999945,-16.059999999999945,4.547473508864641e-13,PASS,PASS,239.0,239.0,-16.0,FORBIDDEN_WITHOUT_EXTERNAL_PRIMARY_EVIDENCE,継続標本のみを用い母集団推計を行うため、本系列に比べサンプルサイズが小さくなる。,営業利益及び経常利益については、標準誤差率の算出は行っていない。,継続標本PDFは利益水準とその符号を公表しないため、売上高と営業利益の増加率から得る利益率方向は代理指標である。
20261,2026年1 - 3 月,155,不動産業、物品賃貸業(集約),24,1億円以上 - 10億円未満,False,True,False,155,3,interest_expense,支払利息等,支払利息等の前年差による利益影響,-1,531.4,432.25,99.14999999999998,-99.14999999999998,REDUCES_PROFIT_CHANGE,617.3723536737081,CALCULABLE,会計的な利益影響であり因果を示さない,7012.1,6041.37,970.7300000000005,7715.92,6761.25,954.6700000000001,703.8199999999997,719.8800000000001,-16.0600000000004,703.82,719.88,-16.059999999999945,-16.059999999999945,4.547473508864641e-13,PASS,PASS,99.0,-99.0,-16.0,FORBIDDEN_WITHOUT_EXTERNAL_PRIMARY_EVIDENCE,継続標本のみを用い母集団推計を行うため、本系列に比べサンプルサイズが小さくなる。,営業利益及び経常利益については、標準誤差率の算出は行っていない。,継続標本PDFは利益水準とその符号を公表しないため、売上高と営業利益の増加率から得る利益率方向は代理指標である。
20261,2026年1 - 3 月,155,不動産業、物品賃貸業(集約),24,1億円以上 - 10億円未満,False,True,False,155,4,other_non_operating_expense,その他の営業外費用,その他の営業外費用の前年差による利益影響,-1,306.78,278.86,27.91999999999996,-27.91999999999996,REDUCES_PROFIT_CHANGE,173.8480697384761,CALCULABLE,会計的な利益影響であり因果を示さない,7012.1,6041.37,970.7300000000005,7715.92,6761.25,954.6700000000001,703.8199999999997,719.8800000000001,-16.0600000000004,703.82,719.88,-16.059999999999945,-16.059999999999945,4.547473508864641e-13,PASS,PASS,28.0,-28.0,-16.0,FORBIDDEN_WITHOUT_EXTERNAL_PRIMARY_EVIDENCE,継続標本のみを用い母集団推計を行うため、本系列に比べサンプルサイズが小さくなる。,営業利益及び経常利益については、標準誤差率の算出は行っていない。,継続標本PDFは利益水準とその符号を公表しないため、売上高と営業利益の増加率から得る利益率方向は代理指標である。
20261,2026年1 - 3 月,155,不動産業、物品賃貸業(集約),25,10億円以上,False,True,False,155,1,interest_and_dividend_income,受取利息等,受取利息等の前年差による利益影響,1,1984.29,1676.94,307.3499999999999,307.3499999999999,INCREASES_PROFIT_CHANGE,51.61555772008186,CALCULABLE,会計的な利益影響であり因果を示さない,11292.13,9638.31,1653.8199999999997,12409.12,10159.84,2249.2800000000007,1116.9900000000016,521.5300000000007,595.460000000001,1116.99,521.5300000000001,595.4599999999999,595.4599999999999,-1.0231815394945443e-12,PASS,PASS,307.0,307.0,595.0,FORBIDDEN_WITHOUT_EXTERNAL_PRIMARY_EVIDENCE,継続標本のみを用い母集団推計を行うため、本系列に比べサンプルサイズが小さくなる。,営業利益及び経常利益については、標準誤差率の算出は行っていない。,継続標本PDFは利益水準とその符号を公表しないため、売上高と営業利益の増加率から得る利益率方向は代理指標である。
20261,2026年1 - 3 月,155,不動産業、物品賃貸業(集約),25,10億円以上,False,True,False,155,2,other_non_operating_income,その他の営業外収益,その他の営業外収益の前年差による利益影響,1,1186.24,794.52,391.72,391.72,INCREASES_PROFIT_CHANGE,65.78443556242223,CALCULABLE,原因は統計だけでは特定しない,11292.13,9638.31,1653.8199999999997,12409.12,10159.84,2249.2800000000007,1116.9900000000016,521.5300000000007,595.460000000001,1116.99,521.5300000000001,595.4599999999999,595.4599999999999,-1.0231815394945443e-12,PASS,PASS,392.0,392.0,595.0,FORBIDDEN_WITHOUT_EXTERNAL_PRIMARY_EVIDENCE,継続標本のみを用い母集団推計を行うため、本系列に比べサンプルサイズが小さくなる。,営業利益及び経常利益については、標準誤差率の算出は行っていない。,継続標本PDFは利益水準とその符号を公表しないため、売上高と営業利益の増加率から得る利益率方向は代理指標である。
20261,2026年1 - 3 月,155,不動産業、物品賃貸業(集約),25,10億円以上,False,True,False,155,3,interest_expense,支払利息等,支払利息等の前年差による利益影響,-1,1598.04,1141.53,456.51,-456.51,REDUCES_PROFIT_CHANGE,-76.6650992509991,CALCULABLE,会計的な利益影響であり因果を示さない,11292.13,9638.31,1653.8199999999997,12409.12,10159.84,2249.2800000000007,1116.9900000000016,521.5300000000007,595.460000000001,1116.99,521.5300000000001,595.4599999999999,595.4599999999999,-1.0231815394945443e-12,PASS,PASS,457.0,-457.0,595.0,FORBIDDEN_WITHOUT_EXTERNAL_PRIMARY_EVIDENCE,継続標本のみを用い母集団推計を行うため、本系列に比べサンプルサイズが小さくなる。,営業利益及び経常利益については、標準誤差率の算出は行っていない。,継続標本PDFは利益水準とその符号を公表しないため、売上高と営業利益の増加率から得る利益率方向は代理指標である。
20261,2026年1 - 3 月,155,不動産業、物品賃貸業(集約),25,10億円以上,False,True,False,155,4,other_non_operating_expense,その他の営業外費用,その他の営業外費用の前年差による利益影響,-1,455.5,808.4,-352.9,352.9,INCREASES_PROFIT_CHANGE,59.265105968494844,CALCULABLE,会計的な利益影響であり因果を示さない,11292.13,9638.31,1653.8199999999997,12409.12,10159.84,2249.2800000000007,1116.9900000000016,521.5300000000007,595.460000000001,1116.99,521.5300000000001,595.4599999999999,595.4599999999999,-1.0231815394945443e-12,PASS,PASS,-353.0,353.0,595.0,FORBIDDEN_WITHOUT_EXTERNAL_PRIMARY_EVIDENCE,継続標本のみを用い母集団推計を行うため、本系列に比べサンプルサイズが小さくなる。,営業利益及び経常利益については、標準誤差率の算出は行っていない。,継続標本PDFは利益水準とその符号を公表しないため、売上高と営業利益の増加率から得る利益率方向は代理指標である。
20261,2026年1 - 3 月,155,不動産業、物品賃貸業(集約),26,全規模,False,True,False,155,1,interest_and_dividend_income,受取利息等,受取利息等の前年差による利益影響,1,3206.4,2860.48,345.9200000000001,345.9200000000001,INCREASES_PROFIT_CHANGE,54.15068643258579,CALCULABLE,会計的な利益影響であり因果を示さない,25824.79,23805.96,2018.8300000000017,28884.13,26226.49,2657.6399999999994,3059.34,2420.5300000000025,638.8099999999977,3059.34,2420.5299999999997,638.8100000000004,638.8100000000004,2.7284841053187847e-12,PASS,PASS,346.0,346.0,639.0,FORBIDDEN_WITHOUT_EXTERNAL_PRIMARY_EVIDENCE,継続標本のみを用い母集団推計を行うため、本系列に比べサンプルサイズが小さくなる。,営業利益及び経常利益については、標準誤差率の算出は行っていない。,継続標本PDFは利益水準とその符号を公表しないため、売上高と営業利益の増加率から得る利益率方向は代理指標である。
20261,2026年1 - 3 月,155,不動産業、物品賃貸業(集約),26,全規模,False,True,False,155,2,other_non_operating_income,その他の営業外収益,その他の営業外収益の前年差による利益影響,1,5528.88,4000.77,1528.1100000000001,1528.1100000000001,INCREASES_PROFIT_CHANGE,239.21197226092357,CALCULABLE,原因は統計だけでは特定しない,25824.79,23805.96,2018.8300000000017,28884.13,26226.49,2657.6399999999994,3059.34,2420.5300000000025,638.8099999999977,3059.34,2420.5299999999997,638.8100000000004,638.8100000000004,2.7284841053187847e-12,PASS,PASS,1528.0,1528.0,639.0,FORBIDDEN_WITHOUT_EXTERNAL_PRIMARY_EVIDENCE,継続標本のみを用い母集団推計を行うため、本系列に比べサンプルサイズが小さくなる。,営業利益及び経常利益については、標準誤差率の算出は行っていない。,継続標本PDFは利益水準とその符号を公表しないため、売上高と営業利益の増加率から得る利益率方向は代理指標である。
20261,2026年1 - 3 月,155,不動産業、物品賃貸業(集約),26,全規模,False,True,False,155,3,interest_expense,支払利息等,支払利息等の前年差による利益影響,-1,3397.89,2747.84,650.0499999999997,-650.0499999999997,REDUCES_PROFIT_CHANGE,-101.75952161049484,CALCULABLE,会計的な利益影響であり因果を示さない,25824.79,23805.96,2018.8300000000017,28884.13,26226.49,2657.6399999999994,3059.34,2420.5300000000025,638.8099999999977,3059.34,2420.5299999999997,638.8100000000004,638.8100000000004,2.7284841053187847e-12,PASS,PASS,650.0,-650.0,639.0,FORBIDDEN_WITHOUT_EXTERNAL_PRIMARY_EVIDENCE,継続標本のみを用い母集団推計を行うため、本系列に比べサンプルサイズが小さくなる。,営業利益及び経常利益については、標準誤差率の算出は行っていない。,継続標本PDFは利益水準とその符号を公表しないため、売上高と営業利益の増加率から得る利益率方向は代理指標である。
20261,2026年1 - 3 月,155,不動産業、物品賃貸業(集約),26,全規模,False,True,False,155,4,other_non_operating_expense,その他の営業外費用,その他の営業外費用の前年差による利益影響,-1,2278.05,1692.88,585.1700000000001,-585.1700000000001,REDUCES_PROFIT_CHANGE,-91.60313708301408,CALCULABLE,会計的な利益影響であり因果を示さない,25824.79,23805.96,2018.8300000000017,28884.13,26226.49,2657.6399999999994,3059.34,2420.5300000000025,638.8099999999977,3059.34,2420.5299999999997,638.8100000000004,638.8100000000004,2.7284841053187847e-12,PASS,PASS,585.0,-585.0,639.0,FORBIDDEN_WITHOUT_EXTERNAL_PRIMARY_EVIDENCE,継続標本のみを用い母集団推計を行うため、本系列に比べサンプルサイズが小さくなる。,営業利益及び経常利益については、標準誤差率の算出は行っていない。,継続標本PDFは利益水準とその符号を公表しないため、売上高と営業利益の増加率から得る利益率方向は代理指標である。
20261,2026年1 - 3 月,158,純粋持株会社,19,1千万円以上 - 1億円未満,False,False,True,137,1,interest_and_dividend_income,受取利息等,受取利息等の前年差による利益影響,1,80.78,21.16,59.620000000000005,59.620000000000005,INCREASES_PROFIT_CHANGE,12.222472785419958,CALCULABLE,会計的な利益影響であり因果を示さない,-24.76,153.97,-178.73,684.18,375.12,309.05999999999995,708.9399999999999,221.15,487.78999999999996,708.94,221.15,487.7900000000001,487.79,5.684341886080802e-14,PASS,PASS,60.0,60.0,489.0,FORBIDDEN_WITHOUT_EXTERNAL_PRIMARY_EVIDENCE,継続標本のみを用い母集団推計を行うため、本系列に比べサンプルサイズが小さくなる。,営業利益及び経常利益については、標準誤差率の算出は行っていない。,継続標本PDFは利益水準とその符号を公表しないため、売上高と営業利益の増加率から得る利益率方向は代理指標である。
20261,2026年1 - 3 月,158,純粋持株会社,19,1千万円以上 - 1億円未満,False,False,True,137,2,other_non_operating_income,その他の営業外収益,その他の営業外収益の前年差による利益影響,1,833.12,348.51,484.61,484.61,INCREASES_PROFIT_CHANGE,99.34808011644355,CALCULABLE,原因は統計だけでは特定しない,-24.76,153.97,-178.73,684.18,375.12,309.05999999999995,708.9399999999999,221.15,487.78999999999996,708.94,221.15,487.7900000000001,487.79,5.684341886080802e-14,PASS,PASS,485.0,485.0,489.0,FORBIDDEN_WITHOUT_EXTERNAL_PRIMARY_EVIDENCE,継続標本のみを用い母集団推計を行うため、本系列に比べサンプルサイズが小さくなる。,営業利益及び経常利益については、標準誤差率の算出は行っていない。,継続標本PDFは利益水準とその符号を公表しないため、売上高と営業利益の増加率から得る利益率方向は代理指標である。
20261,2026年1 - 3 月,158,純粋持株会社,19,1千万円以上 - 1億円未満,False,False,True,137,3,interest_expense,支払利息等,支払利息等の前年差による利益影響,-1,157.5,92.3,65.2,-65.2,REDUCES_PROFIT_CHANGE,-13.366407675434102,CALCULABLE,会計的な利益影響であり因果を示さない,-24.76,153.97,-178.73,684.18,375.12,309.05999999999995,708.9399999999999,221.15,487.78999999999996,708.94,221.15,487.7900000000001,487.79,5.684341886080802e-14,PASS,PASS,65.0,-65.0,489.0,FORBIDDEN_WITHOUT_EXTERNAL_PRIMARY_EVIDENCE,継続標本のみを用い母集団推計を行うため、本系列に比べサンプルサイズが小さくなる。,営業利益及び経常利益については、標準誤差率の算出は行っていない。,継続標本PDFは利益水準とその符号を公表しないため、売上高と営業利益の増加率から得る利益率方向は代理指標である。
20261,2026年1 - 3 月,158,純粋持株会社,19,1千万円以上 - 1億円未満,False,False,True,137,4,other_non_operating_expense,その他の営業外費用,その他の営業外費用の前年差による利益影響,-1,47.46,56.22,-8.759999999999998,8.759999999999998,INCREASES_PROFIT_CHANGE,1.7958547735705936,CALCULABLE,会計的な利益影響であり因果を示さない,-24.76,153.97,-178.73,684.18,375.12,309.05999999999995,708.9399999999999,221.15,487.78999999999996,708.94,221.15,487.7900000000001,487.79,5.684341886080802e-14,PASS,PASS,-9.0,9.0,489.0,FORBIDDEN_WITHOUT_EXTERNAL_PRIMARY_EVIDENCE,継続標本のみを用い母集団推計を行うため、本系列に比べサンプルサイズが小さくなる。,営業利益及び経常利益については、標準誤差率の算出は行っていない。,継続標本PDFは利益水準とその符号を公表しないため、売上高と営業利益の増加率から得る利益率方向は代理指標である。
20261,2026年1 - 3 月,158,純粋持株会社,24,1億円以上 - 10億円未満,False,False,True,137,1,interest_and_dividend_income,受取利息等,受取利息等の前年差による利益影響,1,164.79,335.49,-170.70000000000002,-170.70000000000002,REDUCES_PROFIT_CHANGE,-58.73851553628574,CALCULABLE,会計的な利益影響であり因果を示さない,294.77,307.1,-12.330000000000041,695.7,417.42,278.28000000000003,400.93000000000006,110.32,290.61000000000007,400.92999999999995,110.32000000000001,290.60999999999996,290.61,-5.684341886080802e-14,PASS,PASS,-171.0,-171.0,290.0,FORBIDDEN_WITHOUT_EXTERNAL_PRIMARY_EVIDENCE,継続標本のみを用い母集団推計を行うため、本系列に比べサンプルサイズが小さくなる。,営業利益及び経常利益については、標準誤差率の算出は行っていない。,継続標本PDFは利益水準とその符号を公表しないため、売上高と営業利益の増加率から得る利益率方向は代理指標である。
20261,2026年1 - 3 月,158,純粋持株会社,24,1億円以上 - 10億円未満,False,False,True,137,2,other_non_operating_income,その他の営業外収益,その他の営業外収益の前年差による利益影響,1,795.4,90.04,705.36,705.36,INCREASES_PROFIT_CHANGE,242.71704346030756,CALCULABLE,原因は統計だけでは特定しない,294.77,307.1,-12.330000000000041,695.7,417.42,278.28000000000003,400.93000000000006,110.32,290.61000000000007,400.92999999999995,110.32000000000001,290.60999999999996,290.61,-5.684341886080802e-14,PASS,PASS,705.0,705.0,290.0,FORBIDDEN_WITHOUT_EXTERNAL_PRIMARY_EVIDENCE,継続標本のみを用い母集団推計を行うため、本系列に比べサンプルサイズが小さくなる。,営業利益及び経常利益については、標準誤差率の算出は行っていない。,継続標本PDFは利益水準とその符号を公表しないため、売上高と営業利益の増加率から得る利益率方向は代理指標である。
20261,2026年1 - 3 月,158,純粋持株会社,24,1億円以上 - 10億円未満,False,False,True,137,3,interest_expense,支払利息等,支払利息等の前年差による利益影響,-1,232.05,126.63,105.42000000000002,-105.42000000000002,REDUCES_PROFIT_CHANGE,-36.275420666873124,CALCULABLE,会計的な利益影響であり因果を示さない,294.77,307.1,-12.330000000000041,695.7,417.42,278.28000000000003,400.93000000000006,110.32,290.61000000000007,400.92999999999995,110.32000000000001,290.60999999999996,290.61,-5.684341886080802e-14,PASS,PASS,105.0,-105.0,290.0,FORBIDDEN_WITHOUT_EXTERNAL_PRIMARY_EVIDENCE,継続標本のみを用い母集団推計を行うため、本系列に比べサンプルサイズが小さくなる。,営業利益及び経常利益については、標準誤差率の算出は行っていない。,継続標本PDFは利益水準とその符号を公表しないため、売上高と営業利益の増加率から得る利益率方向は代理指標である。
20261,2026年1 - 3 月,158,純粋持株会社,24,1億円以上 - 10億円未満,False,False,True,137,4,other_non_operating_expense,その他の営業外費用,その他の営業外費用の前年差による利益影響,-1,327.21,188.58,138.62999999999997,-138.62999999999997,REDUCES_PROFIT_CHANGE,-47.70310725714874,CALCULABLE,会計的な利益影響であり因果を示さない,294.77,307.1,-12.330000000000041,695.7,417.42,278.28000000000003,400.93000000000006,110.32,290.61000000000007,400.92999999999995,110.32000000000001,290.60999999999996,290.61,-5.684341886080802e-14,PASS,PASS,139.0,-139.0,290.0,FORBIDDEN_WITHOUT_EXTERNAL_PRIMARY_EVIDENCE,継続標本のみを用い母集団推計を行うため、本系列に比べサンプルサイズが小さくなる。,営業利益及び経常利益については、標準誤差率の算出は行っていない。,継続標本PDFは利益水準とその符号を公表しないため、売上高と営業利益の増加率から得る利益率方向は代理指標である。
20261,2026年1 - 3 月,158,純粋持株会社,25,10億円以上,False,False,True,137,1,interest_and_dividend_income,受取利息等,受取利息等の前年差による利益影響,1,3206.31,2689.59,516.7199999999998,516.7199999999998,INCREASES_PROFIT_CHANGE,-12.552807449281767,CALCULABLE,会計的な利益影響であり因果を示さない,13674.96,15551.21,-1876.25,8022.64,14015.26,-5992.62,-5652.319999999999,-1535.949999999999,-4116.37,-5652.32,-1535.9499999999996,-4116.37,-4116.370000000001,-9.094947017729282e-13,PASS,PASS,517.0,517.0,-4117.0,FORBIDDEN_WITHOUT_EXTERNAL_PRIMARY_EVIDENCE,継続標本のみを用い母集団推計を行うため、本系列に比べサンプルサイズが小さくなる。,営業利益及び経常利益については、標準誤差率の算出は行っていない。,継続標本PDFは利益水準とその符号を公表しないため、売上高と営業利益の増加率から得る利益率方向は代理指標である。
20261,2026年1 - 3 月,158,純粋持株会社,25,10億円以上,False,False,True,137,2,other_non_operating_income,その他の営業外収益,その他の営業外収益の前年差による利益影響,1,1120.79,1822.45,-701.6600000000001,-701.6600000000001,REDUCES_PROFIT_CHANGE,17.045600857065814,CALCULABLE,原因は統計だけでは特定しない,13674.96,15551.21,-1876.25,8022.64,14015.26,-5992.62,-5652.319999999999,-1535.949999999999,-4116.37,-5652.32,-1535.9499999999996,-4116.37,-4116.370000000001,-9.094947017729282e-13,PASS,PASS,-702.0,-702.0,-4117.0,FORBIDDEN_WITHOUT_EXTERNAL_PRIMARY_EVIDENCE,継続標本のみを用い母集団推計を行うため、本系列に比べサンプルサイズが小さくなる。,営業利益及び経常利益については、標準誤差率の算出は行っていない。,継続標本PDFは利益水準とその符号を公表しないため、売上高と営業利益の増加率から得る利益率方向は代理指標である。
20261,2026年1 - 3 月,158,純粋持株会社,25,10億円以上,False,False,True,137,3,interest_expense,支払利息等,支払利息等の前年差による利益影響,-1,5705.55,4272.74,1432.8100000000004,-1432.8100000000004,REDUCES_PROFIT_CHANGE,34.80760961721129,CALCULABLE,会計的な利益影響であり因果を示さない,13674.96,15551.21,-1876.25,8022.64,14015.26,-5992.62,-5652.319999999999,-1535.949999999999,-4116.37,-5652.32,-1535.9499999999996,-4116.37,-4116.370000000001,-9.094947017729282e-13,PASS,PASS,1433.0,-1433.0,-4117.0,FORBIDDEN_WITHOUT_EXTERNAL_PRIMARY_EVIDENCE,継続標本のみを用い母集団推計を行うため、本系列に比べサンプルサイズが小さくなる。,営業利益及び経常利益については、標準誤差率の算出は行っていない。,継続標本PDFは利益水準とその符号を公表しないため、売上高と営業利益の増加率から得る利益率方向は代理指標である。
20261,2026年1 - 3 月,158,純粋持株会社,25,10億円以上,False,False,True,137,4,other_non_operating_expense,その他の営業外費用,その他の営業外費用の前年差による利益影響,-1,4273.87,1775.25,2498.62,-2498.62,REDUCES_PROFIT_CHANGE,60.699596975004674,CALCULABLE,会計的な利益影響であり因果を示さない,13674.96,15551.21,-1876.25,8022.64,14015.26,-5992.62,-5652.319999999999,-1535.949999999999,-4116.37,-5652.32,-1535.9499999999996,-4116.37,-4116.370000000001,-9.094947017729282e-13,PASS,PASS,2499.0,-2499.0,-4117.0,FORBIDDEN_WITHOUT_EXTERNAL_PRIMARY_EVIDENCE,継続標本のみを用い母集団推計を行うため、本系列に比べサンプルサイズが小さくなる。,営業利益及び経常利益については、標準誤差率の算出は行っていない。,継続標本PDFは利益水準とその符号を公表しないため、売上高と営業利益の増加率から得る利益率方向は代理指標である。
20261,2026年1 - 3 月,158,純粋持株会社,26,全規模,False,False,True,137,1,interest_and_dividend_income,受取利息等,受取利息等の前年差による利益影響,1,3451.88,3046.24,405.6400000000003,405.6400000000003,INCREASES_PROFIT_CHANGE,-12.152296156046956,CALCULABLE,会計的な利益影響であり因果を示さない,13944.97,16012.28,-2067.3100000000013,9402.52,14807.8,-5405.279999999999,-4542.449999999999,-1204.4800000000014,-3337.9699999999975,-4542.450000000001,-1204.4800000000002,-3337.9700000000003,-3337.97,-2.2737367544323206e-12,PASS,PASS,406.0,406.0,-3337.0,FORBIDDEN_WITHOUT_EXTERNAL_PRIMARY_EVIDENCE,継続標本のみを用い母集団推計を行うため、本系列に比べサンプルサイズが小さくなる。,営業利益及び経常利益については、標準誤差率の算出は行っていない。,継続標本PDFは利益水準とその符号を公表しないため、売上高と営業利益の増加率から得る利益率方向は代理指標である。
20261,2026年1 - 3 月,158,純粋持株会社,26,全規模,False,False,True,137,2,other_non_operating_income,その他の営業外収益,その他の営業外収益の前年差による利益影響,1,2749.31,2261.0,488.30999999999995,488.30999999999995,INCREASES_PROFIT_CHANGE,-14.628951128979597,CALCULABLE,原因は統計だけでは特定しない,13944.97,16012.28,-2067.3100000000013,9402.52,14807.8,-5405.279999999999,-4542.449999999999,-1204.4800000000014,-3337.9699999999975,-4542.450000000001,-1204.4800000000002,-3337.9700000000003,-3337.97,-2.2737367544323206e-12,PASS,PASS,488.0,488.0,-3337.0,FORBIDDEN_WITHOUT_EXTERNAL_PRIMARY_EVIDENCE,継続標本のみを用い母集団推計を行うため、本系列に比べサンプルサイズが小さくなる。,営業利益及び経常利益については、標準誤差率の算出は行っていない。,継続標本PDFは利益水準とその符号を公表しないため、売上高と営業利益の増加率から得る利益率方向は代理指標である。
20261,2026年1 - 3 月,158,純粋持株会社,26,全規模,False,False,True,137,3,interest_expense,支払利息等,支払利息等の前年差による利益影響,-1,6095.1,4491.67,1603.4300000000003,-1603.4300000000003,REDUCES_PROFIT_CHANGE,48.036081810202056,CALCULABLE,会計的な利益影響であり因果を示さない,13944.97,16012.28,-2067.3100000000013,9402.52,14807.8,-5405.279999999999,-4542.449999999999,-1204.4800000000014,-3337.9699999999975,-4542.450000000001,-1204.4800000000002,-3337.9700000000003,-3337.97,-2.2737367544323206e-12,PASS,PASS,1603.0,-1603.0,-3337.0,FORBIDDEN_WITHOUT_EXTERNAL_PRIMARY_EVIDENCE,継続標本のみを用い母集団推計を行うため、本系列に比べサンプルサイズが小さくなる。,営業利益及び経常利益については、標準誤差率の算出は行っていない。,継続標本PDFは利益水準とその符号を公表しないため、売上高と営業利益の増加率から得る利益率方向は代理指標である。
20261,2026年1 - 3 月,158,純粋持株会社,26,全規模,False,False,True,137,4,other_non_operating_expense,その他の営業外費用,その他の営業外費用の前年差による利益影響,-1,4648.54,2020.05,2628.49,-2628.49,REDUCES_PROFIT_CHANGE,78.74516547482457,CALCULABLE,会計的な利益影響であり因果を示さない,13944.97,16012.28,-2067.3100000000013,9402.52,14807.8,-5405.279999999999,-4542.449999999999,-1204.4800000000014,-3337.9699999999975,-4542.450000000001,-1204.4800000000002,-3337.9700000000003,-3337.97,-2.2737367544323206e-12,PASS,PASS,2628.0,-2628.0,-3337.0,FORBIDDEN_WITHOUT_EXTERNAL_PRIMARY_EVIDENCE,継続標本のみを用い母集団推計を行うため、本系列に比べサンプルサイズが小さくなる。,営業利益及び経常利益については、標準誤差率の算出は行っていない。,継続標本PDFは利益水準とその符号を公表しないため、売上高と営業利益の増加率から得る利益率方向は代理指標である。
20261,2026年1 - 3 月,159,その他の学術研究、専門・技術サービス業,19,1千万円以上 - 1億円未満,False,False,True,137,1,interest_and_dividend_income,受取利息等,受取利息等の前年差による利益影響,1,295.46,44.37,251.08999999999997,251.08999999999997,INCREASES_PROFIT_CHANGE,49.40771349862269,CALCULABLE,会計的な利益影響であり因果を示さない,8989.68,9352.92,-363.2399999999998,9174.65,9029.69,144.95999999999913,184.96999999999935,-323.22999999999956,508.1999999999989,184.96999999999997,-323.22999999999996,508.19999999999993,508.19999999999993,1.0231815394945443e-12,PASS,PASS,251.0,251.0,508.0,FORBIDDEN_WITHOUT_EXTERNAL_PRIMARY_EVIDENCE,継続標本のみを用い母集団推計を行うため、本系列に比べサンプルサイズが小さくなる。,営業利益及び経常利益については、標準誤差率の算出は行っていない。,継続標本PDFは利益水準とその符号を公表しないため、売上高と営業利益の増加率から得る利益率方向は代理指標である。
20261,2026年1 - 3 月,159,その他の学術研究、専門・技術サービス業,19,1千万円以上 - 1億円未満,False,False,True,137,2,other_non_operating_income,その他の営業外収益,その他の営業外収益の前年差による利益影響,1,811.5,873.55,-62.049999999999955,-62.049999999999955,REDUCES_PROFIT_CHANGE,-12.20975993703268,CALCULABLE,原因は統計だけでは特定しない,8989.68,9352.92,-363.2399999999998,9174.65,9029.69,144.95999999999913,184.96999999999935,-323.22999999999956,508.1999999999989,184.96999999999997,-323.22999999999996,508.19999999999993,508.19999999999993,1.0231815394945443e-12,PASS,PASS,-62.0,-62.0,508.0,FORBIDDEN_WITHOUT_EXTERNAL_PRIMARY_EVIDENCE,継続標本のみを用い母集団推計を行うため、本系列に比べサンプルサイズが小さくなる。,営業利益及び経常利益については、標準誤差率の算出は行っていない。,継続標本PDFは利益水準とその符号を公表しないため、売上高と営業利益の増加率から得る利益率方向は代理指標である。
20261,2026年1 - 3 月,159,その他の学術研究、専門・技術サービス業,19,1千万円以上 - 1億円未満,False,False,True,137,3,interest_expense,支払利息等,支払利息等の前年差による利益影響,-1,475.11,172.81,302.3,-302.3,REDUCES_PROFIT_CHANGE,-59.48445493900052,CALCULABLE,会計的な利益影響であり因果を示さない,8989.68,9352.92,-363.2399999999998,9174.65,9029.69,144.95999999999913,184.96999999999935,-323.22999999999956,508.1999999999989,184.96999999999997,-323.22999999999996,508.19999999999993,508.19999999999993,1.0231815394945443e-12,PASS,PASS,302.0,-302.0,508.0,FORBIDDEN_WITHOUT_EXTERNAL_PRIMARY_EVIDENCE,継続標本のみを用い母集団推計を行うため、本系列に比べサンプルサイズが小さくなる。,営業利益及び経常利益については、標準誤差率の算出は行っていない。,継続標本PDFは利益水準とその符号を公表しないため、売上高と営業利益の増加率から得る利益率方向は代理指標である。
20261,2026年1 - 3 月,159,その他の学術研究、専門・技術サービス業,19,1千万円以上 - 1億円未満,False,False,True,137,4,other_non_operating_expense,その他の営業外費用,その他の営業外費用の前年差による利益影響,-1,446.88,1068.34,-621.4599999999999,621.4599999999999,INCREASES_PROFIT_CHANGE,122.2865013774107,CALCULABLE,会計的な利益影響であり因果を示さない,8989.68,9352.92,-363.2399999999998,9174.65,9029.69,144.95999999999913,184.96999999999935,-323.22999999999956,508.1999999999989,184.96999999999997,-323.22999999999996,508.19999999999993,508.19999999999993,1.0231815394945443e-12,PASS,PASS,-621.0,621.0,508.0,FORBIDDEN_WITHOUT_EXTERNAL_PRIMARY_EVIDENCE,継続標本のみを用い母集団推計を行うため、本系列に比べサンプルサイズが小さくなる。,営業利益及び経常利益については、標準誤差率の算出は行っていない。,継続標本PDFは利益水準とその符号を公表しないため、売上高と営業利益の増加率から得る利益率方向は代理指標である。
20261,2026年1 - 3 月,159,その他の学術研究、専門・技術サービス業,24,1億円以上 - 10億円未満,False,False,True,137,1,interest_and_dividend_income,受取利息等,受取利息等の前年差による利益影響,1,267.76,123.53,144.23,144.23,INCREASES_PROFIT_CHANGE,106.33294013565329,CALCULABLE,会計的な利益影響であり因果を示さない,2425.1,1860.31,564.79,2700.45,2000.02,700.4299999999998,275.3499999999999,139.71000000000004,135.63999999999987,275.35,139.71,135.64000000000001,135.64,1.1368683772161603e-13,PASS,PASS,144.0,144.0,136.0,FORBIDDEN_WITHOUT_EXTERNAL_PRIMARY_EVIDENCE,継続標本のみを用い母集団推計を行うため、本系列に比べサンプルサイズが小さくなる。,営業利益及び経常利益については、標準誤差率の算出は行っていない。,継続標本PDFは利益水準とその符号を公表しないため、売上高と営業利益の増加率から得る利益率方向は代理指標である。
20261,2026年1 - 3 月,159,その他の学術研究、専門・技術サービス業,24,1億円以上 - 10億円未満,False,False,True,137,2,other_non_operating_income,その他の営業外収益,その他の営業外収益の前年差による利益影響,1,148.8,181.28,-32.47999999999999,-32.47999999999999,REDUCES_PROFIT_CHANGE,-23.945738720141566,CALCULABLE,原因は統計だけでは特定しない,2425.1,1860.31,564.79,2700.45,2000.02,700.4299999999998,275.3499999999999,139.71000000000004,135.63999999999987,275.35,139.71,135.64000000000001,135.64,1.1368683772161603e-13,PASS,PASS,-32.0,-32.0,136.0,FORBIDDEN_WITHOUT_EXTERNAL_PRIMARY_EVIDENCE,継続標本のみを用い母集団推計を行うため、本系列に比べサンプルサイズが小さくなる。,営業利益及び経常利益については、標準誤差率の算出は行っていない。,継続標本PDFは利益水準とその符号を公表しないため、売上高と営業利益の増加率から得る利益率方向は代理指標である。
20261,2026年1 - 3 月,159,その他の学術研究、専門・技術サービス業,24,1億円以上 - 10億円未満,False,False,True,137,3,interest_expense,支払利息等,支払利息等の前年差による利益影響,-1,75.17,61.97,13.200000000000003,-13.200000000000003,REDUCES_PROFIT_CHANGE,-9.73164258330877,CALCULABLE,会計的な利益影響であり因果を示さない,2425.1,1860.31,564.79,2700.45,2000.02,700.4299999999998,275.3499999999999,139.71000000000004,135.63999999999987,275.35,139.71,135.64000000000001,135.64,1.1368683772161603e-13,PASS,PASS,13.0,-13.0,136.0,FORBIDDEN_WITHOUT_EXTERNAL_PRIMARY_EVIDENCE,継続標本のみを用い母集団推計を行うため、本系列に比べサンプルサイズが小さくなる。,営業利益及び経常利益については、標準誤差率の算出は行っていない。,継続標本PDFは利益水準とその符号を公表しないため、売上高と営業利益の増加率から得る利益率方向は代理指標である。
20261,2026年1 - 3 月,159,その他の学術研究、専門・技術サービス業,24,1億円以上 - 10億円未満,False,False,True,137,4,other_non_operating_expense,その他の営業外費用,その他の営業外費用の前年差による利益影響,-1,66.04,103.13,-37.08999999999999,37.08999999999999,INCREASES_PROFIT_CHANGE,27.34444116779713,CALCULABLE,会計的な利益影響であり因果を示さない,2425.1,1860.31,564.79,2700.45,2000.02,700.4299999999998,275.3499999999999,139.71000000000004,135.63999999999987,275.35,139.71,135.64000000000001,135.64,1.1368683772161603e-13,PASS,PASS,-37.0,37.0,136.0,FORBIDDEN_WITHOUT_EXTERNAL_PRIMARY_EVIDENCE,継続標本のみを用い母集団推計を行うため、本系列に比べサンプルサイズが小さくなる。,営業利益及び経常利益については、標準誤差率の算出は行っていない。,継続標本PDFは利益水準とその符号を公表しないため、売上高と営業利益の増加率から得る利益率方向は代理指標である。
20261,2026年1 - 3 月,159,その他の学術研究、専門・技術サービス業,25,10億円以上,False,False,True,137,1,interest_and_dividend_income,受取利息等,受取利息等の前年差による利益影響,1,89.19,54.34,34.849999999999994,34.849999999999994,INCREASES_PROFIT_CHANGE,25.587371512481656,CALCULABLE,会計的な利益影響であり因果を示さない,446.36,643.3,-196.93999999999994,482.88,543.62,-60.74000000000001,36.51999999999998,-99.67999999999995,136.19999999999993,36.52000000000001,-99.68,136.20000000000002,136.20000000000002,8.526512829121202e-14,PASS,PASS,35.0,35.0,137.0,FORBIDDEN_WITHOUT_EXTERNAL_PRIMARY_EVIDENCE,継続標本のみを用い母集団推計を行うため、本系列に比べサンプルサイズが小さくなる。,営業利益及び経常利益については、標準誤差率の算出は行っていない。,継続標本PDFは利益水準とその符号を公表しないため、売上高と営業利益の増加率から得る利益率方向は代理指標である。
20261,2026年1 - 3 月,159,その他の学術研究、専門・技術サービス業,25,10億円以上,False,False,True,137,2,other_non_operating_income,その他の営業外収益,その他の営業外収益の前年差による利益影響,1,85.37,52.64,32.730000000000004,32.730000000000004,INCREASES_PROFIT_CHANGE,24.0308370044053,CALCULABLE,原因は統計だけでは特定しない,446.36,643.3,-196.93999999999994,482.88,543.62,-60.74000000000001,36.51999999999998,-99.67999999999995,136.19999999999993,36.52000000000001,-99.68,136.20000000000002,136.20000000000002,8.526512829121202e-14,PASS,PASS,33.0,33.0,137.0,FORBIDDEN_WITHOUT_EXTERNAL_PRIMARY_EVIDENCE,継続標本のみを用い母集団推計を行うため、本系列に比べサンプルサイズが小さくなる。,営業利益及び経常利益については、標準誤差率の算出は行っていない。,継続標本PDFは利益水準とその符号を公表しないため、売上高と営業利益の増加率から得る利益率方向は代理指標である。
20261,2026年1 - 3 月,159,その他の学術研究、専門・技術サービス業,25,10億円以上,False,False,True,137,3,interest_expense,支払利息等,支払利息等の前年差による利益影響,-1,22.72,21.26,1.4599999999999973,-1.4599999999999973,REDUCES_PROFIT_CHANGE,-1.071953010279,CALCULABLE,会計的な利益影響であり因果を示さない,446.36,643.3,-196.93999999999994,482.88,543.62,-60.74000000000001,36.51999999999998,-99.67999999999995,136.19999999999993,36.52000000000001,-99.68,136.20000000000002,136.20000000000002,8.526512829121202e-14,PASS,PASS,1.0,-1.0,137.0,FORBIDDEN_WITHOUT_EXTERNAL_PRIMARY_EVIDENCE,継続標本のみを用い母集団推計を行うため、本系列に比べサンプルサイズが小さくなる。,営業利益及び経常利益については、標準誤差率の算出は行っていない。,継続標本PDFは利益水準とその符号を公表しないため、売上高と営業利益の増加率から得る利益率方向は代理指標である。
20261,2026年1 - 3 月,159,その他の学術研究、専門・技術サービス業,25,10億円以上,False,False,True,137,4,other_non_operating_expense,その他の営業外費用,その他の営業外費用の前年差による利益影響,-1,115.32,185.4,-70.08000000000001,70.08000000000001,INCREASES_PROFIT_CHANGE,51.45374449339211,CALCULABLE,会計的な利益影響であり因果を示さない,446.36,643.3,-196.93999999999994,482.88,543.62,-60.74000000000001,36.51999999999998,-99.67999999999995,136.19999999999993,36.52000000000001,-99.68,136.20000000000002,136.20000000000002,8.526512829121202e-14,PASS,PASS,-70.0,70.0,137.0,FORBIDDEN_WITHOUT_EXTERNAL_PRIMARY_EVIDENCE,継続標本のみを用い母集団推計を行うため、本系列に比べサンプルサイズが小さくなる。,営業利益及び経常利益については、標準誤差率の算出は行っていない。,継続標本PDFは利益水準とその符号を公表しないため、売上高と営業利益の増加率から得る利益率方向は代理指標である。
20261,2026年1 - 3 月,159,その他の学術研究、専門・技術サービス業,26,全規模,False,False,True,137,1,interest_and_dividend_income,受取利息等,受取利息等の前年差による利益影響,1,652.41,222.24,430.16999999999996,430.16999999999996,INCREASES_PROFIT_CHANGE,55.14717193990045,CALCULABLE,会計的な利益影響であり因果を示さない,11861.14,11856.53,4.609999999998763,12357.98,11573.33,784.6499999999996,496.84000000000015,-283.2000000000007,780.0400000000009,496.84000000000003,-283.1999999999999,780.04,780.04,-9.094947017729282e-13,PASS,PASS,430.0,430.0,780.0,FORBIDDEN_WITHOUT_EXTERNAL_PRIMARY_EVIDENCE,継続標本のみを用い母集団推計を行うため、本系列に比べサンプルサイズが小さくなる。,営業利益及び経常利益については、標準誤差率の算出は行っていない。,継続標本PDFは利益水準とその符号を公表しないため、売上高と営業利益の増加率から得る利益率方向は代理指標である。
20261,2026年1 - 3 月,159,その他の学術研究、専門・技術サービス業,26,全規模,False,False,True,137,2,other_non_operating_income,その他の営業外収益,その他の営業外収益の前年差による利益影響,1,1045.67,1107.47,-61.799999999999955,-61.799999999999955,REDUCES_PROFIT_CHANGE,-7.922670632275253,CALCULABLE,原因は統計だけでは特定しない,11861.14,11856.53,4.609999999998763,12357.98,11573.33,784.6499999999996,496.84000000000015,-283.2000000000007,780.0400000000009,496.84000000000003,-283.1999999999999,780.04,780.04,-9.094947017729282e-13,PASS,PASS,-62.0,-62.0,780.0,FORBIDDEN_WITHOUT_EXTERNAL_PRIMARY_EVIDENCE,継続標本のみを用い母集団推計を行うため、本系列に比べサンプルサイズが小さくなる。,営業利益及び経常利益については、標準誤差率の算出は行っていない。,継続標本PDFは利益水準とその符号を公表しないため、売上高と営業利益の増加率から得る利益率方向は代理指標である。
20261,2026年1 - 3 月,159,その他の学術研究、専門・技術サービス業,26,全規模,False,False,True,137,3,interest_expense,支払利息等,支払利息等の前年差による利益影響,-1,573.0,256.04,316.96,-316.96,REDUCES_PROFIT_CHANGE,-40.63381365058197,CALCULABLE,会計的な利益影響であり因果を示さない,11861.14,11856.53,4.609999999998763,12357.98,11573.33,784.6499999999996,496.84000000000015,-283.2000000000007,780.0400000000009,496.84000000000003,-283.1999999999999,780.04,780.04,-9.094947017729282e-13,PASS,PASS,317.0,-317.0,780.0,FORBIDDEN_WITHOUT_EXTERNAL_PRIMARY_EVIDENCE,継続標本のみを用い母集団推計を行うため、本系列に比べサンプルサイズが小さくなる。,営業利益及び経常利益については、標準誤差率の算出は行っていない。,継続標本PDFは利益水準とその符号を公表しないため、売上高と営業利益の増加率から得る利益率方向は代理指標である。
20261,2026年1 - 3 月,159,その他の学術研究、専門・技術サービス業,26,全規模,False,False,True,137,4,other_non_operating_expense,その他の営業外費用,その他の営業外費用の前年差による利益影響,-1,628.24,1356.87,-728.6299999999999,728.6299999999999,INCREASES_PROFIT_CHANGE,93.40931234295665,CALCULABLE,会計的な利益影響であり因果を示さない,11861.14,11856.53,4.609999999998763,12357.98,11573.33,784.6499999999996,496.84000000000015,-283.2000000000007,780.0400000000009,496.84000000000003,-283.1999999999999,780.04,780.04,-9.094947017729282e-13,PASS,PASS,-729.0,729.0,780.0,FORBIDDEN_WITHOUT_EXTERNAL_PRIMARY_EVIDENCE,継続標本のみを用い母集団推計を行うため、本系列に比べサンプルサイズが小さくなる。,営業利益及び経常利益については、標準誤差率の算出は行っていない。,継続標本PDFは利益水準とその符号を公表しないため、売上高と営業利益の増加率から得る利益率方向は代理指標である。
20261,2026年1 - 3 月,160,職業紹介・労働者派遣業,19,1千万円以上 - 1億円未満,False,False,True,137,1,interest_and_dividend_income,受取利息等,受取利息等の前年差による利益影響,1,21.3,14.22,7.08,7.08,INCREASES_PROFIT_CHANGE,6.102396138596791,CALCULABLE,会計的な利益影響であり因果を示さない,117.1,659.08,-541.98,250.81,676.77,-425.96,133.71,17.68999999999994,116.02000000000007,133.70999999999998,17.690000000000005,116.01999999999998,116.01999999999998,-8.526512829121202e-14,PASS,PASS,7.0,7.0,116.0,FORBIDDEN_WITHOUT_EXTERNAL_PRIMARY_EVIDENCE,継続標本のみを用い母集団推計を行うため、本系列に比べサンプルサイズが小さくなる。,営業利益及び経常利益については、標準誤差率の算出は行っていない。,継続標本PDFは利益水準とその符号を公表しないため、売上高と営業利益の増加率から得る利益率方向は代理指標である。
20261,2026年1 - 3 月,160,職業紹介・労働者派遣業,19,1千万円以上 - 1億円未満,False,False,True,137,2,other_non_operating_income,その他の営業外収益,その他の営業外収益の前年差による利益影響,1,166.45,125.51,40.93999999999998,40.93999999999998,INCREASES_PROFIT_CHANGE,35.287019479400065,CALCULABLE,原因は統計だけでは特定しない,117.1,659.08,-541.98,250.81,676.77,-425.96,133.71,17.68999999999994,116.02000000000007,133.70999999999998,17.690000000000005,116.01999999999998,116.01999999999998,-8.526512829121202e-14,PASS,PASS,41.0,41.0,116.0,FORBIDDEN_WITHOUT_EXTERNAL_PRIMARY_EVIDENCE,継続標本のみを用い母集団推計を行うため、本系列に比べサンプルサイズが小さくなる。,営業利益及び経常利益については、標準誤差率の算出は行っていない。,継続標本PDFは利益水準とその符号を公表しないため、売上高と営業利益の増加率から得る利益率方向は代理指標である。
20261,2026年1 - 3 月,160,職業紹介・労働者派遣業,19,1千万円以上 - 1億円未満,False,False,True,137,3,interest_expense,支払利息等,支払利息等の前年差による利益影響,-1,20.29,34.15,-13.86,13.86,INCREASES_PROFIT_CHANGE,11.946216169625918,CALCULABLE,会計的な利益影響であり因果を示さない,117.1,659.08,-541.98,250.81,676.77,-425.96,133.71,17.68999999999994,116.02000000000007,133.70999999999998,17.690000000000005,116.01999999999998,116.01999999999998,-8.526512829121202e-14,PASS,PASS,-14.0,14.0,116.0,FORBIDDEN_WITHOUT_EXTERNAL_PRIMARY_EVIDENCE,継続標本のみを用い母集団推計を行うため、本系列に比べサンプルサイズが小さくなる。,営業利益及び経常利益については、標準誤差率の算出は行っていない。,継続標本PDFは利益水準とその符号を公表しないため、売上高と営業利益の増加率から得る利益率方向は代理指標である。
20261,2026年1 - 3 月,160,職業紹介・労働者派遣業,19,1千万円以上 - 1億円未満,False,False,True,137,4,other_non_operating_expense,その他の営業外費用,その他の営業外費用の前年差による利益影響,-1,33.75,87.89,-54.14,54.14,INCREASES_PROFIT_CHANGE,46.66436821237715,CALCULABLE,会計的な利益影響であり因果を示さない,117.1,659.08,-541.98,250.81,676.77,-425.96,133.71,17.68999999999994,116.02000000000007,133.70999999999998,17.690000000000005,116.01999999999998,116.01999999999998,-8.526512829121202e-14,PASS,PASS,-54.0,54.0,116.0,FORBIDDEN_WITHOUT_EXTERNAL_PRIMARY_EVIDENCE,継続標本のみを用い母集団推計を行うため、本系列に比べサンプルサイズが小さくなる。,営業利益及び経常利益については、標準誤差率の算出は行っていない。,継続標本PDFは利益水準とその符号を公表しないため、売上高と営業利益の増加率から得る利益率方向は代理指標である。
20261,2026年1 - 3 月,160,職業紹介・労働者派遣業,24,1億円以上 - 10億円未満,False,False,True,137,1,interest_and_dividend_income,受取利息等,受取利息等の前年差による利益影響,1,53.32,5.91,47.41,47.41,INCREASES_PROFIT_CHANGE,140.05908419497752,CALCULABLE,会計的な利益影響であり因果を示さない,787.05,459.44,327.60999999999996,772.08,410.62,361.46000000000004,-14.969999999999914,-48.81999999999999,33.85000000000008,-14.970000000000002,-48.82,33.849999999999994,33.849999999999994,-8.526512829121202e-14,PASS,PASS,47.0,47.0,33.0,FORBIDDEN_WITHOUT_EXTERNAL_PRIMARY_EVIDENCE,継続標本のみを用い母集団推計を行うため、本系列に比べサンプルサイズが小さくなる。,営業利益及び経常利益については、標準誤差率の算出は行っていない。,継続標本PDFは利益水準とその符号を公表しないため、売上高と営業利益の増加率から得る利益率方向は代理指標である。
20261,2026年1 - 3 月,160,職業紹介・労働者派遣業,24,1億円以上 - 10億円未満,False,False,True,137,2,other_non_operating_income,その他の営業外収益,その他の営業外収益の前年差による利益影響,1,12.88,13.99,-1.1099999999999994,-1.1099999999999994,REDUCES_PROFIT_CHANGE,-3.2791728212703006,CALCULABLE,原因は統計だけでは特定しない,787.05,459.44,327.60999999999996,772.08,410.62,361.46000000000004,-14.969999999999914,-48.81999999999999,33.85000000000008,-14.970000000000002,-48.82,33.849999999999994,33.849999999999994,-8.526512829121202e-14,PASS,PASS,-1.0,-1.0,33.0,FORBIDDEN_WITHOUT_EXTERNAL_PRIMARY_EVIDENCE,継続標本のみを用い母集団推計を行うため、本系列に比べサンプルサイズが小さくなる。,営業利益及び経常利益については、標準誤差率の算出は行っていない。,継続標本PDFは利益水準とその符号を公表しないため、売上高と営業利益の増加率から得る利益率方向は代理指標である。
20261,2026年1 - 3 月,160,職業紹介・労働者派遣業,24,1億円以上 - 10億円未満,False,False,True,137,3,interest_expense,支払利息等,支払利息等の前年差による利益影響,-1,2.72,2.03,0.6900000000000004,-0.6900000000000004,REDUCES_PROFIT_CHANGE,-2.0384047267355947,CALCULABLE,会計的な利益影響であり因果を示さない,787.05,459.44,327.60999999999996,772.08,410.62,361.46000000000004,-14.969999999999914,-48.81999999999999,33.85000000000008,-14.970000000000002,-48.82,33.849999999999994,33.849999999999994,-8.526512829121202e-14,PASS,PASS,1.0,-1.0,33.0,FORBIDDEN_WITHOUT_EXTERNAL_PRIMARY_EVIDENCE,継続標本のみを用い母集団推計を行うため、本系列に比べサンプルサイズが小さくなる。,営業利益及び経常利益については、標準誤差率の算出は行っていない。,継続標本PDFは利益水準とその符号を公表しないため、売上高と営業利益の増加率から得る利益率方向は代理指標である。
20261,2026年1 - 3 月,160,職業紹介・労働者派遣業,24,1億円以上 - 10億円未満,False,False,True,137,4,other_non_operating_expense,その他の営業外費用,その他の営業外費用の前年差による利益影響,-1,78.45,66.69,11.760000000000005,-11.760000000000005,REDUCES_PROFIT_CHANGE,-34.74150664697187,CALCULABLE,会計的な利益影響であり因果を示さない,787.05,459.44,327.60999999999996,772.08,410.62,361.46000000000004,-14.969999999999914,-48.81999999999999,33.85000000000008,-14.970000000000002,-48.82,33.849999999999994,33.849999999999994,-8.526512829121202e-14,PASS,PASS,12.0,-12.0,33.0,FORBIDDEN_WITHOUT_EXTERNAL_PRIMARY_EVIDENCE,継続標本のみを用い母集団推計を行うため、本系列に比べサンプルサイズが小さくなる。,営業利益及び経常利益については、標準誤差率の算出は行っていない。,継続標本PDFは利益水準とその符号を公表しないため、売上高と営業利益の増加率から得る利益率方向は代理指標である。
20261,2026年1 - 3 月,160,職業紹介・労働者派遣業,25,10億円以上,False,False,True,137,1,interest_and_dividend_income,受取利息等,受取利息等の前年差による利益影響,1,1.1,0.62,0.4800000000000001,0.4800000000000001,INCREASES_PROFIT_CHANGE,-13.994169096209887,CALCULABLE,会計的な利益影響であり因果を示さない,118.81,108.53,10.280000000000001,115.13,108.28,6.849999999999994,-3.680000000000007,-0.25,-3.430000000000007,-3.68,-0.2499999999999999,-3.43,-3.43,6.661338147750939e-15,PASS,PASS,0.0,0.0,-3.0,FORBIDDEN_WITHOUT_EXTERNAL_PRIMARY_EVIDENCE,継続標本のみを用い母集団推計を行うため、本系列に比べサンプルサイズが小さくなる。,営業利益及び経常利益については、標準誤差率の算出は行っていない。,継続標本PDFは利益水準とその符号を公表しないため、売上高と営業利益の増加率から得る利益率方向は代理指標である。
20261,2026年1 - 3 月,160,職業紹介・労働者派遣業,25,10億円以上,False,False,True,137,2,other_non_operating_income,その他の営業外収益,その他の営業外収益の前年差による利益影響,1,1.97,3.27,-1.3,-1.3,REDUCES_PROFIT_CHANGE,37.900874635568435,CALCULABLE,原因は統計だけでは特定しない,118.81,108.53,10.280000000000001,115.13,108.28,6.849999999999994,-3.680000000000007,-0.25,-3.430000000000007,-3.68,-0.2499999999999999,-3.43,-3.43,6.661338147750939e-15,PASS,PASS,-1.0,-1.0,-3.0,FORBIDDEN_WITHOUT_EXTERNAL_PRIMARY_EVIDENCE,継続標本のみを用い母集団推計を行うため、本系列に比べサンプルサイズが小さくなる。,営業利益及び経常利益については、標準誤差率の算出は行っていない。,継続標本PDFは利益水準とその符号を公表しないため、売上高と営業利益の増加率から得る利益率方向は代理指標である。
20261,2026年1 - 3 月,160,職業紹介・労働者派遣業,25,10億円以上,False,False,True,137,3,interest_expense,支払利息等,支払利息等の前年差による利益影響,-1,0.76,0.53,0.22999999999999998,-0.22999999999999998,REDUCES_PROFIT_CHANGE,6.70553935860057,CALCULABLE,会計的な利益影響であり因果を示さない,118.81,108.53,10.280000000000001,115.13,108.28,6.849999999999994,-3.680000000000007,-0.25,-3.430000000000007,-3.68,-0.2499999999999999,-3.43,-3.43,6.661338147750939e-15,PASS,PASS,0.0,-0.0,-3.0,FORBIDDEN_WITHOUT_EXTERNAL_PRIMARY_EVIDENCE,継続標本のみを用い母集団推計を行うため、本系列に比べサンプルサイズが小さくなる。,営業利益及び経常利益については、標準誤差率の算出は行っていない。,継続標本PDFは利益水準とその符号を公表しないため、売上高と営業利益の増加率から得る利益率方向は代理指標である。
20261,2026年1 - 3 月,160,職業紹介・労働者派遣業,25,10億円以上,False,False,True,137,4,other_non_operating_expense,その他の営業外費用,その他の営業外費用の前年差による利益影響,-1,5.99,3.61,2.3800000000000003,-2.3800000000000003,REDUCES_PROFIT_CHANGE,69.3877551020407,CALCULABLE,会計的な利益影響であり因果を示さない,118.81,108.53,10.280000000000001,115.13,108.28,6.849999999999994,-3.680000000000007,-0.25,-3.430000000000007,-3.68,-0.2499999999999999,-3.43,-3.43,6.661338147750939e-15,PASS,PASS,2.0,-2.0,-3.0,FORBIDDEN_WITHOUT_EXTERNAL_PRIMARY_EVIDENCE,継続標本のみを用い母集団推計を行うため、本系列に比べサンプルサイズが小さくなる。,営業利益及び経常利益については、標準誤差率の算出は行っていない。,継続標本PDFは利益水準とその符号を公表しないため、売上高と営業利益の増加率から得る利益率方向は代理指標である。
20261,2026年1 - 3 月,160,職業紹介・労働者派遣業,26,全規模,False,False,True,137,1,interest_and_dividend_income,受取利息等,受取利息等の前年差による利益影響,1,75.72,20.75,54.97,54.97,INCREASES_PROFIT_CHANGE,37.53755804425025,CALCULABLE,会計的な利益影響であり因果を示さない,1022.96,1227.05,-204.08999999999992,1138.02,1195.67,-57.65000000000009,115.05999999999995,-31.37999999999988,146.43999999999983,115.06000000000002,-31.37999999999999,146.44,146.44,1.7053025658242404e-13,PASS,PASS,55.0,55.0,147.0,FORBIDDEN_WITHOUT_EXTERNAL_PRIMARY_EVIDENCE,継続標本のみを用い母集団推計を行うため、本系列に比べサンプルサイズが小さくなる。,営業利益及び経常利益については、標準誤差率の算出は行っていない。,継続標本PDFは利益水準とその符号を公表しないため、売上高と営業利益の増加率から得る利益率方向は代理指標である。
20261,2026年1 - 3 月,160,職業紹介・労働者派遣業,26,全規模,False,False,True,137,2,other_non_operating_income,その他の営業外収益,その他の営業外収益の前年差による利益影響,1,181.3,142.77,38.53,38.53,INCREASES_PROFIT_CHANGE,26.311117181098094,CALCULABLE,原因は統計だけでは特定しない,1022.96,1227.05,-204.08999999999992,1138.02,1195.67,-57.65000000000009,115.05999999999995,-31.37999999999988,146.43999999999983,115.06000000000002,-31.37999999999999,146.44,146.44,1.7053025658242404e-13,PASS,PASS,39.0,39.0,147.0,FORBIDDEN_WITHOUT_EXTERNAL_PRIMARY_EVIDENCE,継続標本のみを用い母集団推計を行うため、本系列に比べサンプルサイズが小さくなる。,営業利益及び経常利益については、標準誤差率の算出は行っていない。,継続標本PDFは利益水準とその符号を公表しないため、売上高と営業利益の増加率から得る利益率方向は代理指標である。
20261,2026年1 - 3 月,160,職業紹介・労働者派遣業,26,全規模,False,False,True,137,3,interest_expense,支払利息等,支払利息等の前年差による利益影響,-1,23.77,36.71,-12.940000000000001,12.940000000000001,INCREASES_PROFIT_CHANGE,8.836383501775483,CALCULABLE,会計的な利益影響であり因果を示さない,1022.96,1227.05,-204.08999999999992,1138.02,1195.67,-57.65000000000009,115.05999999999995,-31.37999999999988,146.43999999999983,115.06000000000002,-31.37999999999999,146.44,146.44,1.7053025658242404e-13,PASS,PASS,-13.0,13.0,147.0,FORBIDDEN_WITHOUT_EXTERNAL_PRIMARY_EVIDENCE,継続標本のみを用い母集団推計を行うため、本系列に比べサンプルサイズが小さくなる。,営業利益及び経常利益については、標準誤差率の算出は行っていない。,継続標本PDFは利益水準とその符号を公表しないため、売上高と営業利益の増加率から得る利益率方向は代理指標である。
20261,2026年1 - 3 月,160,職業紹介・労働者派遣業,26,全規模,False,False,True,137,4,other_non_operating_expense,その他の営業外費用,その他の営業外費用の前年差による利益影響,-1,118.19,158.19,-40.0,40.0,INCREASES_PROFIT_CHANGE,27.314941272876297,CALCULABLE,会計的な利益影響であり因果を示さない,1022.96,1227.05,-204.08999999999992,1138.02,1195.67,-57.65000000000009,115.05999999999995,-31.37999999999988,146.43999999999983,115.06000000000002,-31.37999999999999,146.44,146.44,1.7053025658242404e-13,PASS,PASS,-40.0,40.0,147.0,FORBIDDEN_WITHOUT_EXTERNAL_PRIMARY_EVIDENCE,継続標本のみを用い母集団推計を行うため、本系列に比べサンプルサイズが小さくなる。,営業利益及び経常利益については、標準誤差率の算出は行っていない。,継続標本PDFは利益水準とその符号を公表しないため、売上高と営業利益の増加率から得る利益率方向は代理指標である。
